codigo_ibge_7,nome_municipio_ibge,codigo_uf_ibge,nome_uf_ibge,regiao,observacoes_elegiveis,anos_elegiveis,semanas_risco,proporcao_semanas_risco,anos_com_risco,primeira_semana_risco,ultima_semana_risco,episodios,duracao_media_episodio,duracao_mediana_episodio,duracao_maxima_episodio,episodios_multianuais,recorrencia_multianual
1100015,Alta Floresta D'Oeste,11,Rondônia,Norte,418,8,89,0.21291866028708134,5,2018-06-17,2024-04-28,6,14.833333333333334,10.0,31.0,1,True
1100023,Ariquemes,11,Rondônia,Norte,418,8,107,0.25598086124401914,5,2019-11-17,2023-09-17,7,15.285714285714286,6.0,59.0,1,True
1100031,Cabixi,11,Rondônia,Norte,418,8,63,0.1507177033492823,5,2018-11-18,2025-09-21,5,12.6,6.0,37.0,0,True
1100049,Cacoal,11,Rondônia,Norte,418,8,119,0.284688995215311,6,2018-06-10,2025-10-05,15,7.933333333333334,3.0,55.0,1,True
1100056,Cerejeiras,11,Rondônia,Norte,418,8,66,0.15789473684210525,6,2018-06-24,2025-10-19,14,4.714285714285714,4.0,9.0,0,True
1100064,Colorado do Oeste,11,Rondônia,Norte,418,8,86,0.20574162679425836,8,2018-07-29,2025-09-21,18,4.777777777777778,4.0,14.0,0,True
1100072,Corumbiara,11,Rondônia,Norte,418,8,93,0.22248803827751196,6,2018-11-18,2025-12-28,16,5.8125,3.5,17.0,0,True
1100080,Costa Marques,11,Rondônia,Norte,418,8,85,0.20334928229665072,7,2019-09-01,2025-08-31,12,7.083333333333333,7.0,15.0,0,True
1100098,Espigão D'Oeste,11,Rondônia,Norte,418,8,62,0.14832535885167464,6,2018-10-14,2025-11-16,10,6.2,4.0,17.0,0,True
1100106,Guajará-Mirim,11,Rondônia,Norte,418,8,21,0.050239234449760764,4,2020-08-23,2023-02-19,5,4.2,3.0,10.0,1,True
1100114,Jaru,11,Rondônia,Norte,418,8,75,0.17942583732057416,4,2020-05-10,2025-08-24,5,15.0,4.0,55.0,1,True
1100122,Ji-Paraná,11,Rondônia,Norte,418,8,91,0.21770334928229665,5,2018-08-26,2025-11-16,11,8.272727272727273,6.0,45.0,1,True
1100130,Machadinho D'Oeste,11,Rondônia,Norte,418,8,39,0.09330143540669857,4,2020-06-28,2024-03-03,6,6.5,4.0,19.0,0,True
1100148,Nova Brasilândia D'Oeste,11,Rondônia,Norte,418,8,88,0.21052631578947367,6,2019-07-28,2024-03-24,7,12.571428571428571,3.0,41.0,0,True
1100155,Ouro Preto do Oeste,11,Rondônia,Norte,418,8,30,0.07177033492822966,3,2022-04-17,2025-11-02,11,2.727272727272727,3.0,6.0,0,True
1100189,Pimenta Bueno,11,Rondônia,Norte,418,8,64,0.15311004784688995,4,2019-08-18,2023-05-07,5,12.8,3.0,54.0,1,True
1100205,Porto Velho,11,Rondônia,Norte,418,8,56,0.1339712918660287,3,2019-12-08,2023-11-12,5,11.2,6.0,37.0,0,True
1100254,Presidente Médici,11,Rondônia,Norte,418,8,77,0.18421052631578946,6,2019-07-07,2024-12-01,10,7.7,5.0,32.0,1,True
1100262,Rio Crespo,11,Rondônia,Norte,418,8,60,0.14354066985645933,6,2018-08-26,2024-04-07,15,4.0,4.0,12.0,1,True
1100288,Rolim de Moura,11,Rondônia,Norte,418,8,88,0.21052631578947367,5,2020-04-26,2025-04-20,8,11.0,9.5,22.0,0,True
1100296,Santa Luzia D'Oeste,11,Rondônia,Norte,418,8,93,0.22248803827751196,7,2018-05-06,2024-03-24,14,6.642857142857143,4.0,29.0,2,True
1100304,Vilhena,11,Rondônia,Norte,418,8,110,0.2631578947368421,4,2019-11-10,2023-06-25,7,15.714285714285714,7.0,48.0,2,True
1100320,São Miguel do Guaporé,11,Rondônia,Norte,418,8,96,0.22966507177033493,8,2018-04-29,2025-12-28,17,5.647058823529412,4.0,27.0,0,True
1100338,Nova Mamoré,11,Rondônia,Norte,418,8,73,0.17464114832535885,5,2019-08-11,2023-03-26,13,5.615384615384615,3.0,26.0,2,True
1100346,Alvorada D'Oeste,11,Rondônia,Norte,418,8,62,0.14832535885167464,4,2020-08-16,2023-11-05,8,7.75,7.0,21.0,1,True
1100379,Alto Alegre dos Parecis,11,Rondônia,Norte,418,8,96,0.22966507177033493,7,2019-09-15,2025-07-27,18,5.333333333333333,4.0,18.0,1,True
1100403,Alto Paraíso,11,Rondônia,Norte,418,8,69,0.16507177033492823,7,2018-10-21,2025-03-16,13,5.3076923076923075,2.0,21.0,1,True
1100452,Buritis,11,Rondônia,Norte,418,8,69,0.16507177033492823,5,2019-06-30,2024-05-05,8,8.625,8.0,18.0,2,True
1100502,Novo Horizonte do Oeste,11,Rondônia,Norte,418,8,76,0.18181818181818182,5,2020-04-19,2024-09-15,12,6.333333333333333,5.5,14.0,0,True
1100601,Cacaulândia,11,Rondônia,Norte,418,8,93,0.22248803827751196,6,2020-04-26,2025-07-27,14,6.642857142857143,3.5,31.0,1,True
1100700,Campo Novo de Rondônia,11,Rondônia,Norte,418,8,84,0.20095693779904306,7,2017-12-31,2024-03-10,17,4.9411764705882355,3.0,29.0,1,True
1100809,Candeias do Jamari,11,Rondônia,Norte,418,8,53,0.12679425837320574,5,2021-11-14,2025-11-02,9,5.888888888888889,3.0,19.0,0,True
1100908,Castanheiras,11,Rondônia,Norte,418,8,57,0.13636363636363635,6,2019-06-23,2025-08-24,9,6.333333333333333,5.0,23.0,1,True
1100924,Chupinguaia,11,Rondônia,Norte,418,8,118,0.2822966507177033,5,2020-05-17,2024-09-15,9,13.11111111111111,8.0,34.0,1,True
1100940,Cujubim,11,Rondônia,Norte,418,8,81,0.1937799043062201,6,2019-08-11,2025-10-19,9,9.0,7.0,26.0,0,True
1101005,Governador Jorge Teixeira,11,Rondônia,Norte,418,8,67,0.16028708133971292,5,2019-05-19,2023-02-05,8,8.375,4.5,34.0,1,True
1101104,Itapuã do Oeste,11,Rondônia,Norte,418,8,73,0.17464114832535885,6,2019-12-01,2025-11-09,10,7.3,4.5,22.0,1,True
1101203,Ministro Andreazza,11,Rondônia,Norte,418,8,84,0.20095693779904306,6,2020-05-10,2025-09-21,14,6.0,5.0,16.0,1,True
1101302,Mirante da Serra,11,Rondônia,Norte,418,8,57,0.13636363636363635,2,2022-01-09,2023-04-09,3,19.0,21.0,33.0,1,True
1101401,Monte Negro,11,Rondônia,Norte,418,8,93,0.22248803827751196,7,2018-06-10,2024-05-12,13,7.153846153846154,4.0,25.0,1,True
1101435,Nova União,11,Rondônia,Norte,418,8,73,0.17464114832535885,7,2018-09-30,2025-07-06,15,4.866666666666666,4.0,20.0,1,True
1101450,Parecis,11,Rondônia,Norte,418,8,83,0.19856459330143542,5,2018-07-15,2024-05-05,11,7.545454545454546,7.0,21.0,0,True
1101468,Pimenteiras do Oeste,11,Rondônia,Norte,418,8,45,0.1076555023923445,7,2018-05-06,2025-08-31,11,4.090909090909091,4.0,10.0,0,True
1101476,Primavera de Rondônia,11,Rondônia,Norte,418,8,105,0.2511961722488038,7,2018-04-29,2024-07-21,18,5.833333333333333,4.0,28.0,2,True
1101484,São Felipe D'Oeste,11,Rondônia,Norte,418,8,72,0.1722488038277512,5,2018-07-15,2024-03-31,7,10.285714285714286,5.0,42.0,1,True
1101492,São Francisco do Guaporé,11,Rondônia,Norte,418,8,98,0.23444976076555024,6,2018-11-11,2023-04-02,12,8.166666666666666,4.5,52.0,1,True
1101500,Seringueiras,11,Rondônia,Norte,418,8,64,0.15311004784688995,3,2021-03-28,2025-10-19,5,12.8,9.0,26.0,1,True
1101559,Teixeirópolis,11,Rondônia,Norte,418,8,67,0.16028708133971292,5,2020-07-19,2025-05-11,9,7.444444444444445,6.0,24.0,1,True
1101609,Theobroma,11,Rondônia,Norte,418,8,82,0.19617224880382775,6,2020-02-09,2025-10-26,15,5.466666666666667,4.0,35.0,1,True
1101708,Urupá,11,Rondônia,Norte,418,8,65,0.15550239234449761,6,2018-10-14,2025-11-09,12,5.416666666666667,4.0,24.0,1,True
1101757,Vale do Anari,11,Rondônia,Norte,418,8,104,0.24880382775119617,6,2018-05-13,2025-12-28,11,9.454545454545455,10.0,20.0,1,True
1101807,Vale do Paraíso,11,Rondônia,Norte,418,8,64,0.15311004784688995,5,2018-07-08,2023-12-24,8,8.0,4.0,31.0,1,True
1200013,Acrelândia,12,Acre,Norte,418,8,18,0.0430622009569378,3,2018-01-21,2024-08-04,4,4.5,1.5,14.0,0,True
1200054,Assis Brasil,12,Acre,Norte,418,8,113,0.2703349282296651,7,2018-05-20,2024-02-04,14,8.071428571428571,6.0,41.0,2,True
1200104,Brasiléia,12,Acre,Norte,418,8,138,0.33014354066985646,6,2018-07-15,2024-02-11,11,12.545454545454545,7.0,52.0,2,True
1200138,Bujari,12,Acre,Norte,418,8,83,0.19856459330143542,6,2017-12-31,2025-06-01,5,16.6,8.0,54.0,2,True
1200179,Capixaba,12,Acre,Norte,418,8,75,0.17942583732057416,6,2018-02-25,2025-08-31,13,5.769230769230769,4.0,16.0,1,True
1200203,Cruzeiro do Sul,12,Acre,Norte,418,8,100,0.23923444976076555,5,2018-01-14,2025-08-31,8,12.5,10.5,34.0,1,True
1200252,Epitaciolândia,12,Acre,Norte,418,8,88,0.21052631578947367,6,2018-10-07,2024-09-08,14,6.285714285714286,4.5,21.0,2,True
1200302,Feijó,12,Acre,Norte,418,8,114,0.2727272727272727,7,2018-04-29,2025-05-25,10,11.4,10.0,35.0,1,True
1200328,Jordão,12,Acre,Norte,418,8,32,0.07655502392344497,6,2019-03-10,2025-11-09,13,2.4615384615384617,3.0,4.0,0,True
1200336,Mâncio Lima,12,Acre,Norte,418,8,95,0.22727272727272727,7,2018-05-20,2024-02-04,13,7.3076923076923075,4.0,25.0,0,True
1200344,Manoel Urbano,12,Acre,Norte,418,8,97,0.23205741626794257,7,2017-12-31,2025-02-16,10,9.7,8.0,33.0,2,True
1200351,Marechal Thaumaturgo,12,Acre,Norte,418,8,121,0.2894736842105263,7,2019-12-01,2025-07-06,10,12.1,6.5,56.0,2,True
1200385,Plácido de Castro,12,Acre,Norte,418,8,37,0.08851674641148326,3,2018-07-01,2023-06-25,4,9.25,5.0,26.0,0,True
1200393,Porto Walter,12,Acre,Norte,418,8,118,0.2822966507177033,7,2017-12-31,2025-09-14,16,7.375,4.0,29.0,1,True
1200401,Rio Branco,12,Acre,Norte,418,8,97,0.23205741626794257,4,2018-04-15,2025-10-05,4,24.25,17.5,60.0,1,True
1200427,Rodrigues Alves,12,Acre,Norte,418,8,133,0.3181818181818182,7,2018-02-11,2025-01-26,15,8.866666666666667,9.0,24.0,2,True
1200435,Santa Rosa do Purus,12,Acre,Norte,418,8,38,0.09090909090909091,6,2019-02-10,2025-09-07,9,4.222222222222222,4.0,6.0,2,True
1200450,Senador Guiomard,12,Acre,Norte,418,8,44,0.10526315789473684,6,2018-05-20,2024-02-25,9,4.888888888888889,5.0,7.0,3,True
1200500,Sena Madureira,12,Acre,Norte,418,8,110,0.2631578947368421,6,2018-06-17,2023-10-22,9,12.222222222222221,10.0,20.0,0,True
1200609,Tarauacá,12,Acre,Norte,418,8,102,0.24401913875598086,4,2018-01-21,2021-04-18,8,12.75,7.5,52.0,1,True
1200708,Xapuri,12,Acre,Norte,418,8,57,0.13636363636363635,4,2018-07-15,2021-08-22,5,11.4,10.0,20.0,1,True
1200807,Porto Acre,12,Acre,Norte,418,8,67,0.16028708133971292,7,2018-05-06,2025-09-07,11,6.090909090909091,5.0,22.0,1,True
1300029,Alvarães,13,Amazonas,Norte,418,8,96,0.22966507177033493,6,2019-02-10,2024-09-01,9,10.666666666666666,5.0,32.0,1,True
1300060,Amaturá,13,Amazonas,Norte,418,8,32,0.07655502392344497,5,2020-03-01,2024-03-03,7,4.571428571428571,4.0,8.0,0,True
1300086,Anamã,13,Amazonas,Norte,418,8,8,0.019138755980861243,2,2024-02-18,2025-03-23,2,4.0,4.0,4.0,0,True
1300102,Anori,13,Amazonas,Norte,418,8,22,0.05263157894736842,4,2018-02-18,2024-04-28,5,4.4,4.0,7.0,0,True
1300144,Apuí,13,Amazonas,Norte,418,8,20,0.04784688995215311,5,2021-12-05,2025-05-18,5,4.0,4.0,6.0,1,True
1300201,Atalaia do Norte,13,Amazonas,Norte,418,8,108,0.2583732057416268,7,2019-11-17,2025-11-30,10,10.8,8.0,28.0,2,True
1300300,Autazes,13,Amazonas,Norte,418,8,24,0.05741626794258373,4,2021-04-11,2025-12-07,8,3.0,4.0,4.0,0,True
1300409,Barcelos,13,Amazonas,Norte,418,8,120,0.28708133971291866,7,2019-03-03,2025-11-09,18,6.666666666666667,5.5,21.0,0,True
1300508,Barreirinha,13,Amazonas,Norte,418,8,19,0.045454545454545456,3,2022-08-14,2025-03-23,4,4.75,4.0,7.0,0,True
1300607,Benjamin Constant,13,Amazonas,Norte,418,8,85,0.20334928229665072,5,2019-01-27,2025-06-15,5,17.0,19.0,34.0,1,True
1300631,Beruri,13,Amazonas,Norte,418,8,49,0.11722488038277512,3,2021-01-17,2024-08-25,11,4.454545454545454,4.0,14.0,0,True
1300680,Boa Vista do Ramos,13,Amazonas,Norte,418,8,2,0.004784688995215311,1,2024-02-18,2024-02-25,1,2.0,2.0,2.0,0,False
1300706,Boca do Acre,13,Amazonas,Norte,418,8,67,0.16028708133971292,4,2018-07-15,2021-05-16,6,11.166666666666666,7.5,33.0,1,True
1300805,Borba,13,Amazonas,Norte,418,8,23,0.05502392344497608,4,2019-06-02,2023-04-09,8,2.875,3.0,5.0,0,True
1300839,Caapiranga,13,Amazonas,Norte,418,8,24,0.05741626794258373,4,2021-06-20,2025-03-30,5,4.8,4.0,9.0,0,True
1300904,Canutama,13,Amazonas,Norte,418,8,46,0.11004784688995216,6,2018-07-22,2025-09-14,9,5.111111111111111,4.0,13.0,0,True
1301001,Carauari,13,Amazonas,Norte,418,8,64,0.15311004784688995,3,2018-06-17,2020-08-02,5,12.8,7.0,29.0,0,True
1301100,Careiro,13,Amazonas,Norte,418,8,54,0.1291866028708134,7,2018-07-01,2025-07-27,14,3.857142857142857,4.0,7.0,0,True
1301159,Careiro da Várzea,13,Amazonas,Norte,418,8,32,0.07655502392344497,5,2018-06-24,2025-09-14,7,4.571428571428571,4.0,8.0,0,True
1301209,Coari,13,Amazonas,Norte,418,8,38,0.09090909090909091,4,2022-02-27,2025-10-12,5,7.6,4.0,17.0,1,True
1301308,Codajás,13,Amazonas,Norte,418,8,83,0.19856459330143542,5,2019-09-15,2024-11-24,9,9.222222222222221,5.0,32.0,1,True
1301407,Eirunepé,13,Amazonas,Norte,418,8,119,0.284688995215311,7,2018-04-01,2025-12-14,7,17.0,4.0,42.0,2,True
1301506,Envira,13,Amazonas,Norte,418,8,158,0.37799043062200954,7,2018-11-11,2025-07-06,12,13.166666666666666,7.5,37.0,2,True
1301605,Fonte Boa,13,Amazonas,Norte,418,8,29,0.06937799043062201,5,2020-03-08,2025-12-28,8,3.625,4.0,7.0,0,True
1301654,Guajará,13,Amazonas,Norte,418,8,117,0.2799043062200957,6,2017-12-31,2025-05-25,13,9.0,4.0,34.0,1,True
1301704,Humaitá,13,Amazonas,Norte,418,8,126,0.3014354066985646,6,2018-07-29,2023-03-12,10,12.6,5.5,43.0,2,True
1301803,Ipixuna,13,Amazonas,Norte,418,8,128,0.3062200956937799,7,2018-10-07,2025-04-06,10,12.8,8.5,40.0,2,True
1301852,Iranduba,13,Amazonas,Norte,418,8,72,0.1722488038277512,6,2018-06-10,2023-12-31,10,7.2,5.0,30.0,1,True
1301902,Itacoatiara,13,Amazonas,Norte,418,8,39,0.09330143540669857,1,2017-12-31,2018-12-09,3,13.0,11.0,19.0,0,False
1301951,Itamarati,13,Amazonas,Norte,418,8,4,0.009569377990430622,1,2019-02-10,2019-03-03,1,4.0,4.0,4.0,0,False
1302009,Itapiranga,13,Amazonas,Norte,418,8,8,0.019138755980861243,2,2018-03-18,2021-08-15,2,4.0,4.0,4.0,0,True
1302108,Japurá,13,Amazonas,Norte,418,8,91,0.21770334928229665,7,2018-01-07,2025-10-05,12,7.583333333333333,5.5,29.0,1,True
1302207,Juruá,13,Amazonas,Norte,418,8,34,0.08133971291866028,6,2019-09-29,2025-04-20,8,4.25,4.0,8.0,0,True
1302306,Jutaí,13,Amazonas,Norte,418,8,134,0.32057416267942584,6,2020-01-12,2025-07-27,9,14.88888888888889,11.0,36.0,2,True
1302405,Lábrea,13,Amazonas,Norte,418,8,102,0.24401913875598086,5,2017-12-31,2024-04-07,4,25.5,21.0,59.0,2,True
1302504,Manacapuru,13,Amazonas,Norte,418,8,67,0.16028708133971292,7,2019-12-01,2025-10-12,12,5.583333333333333,4.5,20.0,1,True
1302553,Manaquiri,13,Amazonas,Norte,418,8,56,0.1339712918660287,6,2020-06-07,2025-09-21,9,6.222222222222222,7.0,8.0,2,True
1302603,Manaus,13,Amazonas,Norte,418,8,16,0.03827751196172249,3,2021-07-04,2024-02-04,2,8.0,8.0,8.0,1,True
1302702,Manicoré,13,Amazonas,Norte,418,8,74,0.17703349282296652,4,2018-03-25,2022-02-20,6,12.333333333333334,4.5,55.0,1,True
1302801,Maraã,13,Amazonas,Norte,418,8,86,0.20574162679425836,7,2018-01-21,2025-09-14,12,7.166666666666667,4.0,33.0,0,True
1302900,Maués,13,Amazonas,Norte,418,8,13,0.03110047846889952,3,2023-11-19,2025-12-07,2,6.5,6.5,11.0,1,True
1303007,Nhamundá,13,Amazonas,Norte,418,8,12,0.028708133971291867,2,2019-06-02,2024-05-26,3,4.0,4.0,4.0,0,True
1303106,Nova Olinda do Norte,13,Amazonas,Norte,418,8,4,0.009569377990430622,2,2021-10-24,2024-01-21,2,2.0,2.0,2.0,0,True
1303205,Novo Airão,13,Amazonas,Norte,418,8,18,0.0430622009569378,3,2021-09-05,2024-04-21,6,3.0,3.0,5.0,0,True
1303304,Novo Aripuanã,13,Amazonas,Norte,418,8,11,0.02631578947368421,3,2019-07-21,2025-10-26,3,3.6666666666666665,4.0,4.0,0,True
1303403,Parintins,13,Amazonas,Norte,418,8,68,0.16267942583732056,7,2018-07-01,2025-12-21,17,4.0,4.0,9.0,0,True
1303502,Pauini,13,Amazonas,Norte,418,8,40,0.09569377990430622,8,2018-06-17,2025-11-23,13,3.076923076923077,4.0,4.0,1,True
1303536,Presidente Figueiredo,13,Amazonas,Norte,418,8,73,0.17464114832535885,6,2018-06-10,2025-06-29,14,5.214285714285714,3.5,23.0,0,True
1303569,Rio Preto da Eva,13,Amazonas,Norte,418,8,94,0.22488038277511962,8,2018-06-17,2025-03-30,15,6.266666666666667,4.0,29.0,2,True
1303601,Santa Isabel do Rio Negro,13,Amazonas,Norte,418,8,38,0.09090909090909091,7,2019-06-16,2025-09-07,7,5.428571428571429,4.0,18.0,0,True
1303700,Santo Antônio do Içá,13,Amazonas,Norte,418,8,87,0.20813397129186603,6,2019-12-08,2024-06-09,9,9.666666666666666,8.0,21.0,3,True
1303809,São Gabriel da Cachoeira,13,Amazonas,Norte,418,8,52,0.12440191387559808,3,2018-04-22,2020-05-17,3,17.333333333333332,15.0,35.0,1,True
1303908,São Paulo de Olivença,13,Amazonas,Norte,418,8,127,0.3038277511961722,6,2019-08-25,2025-10-26,15,8.466666666666667,5.0,23.0,2,True
1303957,São Sebastião do Uatumã,13,Amazonas,Norte,418,8,50,0.11961722488038277,4,2021-01-03,2025-03-30,8,6.25,5.0,14.0,0,True
1304005,Silves,13,Amazonas,Norte,418,8,4,0.009569377990430622,1,2024-01-28,2024-02-18,1,4.0,4.0,4.0,0,False
1304062,Tabatinga,13,Amazonas,Norte,418,8,24,0.05741626794258373,3,2019-09-22,2023-02-05,3,8.0,6.0,14.0,0,True
1304104,Tapauá,13,Amazonas,Norte,418,8,65,0.15550239234449761,5,2018-05-06,2024-04-28,8,8.125,3.5,39.0,1,True
1304203,Tefé,13,Amazonas,Norte,418,8,67,0.16028708133971292,4,2017-12-31,2024-02-18,6,11.166666666666666,9.0,27.0,0,True
1304237,Tonantins,13,Amazonas,Norte,418,8,96,0.22966507177033493,5,2020-09-06,2024-12-15,9,10.666666666666666,10.0,24.0,1,True
1304260,Uarini,13,Amazonas,Norte,418,8,59,0.14114832535885166,5,2018-08-12,2023-12-24,13,4.538461538461538,4.0,14.0,0,True
1304302,Urucará,13,Amazonas,Norte,418,8,17,0.04066985645933014,4,2019-11-24,2025-03-23,5,3.4,4.0,4.0,0,True
1304401,Urucurituba,13,Amazonas,Norte,418,8,8,0.019138755980861243,1,2023-12-31,2024-02-18,1,8.0,8.0,8.0,0,False
1400027,Amajari,14,Roraima,Norte,418,8,26,0.06220095693779904,4,2019-03-03,2025-08-10,6,4.333333333333333,5.0,6.0,0,True
1400050,Alto Alegre,14,Roraima,Norte,418,8,84,0.20095693779904306,7,2018-12-16,2025-11-09,13,6.461538461538462,7.0,13.0,1,True
1400100,Boa Vista,14,Roraima,Norte,418,8,60,0.14354066985645933,4,2018-10-07,2024-08-25,4,15.0,11.5,29.0,1,True
1400159,Bonfim,14,Roraima,Norte,418,8,67,0.16028708133971292,6,2019-03-24,2025-12-21,12,5.583333333333333,4.0,18.0,1,True
1400175,Cantá,14,Roraima,Norte,418,8,59,0.14114832535885166,5,2019-04-14,2025-07-06,10,5.9,4.0,26.0,1,True
1400209,Caracaraí,14,Roraima,Norte,418,8,60,0.14354066985645933,4,2019-03-10,2025-06-22,5,12.0,5.0,34.0,1,True
1400233,Caroebe,14,Roraima,Norte,418,8,43,0.10287081339712918,2,2019-01-20,2020-12-27,4,10.75,5.0,32.0,0,True
1400282,Iracema,14,Roraima,Norte,418,8,70,0.1674641148325359,7,2018-11-18,2025-03-09,14,5.0,4.0,15.0,2,True
1400308,Mucajaí,14,Roraima,Norte,418,8,45,0.1076555023923445,5,2018-12-09,2025-04-13,7,6.428571428571429,3.0,16.0,1,True
1400407,Normandia,14,Roraima,Norte,418,8,66,0.15789473684210525,5,2018-07-29,2024-09-01,8,8.25,4.0,33.0,1,True
1400456,Pacaraima,14,Roraima,Norte,418,8,81,0.1937799043062201,5,2018-10-07,2025-08-31,12,6.75,3.0,43.0,1,True
1400472,Rorainópolis,14,Roraima,Norte,418,8,100,0.23923444976076555,8,2018-04-08,2025-12-21,20,5.0,3.0,28.0,0,True
1400506,São João da Baliza,14,Roraima,Norte,418,8,22,0.05263157894736842,3,2018-12-30,2025-11-30,8,2.75,2.0,6.0,0,True
1400605,São Luiz do Anauá,14,Roraima,Norte,418,8,41,0.09808612440191387,5,2019-09-08,2025-11-23,8,5.125,4.5,10.0,0,True
1400704,Uiramutã,14,Roraima,Norte,418,8,35,0.08373205741626795,5,2018-08-26,2025-09-14,6,5.833333333333333,4.0,13.0,1,True
1500107,Abaetetuba,15,Pará,Norte,418,8,46,0.11004784688995216,2,2024-02-18,2025-03-02,3,15.333333333333334,16.0,23.0,0,True
1500131,Abel Figueiredo,15,Pará,Norte,418,8,36,0.0861244019138756,5,2018-09-30,2025-04-27,13,2.769230769230769,2.0,8.0,1,True
1500206,Acará,15,Pará,Norte,418,8,100,0.23923444976076555,6,2018-04-01,2025-12-28,18,5.555555555555555,5.0,16.0,0,True
1500305,Afuá,15,Pará,Norte,418,8,101,0.24162679425837322,6,2018-04-29,2025-09-14,12,8.416666666666666,4.5,29.0,1,True
1500347,Água Azul do Norte,15,Pará,Norte,418,8,53,0.12679425837320574,3,2021-07-25,2023-11-26,9,5.888888888888889,5.0,21.0,0,True
1500404,Alenquer,15,Pará,Norte,418,8,20,0.04784688995215311,4,2018-11-25,2022-01-23,6,3.3333333333333335,1.5,11.0,1,True
1500503,Almeirim,15,Pará,Norte,418,8,61,0.145933014354067,4,2018-04-15,2025-07-20,8,7.625,4.0,21.0,0,True
1500602,Altamira,15,Pará,Norte,418,8,148,0.35406698564593303,8,2018-01-07,2025-12-07,16,9.25,5.5,26.0,1,True
1500701,Anajás,15,Pará,Norte,418,8,77,0.18421052631578946,5,2020-02-09,2025-09-21,8,9.625,5.0,35.0,0,True
1500800,Ananindeua,15,Pará,Norte,418,8,68,0.16267942583732056,5,2018-09-09,2025-12-28,10,6.8,3.5,29.0,1,True
1500859,Anapu,15,Pará,Norte,418,8,63,0.1507177033492823,6,2018-05-06,2025-08-24,9,7.0,5.0,17.0,0,True
1500909,Augusto Corrêa,15,Pará,Norte,418,8,87,0.20813397129186603,6,2018-02-18,2025-08-17,10,8.7,8.5,22.0,0,True
1500958,Aurora do Pará,15,Pará,Norte,418,8,82,0.19617224880382775,5,2018-02-11,2025-12-28,12,6.833333333333333,6.5,15.0,1,True
1501006,Aveiro,15,Pará,Norte,418,8,23,0.05502392344497608,1,2025-01-05,2025-10-26,3,7.666666666666667,9.0,10.0,0,False
1501105,Bagre,15,Pará,Norte,418,8,39,0.09330143540669857,3,2019-11-17,2024-07-21,7,5.571428571428571,4.0,10.0,0,True
1501204,Baião,15,Pará,Norte,418,8,87,0.20813397129186603,5,2018-02-11,2025-11-09,14,6.214285714285714,2.5,35.0,0,True
1501253,Bannach,15,Pará,Norte,418,8,69,0.16507177033492823,6,2019-03-31,2024-07-21,13,5.3076923076923075,4.0,12.0,0,True
1501303,Barcarena,15,Pará,Norte,418,8,96,0.22966507177033493,3,2019-12-01,2025-12-28,4,24.0,10.5,74.0,1,True
1501402,Belém,15,Pará,Norte,418,8,101,0.24162679425837322,7,2018-06-03,2025-12-28,11,9.181818181818182,4.0,51.0,0,True
1501451,Belterra,15,Pará,Norte,418,8,63,0.1507177033492823,5,2018-05-13,2025-10-05,10,6.3,4.0,22.0,0,True
1501501,Benevides,15,Pará,Norte,418,8,154,0.3684210526315789,8,2018-05-20,2025-11-02,22,7.0,3.0,67.0,2,True
1501576,Bom Jesus do Tocantins,15,Pará,Norte,418,8,78,0.18660287081339713,6,2019-05-19,2025-12-28,19,4.105263157894737,4.0,13.0,0,True
1501600,Bonito,15,Pará,Norte,418,8,44,0.10526315789473684,6,2018-05-06,2025-10-12,10,4.4,4.0,8.0,0,True
1501709,Bragança,15,Pará,Norte,418,8,37,0.08851674641148326,2,2024-04-21,2025-12-07,5,7.4,5.0,17.0,1,True
1501725,Brasil Novo,15,Pará,Norte,418,8,68,0.16267942583732056,7,2018-08-05,2025-12-28,14,4.857142857142857,4.0,14.0,0,True
1501758,Brejo Grande do Araguaia,15,Pará,Norte,418,8,34,0.08133971291866028,4,2021-09-12,2025-11-30,10,3.4,4.0,6.0,0,True
1501782,Breu Branco,15,Pará,Norte,418,8,2,0.004784688995215311,1,2024-08-18,2024-08-25,1,2.0,2.0,2.0,0,False
1501808,Breves,15,Pará,Norte,418,8,62,0.14832535885167464,5,2018-08-19,2024-09-01,8,7.75,3.5,32.0,1,True
1501907,Bujaru,15,Pará,Norte,418,8,105,0.2511961722488038,7,2018-03-18,2025-12-28,14,7.5,5.0,45.0,1,True
1501956,Cachoeira do Piriá,15,Pará,Norte,418,8,21,0.050239234449760764,3,2022-07-03,2025-09-28,6,3.5,4.0,6.0,0,True
1502004,Cachoeira do Arari,15,Pará,Norte,418,8,8,0.019138755980861243,2,2023-04-02,2024-09-15,2,4.0,4.0,4.0,0,True
1502103,Cametá,15,Pará,Norte,418,8,148,0.35406698564593303,8,2018-12-23,2025-10-12,15,9.866666666666667,6.0,33.0,3,True
1502152,Canaã dos Carajás,15,Pará,Norte,418,8,76,0.18181818181818182,6,2018-04-22,2025-06-15,14,5.428571428571429,4.0,29.0,0,True
1502202,Capanema,15,Pará,Norte,418,8,21,0.050239234449760764,3,2018-01-28,2023-03-19,5,4.2,3.0,7.0,0,True
1502301,Capitão Poço,15,Pará,Norte,418,8,21,0.050239234449760764,2,2023-05-07,2024-06-23,4,5.25,2.5,15.0,0,True
1502400,Castanhal,15,Pará,Norte,418,8,142,0.3397129186602871,5,2018-02-04,2025-12-28,7,20.285714285714285,7.0,85.0,1,True
1502509,Chaves,15,Pará,Norte,418,8,23,0.05502392344497608,3,2018-01-14,2025-08-17,5,4.6,4.0,6.0,0,True
1502608,Colares,15,Pará,Norte,418,8,80,0.19138755980861244,6,2017-12-31,2025-02-23,6,13.333333333333334,4.0,58.0,1,True
1502707,Conceição do Araguaia,15,Pará,Norte,418,8,78,0.18660287081339713,7,2018-05-13,2025-02-16,12,6.5,5.0,18.0,1,True
1502756,Concórdia do Pará,15,Pará,Norte,418,8,115,0.2751196172248804,7,2018-07-22,2025-12-28,17,6.764705882352941,4.0,34.0,1,True
1502764,Cumaru do Norte,15,Pará,Norte,418,8,60,0.14354066985645933,6,2019-06-30,2025-12-21,10,6.0,2.5,22.0,0,True
1502772,Curionópolis,15,Pará,Norte,418,8,54,0.1291866028708134,4,2019-02-24,2025-12-14,12,4.5,4.0,13.0,0,True
1502806,Curralinho,15,Pará,Norte,418,8,66,0.15789473684210525,6,2018-05-20,2025-08-03,12,5.5,4.0,12.0,0,True
1502855,Curuá,15,Pará,Norte,418,8,31,0.07416267942583732,3,2022-04-24,2025-06-01,6,5.166666666666667,4.0,14.0,0,True
1502905,Curuçá,15,Pará,Norte,418,8,62,0.14832535885167464,6,2018-04-01,2024-10-27,9,6.888888888888889,4.0,31.0,1,True
1502939,Dom Eliseu,15,Pará,Norte,418,8,73,0.17464114832535885,6,2018-12-09,2025-09-28,13,5.615384615384615,4.0,23.0,1,True
1502954,Eldorado do Carajás,15,Pará,Norte,418,8,91,0.21770334928229665,6,2018-08-05,2025-08-24,13,7.0,4.0,34.0,0,True
1503002,Faro,15,Pará,Norte,418,8,27,0.0645933014354067,3,2020-02-16,2024-08-25,5,5.4,4.0,11.0,0,True
1503044,Floresta do Araguaia,15,Pará,Norte,418,8,78,0.18660287081339713,6,2018-02-25,2025-06-08,11,7.090909090909091,6.0,14.0,1,True
1503077,Garrafão do Norte,15,Pará,Norte,418,8,38,0.09090909090909091,4,2018-04-08,2025-12-28,8,4.75,4.5,8.0,0,True
1503093,Goianésia do Pará,15,Pará,Norte,418,8,35,0.08373205741626795,2,2017-12-31,2019-09-01,7,5.0,4.0,10.0,0,True
1503101,Gurupá,15,Pará,Norte,418,8,33,0.07894736842105263,3,2023-04-02,2025-10-19,8,4.125,4.0,10.0,0,True
1503200,Igarapé-Açu,15,Pará,Norte,418,8,97,0.23205741626794257,7,2018-07-08,2025-06-15,12,8.083333333333334,4.0,46.0,1,True
1503309,Igarapé-Miri,15,Pará,Norte,418,8,116,0.27751196172248804,7,2018-02-04,2025-01-19,11,10.545454545454545,6.0,40.0,2,True
1503408,Inhangapi,15,Pará,Norte,418,8,81,0.1937799043062201,5,2018-02-04,2025-08-17,11,7.363636363636363,4.0,31.0,1,True
1503457,Ipixuna do Pará,15,Pará,Norte,418,8,115,0.2751196172248804,8,2018-07-08,2025-11-16,17,6.764705882352941,4.0,25.0,0,True
1503507,Irituia,15,Pará,Norte,418,8,60,0.14354066985645933,7,2018-02-25,2025-12-21,14,4.285714285714286,4.0,11.0,1,True
1503606,Itaituba,15,Pará,Norte,418,8,46,0.11004784688995216,5,2018-07-22,2025-12-28,6,7.666666666666667,7.5,15.0,2,True
1503705,Itupiranga,15,Pará,Norte,418,8,97,0.23205741626794257,6,2017-12-31,2025-12-14,19,5.105263157894737,4.0,16.0,1,True
1503754,Jacareacanga,15,Pará,Norte,418,8,36,0.0861244019138756,7,2019-07-28,2025-06-15,11,3.272727272727273,4.0,5.0,1,True
1503804,Jacundá,15,Pará,Norte,418,8,90,0.215311004784689,6,2018-12-02,2025-03-23,11,8.181818181818182,4.0,23.0,1,True
1503903,Juruti,15,Pará,Norte,418,8,41,0.09808612440191387,5,2019-09-15,2025-01-05,11,3.727272727272727,3.0,11.0,1,True
1504000,Limoeiro do Ajuru,15,Pará,Norte,418,8,44,0.10526315789473684,4,2020-03-01,2025-12-28,12,3.6666666666666665,2.0,10.0,1,True
1504059,Mãe do Rio,15,Pará,Norte,418,8,79,0.18899521531100477,5,2018-02-11,2025-11-30,9,8.777777777777779,5.0,22.0,0,True
1504109,Magalhães Barata,15,Pará,Norte,418,8,64,0.15311004784688995,5,2018-02-25,2024-12-08,9,7.111111111111111,4.0,23.0,0,True
1504208,Marabá,15,Pará,Norte,418,8,0,0.0,0,,,0,,,,0,False
1504307,Maracanã,15,Pará,Norte,418,8,27,0.0645933014354067,3,2018-03-25,2022-05-22,8,3.375,3.5,8.0,0,True
1504406,Marapanim,15,Pará,Norte,418,8,57,0.13636363636363635,4,2017-12-31,2024-10-06,5,11.4,4.0,42.0,0,True
1504422,Marituba,15,Pará,Norte,418,8,40,0.09569377990430622,4,2022-05-01,2025-11-30,9,4.444444444444445,1.0,25.0,0,True
1504455,Medicilândia,15,Pará,Norte,418,8,77,0.18421052631578946,6,2018-06-10,2025-12-14,14,5.5,4.5,17.0,0,True
1504505,Melgaço,15,Pará,Norte,418,8,69,0.16507177033492823,6,2019-12-29,2025-09-21,13,5.3076923076923075,4.0,12.0,0,True
1504604,Mocajuba,15,Pará,Norte,418,8,108,0.2583732057416268,6,2018-05-13,2025-12-28,14,7.714285714285714,3.5,31.0,1,True
1504703,Moju,15,Pará,Norte,418,8,115,0.2751196172248804,6,2018-07-22,2025-11-16,10,11.5,10.5,26.0,0,True
1504752,Mojuí dos Campos,15,Pará,Norte,418,8,66,0.15789473684210525,7,2018-06-24,2025-12-28,12,5.5,4.0,20.0,0,True
1504802,Monte Alegre,15,Pará,Norte,418,8,21,0.050239234449760764,3,2020-08-02,2024-03-10,4,5.25,1.0,18.0,1,True
1504901,Muaná,15,Pará,Norte,418,8,33,0.07894736842105263,4,2019-08-11,2025-03-02,7,4.714285714285714,4.0,6.0,0,True
1504950,Nova Esperança do Piriá,15,Pará,Norte,418,8,25,0.05980861244019139,3,2023-07-16,2025-11-02,3,8.333333333333334,4.0,19.0,0,True
1504976,Nova Ipixuna,15,Pará,Norte,418,8,34,0.08133971291866028,4,2018-10-07,2025-09-28,4,8.5,9.0,15.0,0,True
1505007,Nova Timboteua,15,Pará,Norte,418,8,43,0.10287081339712918,2,2018-03-25,2024-10-20,4,10.75,7.0,27.0,0,True
1505031,Novo Progresso,15,Pará,Norte,418,8,70,0.1674641148325359,6,2018-06-24,2025-05-18,7,10.0,8.0,22.0,0,True
1505064,Novo Repartimento,15,Pará,Norte,418,8,52,0.12440191387559808,5,2018-05-06,2025-10-26,13,4.0,4.0,12.0,0,True
1505106,Óbidos,15,Pará,Norte,418,8,12,0.028708133971291867,2,2022-01-23,2024-03-31,2,6.0,6.0,7.0,0,True
1505205,Oeiras do Pará,15,Pará,Norte,418,8,75,0.17942583732057416,5,2019-08-04,2025-12-28,9,8.333333333333334,4.0,47.0,0,True
1505304,Oriximiná,15,Pará,Norte,418,8,35,0.08373205741626795,5,2021-12-05,2025-12-07,8,4.375,4.0,11.0,0,True
1505403,Ourém,15,Pará,Norte,418,8,36,0.0861244019138756,6,2020-02-02,2025-02-09,7,5.142857142857143,4.0,12.0,0,True
1505437,Ourilândia do Norte,15,Pará,Norte,418,8,60,0.14354066985645933,5,2018-09-02,2025-04-20,9,6.666666666666667,5.0,14.0,0,True
1505486,Pacajá,15,Pará,Norte,418,8,83,0.19856459330143542,6,2019-05-19,2025-06-15,12,6.916666666666667,3.0,24.0,1,True
1505494,Palestina do Pará,15,Pará,Norte,418,8,32,0.07655502392344497,2,2023-06-18,2025-07-06,3,10.666666666666666,4.0,24.0,0,True
1505502,Paragominas,15,Pará,Norte,418,8,56,0.1339712918660287,5,2019-03-31,2025-08-03,7,8.0,6.0,20.0,1,True
1505536,Parauapebas,15,Pará,Norte,418,8,46,0.11004784688995216,3,2018-11-18,2021-12-19,3,15.333333333333334,14.0,28.0,1,True
1505551,Pau D'Arco,15,Pará,Norte,418,8,102,0.24401913875598086,8,2018-04-15,2025-12-28,14,7.285714285714286,4.0,47.0,1,True
1505601,Peixe-Boi,15,Pará,Norte,418,8,36,0.0861244019138756,6,2020-07-05,2025-02-23,11,3.272727272727273,2.0,9.0,0,True
1505635,Piçarra,15,Pará,Norte,418,8,45,0.1076555023923445,5,2018-06-03,2023-07-09,10,4.5,3.0,16.0,0,True
1505650,Placas,15,Pará,Norte,418,8,95,0.22727272727272727,5,2021-05-09,2025-10-26,12,7.916666666666667,4.0,34.0,0,True
1505700,Ponta de Pedras,15,Pará,Norte,418,8,83,0.19856459330143542,5,2019-10-20,2025-12-28,14,5.928571428571429,4.0,24.0,0,True
1505809,Portel,15,Pará,Norte,418,8,67,0.16028708133971292,3,2023-11-19,2025-09-28,4,16.75,4.0,56.0,1,True
1505908,Porto de Moz,15,Pará,Norte,418,8,31,0.07416267942583732,5,2019-09-08,2025-10-19,9,3.4444444444444446,4.0,4.0,0,True
1506005,Prainha,15,Pará,Norte,418,8,79,0.18899521531100477,6,2019-08-25,2025-11-16,11,7.181818181818182,4.0,30.0,0,True
1506104,Primavera,15,Pará,Norte,418,8,25,0.05980861244019139,2,2022-04-24,2025-08-24,3,8.333333333333334,7.0,13.0,0,True
1506112,Quatipuru,15,Pará,Norte,418,8,42,0.10047846889952153,5,2018-03-25,2025-10-12,11,3.8181818181818183,4.0,7.0,0,True
1506138,Redenção,15,Pará,Norte,418,8,61,0.145933014354067,6,2018-03-11,2025-11-09,10,6.1,4.0,25.0,0,True
1506161,Rio Maria,15,Pará,Norte,418,8,104,0.24880382775119617,7,2018-04-08,2025-03-23,14,7.428571428571429,4.5,40.0,1,True
1506187,Rondon do Pará,15,Pará,Norte,418,8,19,0.045454545454545456,4,2018-09-30,2025-06-08,5,3.8,4.0,8.0,0,True
1506195,Rurópolis,15,Pará,Norte,418,8,88,0.21052631578947367,5,2019-06-09,2024-12-08,13,6.769230769230769,4.0,25.0,0,True
1506203,Salinópolis,15,Pará,Norte,418,8,62,0.14832535885167464,7,2018-05-13,2025-02-16,13,4.769230769230769,4.0,13.0,1,True
1506302,Salvaterra,15,Pará,Norte,418,8,1,0.0023923444976076554,1,2024-04-07,2024-04-07,1,1.0,1.0,1.0,0,False
1506351,Santa Bárbara do Pará,15,Pará,Norte,418,8,91,0.21770334928229665,5,2019-05-05,2025-09-21,12,7.583333333333333,4.5,40.0,1,True
1506401,Santa Cruz do Arari,15,Pará,Norte,418,8,4,0.009569377990430622,1,2025-05-11,2025-06-01,1,4.0,4.0,4.0,0,False
1506500,Santa Izabel do Pará,15,Pará,Norte,418,8,144,0.3444976076555024,7,2018-01-14,2025-12-28,12,12.0,4.5,55.0,1,True
1506559,Santa Luzia do Pará,15,Pará,Norte,418,8,53,0.12679425837320574,7,2018-04-29,2024-03-24,14,3.7857142857142856,2.5,18.0,0,True
1506583,Santa Maria das Barreiras,15,Pará,Norte,418,8,60,0.14354066985645933,6,2018-04-15,2025-11-23,13,4.615384615384615,5.0,13.0,1,True
1506609,Santa Maria do Pará,15,Pará,Norte,418,8,77,0.18421052631578946,6,2018-02-04,2025-12-28,17,4.529411764705882,4.0,17.0,0,True
1506708,Santana do Araguaia,15,Pará,Norte,418,8,123,0.2942583732057416,7,2019-04-07,2025-08-17,17,7.235294117647059,6.0,17.0,1,True
1506807,Santarém,15,Pará,Norte,418,8,157,0.37559808612440193,7,2017-12-31,2025-12-28,17,9.235294117647058,7.0,34.0,1,True
1506906,Santarém Novo,15,Pará,Norte,418,8,43,0.10287081339712918,5,2018-07-08,2025-11-23,9,4.777777777777778,4.0,9.0,0,True
1507003,Santo Antônio do Tauá,15,Pará,Norte,418,8,75,0.17942583732057416,8,2018-02-11,2025-09-14,11,6.818181818181818,4.0,22.0,0,True
1507102,São Caetano de Odivelas,15,Pará,Norte,418,8,83,0.19856459330143542,6,2018-04-08,2024-11-03,9,9.222222222222221,4.0,41.0,1,True
1507151,São Domingos do Araguaia,15,Pará,Norte,418,8,70,0.1674641148325359,4,2022-04-17,2025-11-09,8,8.75,6.5,20.0,0,True
1507201,São Domingos do Capim,15,Pará,Norte,418,8,112,0.2679425837320574,7,2019-02-17,2025-12-07,11,10.181818181818182,4.0,46.0,2,True
1507300,São Félix do Xingu,15,Pará,Norte,418,8,92,0.22009569377990432,6,2018-09-23,2025-10-19,14,6.571428571428571,3.5,24.0,0,True
1507409,São Francisco do Pará,15,Pará,Norte,418,8,82,0.19617224880382775,8,2018-03-18,2025-11-30,18,4.555555555555555,3.5,18.0,2,True
1507458,São Geraldo do Araguaia,15,Pará,Norte,418,8,10,0.023923444976076555,2,2021-10-24,2023-10-08,2,5.0,5.0,9.0,0,True
1507466,São João da Ponta,15,Pará,Norte,418,8,39,0.09330143540669857,5,2018-01-07,2025-01-26,10,3.9,4.0,14.0,0,True
1507474,São João de Pirabas,15,Pará,Norte,418,8,52,0.12440191387559808,5,2019-09-29,2024-05-19,12,4.333333333333333,3.0,13.0,1,True
1507508,São João do Araguaia,15,Pará,Norte,418,8,89,0.21291866028708134,5,2018-01-14,2025-11-16,15,5.933333333333334,3.0,25.0,0,True
1507607,São Miguel do Guamá,15,Pará,Norte,418,8,119,0.284688995215311,7,2018-02-25,2025-12-28,20,5.95,4.0,30.0,0,True
1507706,São Sebastião da Boa Vista,15,Pará,Norte,418,8,45,0.1076555023923445,3,2018-04-01,2025-12-28,9,5.0,4.0,12.0,1,True
1507755,Sapucaia,15,Pará,Norte,418,8,64,0.15311004784688995,5,2020-01-26,2025-03-23,8,8.0,7.0,14.0,0,True
1507805,Senador José Porfírio,15,Pará,Norte,418,8,73,0.17464114832535885,6,2019-07-28,2025-08-24,10,7.3,5.5,18.0,0,True
1507904,Soure,15,Pará,Norte,418,8,41,0.09808612440191387,5,2019-10-06,2024-09-01,7,5.857142857142857,6.0,10.0,2,True
1507953,Tailândia,15,Pará,Norte,418,8,99,0.23684210526315788,5,2019-01-13,2025-12-14,7,14.142857142857142,4.0,54.0,1,True
1507961,Terra Alta,15,Pará,Norte,418,8,70,0.1674641148325359,6,2018-03-11,2025-12-28,12,5.833333333333333,4.0,19.0,0,True
1507979,Terra Santa,15,Pará,Norte,418,8,22,0.05263157894736842,2,2022-05-01,2024-05-12,2,11.0,11.0,18.0,0,True
1508001,Tomé-Açu,15,Pará,Norte,418,8,129,0.30861244019138756,5,2018-12-30,2025-12-28,14,9.214285714285714,4.0,44.0,1,True
1508035,Tracuateua,15,Pará,Norte,418,8,30,0.07177033492822966,4,2018-09-16,2024-09-08,10,3.0,3.0,5.0,0,True
1508050,Trairão,15,Pará,Norte,418,8,124,0.2966507177033493,5,2019-12-29,2025-12-28,17,7.294117647058823,4.0,30.0,1,True
1508084,Tucumã,15,Pará,Norte,418,8,91,0.21770334928229665,7,2019-02-03,2025-11-16,20,4.55,4.0,16.0,2,True
1508100,Tucuruí,15,Pará,Norte,418,8,24,0.05741626794258373,3,2023-06-11,2025-12-28,6,4.0,3.5,7.0,0,True
1508126,Ulianópolis,15,Pará,Norte,418,8,83,0.19856459330143542,6,2019-09-29,2025-11-23,16,5.1875,4.0,11.0,0,True
1508159,Uruará,15,Pará,Norte,418,8,135,0.3229665071770335,7,2019-06-09,2025-12-28,15,9.0,5.0,47.0,2,True
1508209,Vigia,15,Pará,Norte,418,8,31,0.07416267942583732,3,2018-02-11,2024-05-12,3,10.333333333333334,7.0,20.0,0,True
1508308,Viseu,15,Pará,Norte,418,8,73,0.17464114832535885,7,2018-04-01,2025-10-12,13,5.615384615384615,4.0,13.0,1,True
1508357,Vitória do Xingu,15,Pará,Norte,418,8,133,0.3181818181818182,8,2018-06-10,2025-02-23,19,7.0,5.0,27.0,1,True
1508407,Xinguara,15,Pará,Norte,418,8,91,0.21770334928229665,7,2019-04-28,2025-11-16,13,7.0,5.0,20.0,0,True
1600055,Serra do Navio,16,Amapá,Norte,418,8,61,0.145933014354067,5,2018-08-19,2025-05-18,7,8.714285714285714,5.0,19.0,1,True
1600105,Amapá,16,Amapá,Norte,418,8,47,0.11244019138755981,7,2018-02-04,2025-03-23,10,4.7,4.0,9.0,0,True
1600154,Pedra Branca do Amapari,16,Amapá,Norte,418,8,27,0.0645933014354067,3,2018-03-18,2025-03-09,6,4.5,3.5,10.0,0,True
1600204,Calçoene,16,Amapá,Norte,418,8,46,0.11004784688995216,2,2023-12-31,2025-12-21,6,7.666666666666667,4.5,22.0,0,True
1600212,Cutias,16,Amapá,Norte,418,8,29,0.06937799043062201,3,2023-06-11,2025-04-13,4,7.25,4.0,18.0,0,True
1600238,Ferreira Gomes,16,Amapá,Norte,418,8,44,0.10526315789473684,3,2018-07-15,2025-07-06,6,7.333333333333333,3.5,27.0,0,True
1600253,Itaubal,16,Amapá,Norte,418,8,42,0.10047846889952153,5,2018-09-23,2025-12-28,9,4.666666666666667,4.0,9.0,0,True
1600279,Laranjal do Jari,16,Amapá,Norte,418,8,70,0.1674641148325359,3,2018-01-21,2024-05-05,3,23.333333333333332,21.0,47.0,1,True
1600303,Macapá,16,Amapá,Norte,418,8,72,0.1722488038277512,3,2023-01-15,2025-02-02,6,12.0,4.5,50.0,0,True
1600402,Mazagão,16,Amapá,Norte,418,8,81,0.1937799043062201,6,2018-08-12,2025-03-23,9,9.0,3.0,29.0,1,True
1600501,Oiapoque,16,Amapá,Norte,418,8,46,0.11004784688995216,3,2021-10-31,2024-11-17,6,7.666666666666667,8.0,13.0,1,True
1600535,Porto Grande,16,Amapá,Norte,418,8,85,0.20334928229665072,6,2019-11-10,2025-12-28,13,6.538461538461538,4.0,42.0,1,True
1600550,Pracuúba,16,Amapá,Norte,418,8,29,0.06937799043062201,4,2018-12-23,2025-04-27,5,5.8,4.0,13.0,1,True
1600600,Santana,16,Amapá,Norte,418,8,91,0.21770334928229665,4,2018-07-29,2025-03-02,3,30.333333333333332,26.0,61.0,1,True
1600709,Tartarugalzinho,16,Amapá,Norte,418,8,73,0.17464114832535885,5,2018-06-10,2025-08-31,10,7.3,5.0,31.0,1,True
1600808,Vitória do Jari,16,Amapá,Norte,418,8,56,0.1339712918660287,5,2018-04-01,2025-06-22,9,6.222222222222222,4.0,17.0,0,True
1700251,Abreulândia,17,Tocantins,Norte,418,8,60,0.14354066985645933,5,2018-02-25,2023-02-26,10,6.0,4.0,17.0,1,True
1700301,Aguiarnópolis,17,Tocantins,Norte,418,8,46,0.11004784688995216,6,2019-10-06,2025-08-10,7,6.571428571428571,4.0,23.0,1,True
1700350,Aliança do Tocantins,17,Tocantins,Norte,418,8,23,0.05502392344497608,6,2019-08-04,2025-09-21,7,3.2857142857142856,4.0,6.0,0,True
1700400,Almas,17,Tocantins,Norte,418,8,60,0.14354066985645933,6,2018-08-05,2025-09-28,15,4.0,4.0,9.0,0,True
1700707,Alvorada,17,Tocantins,Norte,418,8,72,0.1722488038277512,7,2018-06-03,2025-12-28,15,4.8,4.0,21.0,1,True
1701002,Ananás,17,Tocantins,Norte,418,8,45,0.1076555023923445,7,2018-03-18,2025-08-31,11,4.090909090909091,3.0,9.0,0,True
1701051,Angico,17,Tocantins,Norte,418,8,27,0.0645933014354067,5,2021-12-26,2025-12-28,5,5.4,4.0,8.0,2,True
1701101,Aparecida do Rio Negro,17,Tocantins,Norte,418,8,17,0.04066985645933014,2,2018-10-28,2022-06-26,4,4.25,3.0,9.0,0,True
1701309,Aragominas,17,Tocantins,Norte,418,8,42,0.10047846889952153,3,2019-04-21,2022-10-02,7,6.0,4.0,11.0,0,True
1701903,Araguacema,17,Tocantins,Norte,418,8,48,0.11483253588516747,3,2021-11-21,2025-10-05,6,8.0,6.0,23.0,0,True
1702000,Araguaçu,17,Tocantins,Norte,418,8,55,0.13157894736842105,6,2018-12-30,2025-12-21,14,3.9285714285714284,3.0,16.0,0,True
1702109,Araguaína,17,Tocantins,Norte,418,8,54,0.1291866028708134,4,2019-02-24,2025-12-28,5,10.8,4.0,34.0,1,True
1702158,Araguanã,17,Tocantins,Norte,418,8,21,0.050239234449760764,4,2021-10-03,2025-12-28,7,3.0,1.0,11.0,0,True
1702208,Araguatins,17,Tocantins,Norte,418,8,65,0.15550239234449761,8,2018-04-22,2025-12-28,13,5.0,4.0,13.0,0,True
1702307,Arapoema,17,Tocantins,Norte,418,8,97,0.23205741626794257,8,2018-07-01,2025-06-01,17,5.705882352941177,4.0,21.0,2,True
1702406,Arraias,17,Tocantins,Norte,418,8,94,0.22488038277511962,6,2019-01-27,2024-06-09,12,7.833333333333333,4.0,26.0,1,True
1702554,Augustinópolis,17,Tocantins,Norte,418,8,37,0.08851674641148326,5,2018-09-30,2025-12-14,11,3.3636363636363638,3.0,7.0,0,True
1702703,Aurora do Tocantins,17,Tocantins,Norte,418,8,42,0.10047846889952153,5,2019-06-09,2024-12-08,8,5.25,4.5,10.0,1,True
1702901,Axixá do Tocantins,17,Tocantins,Norte,418,8,54,0.1291866028708134,6,2018-04-29,2025-10-19,14,3.857142857142857,4.0,6.0,0,True
1703008,Babaçulândia,17,Tocantins,Norte,418,8,41,0.09808612440191387,6,2019-03-10,2025-12-28,10,4.1,3.5,15.0,0,True
1703057,Bandeirantes do Tocantins,17,Tocantins,Norte,418,8,46,0.11004784688995216,5,2019-04-28,2023-03-26,8,5.75,5.0,16.0,1,True
1703073,Barra do Ouro,17,Tocantins,Norte,418,8,79,0.18899521531100477,8,2018-03-25,2025-12-28,16,4.9375,4.0,26.0,0,True
1703107,Barrolândia,17,Tocantins,Norte,418,8,81,0.1937799043062201,4,2018-04-29,2023-12-10,8,10.125,4.5,37.0,0,True
1703206,Bernardo Sayão,17,Tocantins,Norte,418,8,73,0.17464114832535885,6,2018-02-25,2025-12-28,12,6.083333333333333,4.0,21.0,3,True
1703305,Bom Jesus do Tocantins,17,Tocantins,Norte,418,8,33,0.07894736842105263,2,2019-03-17,2022-10-16,4,8.25,4.0,22.0,0,True
1703602,Brasilândia do Tocantins,17,Tocantins,Norte,418,8,39,0.09330143540669857,5,2019-01-06,2025-11-02,8,4.875,4.0,11.0,1,True
1703701,Brejinho de Nazaré,17,Tocantins,Norte,418,8,69,0.16507177033492823,5,2019-01-06,2024-09-01,10,6.9,3.5,17.0,1,True
1703800,Buriti do Tocantins,17,Tocantins,Norte,418,8,5,0.011961722488038277,2,2024-04-28,2025-05-18,3,1.6666666666666667,2.0,2.0,0,True
1703826,Cachoeirinha,17,Tocantins,Norte,418,8,76,0.18181818181818182,5,2020-03-22,2025-09-07,13,5.846153846153846,4.0,23.0,1,True
1703842,Campos Lindos,17,Tocantins,Norte,418,8,57,0.13636363636363635,4,2018-04-08,2025-12-14,11,5.181818181818182,4.0,19.0,1,True
1703867,Cariri do Tocantins,17,Tocantins,Norte,418,8,69,0.16507177033492823,7,2018-01-14,2025-11-09,16,4.3125,4.0,13.0,0,True
1703883,Carmolândia,17,Tocantins,Norte,418,8,43,0.10287081339712918,4,2022-01-02,2025-12-28,8,5.375,4.0,15.0,0,True
1703891,Carrasco Bonito,17,Tocantins,Norte,418,8,32,0.07655502392344497,6,2018-01-07,2024-06-23,7,4.571428571428571,4.0,12.0,0,True
1703909,Caseara,17,Tocantins,Norte,418,8,80,0.19138755980861244,7,2018-02-11,2024-05-05,17,4.705882352941177,4.0,21.0,1,True
1704105,Centenário,17,Tocantins,Norte,418,8,39,0.09330143540669857,4,2019-03-03,2024-07-21,9,4.333333333333333,4.0,8.0,0,True
1704600,Chapada de Areia,17,Tocantins,Norte,418,8,31,0.07416267942583732,5,2019-03-24,2025-12-28,5,6.2,4.0,17.0,1,True
1705102,Chapada da Natividade,17,Tocantins,Norte,418,8,71,0.16985645933014354,6,2017-12-31,2024-11-10,11,6.454545454545454,4.0,27.0,1,True
1705508,Colinas do Tocantins,17,Tocantins,Norte,418,8,106,0.2535885167464115,7,2018-06-17,2024-09-15,15,7.066666666666666,3.0,37.0,1,True
1705557,Combinado,17,Tocantins,Norte,418,8,46,0.11004784688995216,4,2020-06-21,2024-04-07,8,5.75,5.0,13.0,0,True
1705607,Conceição do Tocantins,17,Tocantins,Norte,418,8,73,0.17464114832535885,6,2018-09-09,2025-07-27,13,5.615384615384615,4.0,14.0,2,True
1706001,Couto Magalhães,17,Tocantins,Norte,418,8,51,0.12200956937799043,7,2018-10-21,2025-08-31,11,4.636363636363637,4.0,8.0,1,True
1706100,Cristalândia,17,Tocantins,Norte,418,8,65,0.15550239234449761,7,2018-11-11,2024-10-20,13,5.0,4.0,12.0,1,True
1706258,Crixás do Tocantins,17,Tocantins,Norte,418,8,22,0.05263157894736842,4,2020-04-26,2024-06-02,6,3.6666666666666665,4.0,5.0,0,True
1706506,Darcinópolis,17,Tocantins,Norte,418,8,45,0.1076555023923445,4,2020-02-16,2025-09-28,10,4.5,4.0,15.0,0,True
1707009,Dianópolis,17,Tocantins,Norte,418,8,54,0.1291866028708134,5,2018-11-04,2024-07-21,8,6.75,6.0,18.0,1,True
1707108,Divinópolis do Tocantins,17,Tocantins,Norte,418,8,37,0.08851674641148326,3,2018-04-01,2022-09-25,7,5.285714285714286,4.0,10.0,0,True
1707207,Dois Irmãos do Tocantins,17,Tocantins,Norte,418,8,42,0.10047846889952153,6,2018-08-05,2024-11-03,9,4.666666666666667,4.0,10.0,0,True
1707306,Dueré,17,Tocantins,Norte,418,8,81,0.1937799043062201,5,2019-03-10,2024-03-10,10,8.1,5.0,21.0,1,True
1707405,Esperantina,17,Tocantins,Norte,418,8,45,0.1076555023923445,4,2018-03-25,2025-12-14,11,4.090909090909091,4.0,9.0,0,True
1707553,Fátima,17,Tocantins,Norte,418,8,67,0.16028708133971292,7,2018-03-25,2025-08-31,12,5.583333333333333,4.0,22.0,1,True
1707652,Figueirópolis,17,Tocantins,Norte,418,8,85,0.20334928229665072,8,2018-02-18,2025-09-07,16,5.3125,4.0,21.0,1,True
1707702,Filadélfia,17,Tocantins,Norte,418,8,61,0.145933014354067,7,2018-01-07,2025-07-13,16,3.8125,4.0,9.0,2,True
1708205,Formoso do Araguaia,17,Tocantins,Norte,418,8,46,0.11004784688995216,5,2018-10-21,2022-01-23,6,7.666666666666667,6.5,15.0,1,True
1708254,Tabocão,17,Tocantins,Norte,418,8,26,0.06220095693779904,5,2018-04-15,2022-01-02,5,5.2,4.0,8.0,1,True
1708304,Goianorte,17,Tocantins,Norte,418,8,58,0.13875598086124402,7,2018-04-22,2025-07-20,14,4.142857142857143,4.0,9.0,1,True
1709005,Goiatins,17,Tocantins,Norte,418,8,78,0.18660287081339713,6,2018-06-10,2025-12-28,13,6.0,3.0,23.0,1,True
1709302,Guaraí,17,Tocantins,Norte,418,8,53,0.12679425837320574,5,2018-07-29,2023-05-07,6,8.833333333333334,9.0,21.0,1,True
1709500,Gurupi,17,Tocantins,Norte,418,8,75,0.17942583732057416,5,2018-11-04,2025-12-21,16,4.6875,3.5,15.0,0,True
1709807,Ipueiras,17,Tocantins,Norte,418,8,41,0.09808612440191387,7,2018-04-29,2025-12-28,11,3.727272727272727,4.0,8.0,1,True
1710508,Itacajá,17,Tocantins,Norte,418,8,64,0.15311004784688995,7,2018-03-04,2025-08-31,15,4.266666666666667,4.0,12.0,1,True
1710706,Itaguatins,17,Tocantins,Norte,418,8,41,0.09808612440191387,6,2018-07-22,2025-11-09,10,4.1,4.0,11.0,0,True
1710904,Itapiratins,17,Tocantins,Norte,418,8,45,0.1076555023923445,6,2018-10-07,2025-12-07,9,5.0,4.0,14.0,1,True
1711100,Itaporã do Tocantins,17,Tocantins,Norte,418,8,64,0.15311004784688995,6,2018-12-02,2025-10-26,12,5.333333333333333,4.0,18.0,1,True
1711506,Jaú do Tocantins,17,Tocantins,Norte,418,8,82,0.19617224880382775,6,2019-01-20,2025-12-28,12,6.833333333333333,7.0,14.0,0,True
1711803,Juarina,17,Tocantins,Norte,418,8,63,0.1507177033492823,7,2019-04-21,2025-11-30,12,5.25,4.0,14.0,1,True
1711902,Lagoa da Confusão,17,Tocantins,Norte,418,8,34,0.08133971291866028,3,2019-03-31,2022-10-23,6,5.666666666666667,4.0,14.0,1,True
1711951,Lagoa do Tocantins,17,Tocantins,Norte,418,8,46,0.11004784688995216,6,2019-08-18,2025-10-05,12,3.8333333333333335,4.0,6.0,0,True
1712009,Lajeado,17,Tocantins,Norte,418,8,51,0.12200956937799043,4,2018-05-20,2022-02-13,9,5.666666666666667,2.0,21.0,1,True
1712157,Lavandeira,17,Tocantins,Norte,418,8,28,0.06698564593301436,6,2018-04-29,2024-05-26,6,4.666666666666667,4.0,12.0,0,True
1712405,Lizarda,17,Tocantins,Norte,418,8,34,0.08133971291866028,5,2019-03-03,2025-05-18,8,4.25,4.0,11.0,1,True
1712454,Luzinópolis,17,Tocantins,Norte,418,8,106,0.2535885167464115,7,2018-03-25,2025-12-28,16,6.625,4.5,23.0,1,True
1712504,Marianópolis do Tocantins,17,Tocantins,Norte,418,8,48,0.11483253588516747,7,2018-04-29,2025-12-28,13,3.6923076923076925,4.0,7.0,1,True
1712702,Mateiros,17,Tocantins,Norte,418,8,37,0.08851674641148326,4,2019-03-17,2025-11-16,8,4.625,4.5,6.0,0,True
1712801,Maurilândia do Tocantins,17,Tocantins,Norte,418,8,23,0.05502392344497608,4,2019-04-21,2024-01-28,6,3.8333333333333335,3.0,8.0,0,True
1713205,Miracema do Tocantins,17,Tocantins,Norte,418,8,51,0.12200956937799043,6,2018-10-14,2025-09-28,9,5.666666666666667,2.0,33.0,2,True
1713304,Miranorte,17,Tocantins,Norte,418,8,43,0.10287081339712918,7,2018-09-30,2024-09-01,11,3.909090909090909,3.0,15.0,2,True
1713601,Monte do Carmo,17,Tocantins,Norte,418,8,60,0.14354066985645933,6,2018-11-04,2025-10-26,9,6.666666666666667,5.0,23.0,1,True
1713700,Monte Santo do Tocantins,17,Tocantins,Norte,418,8,78,0.18660287081339713,6,2018-12-02,2025-05-04,12,6.5,4.0,35.0,1,True
1713809,Palmeiras do Tocantins,17,Tocantins,Norte,418,8,69,0.16507177033492823,7,2018-05-13,2025-08-31,15,4.6,4.0,14.0,0,True
1713957,Muricilândia,17,Tocantins,Norte,418,8,25,0.05980861244019139,4,2019-09-22,2025-12-21,6,4.166666666666667,4.0,6.0,0,True
1714203,Natividade,17,Tocantins,Norte,418,8,53,0.12679425837320574,4,2017-12-31,2022-11-06,9,5.888888888888889,4.0,15.0,1,True
1714302,Nazaré,17,Tocantins,Norte,418,8,40,0.09569377990430622,5,2018-11-04,2024-04-21,7,5.714285714285714,4.0,20.0,0,True
1714880,Nova Olinda,17,Tocantins,Norte,418,8,44,0.10526315789473684,7,2019-06-30,2025-12-28,13,3.3846153846153846,3.0,9.0,0,True
1715002,Nova Rosalândia,17,Tocantins,Norte,418,8,35,0.08373205741626795,4,2019-04-07,2023-12-03,6,5.833333333333333,5.5,8.0,1,True
1715101,Novo Acordo,17,Tocantins,Norte,418,8,38,0.09090909090909091,6,2018-04-15,2025-11-30,10,3.8,4.0,8.0,0,True
1715150,Novo Alegre,17,Tocantins,Norte,418,8,56,0.1339712918660287,5,2021-11-14,2025-09-14,8,7.0,5.5,18.0,1,True
1715259,Novo Jardim,17,Tocantins,Norte,418,8,76,0.18181818181818182,5,2019-02-17,2025-09-28,14,5.428571428571429,5.0,11.0,0,True
1715507,Oliveira de Fátima,17,Tocantins,Norte,418,8,77,0.18421052631578946,7,2018-10-07,2025-07-13,10,7.7,5.0,20.0,2,True
1715705,Palmeirante,17,Tocantins,Norte,418,8,61,0.145933014354067,7,2018-01-07,2025-11-02,14,4.357142857142857,4.0,12.0,0,True
1715754,Palmeirópolis,17,Tocantins,Norte,418,8,100,0.23923444976076555,7,2018-05-13,2025-08-10,13,7.6923076923076925,5.0,28.0,1,True
1716109,Paraíso do Tocantins,17,Tocantins,Norte,418,8,109,0.2607655502392344,5,2018-10-14,2023-02-05,6,18.166666666666668,19.5,40.0,2,True
1716208,Paranã,17,Tocantins,Norte,418,8,46,0.11004784688995216,5,2018-12-30,2025-03-23,8,5.75,5.5,13.0,1,True
1716307,Pau D'Arco,17,Tocantins,Norte,418,8,71,0.16985645933014354,5,2019-04-28,2025-07-20,10,7.1,4.0,30.0,1,True
1716505,Pedro Afonso,17,Tocantins,Norte,418,8,66,0.15789473684210525,5,2018-07-29,2023-09-17,8,8.25,3.0,37.0,2,True
1716604,Peixe,17,Tocantins,Norte,418,8,65,0.15550239234449761,6,2019-03-17,2024-08-18,11,5.909090909090909,4.0,16.0,2,True
1716653,Pequizeiro,17,Tocantins,Norte,418,8,48,0.11483253588516747,6,2018-01-14,2025-01-26,14,3.4285714285714284,3.5,7.0,1,True
1716703,Colméia,17,Tocantins,Norte,418,8,64,0.15311004784688995,5,2018-02-18,2025-10-26,12,5.333333333333333,4.5,12.0,1,True
1717008,Pindorama do Tocantins,17,Tocantins,Norte,418,8,46,0.11004784688995216,5,2018-04-01,2025-06-29,7,6.571428571428571,4.0,17.0,0,True
1717206,Piraquê,17,Tocantins,Norte,418,8,75,0.17942583732057416,7,2019-12-15,2025-12-28,13,5.769230769230769,4.0,18.0,2,True
1717503,Pium,17,Tocantins,Norte,418,8,70,0.1674641148325359,5,2021-12-26,2025-11-02,15,4.666666666666667,4.0,13.0,1,True
1717800,Ponte Alta do Bom Jesus,17,Tocantins,Norte,418,8,66,0.15789473684210525,5,2018-04-15,2024-08-11,11,6.0,4.0,24.0,1,True
1717909,Ponte Alta do Tocantins,17,Tocantins,Norte,418,8,67,0.16028708133971292,7,2018-12-23,2024-11-17,15,4.466666666666667,4.0,16.0,2,True
1718006,Porto Alegre do Tocantins,17,Tocantins,Norte,418,8,70,0.1674641148325359,6,2018-04-01,2025-11-16,16,4.375,4.0,13.0,0,True
1718204,Porto Nacional,17,Tocantins,Norte,418,8,104,0.24880382775119617,5,2018-05-06,2025-08-17,6,17.333333333333332,12.0,46.0,1,True
1718303,Praia Norte,17,Tocantins,Norte,418,8,13,0.03110047846889952,2,2019-02-24,2022-07-17,3,4.333333333333333,5.0,7.0,0,True
1718402,Presidente Kennedy,17,Tocantins,Norte,418,8,60,0.14354066985645933,7,2018-12-23,2024-06-30,13,4.615384615384615,4.0,15.0,3,True
1718451,Pugmil,17,Tocantins,Norte,418,8,72,0.1722488038277512,5,2018-10-14,2025-08-03,8,9.0,3.5,34.0,0,True
1718501,Recursolândia,17,Tocantins,Norte,418,8,36,0.0861244019138756,5,2018-10-28,2024-05-05,10,3.6,3.5,6.0,0,True
1718550,Riachinho,17,Tocantins,Norte,418,8,59,0.14114832535885166,6,2019-03-10,2024-12-08,15,3.933333333333333,4.0,10.0,1,True
1718659,Rio da Conceição,17,Tocantins,Norte,418,8,65,0.15550239234449761,3,2022-02-27,2024-07-07,8,8.125,5.5,21.0,0,True
1718709,Rio dos Bois,17,Tocantins,Norte,418,8,62,0.14832535885167464,5,2018-07-15,2022-08-21,9,6.888888888888889,4.0,26.0,1,True
1718758,Rio Sono,17,Tocantins,Norte,418,8,72,0.1722488038277512,4,2019-02-24,2023-08-20,11,6.545454545454546,4.0,16.0,0,True
1718808,Sampaio,17,Tocantins,Norte,418,8,34,0.08133971291866028,6,2019-03-31,2025-11-09,9,3.7777777777777777,4.0,6.0,0,True
1718840,Sandolândia,17,Tocantins,Norte,418,8,37,0.08851674641148326,6,2018-05-20,2025-10-19,10,3.7,3.5,10.0,0,True
1718865,Santa Fé do Araguaia,17,Tocantins,Norte,418,8,78,0.18660287081339713,7,2018-05-06,2025-12-28,13,6.0,3.0,19.0,1,True
1718881,Santa Maria do Tocantins,17,Tocantins,Norte,418,8,31,0.07416267942583732,3,2018-05-13,2024-04-28,4,7.75,3.5,22.0,0,True
1718899,Santa Rita do Tocantins,17,Tocantins,Norte,418,8,56,0.1339712918660287,4,2018-12-30,2024-05-19,6,9.333333333333334,8.5,18.0,0,True
1718907,Santa Rosa do Tocantins,17,Tocantins,Norte,418,8,65,0.15550239234449761,6,2018-08-05,2025-06-15,10,6.5,3.5,21.0,1,True
1719004,Santa Tereza do Tocantins,17,Tocantins,Norte,418,8,79,0.18899521531100477,7,2018-06-10,2025-12-07,18,4.388888888888889,3.0,14.0,1,True
1720002,Santa Terezinha do Tocantins,17,Tocantins,Norte,418,8,25,0.05980861244019139,5,2018-04-22,2025-11-30,4,6.25,5.0,14.0,1,True
1720101,São Bento do Tocantins,17,Tocantins,Norte,418,8,49,0.11722488038277512,4,2019-03-31,2025-12-28,8,6.125,4.0,14.0,0,True
1720150,São Félix do Tocantins,17,Tocantins,Norte,418,8,53,0.12679425837320574,5,2018-11-11,2025-11-16,9,5.888888888888889,4.0,12.0,0,True
1720200,São Miguel do Tocantins,17,Tocantins,Norte,418,8,14,0.03349282296650718,3,2019-01-13,2024-12-22,3,4.666666666666667,5.0,5.0,0,True
1720259,São Salvador do Tocantins,17,Tocantins,Norte,418,8,38,0.09090909090909091,2,2023-12-31,2025-12-28,5,7.6,6.0,19.0,0,True
1720309,São Sebastião do Tocantins,17,Tocantins,Norte,418,8,39,0.09330143540669857,4,2019-01-06,2025-12-28,9,4.333333333333333,4.0,11.0,0,True
1720499,São Valério,17,Tocantins,Norte,418,8,37,0.08851674641148326,6,2018-12-23,2024-04-21,9,4.111111111111111,2.0,11.0,2,True
1720655,Silvanópolis,17,Tocantins,Norte,418,8,69,0.16507177033492823,6,2018-08-12,2024-05-26,11,6.2727272727272725,4.0,31.0,1,True
1720804,Sítio Novo do Tocantins,17,Tocantins,Norte,418,8,52,0.12440191387559808,8,2018-11-25,2025-12-14,15,3.466666666666667,4.0,12.0,0,True
1720853,Sucupira,17,Tocantins,Norte,418,8,38,0.09090909090909091,3,2019-03-17,2025-12-28,5,7.6,5.0,19.0,0,True
1720903,Taguatinga,17,Tocantins,Norte,418,8,82,0.19617224880382775,8,2018-09-02,2025-12-28,16,5.125,4.0,21.0,0,True
1720937,Taipas do Tocantins,17,Tocantins,Norte,418,8,59,0.14114832535885166,7,2018-04-08,2025-09-14,11,5.363636363636363,4.0,20.0,0,True
1720978,Talismã,17,Tocantins,Norte,418,8,82,0.19617224880382775,6,2018-01-07,2024-06-02,11,7.454545454545454,5.0,20.0,0,True
1721000,Palmas,17,Tocantins,Norte,418,8,102,0.24401913875598086,5,2018-11-04,2022-10-02,6,17.0,1.5,66.0,2,True
1721109,Tocantínia,17,Tocantins,Norte,418,8,54,0.1291866028708134,6,2018-11-25,2025-11-09,9,6.0,4.0,22.0,0,True
1721208,Tocantinópolis,17,Tocantins,Norte,418,8,41,0.09808612440191387,5,2018-10-14,2023-10-15,8,5.125,4.0,13.0,1,True
1721257,Tupirama,17,Tocantins,Norte,418,8,35,0.08373205741626795,4,2019-03-17,2024-04-07,6,5.833333333333333,5.0,12.0,0,True
1721307,Tupiratins,17,Tocantins,Norte,418,8,72,0.1722488038277512,6,2019-03-31,2025-12-14,9,8.0,4.0,24.0,1,True
1722081,Wanderlândia,17,Tocantins,Norte,418,8,29,0.06937799043062201,4,2019-04-28,2023-11-12,6,4.833333333333333,4.5,11.0,1,True
1722107,Xambioá,17,Tocantins,Norte,418,8,55,0.13157894736842105,6,2019-01-06,2025-06-01,9,6.111111111111111,4.0,19.0,1,True
2100055,Açailândia,21,Maranhão,Nordeste,418,8,107,0.25598086124401914,6,2019-05-26,2025-12-28,15,7.133333333333334,4.0,34.0,2,True
2100105,Afonso Cunha,21,Maranhão,Nordeste,418,8,20,0.04784688995215311,3,2019-03-03,2024-05-05,4,5.0,5.0,6.0,0,True
2100154,Água Doce do Maranhão,21,Maranhão,Nordeste,418,8,41,0.09808612440191387,5,2019-02-10,2025-09-28,8,5.125,4.0,9.0,0,True
2100204,Alcântara,21,Maranhão,Nordeste,418,8,37,0.08851674641148326,5,2020-11-15,2025-11-30,9,4.111111111111111,4.0,7.0,0,True
2100303,Aldeias Altas,21,Maranhão,Nordeste,418,8,70,0.1674641148325359,8,2018-05-06,2025-10-05,16,4.375,3.5,13.0,0,True
2100402,Altamira do Maranhão,21,Maranhão,Nordeste,418,8,16,0.03827751196172249,2,2024-04-07,2025-05-25,4,4.0,4.0,4.0,1,True
2100436,Alto Alegre do Maranhão,21,Maranhão,Nordeste,418,8,74,0.17703349282296652,4,2019-02-10,2025-12-28,6,12.333333333333334,9.0,24.0,0,True
2100477,Alto Alegre do Pindaré,21,Maranhão,Nordeste,418,8,46,0.11004784688995216,4,2017-12-31,2024-01-21,9,5.111111111111111,4.0,9.0,0,True
2100501,Alto Parnaíba,21,Maranhão,Nordeste,418,8,32,0.07655502392344497,3,2018-05-20,2022-08-07,5,6.4,4.0,16.0,0,True
2100550,Amapá do Maranhão,21,Maranhão,Nordeste,418,8,36,0.0861244019138756,5,2019-04-28,2024-05-05,6,6.0,4.0,16.0,0,True
2100600,Amarante do Maranhão,21,Maranhão,Nordeste,418,8,58,0.13875598086124402,5,2019-04-14,2024-10-06,6,9.666666666666666,9.5,16.0,1,True
2100709,Anajatuba,21,Maranhão,Nordeste,418,8,72,0.1722488038277512,7,2018-05-06,2025-10-12,14,5.142857142857143,4.0,10.0,0,True
2100808,Anapurus,21,Maranhão,Nordeste,418,8,38,0.09090909090909091,5,2018-04-08,2025-08-31,9,4.222222222222222,4.0,10.0,1,True
2100832,Apicum-Açu,21,Maranhão,Nordeste,418,8,90,0.215311004784689,6,2018-04-01,2025-10-05,11,8.181818181818182,5.0,20.0,0,True
2100873,Araguanã,21,Maranhão,Nordeste,418,8,21,0.050239234449760764,4,2022-01-30,2025-11-09,6,3.5,4.0,6.0,0,True
2100907,Araioses,21,Maranhão,Nordeste,418,8,34,0.08133971291866028,4,2019-05-26,2025-01-26,7,4.857142857142857,4.0,13.0,1,True
2100956,Arame,21,Maranhão,Nordeste,418,8,51,0.12200956937799043,8,2018-07-22,2025-12-28,13,3.923076923076923,4.0,6.0,1,True
2101004,Arari,21,Maranhão,Nordeste,418,8,97,0.23205741626794257,7,2018-04-01,2025-07-27,11,8.818181818181818,4.0,29.0,1,True
2101103,Axixá,21,Maranhão,Nordeste,418,8,18,0.0430622009569378,5,2019-10-20,2025-01-19,6,3.0,3.5,4.0,0,True
2101202,Bacabal,21,Maranhão,Nordeste,418,8,47,0.11244019138755981,4,2020-10-25,2025-10-26,5,9.4,7.0,23.0,1,True
2101251,Bacabeira,21,Maranhão,Nordeste,418,8,75,0.17942583732057416,8,2018-12-02,2025-12-21,16,4.6875,4.0,10.0,1,True
2101301,Bacuri,21,Maranhão,Nordeste,418,8,52,0.12440191387559808,7,2018-05-06,2025-03-09,10,5.2,4.0,18.0,1,True
2101350,Bacurituba,21,Maranhão,Nordeste,418,8,8,0.019138755980861243,2,2019-10-27,2024-04-07,2,4.0,4.0,4.0,0,True
2101400,Balsas,21,Maranhão,Nordeste,418,8,43,0.10287081339712918,6,2018-08-26,2025-08-31,12,3.5833333333333335,4.0,9.0,0,True
2101509,Barão de Grajaú,21,Maranhão,Nordeste,418,8,50,0.11961722488038277,4,2019-06-16,2025-04-20,7,7.142857142857143,8.0,14.0,0,True
2101608,Barra do Corda,21,Maranhão,Nordeste,418,8,0,0.0,0,,,0,,,,0,False
2101707,Barreirinhas,21,Maranhão,Nordeste,418,8,51,0.12200956937799043,6,2018-04-01,2025-12-28,16,3.1875,4.0,8.0,0,True
2101731,Belágua,21,Maranhão,Nordeste,418,8,19,0.045454545454545456,3,2021-10-03,2024-08-04,5,3.8,4.0,4.0,0,True
2101772,Bela Vista do Maranhão,21,Maranhão,Nordeste,418,8,14,0.03349282296650718,4,2022-12-18,2025-06-22,4,3.5,4.0,4.0,0,True
2101806,Benedito Leite,21,Maranhão,Nordeste,418,8,56,0.1339712918660287,5,2019-03-24,2025-07-20,7,8.0,5.0,16.0,0,True
2101905,Bequimão,21,Maranhão,Nordeste,418,8,21,0.050239234449760764,2,2022-01-02,2024-04-21,5,4.2,4.0,6.0,0,True
2101939,Bernardo do Mearim,21,Maranhão,Nordeste,418,8,12,0.028708133971291867,3,2019-02-10,2024-06-16,4,3.0,3.0,4.0,0,True
2101970,Boa Vista do Gurupi,21,Maranhão,Nordeste,418,8,25,0.05980861244019139,5,2018-04-01,2024-04-21,6,4.166666666666667,4.0,5.0,0,True
2102002,Bom Jardim,21,Maranhão,Nordeste,418,8,14,0.03349282296650718,2,2024-02-25,2025-08-17,4,3.5,2.0,9.0,0,True
2102036,Bom Jesus das Selvas,21,Maranhão,Nordeste,418,8,65,0.15550239234449761,6,2020-06-14,2025-09-07,18,3.611111111111111,4.0,8.0,0,True
2102077,Bom Lugar,21,Maranhão,Nordeste,418,8,32,0.07655502392344497,5,2019-05-12,2024-07-07,8,4.0,4.0,7.0,0,True
2102101,Brejo,21,Maranhão,Nordeste,418,8,31,0.07416267942583732,6,2018-05-06,2025-08-10,8,3.875,4.0,6.0,0,True
2102150,Brejo de Areia,21,Maranhão,Nordeste,418,8,20,0.04784688995215311,3,2021-04-11,2024-09-29,4,5.0,4.0,8.0,0,True
2102200,Buriti,21,Maranhão,Nordeste,418,8,41,0.09808612440191387,6,2017-12-31,2025-08-03,11,3.727272727272727,4.0,7.0,0,True
2102309,Buriti Bravo,21,Maranhão,Nordeste,418,8,28,0.06698564593301436,5,2018-04-29,2025-02-16,7,4.0,4.0,11.0,0,True
2102325,Buriticupu,21,Maranhão,Nordeste,418,8,90,0.215311004784689,6,2018-01-14,2025-09-28,16,5.625,3.5,20.0,1,True
2102358,Buritirana,21,Maranhão,Nordeste,418,8,50,0.11961722488038277,5,2018-11-25,2024-11-17,9,5.555555555555555,4.0,20.0,0,True
2102374,Cachoeira Grande,21,Maranhão,Nordeste,418,8,36,0.0861244019138756,5,2019-04-14,2025-07-20,7,5.142857142857143,4.0,10.0,0,True
2102408,Cajapió,21,Maranhão,Nordeste,418,8,24,0.05741626794258373,4,2020-03-08,2025-05-04,5,4.8,4.0,8.0,0,True
2102507,Cajari,21,Maranhão,Nordeste,418,8,36,0.0861244019138756,3,2022-01-09,2025-10-19,8,4.5,4.0,6.0,0,True
2102556,Campestre do Maranhão,21,Maranhão,Nordeste,418,8,40,0.09569377990430622,6,2018-09-16,2025-12-28,9,4.444444444444445,4.0,13.0,0,True
2102606,Cândido Mendes,21,Maranhão,Nordeste,418,8,32,0.07655502392344497,3,2023-01-29,2025-12-28,4,8.0,4.0,20.0,0,True
2102705,Cantanhede,21,Maranhão,Nordeste,418,8,43,0.10287081339712918,5,2018-06-17,2025-12-28,9,4.777777777777778,4.0,10.0,0,True
2102754,Capinzal do Norte,21,Maranhão,Nordeste,418,8,35,0.08373205741626795,5,2018-09-16,2025-02-16,5,7.0,4.0,18.0,0,True
2102804,Carolina,21,Maranhão,Nordeste,418,8,17,0.04066985645933014,4,2019-09-01,2024-12-22,7,2.4285714285714284,2.0,5.0,0,True
2102903,Carutapera,21,Maranhão,Nordeste,418,8,60,0.14354066985645933,6,2018-12-09,2024-05-05,13,4.615384615384615,4.0,16.0,1,True
2103000,Caxias,21,Maranhão,Nordeste,418,8,18,0.0430622009569378,5,2018-09-02,2025-11-30,8,2.25,2.0,4.0,0,True
2103109,Cedral,21,Maranhão,Nordeste,418,8,12,0.028708133971291867,2,2024-03-17,2025-06-29,3,4.0,4.0,4.0,0,True
2103125,Central do Maranhão,21,Maranhão,Nordeste,418,8,29,0.06937799043062201,4,2022-04-24,2025-08-03,7,4.142857142857143,4.0,5.0,0,True
2103158,Centro do Guilherme,21,Maranhão,Nordeste,418,8,25,0.05980861244019139,5,2018-06-17,2024-04-28,6,4.166666666666667,4.0,5.0,0,True
2103174,Centro Novo do Maranhão,21,Maranhão,Nordeste,418,8,57,0.13636363636363635,7,2019-04-14,2025-09-28,11,5.181818181818182,4.0,13.0,0,True
2103208,Chapadinha,21,Maranhão,Nordeste,418,8,51,0.12200956937799043,7,2018-11-18,2025-11-30,16,3.1875,3.0,7.0,0,True
2103257,Cidelândia,21,Maranhão,Nordeste,418,8,48,0.11483253588516747,4,2019-04-14,2024-09-15,7,6.857142857142857,6.0,16.0,1,True
2103307,Codó,21,Maranhão,Nordeste,418,8,96,0.22966507177033493,5,2019-03-31,2025-12-28,10,9.6,6.5,30.0,1,True
2103406,Coelho Neto,21,Maranhão,Nordeste,418,8,46,0.11004784688995216,4,2022-05-08,2025-12-28,6,7.666666666666667,3.0,33.0,0,True
2103505,Colinas,21,Maranhão,Nordeste,418,8,65,0.15550239234449761,6,2019-04-14,2025-02-16,11,5.909090909090909,4.0,19.0,0,True
2103554,Conceição do Lago-Açu,21,Maranhão,Nordeste,418,8,39,0.09330143540669857,3,2022-03-13,2025-12-14,9,4.333333333333333,4.0,6.0,0,True
2103604,Coroatá,21,Maranhão,Nordeste,418,8,45,0.1076555023923445,4,2018-01-07,2025-09-14,9,5.0,2.0,24.0,0,True
2103703,Cururupu,21,Maranhão,Nordeste,418,8,34,0.08133971291866028,6,2020-02-23,2025-11-23,9,3.7777777777777777,3.0,10.0,0,True
2103752,Davinópolis,21,Maranhão,Nordeste,418,8,30,0.07177033492822966,4,2022-06-12,2025-09-07,6,5.0,5.0,11.0,0,True
2103802,Dom Pedro,21,Maranhão,Nordeste,418,8,53,0.12679425837320574,5,2019-02-17,2025-12-28,8,6.625,4.5,20.0,0,True
2103901,Duque Bacelar,21,Maranhão,Nordeste,418,8,49,0.11722488038277512,6,2019-04-14,2025-09-28,8,6.125,5.0,11.0,0,True
2104008,Esperantinópolis,21,Maranhão,Nordeste,418,8,18,0.0430622009569378,4,2018-10-14,2025-10-12,5,3.6,3.0,7.0,0,True
2104057,Estreito,21,Maranhão,Nordeste,418,8,76,0.18181818181818182,8,2018-08-19,2025-07-27,15,5.066666666666666,4.0,24.0,2,True
2104073,Feira Nova do Maranhão,21,Maranhão,Nordeste,418,8,69,0.16507177033492823,5,2019-01-13,2025-12-28,10,6.9,5.5,23.0,0,True
2104081,Fernando Falcão,21,Maranhão,Nordeste,418,8,17,0.04066985645933014,3,2023-03-19,2025-06-15,3,5.666666666666667,4.0,9.0,0,True
2104099,Formosa da Serra Negra,21,Maranhão,Nordeste,418,8,68,0.16267942583732056,6,2018-09-02,2025-11-02,8,8.5,5.5,26.0,1,True
2104107,Fortaleza dos Nogueiras,21,Maranhão,Nordeste,418,8,13,0.03110047846889952,2,2019-11-10,2020-03-01,2,6.5,6.5,7.0,0,True
2104206,Fortuna,21,Maranhão,Nordeste,418,8,4,0.009569377990430622,2,2021-11-28,2024-03-03,2,2.0,2.0,3.0,0,True
2104305,Godofredo Viana,21,Maranhão,Nordeste,418,8,56,0.1339712918660287,5,2019-04-21,2025-12-28,11,5.090909090909091,4.0,18.0,0,True
2104404,Gonçalves Dias,21,Maranhão,Nordeste,418,8,67,0.16028708133971292,7,2018-10-28,2025-11-09,11,6.090909090909091,4.0,14.0,0,True
2104503,Governador Archer,21,Maranhão,Nordeste,418,8,34,0.08133971291866028,4,2019-10-20,2024-07-21,7,4.857142857142857,4.0,7.0,0,True
2104552,Governador Edison Lobão,21,Maranhão,Nordeste,418,8,55,0.13157894736842105,6,2018-07-01,2024-04-14,8,6.875,4.0,18.0,1,True
2104602,Governador Eugênio Barros,21,Maranhão,Nordeste,418,8,35,0.08373205741626795,3,2022-05-15,2024-03-24,5,7.0,5.0,17.0,0,True
2104628,Governador Luiz Rocha,21,Maranhão,Nordeste,418,8,13,0.03110047846889952,2,2018-04-01,2024-03-31,3,4.333333333333333,4.0,7.0,0,True
2104651,Governador Newton Bello,21,Maranhão,Nordeste,418,8,46,0.11004784688995216,6,2018-02-04,2025-08-03,9,5.111111111111111,4.0,15.0,0,True
2104677,Governador Nunes Freire,21,Maranhão,Nordeste,418,8,34,0.08133971291866028,5,2018-09-02,2025-12-28,10,3.4,4.0,5.0,0,True
2104701,Graça Aranha,21,Maranhão,Nordeste,418,8,13,0.03110047846889952,3,2022-03-27,2024-04-14,3,4.333333333333333,4.0,5.0,0,True
2104800,Grajaú,21,Maranhão,Nordeste,418,8,82,0.19617224880382775,7,2017-12-31,2025-12-21,15,5.466666666666667,4.0,19.0,1,True
2104909,Guimarães,21,Maranhão,Nordeste,418,8,20,0.04784688995215311,3,2023-05-21,2025-03-30,4,5.0,4.0,8.0,0,True
2105005,Humberto de Campos,21,Maranhão,Nordeste,418,8,48,0.11483253588516747,6,2018-01-14,2025-12-28,15,3.2,4.0,8.0,1,True
2105104,Icatu,21,Maranhão,Nordeste,418,8,39,0.09330143540669857,6,2019-01-13,2025-12-28,10,3.9,4.0,5.0,0,True
2105153,Igarapé do Meio,21,Maranhão,Nordeste,418,8,41,0.09808612440191387,7,2018-04-22,2025-07-13,11,3.727272727272727,4.0,8.0,0,True
2105203,Igarapé Grande,21,Maranhão,Nordeste,418,8,62,0.14832535885167464,6,2018-05-20,2025-07-27,8,7.75,4.0,23.0,1,True
2105302,Imperatriz,21,Maranhão,Nordeste,418,8,52,0.12440191387559808,5,2019-08-04,2025-12-21,10,5.2,2.0,14.0,0,True
2105351,Itaipava do Grajaú,21,Maranhão,Nordeste,418,8,11,0.02631578947368421,3,2021-10-03,2025-06-22,4,2.75,3.0,4.0,0,True
2105401,Itapecuru Mirim,21,Maranhão,Nordeste,418,8,82,0.19617224880382775,7,2018-05-06,2025-11-23,17,4.823529411764706,4.0,12.0,0,True
2105427,Itinga do Maranhão,21,Maranhão,Nordeste,418,8,50,0.11961722488038277,5,2018-11-04,2025-09-14,13,3.8461538461538463,4.0,10.0,0,True
2105450,Jatobá,21,Maranhão,Nordeste,418,8,64,0.15311004784688995,5,2019-02-10,2025-08-03,8,8.0,6.0,17.0,0,True
2105476,Jenipapo dos Vieiras,21,Maranhão,Nordeste,418,8,30,0.07177033492822966,5,2018-11-04,2024-10-20,8,3.75,4.0,5.0,0,True
2105500,João Lisboa,21,Maranhão,Nordeste,418,8,25,0.05980861244019139,4,2018-08-05,2025-05-11,6,4.166666666666667,4.0,8.0,0,True
2105609,Joselândia,21,Maranhão,Nordeste,418,8,45,0.1076555023923445,5,2019-03-24,2025-10-26,9,5.0,4.0,10.0,0,True
2105658,Junco do Maranhão,21,Maranhão,Nordeste,418,8,51,0.12200956937799043,3,2022-01-23,2025-12-28,7,7.285714285714286,5.0,19.0,0,True
2105708,Lago da Pedra,21,Maranhão,Nordeste,418,8,22,0.05263157894736842,4,2018-12-02,2024-11-24,5,4.4,4.0,7.0,0,True
2105807,Lago do Junco,21,Maranhão,Nordeste,418,8,62,0.14832535885167464,5,2019-07-07,2024-06-09,7,8.857142857142858,4.0,20.0,0,True
2105906,Lago Verde,21,Maranhão,Nordeste,418,8,31,0.07416267942583732,4,2022-04-17,2025-06-29,7,4.428571428571429,4.0,12.0,0,True
2105922,Lagoa do Mato,21,Maranhão,Nordeste,418,8,66,0.15789473684210525,5,2020-05-17,2025-12-28,10,6.6,4.0,25.0,1,True
2105948,Lago dos Rodrigues,21,Maranhão,Nordeste,418,8,21,0.050239234449760764,2,2022-02-06,2024-04-14,3,7.0,8.0,9.0,0,True
2105963,Lagoa Grande do Maranhão,21,Maranhão,Nordeste,418,8,29,0.06937799043062201,3,2018-01-07,2024-09-08,7,4.142857142857143,3.0,11.0,0,True
2105989,Lajeado Novo,21,Maranhão,Nordeste,418,8,105,0.2511961722488038,7,2019-03-31,2025-01-12,19,5.526315789473684,4.0,19.0,1,True
2106003,Lima Campos,21,Maranhão,Nordeste,418,8,17,0.04066985645933014,3,2019-03-24,2024-04-07,4,4.25,4.0,5.0,0,True
2106102,Loreto,21,Maranhão,Nordeste,418,8,42,0.10047846889952153,5,2019-07-14,2025-12-28,7,6.0,5.0,12.0,0,True
2106201,Luís Domingues,21,Maranhão,Nordeste,418,8,33,0.07894736842105263,4,2019-06-16,2025-06-08,6,5.5,4.0,9.0,0,True
2106300,Magalhães de Almeida,21,Maranhão,Nordeste,418,8,39,0.09330143540669857,5,2019-05-19,2025-12-28,10,3.9,4.0,8.0,1,True
2106326,Maracaçumé,21,Maranhão,Nordeste,418,8,44,0.10526315789473684,4,2018-01-07,2025-12-14,9,4.888888888888889,4.0,13.0,0,True
2106359,Marajá do Sena,21,Maranhão,Nordeste,418,8,14,0.03349282296650718,2,2024-02-25,2025-04-27,2,7.0,7.0,7.0,0,True
2106375,Maranhãozinho,21,Maranhão,Nordeste,418,8,45,0.1076555023923445,5,2019-06-09,2025-12-28,11,4.090909090909091,4.0,8.0,0,True
2106409,Mata Roma,21,Maranhão,Nordeste,418,8,59,0.14114832535885166,5,2019-03-24,2025-12-07,11,5.363636363636363,4.0,12.0,0,True
2106508,Matinha,21,Maranhão,Nordeste,418,8,41,0.09808612440191387,4,2019-05-12,2025-12-28,10,4.1,4.0,7.0,0,True
2106607,Matões,21,Maranhão,Nordeste,418,8,64,0.15311004784688995,6,2019-09-15,2025-04-13,8,8.0,7.0,19.0,2,True
2106631,Matões do Norte,21,Maranhão,Nordeste,418,8,31,0.07416267942583732,6,2018-09-16,2025-06-08,7,4.428571428571429,4.0,7.0,0,True
2106672,Milagres do Maranhão,21,Maranhão,Nordeste,418,8,25,0.05980861244019139,4,2018-05-27,2025-11-09,6,4.166666666666667,4.0,5.0,0,True
2106706,Mirador,21,Maranhão,Nordeste,418,8,39,0.09330143540669857,5,2019-05-19,2025-03-16,11,3.5454545454545454,4.0,4.0,0,True
2106755,Miranda do Norte,21,Maranhão,Nordeste,418,8,88,0.21052631578947367,7,2018-03-11,2025-12-07,14,6.285714285714286,5.5,14.0,0,True
2106805,Mirinzal,21,Maranhão,Nordeste,418,8,36,0.0861244019138756,4,2019-02-10,2025-12-28,8,4.5,4.0,8.0,0,True
2106904,Monção,21,Maranhão,Nordeste,418,8,57,0.13636363636363635,5,2019-09-15,2025-12-14,11,5.181818181818182,4.0,20.0,0,True
2107001,Montes Altos,21,Maranhão,Nordeste,418,8,46,0.11004784688995216,4,2018-04-08,2024-06-30,10,4.6,4.0,14.0,0,True
2107100,Morros,21,Maranhão,Nordeste,418,8,34,0.08133971291866028,4,2019-08-04,2025-08-24,9,3.7777777777777777,4.0,6.0,0,True
2107209,Nina Rodrigues,21,Maranhão,Nordeste,418,8,25,0.05980861244019139,3,2018-06-03,2024-09-22,6,4.166666666666667,4.0,5.0,0,True
2107258,Nova Colinas,21,Maranhão,Nordeste,418,8,33,0.07894736842105263,5,2019-04-21,2025-02-02,6,5.5,4.0,15.0,1,True
2107308,Nova Iorque,21,Maranhão,Nordeste,418,8,44,0.10526315789473684,5,2017-12-31,2025-03-30,8,5.5,4.0,19.0,0,True
2107357,Nova Olinda do Maranhão,21,Maranhão,Nordeste,418,8,28,0.06698564593301436,4,2022-01-16,2025-12-28,7,4.0,4.0,6.0,1,True
2107407,Olho d'Água das Cunhãs,21,Maranhão,Nordeste,418,8,38,0.09090909090909091,4,2019-01-20,2025-08-10,6,6.333333333333333,4.0,17.0,0,True
2107456,Olinda Nova do Maranhão,21,Maranhão,Nordeste,418,8,52,0.12440191387559808,6,2018-12-23,2025-11-02,11,4.7272727272727275,4.0,10.0,1,True
2107506,Paço do Lumiar,21,Maranhão,Nordeste,418,8,33,0.07894736842105263,5,2018-10-14,2024-12-15,10,3.3,2.5,8.0,0,True
2107605,Palmeirândia,21,Maranhão,Nordeste,418,8,13,0.03110047846889952,2,2022-05-01,2024-07-28,3,4.333333333333333,4.0,5.0,0,True
2107704,Paraibano,21,Maranhão,Nordeste,418,8,57,0.13636363636363635,6,2019-05-12,2025-06-29,8,7.125,3.0,30.0,1,True
2107803,Parnarama,21,Maranhão,Nordeste,418,8,91,0.21770334928229665,4,2021-06-06,2025-10-05,13,7.0,5.0,15.0,0,True
2107902,Passagem Franca,21,Maranhão,Nordeste,418,8,71,0.16985645933014354,5,2020-04-12,2025-09-14,8,8.875,4.0,28.0,0,True
2108009,Pastos Bons,21,Maranhão,Nordeste,418,8,47,0.11244019138755981,5,2019-03-17,2025-03-30,5,9.4,8.0,18.0,1,True
2108058,Paulino Neves,21,Maranhão,Nordeste,418,8,19,0.045454545454545456,4,2019-02-17,2025-06-15,6,3.1666666666666665,2.5,8.0,0,True
2108108,Paulo Ramos,21,Maranhão,Nordeste,418,8,79,0.18899521531100477,7,2018-04-15,2025-11-23,16,4.9375,4.0,12.0,1,True
2108207,Pedreiras,21,Maranhão,Nordeste,418,8,93,0.22248803827751196,7,2018-05-06,2025-12-28,17,5.470588235294118,4.0,23.0,1,True
2108256,Pedro do Rosário,21,Maranhão,Nordeste,418,8,55,0.13157894736842105,5,2019-04-21,2025-10-26,12,4.583333333333333,4.0,8.0,0,True
2108306,Penalva,21,Maranhão,Nordeste,418,8,42,0.10047846889952153,4,2022-03-06,2025-12-28,8,5.25,4.0,12.0,0,True
2108405,Peri Mirim,21,Maranhão,Nordeste,418,8,14,0.03349282296650718,3,2021-05-09,2025-04-20,3,4.666666666666667,4.0,6.0,0,True
2108454,Peritoró,21,Maranhão,Nordeste,418,8,37,0.08851674641148326,7,2019-07-07,2025-03-09,9,4.111111111111111,4.0,7.0,1,True
2108504,Pindaré-Mirim,21,Maranhão,Nordeste,418,8,49,0.11722488038277512,5,2021-07-04,2025-12-28,10,4.9,4.0,16.0,0,True
2108603,Pinheiro,21,Maranhão,Nordeste,418,8,94,0.22488038277511962,8,2018-08-12,2025-11-16,18,5.222222222222222,4.0,22.0,2,True
2108702,Pio XII,21,Maranhão,Nordeste,418,8,38,0.09090909090909091,6,2018-09-23,2024-07-28,11,3.4545454545454546,4.0,6.0,0,True
2108801,Pirapemas,21,Maranhão,Nordeste,418,8,58,0.13875598086124402,7,2018-05-27,2024-12-08,11,5.2727272727272725,4.0,14.0,0,True
2108900,Poção de Pedras,21,Maranhão,Nordeste,418,8,64,0.15311004784688995,7,2018-12-23,2025-08-24,14,4.571428571428571,4.0,14.0,1,True
2109007,Porto Franco,21,Maranhão,Nordeste,418,8,73,0.17464114832535885,7,2018-07-29,2025-12-14,13,5.615384615384615,5.0,17.0,0,True
2109056,Porto Rico do Maranhão,21,Maranhão,Nordeste,418,8,21,0.050239234449760764,3,2021-10-10,2023-08-20,4,5.25,4.0,9.0,0,True
2109106,Presidente Dutra,21,Maranhão,Nordeste,418,8,32,0.07655502392344497,5,2018-12-16,2024-06-16,9,3.5555555555555554,4.0,6.0,1,True
2109205,Presidente Juscelino,21,Maranhão,Nordeste,418,8,63,0.1507177033492823,8,2018-10-14,2025-11-09,14,4.5,4.0,11.0,0,True
2109239,Presidente Médici,21,Maranhão,Nordeste,418,8,12,0.028708133971291867,3,2020-05-24,2025-02-09,3,4.0,4.0,4.0,0,True
2109270,Presidente Sarney,21,Maranhão,Nordeste,418,8,73,0.17464114832535885,6,2018-03-25,2025-07-20,10,7.3,8.0,13.0,0,True
2109304,Presidente Vargas,21,Maranhão,Nordeste,418,8,55,0.13157894736842105,5,2018-05-13,2025-12-28,12,4.583333333333333,4.0,7.0,0,True
2109403,Primeira Cruz,21,Maranhão,Nordeste,418,8,20,0.04784688995215311,4,2018-12-02,2025-06-01,5,4.0,4.0,4.0,0,True
2109452,Raposa,21,Maranhão,Nordeste,418,8,72,0.1722488038277512,7,2018-11-25,2025-12-28,14,5.142857142857143,4.0,15.0,0,True
2109502,Riachão,21,Maranhão,Nordeste,418,8,19,0.045454545454545456,4,2018-10-21,2025-12-28,5,3.8,4.0,8.0,0,True
2109551,Ribamar Fiquene,21,Maranhão,Nordeste,418,8,45,0.1076555023923445,4,2022-03-06,2025-11-30,9,5.0,3.0,22.0,1,True
2109601,Rosário,21,Maranhão,Nordeste,418,8,37,0.08851674641148326,6,2019-09-22,2025-11-23,10,3.7,2.5,13.0,0,True
2109700,Sambaíba,21,Maranhão,Nordeste,418,8,33,0.07894736842105263,5,2019-06-16,2025-02-16,9,3.6666666666666665,2.0,14.0,0,True
2109759,Santa Filomena do Maranhão,21,Maranhão,Nordeste,418,8,13,0.03110047846889952,2,2019-01-06,2022-05-15,2,6.5,6.5,10.0,0,True
2109809,Santa Helena,21,Maranhão,Nordeste,418,8,113,0.2703349282296651,5,2018-01-28,2025-10-12,13,8.692307692307692,9.0,22.0,1,True
2109908,Santa Inês,21,Maranhão,Nordeste,418,8,87,0.20813397129186603,6,2018-08-26,2025-10-26,19,4.578947368421052,4.0,14.0,0,True
2110005,Santa Luzia,21,Maranhão,Nordeste,418,8,80,0.19138755980861244,5,2019-08-18,2023-11-05,8,10.0,4.0,52.0,2,True
2110039,Santa Luzia do Paruá,21,Maranhão,Nordeste,418,8,56,0.1339712918660287,6,2018-08-05,2025-09-07,14,4.0,4.0,9.0,0,True
2110104,Santa Quitéria do Maranhão,21,Maranhão,Nordeste,418,8,21,0.050239234449760764,6,2019-05-26,2025-10-12,7,3.0,4.0,4.0,0,True
2110203,Santa Rita,21,Maranhão,Nordeste,418,8,75,0.17942583732057416,8,2018-01-07,2025-06-15,20,3.75,4.0,7.0,0,True
2110237,Santana do Maranhão,21,Maranhão,Nordeste,418,8,45,0.1076555023923445,5,2019-06-09,2025-10-26,9,5.0,4.0,8.0,0,True
2110278,Santo Amaro do Maranhão,21,Maranhão,Nordeste,418,8,28,0.06698564593301436,4,2019-05-26,2024-12-22,7,4.0,4.0,4.0,0,True
2110302,Santo Antônio dos Lopes,21,Maranhão,Nordeste,418,8,27,0.0645933014354067,2,2024-02-04,2025-10-12,4,6.75,4.0,15.0,0,True
2110401,São Benedito do Rio Preto,21,Maranhão,Nordeste,418,8,54,0.1291866028708134,6,2018-05-27,2024-04-28,12,4.5,4.0,8.0,0,True
2110500,São Bento,21,Maranhão,Nordeste,418,8,39,0.09330143540669857,6,2019-07-14,2025-06-08,10,3.9,4.0,9.0,0,True
2110609,São Bernardo,21,Maranhão,Nordeste,418,8,50,0.11961722488038277,5,2019-05-05,2025-07-06,9,5.555555555555555,4.0,16.0,1,True
2110658,São Domingos do Azeitão,21,Maranhão,Nordeste,418,8,30,0.07177033492822966,5,2021-11-28,2025-06-01,5,6.0,5.0,10.0,1,True
2110708,São Domingos do Maranhão,21,Maranhão,Nordeste,418,8,44,0.10526315789473684,5,2019-02-03,2025-06-29,13,3.3846153846153846,4.0,6.0,0,True
2110807,São Félix de Balsas,21,Maranhão,Nordeste,418,8,25,0.05980861244019139,3,2023-07-02,2025-12-28,6,4.166666666666667,4.0,8.0,0,True
2110856,São Francisco do Brejão,21,Maranhão,Nordeste,418,8,58,0.13875598086124402,5,2018-07-01,2025-09-28,10,5.8,4.0,15.0,0,True
2110906,São Francisco do Maranhão,21,Maranhão,Nordeste,418,8,88,0.21052631578947367,8,2018-05-20,2025-06-22,16,5.5,4.0,18.0,0,True
2111003,São João Batista,21,Maranhão,Nordeste,418,8,36,0.0861244019138756,6,2019-10-20,2025-09-14,9,4.0,4.0,4.0,0,True
2111029,São João do Carú,21,Maranhão,Nordeste,418,8,57,0.13636363636363635,6,2019-05-26,2025-12-28,10,5.7,4.0,13.0,0,True
2111052,São João do Paraíso,21,Maranhão,Nordeste,418,8,48,0.11483253588516747,6,2018-06-17,2025-12-21,12,4.0,4.0,10.0,0,True
2111078,São João do Soter,21,Maranhão,Nordeste,418,8,19,0.045454545454545456,3,2018-04-29,2024-07-21,4,4.75,4.0,10.0,0,True
2111102,São João dos Patos,21,Maranhão,Nordeste,418,8,66,0.15789473684210525,5,2019-03-24,2025-08-03,8,8.25,5.5,23.0,0,True
2111201,São José de Ribamar,21,Maranhão,Nordeste,418,8,27,0.0645933014354067,3,2018-12-09,2022-11-13,4,6.75,5.0,16.0,0,True
2111250,São José dos Basílios,21,Maranhão,Nordeste,418,8,15,0.03588516746411483,3,2019-01-20,2025-07-20,5,3.0,2.0,7.0,0,True
2111300,São Luís,21,Maranhão,Nordeste,418,8,66,0.15789473684210525,4,2019-07-28,2025-12-28,4,16.5,15.5,30.0,0,True
2111409,São Luís Gonzaga do Maranhão,21,Maranhão,Nordeste,418,8,54,0.1291866028708134,8,2018-05-13,2025-06-08,11,4.909090909090909,4.0,8.0,0,True
2111508,São Mateus do Maranhão,21,Maranhão,Nordeste,418,8,64,0.15311004784688995,7,2019-02-10,2025-11-30,14,4.571428571428571,4.0,12.0,0,True
2111532,São Pedro da Água Branca,21,Maranhão,Nordeste,418,8,34,0.08133971291866028,5,2018-08-05,2024-03-17,7,4.857142857142857,4.0,11.0,0,True
2111573,São Pedro dos Crentes,21,Maranhão,Nordeste,418,8,80,0.19138755980861244,6,2018-09-23,2024-04-28,7,11.428571428571429,9.0,26.0,2,True
2111607,São Raimundo das Mangabeiras,21,Maranhão,Nordeste,418,8,25,0.05980861244019139,3,2022-01-02,2025-09-14,6,4.166666666666667,3.5,9.0,0,True
2111631,São Raimundo do Doca Bezerra,21,Maranhão,Nordeste,418,8,4,0.009569377990430622,1,2019-06-09,2019-06-30,1,4.0,4.0,4.0,0,False
2111672,São Roberto,21,Maranhão,Nordeste,418,8,30,0.07177033492822966,4,2017-12-31,2025-08-03,7,4.285714285714286,4.0,6.0,0,True
2111706,São Vicente Ferrer,21,Maranhão,Nordeste,418,8,44,0.10526315789473684,4,2022-02-20,2025-11-16,10,4.4,4.0,8.0,0,True
2111722,Satubinha,21,Maranhão,Nordeste,418,8,62,0.14832535885167464,5,2019-06-23,2024-04-21,10,6.2,5.5,10.0,0,True
2111748,Senador Alexandre Costa,21,Maranhão,Nordeste,418,8,19,0.045454545454545456,3,2022-05-08,2025-07-06,3,6.333333333333333,6.0,7.0,0,True
2111763,Senador La Rocque,21,Maranhão,Nordeste,418,8,16,0.03827751196172249,5,2019-05-05,2025-11-16,5,3.2,4.0,4.0,0,True
2111789,Serrano do Maranhão,21,Maranhão,Nordeste,418,8,28,0.06698564593301436,2,2024-02-18,2025-05-18,5,5.6,4.0,8.0,0,True
2111805,Sítio Novo,21,Maranhão,Nordeste,418,8,119,0.284688995215311,6,2018-04-15,2024-12-22,13,9.153846153846153,6.0,35.0,0,True
2111904,Sucupira do Norte,21,Maranhão,Nordeste,418,8,76,0.18181818181818182,7,2019-08-11,2025-06-01,11,6.909090909090909,4.0,18.0,1,True
2111953,Sucupira do Riachão,21,Maranhão,Nordeste,418,8,73,0.17464114832535885,5,2019-08-11,2025-08-31,8,9.125,8.0,22.0,1,True
2112001,Tasso Fragoso,21,Maranhão,Nordeste,418,8,76,0.18181818181818182,6,2020-04-12,2025-04-06,14,5.428571428571429,4.5,16.0,0,True
2112100,Timbiras,21,Maranhão,Nordeste,418,8,51,0.12200956937799043,6,2019-05-19,2025-11-16,11,4.636363636363637,4.0,7.0,0,True
2112209,Timon,21,Maranhão,Nordeste,418,8,85,0.20334928229665072,5,2020-08-02,2025-11-23,8,10.625,8.5,36.0,1,True
2112233,Trizidela do Vale,21,Maranhão,Nordeste,418,8,31,0.07416267942583732,6,2018-05-27,2025-12-14,7,4.428571428571429,4.0,9.0,1,True
2112274,Tufilândia,21,Maranhão,Nordeste,418,8,17,0.04066985645933014,3,2018-12-30,2024-06-09,4,4.25,4.0,5.0,0,True
2112308,Tuntum,21,Maranhão,Nordeste,418,8,50,0.11961722488038277,6,2018-12-23,2025-12-14,11,4.545454545454546,4.0,12.0,1,True
2112407,Turiaçu,21,Maranhão,Nordeste,418,8,17,0.04066985645933014,3,2018-10-07,2025-10-26,3,5.666666666666667,5.0,8.0,0,True
2112456,Turilândia,21,Maranhão,Nordeste,418,8,31,0.07416267942583732,4,2018-05-06,2024-07-07,8,3.875,3.5,8.0,0,True
2112506,Tutóia,21,Maranhão,Nordeste,418,8,100,0.23923444976076555,8,2018-08-05,2025-10-26,21,4.761904761904762,4.0,15.0,1,True
2112605,Urbano Santos,21,Maranhão,Nordeste,418,8,30,0.07177033492822966,5,2018-08-26,2025-12-07,9,3.3333333333333335,4.0,5.0,0,True
2112704,Vargem Grande,21,Maranhão,Nordeste,418,8,34,0.08133971291866028,6,2018-05-13,2025-05-25,8,4.25,4.0,7.0,1,True
2112803,Viana,21,Maranhão,Nordeste,418,8,40,0.09569377990430622,6,2017-12-31,2025-04-20,14,2.857142857142857,3.0,5.0,0,True
2112852,Vila Nova dos Martírios,21,Maranhão,Nordeste,418,8,54,0.1291866028708134,6,2018-01-21,2025-10-19,10,5.4,4.0,20.0,1,True
2112902,Vitória do Mearim,21,Maranhão,Nordeste,418,8,64,0.15311004784688995,6,2019-07-21,2025-08-17,16,4.0,4.0,10.0,1,True
2113009,Vitorino Freire,21,Maranhão,Nordeste,418,8,32,0.07655502392344497,5,2018-12-23,2025-10-19,7,4.571428571428571,4.0,8.0,1,True
2114007,Zé Doca,21,Maranhão,Nordeste,418,8,42,0.10047846889952153,5,2018-08-19,2024-12-01,9,4.666666666666667,4.0,8.0,0,True
2200053,Acauã,22,Piauí,Nordeste,418,8,64,0.15311004784688995,5,2019-04-14,2024-09-01,9,7.111111111111111,4.0,14.0,0,True
2200103,Agricolândia,22,Piauí,Nordeste,418,8,46,0.11004784688995216,7,2018-07-15,2025-09-07,8,5.75,4.0,14.0,1,True
2200202,Água Branca,22,Piauí,Nordeste,418,8,70,0.1674641148325359,5,2020-08-16,2024-11-17,9,7.777777777777778,6.0,32.0,1,True
2200251,Alagoinha do Piauí,22,Piauí,Nordeste,418,8,63,0.1507177033492823,7,2018-06-03,2024-09-01,11,5.7272727272727275,4.0,15.0,0,True
2200277,Alegrete do Piauí,22,Piauí,Nordeste,418,8,23,0.05502392344497608,3,2019-08-04,2022-04-17,3,7.666666666666667,7.0,11.0,0,True
2200301,Alto Longá,22,Piauí,Nordeste,418,8,37,0.08851674641148326,4,2018-08-12,2024-03-31,5,7.4,7.0,13.0,0,True
2200400,Altos,22,Piauí,Nordeste,418,8,47,0.11244019138755981,6,2018-11-04,2025-10-19,9,5.222222222222222,3.0,15.0,0,True
2200459,Alvorada do Gurguéia,22,Piauí,Nordeste,418,8,59,0.14114832535885166,4,2019-03-24,2025-02-16,7,8.428571428571429,3.0,27.0,0,True
2200509,Amarante,22,Piauí,Nordeste,418,8,67,0.16028708133971292,4,2018-06-10,2024-06-16,7,9.571428571428571,8.0,17.0,0,True
2200608,Angical do Piauí,22,Piauí,Nordeste,418,8,60,0.14354066985645933,5,2018-07-01,2025-12-21,6,10.0,4.0,28.0,0,True
2200707,Anísio de Abreu,22,Piauí,Nordeste,418,8,50,0.11961722488038277,4,2018-02-11,2025-12-28,6,8.333333333333334,4.0,21.0,0,True
2200806,Antônio Almeida,22,Piauí,Nordeste,418,8,72,0.1722488038277512,6,2019-03-10,2024-08-04,10,7.2,5.0,18.0,0,True
2200905,Aroazes,22,Piauí,Nordeste,418,8,44,0.10526315789473684,5,2019-04-21,2025-07-20,8,5.5,5.0,10.0,0,True
2200954,Aroeiras do Itaim,22,Piauí,Nordeste,418,8,28,0.06698564593301436,5,2019-06-02,2025-06-08,5,5.6,4.0,10.0,0,True
2201002,Arraial,22,Piauí,Nordeste,418,8,36,0.0861244019138756,5,2020-03-08,2025-04-27,8,4.5,4.0,9.0,0,True
2201051,Assunção do Piauí,22,Piauí,Nordeste,418,8,31,0.07416267942583732,4,2022-03-20,2025-03-23,6,5.166666666666667,4.0,9.0,0,True
2201101,Avelino Lopes,22,Piauí,Nordeste,418,8,60,0.14354066985645933,6,2018-05-20,2024-12-08,7,8.571428571428571,6.0,22.0,0,True
2201150,Baixa Grande do Ribeiro,22,Piauí,Nordeste,418,8,63,0.1507177033492823,8,2018-01-21,2025-10-19,14,4.5,4.0,16.0,0,True
2201176,Barra D'Alcântara,22,Piauí,Nordeste,418,8,58,0.13875598086124402,5,2018-02-18,2025-08-24,8,7.25,4.0,19.0,0,True
2201200,Barras,22,Piauí,Nordeste,418,8,109,0.2607655502392344,6,2019-10-13,2025-09-28,13,8.384615384615385,5.0,29.0,1,True
2201309,Barreiras do Piauí,22,Piauí,Nordeste,418,8,46,0.11004784688995216,4,2020-04-26,2024-04-28,6,7.666666666666667,7.0,14.0,0,True
2201408,Barro Duro,22,Piauí,Nordeste,418,8,48,0.11483253588516747,3,2022-01-02,2024-07-07,4,12.0,8.5,29.0,0,True
2201507,Batalha,22,Piauí,Nordeste,418,8,32,0.07655502392344497,4,2022-02-27,2025-12-28,10,3.2,2.5,8.0,0,True
2201556,Bela Vista do Piauí,22,Piauí,Nordeste,418,8,30,0.07177033492822966,4,2018-04-15,2023-03-19,4,7.5,6.5,13.0,0,True
2201572,Belém do Piauí,22,Piauí,Nordeste,418,8,43,0.10287081339712918,5,2019-06-30,2024-04-07,5,8.6,9.0,14.0,1,True
2201606,Beneditinos,22,Piauí,Nordeste,418,8,81,0.1937799043062201,7,2018-08-12,2025-10-12,12,6.75,4.0,21.0,1,True
2201705,Bertolínia,22,Piauí,Nordeste,418,8,42,0.10047846889952153,6,2019-03-24,2025-02-23,7,6.0,4.0,15.0,0,True
2201739,Betânia do Piauí,22,Piauí,Nordeste,418,8,39,0.09330143540669857,4,2019-06-16,2024-11-03,6,6.5,6.0,12.0,0,True
2201770,Boa Hora,22,Piauí,Nordeste,418,8,20,0.04784688995215311,4,2018-02-04,2025-04-13,6,3.3333333333333335,1.5,11.0,0,True
2201804,Bocaina,22,Piauí,Nordeste,418,8,36,0.0861244019138756,4,2018-06-17,2022-09-11,7,5.142857142857143,5.0,12.0,0,True
2201903,Bom Jesus,22,Piauí,Nordeste,418,8,105,0.2511961722488038,7,2018-08-19,2024-06-23,14,7.5,6.0,27.0,1,True
2201919,Bom Princípio do Piauí,22,Piauí,Nordeste,418,8,43,0.10287081339712918,5,2019-08-11,2025-12-28,8,5.375,5.0,11.0,0,True
2201929,Bonfim do Piauí,22,Piauí,Nordeste,418,8,69,0.16507177033492823,5,2018-06-03,2024-07-21,8,8.625,4.0,23.0,0,True
2201945,Boqueirão do Piauí,22,Piauí,Nordeste,418,8,11,0.02631578947368421,2,2024-03-31,2025-07-27,2,5.5,5.5,7.0,0,True
2201960,Brasileira,22,Piauí,Nordeste,418,8,28,0.06698564593301436,3,2019-10-20,2025-11-16,4,7.0,7.0,13.0,0,True
2201988,Brejo do Piauí,22,Piauí,Nordeste,418,8,22,0.05263157894736842,3,2019-05-12,2024-03-03,3,7.333333333333333,8.0,10.0,0,True
2202000,Buriti dos Lopes,22,Piauí,Nordeste,418,8,49,0.11722488038277512,7,2018-10-21,2025-10-26,14,3.5,2.0,17.0,0,True
2202026,Buriti dos Montes,22,Piauí,Nordeste,418,8,53,0.12679425837320574,5,2019-03-24,2024-04-28,9,5.888888888888889,5.0,15.0,1,True
2202059,Cabeceiras do Piauí,22,Piauí,Nordeste,418,8,42,0.10047846889952153,6,2019-03-24,2025-06-22,10,4.2,4.0,8.0,1,True
2202075,Cajazeiras do Piauí,22,Piauí,Nordeste,418,8,47,0.11244019138755981,5,2019-05-12,2025-07-06,9,5.222222222222222,5.0,11.0,0,True
2202083,Cajueiro da Praia,22,Piauí,Nordeste,418,8,30,0.07177033492822966,4,2018-08-19,2022-07-10,7,4.285714285714286,3.0,11.0,0,True
2202091,Caldeirão Grande do Piauí,22,Piauí,Nordeste,418,8,4,0.009569377990430622,1,2019-06-16,2019-07-07,1,4.0,4.0,4.0,0,False
2202109,Campinas do Piauí,22,Piauí,Nordeste,418,8,43,0.10287081339712918,5,2018-01-28,2025-06-22,9,4.777777777777778,4.0,14.0,0,True
2202117,Campo Alegre do Fidalgo,22,Piauí,Nordeste,418,8,40,0.09569377990430622,4,2019-06-09,2024-06-23,5,8.0,4.0,17.0,0,True
2202133,Campo Grande do Piauí,22,Piauí,Nordeste,418,8,30,0.07177033492822966,4,2019-05-12,2024-09-22,5,6.0,5.0,14.0,0,True
2202174,Campo Largo do Piauí,22,Piauí,Nordeste,418,8,15,0.03588516746411483,3,2018-06-24,2025-09-14,3,5.0,4.0,7.0,0,True
2202208,Campo Maior,22,Piauí,Nordeste,418,8,103,0.24641148325358853,7,2019-03-10,2025-12-21,18,5.722222222222222,4.0,25.0,0,True
2202251,Canavieira,22,Piauí,Nordeste,418,8,4,0.009569377990430622,1,2024-04-28,2024-05-19,1,4.0,4.0,4.0,0,False
2202307,Canto do Buriti,22,Piauí,Nordeste,418,8,74,0.17703349282296652,6,2018-04-15,2024-07-14,12,6.166666666666667,4.0,21.0,0,True
2202406,Capitão de Campos,22,Piauí,Nordeste,418,8,53,0.12679425837320574,6,2019-05-19,2025-06-01,10,5.3,4.0,18.0,0,True
2202455,Capitão Gervásio Oliveira,22,Piauí,Nordeste,418,8,31,0.07416267942583732,2,2023-03-26,2024-07-07,3,10.333333333333334,10.0,17.0,0,True
2202505,Caracol,22,Piauí,Nordeste,418,8,19,0.045454545454545456,4,2018-05-13,2024-03-10,5,3.8,4.0,8.0,0,True
2202539,Caraúbas do Piauí,22,Piauí,Nordeste,418,8,45,0.1076555023923445,4,2019-07-07,2025-06-29,7,6.428571428571429,5.0,15.0,0,True
2202554,Caridade do Piauí,22,Piauí,Nordeste,418,8,23,0.05502392344497608,3,2021-05-09,2024-07-14,4,5.75,4.0,11.0,0,True
2202604,Castelo do Piauí,22,Piauí,Nordeste,418,8,48,0.11483253588516747,4,2017-12-31,2025-09-21,7,6.857142857142857,4.0,18.0,0,True
2202653,Caxingó,22,Piauí,Nordeste,418,8,40,0.09569377990430622,5,2021-08-08,2025-09-07,8,5.0,4.0,16.0,0,True
2202703,Cocal,22,Piauí,Nordeste,418,8,38,0.09090909090909091,4,2021-01-24,2025-11-16,8,4.75,4.0,12.0,0,True
2202711,Cocal de Telha,22,Piauí,Nordeste,418,8,43,0.10287081339712918,4,2020-06-07,2025-05-25,9,4.777777777777778,4.0,12.0,0,True
2202729,Cocal dos Alves,22,Piauí,Nordeste,418,8,61,0.145933014354067,6,2019-07-07,2025-11-30,11,5.545454545454546,5.0,15.0,0,True
2202737,Coivaras,22,Piauí,Nordeste,418,8,32,0.07655502392344497,6,2018-10-28,2025-02-16,7,4.571428571428571,4.0,11.0,0,True
2202752,Colônia do Gurguéia,22,Piauí,Nordeste,418,8,53,0.12679425837320574,7,2018-01-14,2025-02-02,9,5.888888888888889,4.0,16.0,0,True
2202778,Colônia do Piauí,22,Piauí,Nordeste,418,8,61,0.145933014354067,7,2018-04-01,2025-05-25,10,6.1,4.0,21.0,0,True
2202802,Conceição do Canindé,22,Piauí,Nordeste,418,8,29,0.06937799043062201,5,2019-06-30,2025-04-13,5,5.8,4.0,16.0,0,True
2202851,Coronel José Dias,22,Piauí,Nordeste,418,8,48,0.11483253588516747,4,2019-03-10,2025-12-28,8,6.0,4.0,13.0,0,True
2202901,Corrente,22,Piauí,Nordeste,418,8,76,0.18181818181818182,7,2019-03-10,2025-01-19,11,6.909090909090909,5.0,24.0,1,True
2203008,Cristalândia do Piauí,22,Piauí,Nordeste,418,8,35,0.08373205741626795,3,2019-03-10,2024-05-12,5,7.0,5.0,11.0,0,True
2203107,Cristino Castro,22,Piauí,Nordeste,418,8,47,0.11244019138755981,4,2019-01-27,2024-05-12,4,11.75,11.0,22.0,0,True
2203206,Curimatá,22,Piauí,Nordeste,418,8,91,0.21770334928229665,6,2018-02-11,2025-08-24,8,11.375,4.0,40.0,1,True
2203230,Currais,22,Piauí,Nordeste,418,8,77,0.18421052631578946,6,2019-04-21,2025-01-19,11,7.0,4.0,28.0,1,True
2203255,Curralinhos,22,Piauí,Nordeste,418,8,59,0.14114832535885166,5,2021-11-14,2025-12-14,7,8.428571428571429,7.0,25.0,1,True
2203271,Curral Novo do Piauí,22,Piauí,Nordeste,418,8,35,0.08373205741626795,4,2019-04-21,2024-05-12,11,3.1818181818181817,2.0,9.0,0,True
2203305,Demerval Lobão,22,Piauí,Nordeste,418,8,32,0.07655502392344497,6,2019-10-06,2025-11-30,9,3.5555555555555554,3.0,6.0,0,True
2203354,Dirceu Arcoverde,22,Piauí,Nordeste,418,8,56,0.1339712918660287,4,2018-04-01,2025-12-28,6,9.333333333333334,6.0,23.0,0,True
2203404,Dom Expedito Lopes,22,Piauí,Nordeste,418,8,47,0.11244019138755981,5,2019-06-23,2025-08-10,8,5.875,4.5,15.0,0,True
2203420,Domingos Mourão,22,Piauí,Nordeste,418,8,33,0.07894736842105263,5,2018-05-06,2025-07-13,6,5.5,4.5,11.0,0,True
2203453,Dom Inocêncio,22,Piauí,Nordeste,418,8,50,0.11961722488038277,5,2018-08-12,2025-03-02,9,5.555555555555555,5.0,20.0,0,True
2203503,Elesbão Veloso,22,Piauí,Nordeste,418,8,19,0.045454545454545456,4,2019-03-17,2025-07-13,8,2.375,2.0,4.0,0,True
2203602,Eliseu Martins,22,Piauí,Nordeste,418,8,28,0.06698564593301436,5,2019-04-21,2025-06-29,6,4.666666666666667,3.5,13.0,0,True
2203701,Esperantina,22,Piauí,Nordeste,418,8,67,0.16028708133971292,7,2018-05-27,2025-11-23,8,8.375,5.0,28.0,1,True
2203750,Fartura do Piauí,22,Piauí,Nordeste,418,8,35,0.08373205741626795,4,2018-03-25,2024-03-10,6,5.833333333333333,5.5,8.0,0,True
2203800,Flores do Piauí,22,Piauí,Nordeste,418,8,48,0.11483253588516747,5,2019-05-12,2025-04-06,7,6.857142857142857,6.0,12.0,0,True
2203859,Floresta do Piauí,22,Piauí,Nordeste,418,8,7,0.01674641148325359,1,2025-04-27,2025-06-08,1,7.0,7.0,7.0,0,False
2203909,Floriano,22,Piauí,Nordeste,418,8,47,0.11244019138755981,6,2018-12-09,2025-12-28,8,5.875,4.5,18.0,0,True
2204006,Francinópolis,22,Piauí,Nordeste,418,8,40,0.09569377990430622,4,2021-11-14,2025-09-14,6,6.666666666666667,5.0,14.0,0,True
2204105,Francisco Ayres,22,Piauí,Nordeste,418,8,43,0.10287081339712918,4,2019-04-21,2025-07-20,5,8.6,4.0,19.0,1,True
2204154,Francisco Macedo,22,Piauí,Nordeste,418,8,41,0.09808612440191387,6,2019-06-16,2024-02-25,7,5.857142857142857,4.0,12.0,0,True
2204204,Francisco Santos,22,Piauí,Nordeste,418,8,16,0.03827751196172249,2,2022-02-20,2024-03-03,2,8.0,8.0,14.0,0,True
2204303,Fronteiras,22,Piauí,Nordeste,418,8,27,0.0645933014354067,5,2019-06-23,2024-07-14,7,3.857142857142857,4.0,5.0,0,True
2204352,Geminiano,22,Piauí,Nordeste,418,8,43,0.10287081339712918,4,2019-06-16,2022-05-01,7,6.142857142857143,6.0,12.0,0,True
2204402,Gilbués,22,Piauí,Nordeste,418,8,86,0.20574162679425836,5,2018-05-06,2024-06-09,10,8.6,5.5,22.0,0,True
2204501,Guadalupe,22,Piauí,Nordeste,418,8,70,0.1674641148325359,5,2019-02-17,2025-12-28,12,5.833333333333333,5.0,24.0,0,True
2204550,Guaribas,22,Piauí,Nordeste,418,8,34,0.08133971291866028,4,2018-08-05,2023-06-04,6,5.666666666666667,4.0,11.0,0,True
2204600,Hugo Napoleão,22,Piauí,Nordeste,418,8,41,0.09808612440191387,5,2019-05-19,2024-06-30,8,5.125,4.0,18.0,0,True
2204659,Ilha Grande,22,Piauí,Nordeste,418,8,75,0.17942583732057416,7,2019-06-09,2025-12-21,10,7.5,4.0,40.0,0,True
2204709,Inhuma,22,Piauí,Nordeste,418,8,51,0.12200956937799043,5,2021-06-27,2025-05-11,6,8.5,5.0,20.0,0,True
2204808,Ipiranga do Piauí,22,Piauí,Nordeste,418,8,70,0.1674641148325359,5,2019-04-28,2025-06-29,10,7.0,4.0,24.0,1,True
2204907,Isaías Coelho,22,Piauí,Nordeste,418,8,51,0.12200956937799043,5,2018-05-27,2025-03-23,9,5.666666666666667,4.0,15.0,0,True
2205003,Itainópolis,22,Piauí,Nordeste,418,8,56,0.1339712918660287,6,2018-07-01,2023-02-19,9,6.222222222222222,4.0,14.0,1,True
2205102,Itaueira,22,Piauí,Nordeste,418,8,29,0.06937799043062201,2,2022-01-30,2024-06-30,5,5.8,4.0,10.0,0,True
2205151,Jacobina do Piauí,22,Piauí,Nordeste,418,8,50,0.11961722488038277,4,2020-01-05,2024-05-12,10,5.0,4.0,15.0,0,True
2205201,Jaicós,22,Piauí,Nordeste,418,8,65,0.15550239234449761,6,2017-12-31,2025-09-07,13,5.0,4.0,17.0,0,True
2205250,Jardim do Mulato,22,Piauí,Nordeste,418,8,45,0.1076555023923445,5,2019-04-28,2025-02-09,8,5.625,4.0,12.0,0,True
2205276,Jatobá do Piauí,22,Piauí,Nordeste,418,8,31,0.07416267942583732,2,2022-02-13,2024-08-11,3,10.333333333333334,6.0,21.0,0,True
2205300,Jerumenha,22,Piauí,Nordeste,418,8,46,0.11004784688995216,4,2019-03-17,2024-08-04,7,6.571428571428571,4.0,17.0,0,True
2205359,João Costa,22,Piauí,Nordeste,418,8,37,0.08851674641148326,4,2019-04-14,2024-06-23,6,6.166666666666667,5.5,13.0,0,True
2205409,Joaquim Pires,22,Piauí,Nordeste,418,8,42,0.10047846889952153,6,2018-09-16,2025-01-19,9,4.666666666666667,4.0,12.0,0,True
2205458,Joca Marques,22,Piauí,Nordeste,418,8,20,0.04784688995215311,2,2019-04-28,2024-08-04,4,5.0,4.5,7.0,0,True
2205508,José de Freitas,22,Piauí,Nordeste,418,8,71,0.16985645933014354,6,2019-03-03,2025-09-14,14,5.071428571428571,3.5,24.0,1,True
2205516,Juazeiro do Piauí,22,Piauí,Nordeste,418,8,51,0.12200956937799043,6,2018-08-26,2025-07-20,11,4.636363636363637,4.0,6.0,0,True
2205524,Júlio Borges,22,Piauí,Nordeste,418,8,38,0.09090909090909091,4,2018-11-18,2023-11-12,7,5.428571428571429,5.0,16.0,0,True
2205532,Jurema,22,Piauí,Nordeste,418,8,35,0.08373205741626795,3,2018-02-04,2025-12-28,4,8.75,5.5,20.0,0,True
2205540,Lagoinha do Piauí,22,Piauí,Nordeste,418,8,43,0.10287081339712918,5,2019-07-07,2025-07-27,6,7.166666666666667,8.0,13.0,1,True
2205557,Lagoa Alegre,22,Piauí,Nordeste,418,8,56,0.1339712918660287,5,2018-07-22,2025-11-02,9,6.222222222222222,4.0,14.0,0,True
2205565,Lagoa do Barro do Piauí,22,Piauí,Nordeste,418,8,45,0.1076555023923445,5,2019-07-21,2024-04-14,6,7.5,4.5,18.0,0,True
2205573,Lagoa de São Francisco,22,Piauí,Nordeste,418,8,59,0.14114832535885166,6,2018-09-16,2025-11-23,9,6.555555555555555,4.0,24.0,0,True
2205581,Lagoa do Piauí,22,Piauí,Nordeste,418,8,24,0.05741626794258373,5,2019-04-28,2025-08-10,5,4.8,4.0,9.0,0,True
2205599,Lagoa do Sítio,22,Piauí,Nordeste,418,8,29,0.06937799043062201,5,2019-03-31,2024-07-07,8,3.625,3.5,6.0,0,True
2205607,Landri Sales,22,Piauí,Nordeste,418,8,26,0.06220095693779904,3,2022-01-30,2025-05-25,4,6.5,5.5,10.0,0,True
2205706,Luís Correia,22,Piauí,Nordeste,418,8,56,0.1339712918660287,5,2019-09-22,2024-03-03,8,7.0,4.0,22.0,0,True
2205805,Luzilândia,22,Piauí,Nordeste,418,8,29,0.06937799043062201,5,2019-02-24,2025-07-13,7,4.142857142857143,3.0,10.0,0,True
2205854,Madeiro,22,Piauí,Nordeste,418,8,25,0.05980861244019139,3,2018-12-30,2025-08-31,5,5.0,4.0,12.0,0,True
2205904,Manoel Emídio,22,Piauí,Nordeste,418,8,43,0.10287081339712918,4,2019-05-19,2025-09-14,6,7.166666666666667,7.0,12.0,0,True
2205953,Marcolândia,22,Piauí,Nordeste,418,8,10,0.023923444976076555,3,2019-06-09,2024-07-21,4,2.5,2.5,4.0,0,True
2206001,Marcos Parente,22,Piauí,Nordeste,418,8,83,0.19856459330143542,6,2019-06-16,2024-06-23,10,8.3,6.0,25.0,1,True
2206050,Massapê do Piauí,22,Piauí,Nordeste,418,8,37,0.08851674641148326,4,2019-07-07,2024-03-17,5,7.4,4.0,18.0,0,True
2206100,Matias Olímpio,22,Piauí,Nordeste,418,8,32,0.07655502392344497,5,2018-03-04,2024-04-28,8,4.0,4.0,11.0,0,True
2206209,Miguel Alves,22,Piauí,Nordeste,418,8,63,0.1507177033492823,4,2022-02-20,2025-06-29,9,7.0,2.0,33.0,2,True
2206308,Miguel Leão,22,Piauí,Nordeste,418,8,57,0.13636363636363635,5,2020-05-31,2025-09-07,11,5.181818181818182,4.0,14.0,1,True
2206357,Milton Brandão,22,Piauí,Nordeste,418,8,56,0.1339712918660287,5,2018-05-06,2024-06-16,7,8.0,4.0,32.0,0,True
2206407,Monsenhor Gil,22,Piauí,Nordeste,418,8,67,0.16028708133971292,5,2019-09-22,2024-07-07,15,4.466666666666667,4.0,11.0,0,True
2206506,Monsenhor Hipólito,22,Piauí,Nordeste,418,8,40,0.09569377990430622,5,2019-07-28,2024-08-04,6,6.666666666666667,4.5,17.0,0,True
2206605,Monte Alegre do Piauí,22,Piauí,Nordeste,418,8,61,0.145933014354067,6,2018-03-25,2025-01-12,12,5.083333333333333,4.0,17.0,0,True
2206654,Morro Cabeça no Tempo,22,Piauí,Nordeste,418,8,66,0.15789473684210525,4,2021-05-23,2024-04-07,10,6.6,4.0,22.0,0,True
2206670,Morro do Chapéu do Piauí,22,Piauí,Nordeste,418,8,40,0.09569377990430622,6,2019-04-21,2025-09-07,7,5.714285714285714,4.0,15.0,1,True
2206696,Murici dos Portelas,22,Piauí,Nordeste,418,8,36,0.0861244019138756,4,2021-09-26,2025-11-09,6,6.0,5.0,9.0,1,True
2206704,Nazaré do Piauí,22,Piauí,Nordeste,418,8,11,0.02631578947368421,3,2022-04-03,2025-02-23,3,3.6666666666666665,1.0,9.0,0,True
2206720,Nazária,22,Piauí,Nordeste,418,8,57,0.13636363636363635,5,2020-08-30,2025-12-28,8,7.125,5.0,29.0,0,True
2206753,Nossa Senhora de Nazaré,22,Piauí,Nordeste,418,8,9,0.0215311004784689,1,2022-02-27,2022-09-04,3,3.0,4.0,4.0,0,False
2206803,Nossa Senhora dos Remédios,22,Piauí,Nordeste,418,8,17,0.04066985645933014,4,2020-01-05,2024-12-22,5,3.4,3.0,7.0,0,True
2206902,Novo Oriente do Piauí,22,Piauí,Nordeste,418,8,68,0.16267942583732056,6,2018-05-06,2025-12-28,11,6.181818181818182,4.0,24.0,0,True
2206951,Novo Santo Antônio,22,Piauí,Nordeste,418,8,36,0.0861244019138756,4,2019-05-12,2024-08-18,6,6.0,4.0,15.0,0,True
2207009,Oeiras,22,Piauí,Nordeste,418,8,68,0.16267942583732056,5,2018-02-11,2025-06-15,9,7.555555555555555,3.0,28.0,0,True
2207108,Olho D'Água do Piauí,22,Piauí,Nordeste,418,8,33,0.07894736842105263,5,2019-04-21,2025-06-15,7,4.714285714285714,4.0,8.0,0,True
2207207,Padre Marcos,22,Piauí,Nordeste,418,8,41,0.09808612440191387,5,2019-05-19,2025-08-17,8,5.125,3.5,16.0,0,True
2207306,Paes Landim,22,Piauí,Nordeste,418,8,52,0.12440191387559808,5,2018-04-08,2024-06-16,6,8.666666666666666,6.0,17.0,0,True
2207355,Pajeú do Piauí,22,Piauí,Nordeste,418,8,33,0.07894736842105263,4,2019-08-11,2024-07-07,7,4.714285714285714,4.0,7.0,0,True
2207405,Palmeira do Piauí,22,Piauí,Nordeste,418,8,59,0.14114832535885166,7,2018-11-04,2025-09-21,8,7.375,4.0,27.0,1,True
2207504,Palmeirais,22,Piauí,Nordeste,418,8,56,0.1339712918660287,5,2019-02-17,2025-08-17,10,5.6,4.0,14.0,0,True
2207553,Paquetá,22,Piauí,Nordeste,418,8,50,0.11961722488038277,6,2018-09-09,2025-08-17,6,8.333333333333334,8.0,13.0,0,True
2207603,Parnaguá,22,Piauí,Nordeste,418,8,83,0.19856459330143542,7,2018-03-04,2025-12-14,20,4.15,4.0,15.0,0,True
2207702,Parnaíba,22,Piauí,Nordeste,418,8,100,0.23923444976076555,7,2018-01-28,2025-11-30,15,6.666666666666667,4.0,30.0,1,True
2207751,Passagem Franca do Piauí,22,Piauí,Nordeste,418,8,35,0.08373205741626795,4,2017-12-31,2024-11-03,8,4.375,4.0,10.0,0,True
2207777,Patos do Piauí,22,Piauí,Nordeste,418,8,52,0.12440191387559808,6,2018-04-29,2024-03-24,7,7.428571428571429,6.0,18.0,1,True
2207793,Pau D'Arco do Piauí,22,Piauí,Nordeste,418,8,47,0.11244019138755981,7,2018-09-02,2025-08-24,9,5.222222222222222,4.0,11.0,0,True
2207801,Paulistana,22,Piauí,Nordeste,418,8,55,0.13157894736842105,5,2018-07-08,2024-03-24,9,6.111111111111111,5.0,12.0,0,True
2207850,Pavussu,22,Piauí,Nordeste,418,8,20,0.04784688995215311,3,2019-03-03,2024-06-30,4,5.0,3.5,11.0,0,True
2207900,Pedro II,22,Piauí,Nordeste,418,8,71,0.16985645933014354,4,2019-06-16,2022-07-31,8,8.875,4.0,40.0,1,True
2207934,Pedro Laurentino,22,Piauí,Nordeste,418,8,24,0.05741626794258373,3,2019-06-16,2024-06-16,5,4.8,5.0,6.0,0,True
2207959,Nova Santa Rita,22,Piauí,Nordeste,418,8,34,0.08133971291866028,4,2022-04-10,2025-07-13,4,8.5,6.0,18.0,0,True
2208007,Picos,22,Piauí,Nordeste,418,8,39,0.09330143540669857,3,2019-05-12,2022-06-19,3,13.0,14.0,19.0,0,True
2208106,Pimenteiras,22,Piauí,Nordeste,418,8,38,0.09090909090909091,4,2019-05-19,2025-06-29,6,6.333333333333333,6.0,14.0,0,True
2208205,Pio IX,22,Piauí,Nordeste,418,8,89,0.21291866028708134,7,2019-08-25,2025-11-02,14,6.357142857142857,4.5,15.0,0,True
2208304,Piracuruca,22,Piauí,Nordeste,418,8,54,0.1291866028708134,5,2019-01-06,2025-11-30,7,7.714285714285714,5.0,18.0,0,True
2208403,Piripiri,22,Piauí,Nordeste,418,8,62,0.14832535885167464,5,2019-09-01,2025-12-28,9,6.888888888888889,3.0,36.0,0,True
2208502,Porto,22,Piauí,Nordeste,418,8,32,0.07655502392344497,3,2022-04-24,2025-06-22,4,8.0,4.0,21.0,0,True
2208551,Porto Alegre do Piauí,22,Piauí,Nordeste,418,8,46,0.11004784688995216,6,2019-06-02,2025-12-28,8,5.75,4.0,12.0,1,True
2208601,Prata do Piauí,22,Piauí,Nordeste,418,8,31,0.07416267942583732,3,2022-03-06,2025-09-07,5,6.2,6.0,9.0,0,True
2208650,Queimada Nova,22,Piauí,Nordeste,418,8,41,0.09808612440191387,3,2020-04-19,2024-03-31,5,8.2,6.0,20.0,0,True
2208700,Redenção do Gurguéia,22,Piauí,Nordeste,418,8,74,0.17703349282296652,5,2019-03-10,2025-08-03,10,7.4,5.0,24.0,0,True
2208809,Regeneração,22,Piauí,Nordeste,418,8,65,0.15550239234449761,5,2019-04-07,2024-07-07,11,5.909090909090909,4.0,19.0,0,True
2208858,Riacho Frio,22,Piauí,Nordeste,418,8,43,0.10287081339712918,4,2021-04-25,2025-04-13,7,6.142857142857143,6.0,10.0,0,True
2208874,Ribeira do Piauí,22,Piauí,Nordeste,418,8,12,0.028708133971291867,2,2022-02-13,2024-04-28,3,4.0,4.0,4.0,0,True
2208908,Ribeiro Gonçalves,22,Piauí,Nordeste,418,8,83,0.19856459330143542,6,2019-05-26,2024-03-24,13,6.384615384615385,4.0,18.0,1,True
2209005,Rio Grande do Piauí,22,Piauí,Nordeste,418,8,32,0.07655502392344497,4,2018-12-30,2025-05-25,6,5.333333333333333,5.0,11.0,0,True
2209104,Santa Cruz do Piauí,22,Piauí,Nordeste,418,8,41,0.09808612440191387,5,2018-06-10,2025-09-21,6,6.833333333333333,4.5,17.0,0,True
2209153,Santa Cruz dos Milagres,22,Piauí,Nordeste,418,8,4,0.009569377990430622,1,2022-04-10,2022-05-01,1,4.0,4.0,4.0,0,False
2209203,Santa Filomena,22,Piauí,Nordeste,418,8,60,0.14354066985645933,6,2018-04-29,2025-08-10,9,6.666666666666667,4.0,23.0,0,True
2209302,Santa Luz,22,Piauí,Nordeste,418,8,62,0.14832535885167464,5,2019-04-21,2025-12-28,10,6.2,5.5,16.0,0,True
2209351,Santana do Piauí,22,Piauí,Nordeste,418,8,44,0.10526315789473684,4,2021-05-09,2025-09-07,7,6.285714285714286,4.0,20.0,0,True
2209377,Santa Rosa do Piauí,22,Piauí,Nordeste,418,8,63,0.1507177033492823,5,2019-07-21,2025-06-08,7,9.0,5.0,21.0,0,True
2209401,Santo Antônio de Lisboa,22,Piauí,Nordeste,418,8,35,0.08373205741626795,5,2019-08-11,2025-08-03,7,5.0,5.0,8.0,0,True
2209450,Santo Antônio dos Milagres,22,Piauí,Nordeste,418,8,26,0.06220095693779904,3,2022-02-20,2024-06-09,3,8.666666666666666,9.0,13.0,0,True
2209500,Santo Inácio do Piauí,22,Piauí,Nordeste,418,8,38,0.09090909090909091,4,2018-04-01,2024-04-07,7,5.428571428571429,4.0,11.0,0,True
2209559,São Braz do Piauí,22,Piauí,Nordeste,418,8,52,0.12440191387559808,6,2018-05-20,2025-03-09,10,5.2,4.0,10.0,1,True
2209609,São Félix do Piauí,22,Piauí,Nordeste,418,8,24,0.05741626794258373,3,2022-04-03,2024-09-15,5,4.8,4.0,11.0,0,True
2209658,São Francisco de Assis do Piauí,22,Piauí,Nordeste,418,8,20,0.04784688995215311,3,2022-04-03,2025-12-28,3,6.666666666666667,4.0,13.0,0,True
2209708,São Francisco do Piauí,22,Piauí,Nordeste,418,8,28,0.06698564593301436,5,2019-02-17,2025-06-08,7,4.0,4.0,9.0,0,True
2209757,São Gonçalo do Gurguéia,22,Piauí,Nordeste,418,8,43,0.10287081339712918,6,2018-05-06,2025-03-09,6,7.166666666666667,4.0,21.0,0,True
2209807,São Gonçalo do Piauí,22,Piauí,Nordeste,418,8,54,0.1291866028708134,4,2022-01-09,2025-09-07,8,6.75,4.0,18.0,1,True
2209856,São João da Canabrava,22,Piauí,Nordeste,418,8,25,0.05980861244019139,3,2021-04-11,2025-08-31,3,8.333333333333334,4.0,20.0,0,True
2209872,São João da Fronteira,22,Piauí,Nordeste,418,8,19,0.045454545454545456,4,2017-12-31,2025-02-02,4,4.75,4.0,7.0,0,True
2209906,São João da Serra,22,Piauí,Nordeste,418,8,55,0.13157894736842105,5,2019-04-21,2025-08-17,7,7.857142857142857,5.0,20.0,0,True
2209955,São João da Varjota,22,Piauí,Nordeste,418,8,56,0.1339712918660287,5,2019-05-12,2024-09-01,8,7.0,4.0,17.0,0,True
2209971,São João do Arraial,22,Piauí,Nordeste,418,8,53,0.12679425837320574,7,2018-03-04,2025-11-23,13,4.076923076923077,4.0,10.0,0,True
2210003,São João do Piauí,22,Piauí,Nordeste,418,8,63,0.1507177033492823,6,2018-05-20,2024-05-19,9,7.0,4.0,16.0,0,True
2210052,São José do Divino,22,Piauí,Nordeste,418,8,48,0.11483253588516747,3,2019-06-30,2023-02-19,4,12.0,4.0,36.0,0,True
2210102,São José do Peixe,22,Piauí,Nordeste,418,8,34,0.08133971291866028,4,2022-01-30,2025-07-27,5,6.8,8.0,10.0,1,True
2210201,São José do Piauí,22,Piauí,Nordeste,418,8,37,0.08851674641148326,4,2021-07-11,2024-09-15,7,5.285714285714286,2.0,22.0,0,True
2210300,São Julião,22,Piauí,Nordeste,418,8,26,0.06220095693779904,3,2019-07-28,2022-04-10,6,4.333333333333333,4.0,12.0,0,True
2210359,São Lourenço do Piauí,22,Piauí,Nordeste,418,8,39,0.09330143540669857,5,2018-04-08,2024-09-15,7,5.571428571428571,4.0,19.0,0,True
2210375,São Luis do Piauí,22,Piauí,Nordeste,418,8,20,0.04784688995215311,2,2018-07-15,2022-07-10,4,5.0,4.0,8.0,0,True
2210383,São Miguel da Baixa Grande,22,Piauí,Nordeste,418,8,15,0.03588516746411483,2,2022-02-13,2024-04-21,2,7.5,7.5,9.0,0,True
2210391,São Miguel do Fidalgo,22,Piauí,Nordeste,418,8,17,0.04066985645933014,3,2019-05-19,2025-06-08,4,4.25,4.0,5.0,0,True
2210409,São Miguel do Tapuio,22,Piauí,Nordeste,418,8,42,0.10047846889952153,5,2018-01-07,2025-10-26,9,4.666666666666667,4.0,10.0,0,True
2210508,São Pedro do Piauí,22,Piauí,Nordeste,418,8,74,0.17703349282296652,5,2020-07-05,2025-12-28,6,12.333333333333334,7.0,32.0,1,True
2210607,São Raimundo Nonato,22,Piauí,Nordeste,418,8,54,0.1291866028708134,3,2018-01-28,2022-09-11,7,7.714285714285714,5.0,13.0,0,True
2210623,Sebastião Barros,22,Piauí,Nordeste,418,8,20,0.04784688995215311,3,2019-03-31,2024-06-23,5,4.0,4.0,4.0,0,True
2210631,Sebastião Leal,22,Piauí,Nordeste,418,8,46,0.11004784688995216,5,2018-05-06,2024-06-09,8,5.75,5.5,11.0,0,True
2210656,Sigefredo Pacheco,22,Piauí,Nordeste,418,8,24,0.05741626794258373,3,2019-01-20,2025-10-19,6,4.0,4.0,4.0,0,True
2210706,Simões,22,Piauí,Nordeste,418,8,46,0.11004784688995216,5,2018-12-30,2025-11-09,7,6.571428571428571,4.0,22.0,0,True
2210805,Simplício Mendes,22,Piauí,Nordeste,418,8,90,0.215311004784689,7,2018-04-08,2025-12-28,12,7.5,4.5,22.0,0,True
2210904,Socorro do Piauí,22,Piauí,Nordeste,418,8,43,0.10287081339712918,4,2019-08-18,2025-03-02,6,7.166666666666667,6.5,15.0,0,True
2210938,Sussuapara,22,Piauí,Nordeste,418,8,65,0.15550239234449761,6,2018-03-11,2025-08-03,8,8.125,7.5,17.0,0,True
2210953,Tamboril do Piauí,22,Piauí,Nordeste,418,8,24,0.05741626794258373,4,2018-12-16,2023-04-23,4,6.0,4.5,11.0,1,True
2210979,Tanque do Piauí,22,Piauí,Nordeste,418,8,77,0.18421052631578946,5,2019-06-16,2025-05-25,10,7.7,4.5,26.0,1,True
2211001,Teresina,22,Piauí,Nordeste,418,8,105,0.2511961722488038,6,2019-04-07,2025-12-28,12,8.75,5.0,28.0,0,True
2211100,União,22,Piauí,Nordeste,418,8,98,0.23444976076555024,6,2019-01-20,2025-11-23,14,7.0,4.0,23.0,0,True
2211209,Uruçuí,22,Piauí,Nordeste,418,8,25,0.05980861244019139,2,2019-04-07,2021-08-01,3,8.333333333333334,4.0,20.0,0,True
2211308,Valença do Piauí,22,Piauí,Nordeste,418,8,78,0.18660287081339713,6,2018-05-27,2025-11-30,12,6.5,4.0,18.0,0,True
2211357,Várzea Branca,22,Piauí,Nordeste,418,8,32,0.07655502392344497,6,2018-03-18,2025-02-16,7,4.571428571428571,4.0,9.0,1,True
2211407,Várzea Grande,22,Piauí,Nordeste,418,8,68,0.16267942583732056,5,2019-09-01,2025-12-28,8,8.5,4.0,34.0,1,True
2211506,Vera Mendes,22,Piauí,Nordeste,418,8,48,0.11483253588516747,4,2019-07-28,2024-09-22,8,6.0,5.0,13.0,0,True
2211605,Vila Nova do Piauí,22,Piauí,Nordeste,418,8,27,0.0645933014354067,4,2020-05-24,2025-02-02,5,5.4,4.0,8.0,0,True
2211704,Wall Ferraz,22,Piauí,Nordeste,418,8,25,0.05980861244019139,2,2022-04-10,2025-11-23,4,6.25,4.0,14.0,0,True
2300101,Abaiara,23,Ceará,Nordeste,418,8,41,0.09808612440191387,6,2019-01-13,2025-11-23,8,5.125,4.0,9.0,0,True
2300150,Acarape,23,Ceará,Nordeste,418,8,41,0.09808612440191387,5,2021-07-25,2025-08-31,12,3.4166666666666665,4.0,6.0,0,True
2300200,Acaraú,23,Ceará,Nordeste,418,8,64,0.15311004784688995,7,2018-08-19,2024-03-17,10,6.4,4.0,29.0,1,True
2300309,Acopiara,23,Ceará,Nordeste,418,8,48,0.11483253588516747,4,2019-02-17,2025-10-19,9,5.333333333333333,4.0,19.0,0,True
2300408,Aiuaba,23,Ceará,Nordeste,418,8,65,0.15550239234449761,5,2019-08-18,2023-02-26,6,10.833333333333334,4.0,47.0,0,True
2300507,Alcântaras,23,Ceará,Nordeste,418,8,92,0.22009569377990432,5,2019-04-14,2023-06-18,10,9.2,5.5,36.0,2,True
2300606,Altaneira,23,Ceará,Nordeste,418,8,42,0.10047846889952153,4,2020-10-25,2025-12-28,5,8.4,4.0,23.0,0,True
2300705,Alto Santo,23,Ceará,Nordeste,418,8,32,0.07655502392344497,4,2020-06-28,2025-08-31,4,8.0,4.5,21.0,0,True
2300754,Amontada,23,Ceará,Nordeste,418,8,79,0.18899521531100477,7,2019-02-17,2025-10-05,13,6.076923076923077,4.0,13.0,1,True
2300804,Antonina do Norte,23,Ceará,Nordeste,418,8,29,0.06937799043062201,3,2020-01-19,2023-02-19,4,7.25,4.0,19.0,0,True
2300903,Apuiarés,23,Ceará,Nordeste,418,8,22,0.05263157894736842,4,2018-11-18,2023-12-31,4,5.5,4.0,10.0,1,True
2301000,Aquiraz,23,Ceará,Nordeste,418,8,21,0.050239234449760764,4,2021-05-16,2025-10-05,6,3.5,4.0,7.0,0,True
2301109,Aracati,23,Ceará,Nordeste,418,8,93,0.22248803827751196,6,2018-08-26,2024-12-08,14,6.642857142857143,3.0,40.0,0,True
2301208,Aracoiaba,23,Ceará,Nordeste,418,8,19,0.045454545454545456,6,2020-09-27,2025-11-30,8,2.375,2.5,4.0,1,True
2301257,Ararendá,23,Ceará,Nordeste,418,8,28,0.06698564593301436,4,2019-08-04,2024-12-08,7,4.0,4.0,9.0,1,True
2301307,Araripe,23,Ceará,Nordeste,418,8,34,0.08133971291866028,4,2019-08-11,2025-12-28,6,5.666666666666667,4.5,11.0,0,True
2301406,Aratuba,23,Ceará,Nordeste,418,8,89,0.21291866028708134,6,2018-09-16,2025-06-15,9,9.88888888888889,6.0,48.0,1,True
2301505,Arneiroz,23,Ceará,Nordeste,418,8,27,0.0645933014354067,6,2018-12-02,2024-06-02,6,4.5,4.0,8.0,0,True
2301604,Assaré,23,Ceará,Nordeste,418,8,74,0.17703349282296652,5,2019-05-12,2024-12-15,17,4.352941176470588,4.0,15.0,0,True
2301703,Aurora,23,Ceará,Nordeste,418,8,41,0.09808612440191387,5,2020-03-01,2025-12-21,9,4.555555555555555,4.0,9.0,0,True
2301802,Baixio,23,Ceará,Nordeste,418,8,20,0.04784688995215311,2,2019-05-19,2022-11-27,3,6.666666666666667,5.0,11.0,0,True
2301851,Banabuiú,23,Ceará,Nordeste,418,8,63,0.1507177033492823,6,2019-01-13,2025-12-21,9,7.0,3.0,30.0,0,True
2301901,Barbalha,23,Ceará,Nordeste,418,8,96,0.22966507177033493,5,2019-08-04,2025-08-17,9,10.666666666666666,7.0,32.0,1,True
2301950,Barreira,23,Ceará,Nordeste,418,8,33,0.07894736842105263,7,2019-12-22,2025-11-16,11,3.0,4.0,4.0,1,True
2302008,Barro,23,Ceará,Nordeste,418,8,52,0.12440191387559808,5,2020-06-07,2025-12-21,14,3.7142857142857144,4.0,13.0,0,True
2302057,Barroquinha,23,Ceará,Nordeste,418,8,20,0.04784688995215311,4,2020-06-21,2024-07-28,6,3.3333333333333335,2.0,10.0,0,True
2302107,Baturité,23,Ceará,Nordeste,418,8,60,0.14354066985645933,5,2021-04-25,2025-04-27,9,6.666666666666667,4.0,21.0,0,True
2302206,Beberibe,23,Ceará,Nordeste,418,8,75,0.17942583732057416,4,2019-02-17,2022-03-20,9,8.333333333333334,3.0,28.0,0,True
2302305,Bela Cruz,23,Ceará,Nordeste,418,8,76,0.18181818181818182,3,2021-02-07,2023-04-23,8,9.5,4.0,38.0,1,True
2302404,Boa Viagem,23,Ceará,Nordeste,418,8,57,0.13636363636363635,5,2018-12-30,2025-12-07,11,5.181818181818182,2.0,20.0,0,True
2302503,Brejo Santo,23,Ceará,Nordeste,418,8,97,0.23205741626794257,6,2018-10-21,2024-05-12,8,12.125,5.5,61.0,1,True
2302602,Camocim,23,Ceará,Nordeste,418,8,27,0.0645933014354067,3,2021-01-31,2023-08-13,6,4.5,3.5,12.0,0,True
2302701,Campos Sales,23,Ceará,Nordeste,418,8,69,0.16507177033492823,6,2019-09-15,2025-12-14,15,4.6,4.0,16.0,1,True
2302800,Canindé,23,Ceará,Nordeste,418,8,12,0.028708133971291867,1,2021-08-08,2021-10-24,1,12.0,12.0,12.0,0,False
2302909,Capistrano,23,Ceará,Nordeste,418,8,57,0.13636363636363635,6,2019-08-04,2024-09-01,10,5.7,3.5,15.0,0,True
2303006,Caridade,23,Ceará,Nordeste,418,8,35,0.08373205741626795,4,2018-12-30,2024-11-10,5,7.0,4.0,22.0,0,True
2303105,Cariré,23,Ceará,Nordeste,418,8,63,0.1507177033492823,4,2020-02-23,2023-12-17,9,7.0,6.0,17.0,0,True
2303204,Caririaçu,23,Ceará,Nordeste,418,8,39,0.09330143540669857,2,2019-01-06,2020-07-05,4,9.75,5.5,26.0,0,True
2303303,Cariús,23,Ceará,Nordeste,418,8,79,0.18899521531100477,7,2018-01-21,2025-10-26,17,4.647058823529412,4.0,14.0,1,True
2303402,Carnaubal,23,Ceará,Nordeste,418,8,49,0.11722488038277512,6,2020-03-15,2025-08-03,10,4.9,4.0,18.0,0,True
2303501,Cascavel,23,Ceará,Nordeste,418,8,75,0.17942583732057416,4,2019-02-03,2022-09-11,6,12.5,9.0,30.0,0,True
2303600,Catarina,23,Ceará,Nordeste,418,8,32,0.07655502392344497,5,2019-07-07,2025-11-30,8,4.0,3.5,7.0,1,True
2303659,Catunda,23,Ceará,Nordeste,418,8,16,0.03827751196172249,4,2018-07-22,2023-06-04,5,3.2,4.0,5.0,0,True
2303709,Caucaia,23,Ceará,Nordeste,418,8,4,0.009569377990430622,1,2021-08-15,2021-09-05,1,4.0,4.0,4.0,0,False
2303808,Cedro,23,Ceará,Nordeste,418,8,50,0.11961722488038277,5,2018-11-04,2025-11-23,6,8.333333333333334,4.5,18.0,0,True
2303907,Chaval,23,Ceará,Nordeste,418,8,12,0.028708133971291867,3,2020-09-20,2024-12-22,4,3.0,3.5,4.0,0,True
2303931,Choró,23,Ceará,Nordeste,418,8,85,0.20334928229665072,6,2018-10-14,2025-11-30,14,6.071428571428571,4.5,16.0,0,True
2303956,Chorozinho,23,Ceará,Nordeste,418,8,25,0.05980861244019139,3,2018-09-02,2022-10-02,5,5.0,4.0,7.0,0,True
2304004,Coreaú,23,Ceará,Nordeste,418,8,16,0.03827751196172249,3,2021-08-15,2024-11-10,4,4.0,4.0,5.0,0,True
2304103,Crateús,23,Ceará,Nordeste,418,8,16,0.03827751196172249,3,2019-08-11,2024-11-17,3,5.333333333333333,5.0,8.0,0,True
2304202,Crato,23,Ceará,Nordeste,418,8,73,0.17464114832535885,6,2018-09-09,2025-12-21,10,7.3,4.0,27.0,0,True
2304236,Croatá,23,Ceará,Nordeste,418,8,36,0.0861244019138756,3,2021-09-05,2025-11-30,3,12.0,6.0,26.0,0,True
2304251,Cruz,23,Ceará,Nordeste,418,8,79,0.18899521531100477,5,2019-07-07,2024-09-01,19,4.157894736842105,4.0,15.0,0,True
2304269,Deputado Irapuan Pinheiro,23,Ceará,Nordeste,418,8,50,0.11961722488038277,6,2018-04-15,2025-12-07,11,4.545454545454546,4.0,9.0,0,True
2304277,Ereré,23,Ceará,Nordeste,418,8,72,0.1722488038277512,6,2018-12-02,2025-09-21,10,7.2,4.0,24.0,0,True
2304285,Eusébio,23,Ceará,Nordeste,418,8,48,0.11483253588516747,4,2019-09-01,2024-02-04,9,5.333333333333333,4.0,24.0,0,True
2304301,Farias Brito,23,Ceará,Nordeste,418,8,32,0.07655502392344497,3,2020-06-21,2025-12-28,6,5.333333333333333,4.0,15.0,0,True
2304350,Forquilha,23,Ceará,Nordeste,418,8,43,0.10287081339712918,6,2020-08-02,2025-12-28,6,7.166666666666667,5.5,15.0,0,True
2304400,Fortaleza,23,Ceará,Nordeste,418,8,6,0.014354066985645933,2,2021-06-27,2022-07-03,2,3.0,3.0,5.0,0,True
2304459,Fortim,23,Ceará,Nordeste,418,8,55,0.13157894736842105,5,2019-05-05,2025-09-14,7,7.857142857142857,4.0,20.0,1,True
2304509,Frecheirinha,23,Ceará,Nordeste,418,8,6,0.014354066985645933,2,2024-02-11,2025-11-09,2,3.0,3.0,4.0,0,True
2304608,General Sampaio,23,Ceará,Nordeste,418,8,24,0.05741626794258373,5,2021-06-13,2025-05-04,5,4.8,3.0,13.0,0,True
2304657,Graça,23,Ceará,Nordeste,418,8,60,0.14354066985645933,5,2019-07-21,2025-11-02,7,8.571428571428571,4.0,37.0,0,True
2304707,Granja,23,Ceará,Nordeste,418,8,9,0.0215311004784689,1,2021-08-15,2021-11-07,3,3.0,4.0,4.0,0,False
2304806,Granjeiro,23,Ceará,Nordeste,418,8,31,0.07416267942583732,4,2017-12-31,2025-12-14,4,7.75,5.5,17.0,1,True
2304905,Groaíras,23,Ceará,Nordeste,418,8,78,0.18660287081339713,3,2021-06-06,2023-04-16,5,15.6,7.0,50.0,0,True
2304954,Guaiúba,23,Ceará,Nordeste,418,8,42,0.10047846889952153,6,2019-09-08,2024-11-10,11,3.8181818181818183,4.0,10.0,0,True
2305001,Guaraciaba do Norte,23,Ceará,Nordeste,418,8,64,0.15311004784688995,5,2018-10-14,2025-12-28,5,12.8,4.0,48.0,1,True
2305100,Guaramiranga,23,Ceará,Nordeste,418,8,52,0.12440191387559808,4,2019-07-28,2022-06-26,8,6.5,6.5,13.0,0,True
2305209,Hidrolândia,23,Ceará,Nordeste,418,8,28,0.06698564593301436,5,2019-08-11,2025-09-21,8,3.5,4.0,4.0,0,True
2305233,Horizonte,23,Ceará,Nordeste,418,8,34,0.08133971291866028,2,2020-11-29,2021-12-12,7,4.857142857142857,2.0,22.0,0,True
2305266,Ibaretama,23,Ceará,Nordeste,418,8,48,0.11483253588516747,8,2018-08-19,2025-02-09,14,3.4285714285714284,4.0,7.0,0,True
2305308,Ibiapina,23,Ceará,Nordeste,418,8,51,0.12200956937799043,5,2021-02-28,2025-10-19,13,3.923076923076923,4.0,12.0,0,True
2305332,Ibicuitinga,23,Ceará,Nordeste,418,8,61,0.145933014354067,4,2018-09-02,2022-06-26,5,12.2,12.0,27.0,1,True
2305357,Icapuí,23,Ceará,Nordeste,418,8,66,0.15789473684210525,5,2018-09-16,2022-07-31,5,13.2,10.0,24.0,0,True
2305407,Icó,23,Ceará,Nordeste,418,8,24,0.05741626794258373,4,2019-12-22,2024-10-13,4,6.0,6.0,9.0,1,True
2305506,Iguatu,23,Ceará,Nordeste,418,8,77,0.18421052631578946,3,2018-06-24,2020-12-20,8,9.625,7.5,28.0,0,True
2305605,Independência,23,Ceará,Nordeste,418,8,51,0.12200956937799043,5,2020-08-23,2025-09-07,7,7.285714285714286,4.0,18.0,0,True
2305654,Ipaporanga,23,Ceará,Nordeste,418,8,52,0.12440191387559808,6,2018-11-18,2024-03-10,6,8.666666666666666,4.0,28.0,1,True
2305704,Ipaumirim,23,Ceará,Nordeste,418,8,37,0.08851674641148326,5,2018-06-24,2023-06-25,6,6.166666666666667,4.5,16.0,1,True
2305803,Ipu,23,Ceará,Nordeste,418,8,44,0.10526315789473684,3,2020-08-23,2025-10-12,6,7.333333333333333,6.0,17.0,0,True
2305902,Ipueiras,23,Ceará,Nordeste,418,8,27,0.0645933014354067,4,2021-12-05,2024-10-13,7,3.857142857142857,1.0,14.0,0,True
2306009,Iracema,23,Ceará,Nordeste,418,8,14,0.03349282296650718,2,2021-03-21,2025-09-21,2,7.0,7.0,12.0,0,True
2306108,Irauçuba,23,Ceará,Nordeste,418,8,6,0.014354066985645933,2,2019-10-13,2020-11-15,2,3.0,3.0,4.0,0,True
2306207,Itaiçaba,23,Ceará,Nordeste,418,8,81,0.1937799043062201,8,2018-08-19,2025-03-30,11,7.363636363636363,4.0,34.0,0,True
2306256,Itaitinga,23,Ceará,Nordeste,418,8,43,0.10287081339712918,4,2019-08-04,2022-02-27,7,6.142857142857143,3.0,21.0,0,True
2306306,Itapajé,23,Ceará,Nordeste,418,8,29,0.06937799043062201,7,2018-12-23,2025-11-02,6,4.833333333333333,4.0,13.0,1,True
2306405,Itapipoca,23,Ceará,Nordeste,418,8,51,0.12200956937799043,2,2021-06-20,2022-07-24,3,17.0,25.0,25.0,0,True
2306504,Itapiúna,23,Ceará,Nordeste,418,8,31,0.07416267942583732,5,2021-06-27,2025-12-21,7,4.428571428571429,4.0,6.0,1,True
2306553,Itarema,23,Ceará,Nordeste,418,8,103,0.24641148325358853,6,2019-03-31,2024-03-17,18,5.722222222222222,4.5,20.0,0,True
2306603,Itatira,23,Ceará,Nordeste,418,8,20,0.04784688995215311,1,2021-07-04,2021-11-28,2,10.0,10.0,13.0,0,False
2306702,Jaguaretama,23,Ceará,Nordeste,418,8,35,0.08373205741626795,3,2019-04-14,2023-06-11,4,8.75,7.0,18.0,0,True
2306801,Jaguaribara,23,Ceará,Nordeste,418,8,36,0.0861244019138756,3,2022-06-12,2025-12-28,6,6.0,4.0,19.0,0,True
2306900,Jaguaribe,23,Ceará,Nordeste,418,8,85,0.20334928229665072,5,2019-05-05,2023-07-30,11,7.7272727272727275,5.0,34.0,1,True
2307007,Jaguaruana,23,Ceará,Nordeste,418,8,91,0.21770334928229665,5,2018-05-27,2022-07-03,7,13.0,6.0,29.0,1,True
2307106,Jardim,23,Ceará,Nordeste,418,8,123,0.2942583732057416,6,2019-04-07,2025-12-28,14,8.785714285714286,5.0,24.0,0,True
2307205,Jati,23,Ceará,Nordeste,418,8,106,0.2535885167464115,6,2018-12-30,2025-12-28,18,5.888888888888889,4.0,19.0,0,True
2307254,Jijoca de Jericoacoara,23,Ceará,Nordeste,418,8,52,0.12440191387559808,5,2019-12-29,2024-08-04,9,5.777777777777778,5.0,13.0,1,True
2307304,Juazeiro do Norte,23,Ceará,Nordeste,418,8,69,0.16507177033492823,5,2019-08-11,2024-09-08,11,6.2727272727272725,3.0,22.0,0,True
2307403,Jucás,23,Ceará,Nordeste,418,8,92,0.22009569377990432,7,2019-04-07,2025-12-07,15,6.133333333333334,4.0,15.0,0,True
2307502,Lavras da Mangabeira,23,Ceará,Nordeste,418,8,30,0.07177033492822966,3,2018-01-21,2024-08-04,3,10.0,5.0,23.0,0,True
2307601,Limoeiro do Norte,23,Ceará,Nordeste,418,8,107,0.25598086124401914,8,2018-12-16,2025-12-21,13,8.23076923076923,4.0,38.0,0,True
2307635,Madalena,23,Ceará,Nordeste,418,8,46,0.11004784688995216,4,2019-04-21,2022-06-26,6,7.666666666666667,7.0,17.0,0,True
2307650,Maracanaú,23,Ceará,Nordeste,418,8,18,0.0430622009569378,2,2021-04-25,2022-05-22,2,9.0,9.0,16.0,0,True
2307700,Maranguape,23,Ceará,Nordeste,418,8,81,0.1937799043062201,4,2019-03-03,2022-10-02,9,9.0,3.0,46.0,1,True
2307809,Marco,23,Ceará,Nordeste,418,8,57,0.13636363636363635,3,2021-06-13,2023-08-20,5,11.4,12.0,19.0,0,True
2307908,Martinópole,23,Ceará,Nordeste,418,8,4,0.009569377990430622,1,2021-11-07,2021-11-28,1,4.0,4.0,4.0,0,False
2308005,Massapê,23,Ceará,Nordeste,418,8,40,0.09569377990430622,4,2020-02-02,2024-04-07,9,4.444444444444445,4.0,13.0,0,True
2308104,Mauriti,23,Ceará,Nordeste,418,8,30,0.07177033492822966,3,2019-08-04,2022-05-29,4,7.5,6.5,14.0,0,True
2308203,Meruoca,23,Ceará,Nordeste,418,8,76,0.18181818181818182,4,2019-06-09,2022-12-25,9,8.444444444444445,4.0,24.0,1,True
2308302,Milagres,23,Ceará,Nordeste,418,8,41,0.09808612440191387,3,2019-07-07,2025-11-23,2,20.5,20.5,39.0,1,True
2308351,Milhã,23,Ceará,Nordeste,418,8,20,0.04784688995215311,2,2018-01-21,2019-09-29,2,10.0,10.0,16.0,0,True
2308377,Miraíma,23,Ceará,Nordeste,418,8,49,0.11722488038277512,2,2021-03-14,2022-06-12,4,12.25,12.0,24.0,0,True
2308401,Missão Velha,23,Ceará,Nordeste,418,8,24,0.05741626794258373,5,2018-09-16,2025-09-21,9,2.6666666666666665,2.0,11.0,0,True
2308500,Mombaça,23,Ceará,Nordeste,418,8,59,0.14114832535885166,3,2019-07-07,2022-07-03,4,14.75,6.0,45.0,1,True
2308609,Monsenhor Tabosa,23,Ceará,Nordeste,418,8,56,0.1339712918660287,4,2021-07-18,2024-09-08,8,7.0,2.0,23.0,1,True
2308708,Morada Nova,23,Ceará,Nordeste,418,8,90,0.215311004784689,6,2018-06-24,2024-03-10,11,8.181818181818182,6.0,26.0,0,True
2308807,Moraújo,23,Ceará,Nordeste,418,8,44,0.10526315789473684,5,2018-11-18,2023-11-05,8,5.5,4.0,15.0,0,True
2308906,Morrinhos,23,Ceará,Nordeste,418,8,40,0.09569377990430622,4,2019-12-29,2023-07-23,10,4.0,4.0,8.0,0,True
2309003,Mucambo,23,Ceará,Nordeste,418,8,40,0.09569377990430622,6,2020-09-06,2025-12-28,10,4.0,4.0,9.0,1,True
2309102,Mulungu,23,Ceará,Nordeste,418,8,46,0.11004784688995216,4,2019-08-11,2024-12-08,6,7.666666666666667,4.5,28.0,0,True
2309201,Nova Olinda,23,Ceará,Nordeste,418,8,69,0.16507177033492823,7,2019-06-23,2025-08-03,11,6.2727272727272725,4.0,20.0,0,True
2309300,Nova Russas,23,Ceará,Nordeste,418,8,42,0.10047846889952153,6,2019-07-07,2024-12-08,7,6.0,4.0,17.0,0,True
2309409,Novo Oriente,23,Ceará,Nordeste,418,8,67,0.16028708133971292,5,2018-01-14,2024-08-18,13,5.153846153846154,4.0,18.0,0,True
2309458,Ocara,23,Ceará,Nordeste,418,8,33,0.07894736842105263,4,2018-11-25,2025-12-07,6,5.5,4.0,17.0,0,True
2309508,Orós,23,Ceará,Nordeste,418,8,94,0.22488038277511962,7,2018-01-14,2025-12-28,13,7.230769230769231,4.0,22.0,0,True
2309607,Pacajus,23,Ceará,Nordeste,418,8,40,0.09569377990430622,5,2020-10-18,2024-12-22,5,8.0,4.0,25.0,0,True
2309706,Pacatuba,23,Ceará,Nordeste,418,8,63,0.1507177033492823,5,2019-08-25,2025-10-12,10,6.3,2.0,27.0,0,True
2309805,Pacoti,23,Ceará,Nordeste,418,8,48,0.11483253588516747,2,2018-12-30,2020-07-19,4,12.0,9.0,29.0,0,True
2309904,Pacujá,23,Ceará,Nordeste,418,8,20,0.04784688995215311,3,2020-03-08,2024-08-18,5,4.0,5.0,7.0,0,True
2310001,Palhano,23,Ceará,Nordeste,418,8,53,0.12679425837320574,3,2019-02-10,2021-12-26,6,8.833333333333334,4.0,26.0,1,True
2310100,Palmácia,23,Ceará,Nordeste,418,8,64,0.15311004784688995,5,2018-06-10,2025-06-15,6,10.666666666666666,4.5,26.0,0,True
2310209,Paracuru,23,Ceará,Nordeste,418,8,56,0.1339712918660287,5,2018-08-05,2022-11-27,8,7.0,4.0,19.0,0,True
2310258,Paraipaba,23,Ceará,Nordeste,418,8,43,0.10287081339712918,6,2020-08-16,2025-11-16,12,3.5833333333333335,4.0,6.0,0,True
2310308,Parambu,23,Ceará,Nordeste,418,8,28,0.06698564593301436,4,2020-08-30,2024-12-29,9,3.111111111111111,3.0,6.0,0,True
2310407,Paramoti,23,Ceará,Nordeste,418,8,81,0.1937799043062201,6,2019-05-19,2025-10-26,15,5.4,4.0,21.0,0,True
2310506,Pedra Branca,23,Ceará,Nordeste,418,8,77,0.18421052631578946,5,2018-01-07,2022-06-19,6,12.833333333333334,8.5,31.0,1,True
2310605,Penaforte,23,Ceará,Nordeste,418,8,75,0.17942583732057416,5,2018-12-09,2025-12-07,7,10.714285714285714,8.0,36.0,1,True
2310704,Pentecoste,23,Ceará,Nordeste,418,8,3,0.007177033492822967,1,2021-07-04,2021-07-18,1,3.0,3.0,3.0,0,False
2310803,Pereiro,23,Ceará,Nordeste,418,8,58,0.13875598086124402,4,2019-01-06,2025-11-23,6,9.666666666666666,4.0,32.0,1,True
2310852,Pindoretama,23,Ceará,Nordeste,418,8,60,0.14354066985645933,5,2019-06-16,2025-10-19,11,5.454545454545454,4.0,21.0,1,True
2310902,Piquet Carneiro,23,Ceará,Nordeste,418,8,27,0.0645933014354067,4,2019-04-21,2025-11-23,6,4.5,4.0,7.0,0,True
2310951,Pires Ferreira,23,Ceará,Nordeste,418,8,37,0.08851674641148326,4,2020-06-28,2024-12-22,8,4.625,4.0,10.0,0,True
2311009,Poranga,23,Ceará,Nordeste,418,8,77,0.18421052631578946,6,2019-03-17,2024-09-15,11,7.0,5.0,23.0,1,True
2311108,Porteiras,23,Ceará,Nordeste,418,8,105,0.2511961722488038,6,2018-09-16,2024-06-16,10,10.5,8.5,23.0,0,True
2311207,Potengi,23,Ceará,Nordeste,418,8,41,0.09808612440191387,6,2020-04-12,2025-01-19,7,5.857142857142857,4.0,14.0,1,True
2311231,Potiretama,23,Ceará,Nordeste,418,8,53,0.12679425837320574,4,2021-04-11,2024-11-03,5,10.6,4.0,33.0,0,True
2311264,Quiterianópolis,23,Ceará,Nordeste,418,8,67,0.16028708133971292,6,2020-10-04,2025-12-21,14,4.785714285714286,4.0,18.0,0,True
2311306,Quixadá,23,Ceará,Nordeste,418,8,78,0.18660287081339713,4,2018-02-11,2022-12-04,9,8.666666666666666,4.0,26.0,1,True
2311355,Quixelô,23,Ceará,Nordeste,418,8,41,0.09808612440191387,4,2017-12-31,2024-04-21,9,4.555555555555555,3.0,17.0,0,True
2311405,Quixeramobim,23,Ceará,Nordeste,418,8,32,0.07655502392344497,4,2019-09-08,2023-12-10,8,4.0,4.0,8.0,0,True
2311504,Quixeré,23,Ceará,Nordeste,418,8,71,0.16985645933014354,4,2018-07-22,2021-06-20,4,17.75,19.5,26.0,1,True
2311603,Redenção,23,Ceará,Nordeste,418,8,68,0.16267942583732056,8,2018-07-01,2025-10-19,12,5.666666666666667,4.0,28.0,0,True
2311702,Reriutaba,23,Ceará,Nordeste,418,8,23,0.05502392344497608,2,2020-01-19,2021-09-26,5,4.6,4.0,11.0,0,True
2311801,Russas,23,Ceará,Nordeste,418,8,48,0.11483253588516747,4,2018-12-16,2022-11-27,5,9.6,4.0,27.0,0,True
2311900,Saboeiro,23,Ceará,Nordeste,418,8,40,0.09569377990430622,5,2019-04-28,2025-11-16,7,5.714285714285714,4.0,11.0,0,True
2311959,Salitre,23,Ceará,Nordeste,418,8,84,0.20095693779904306,7,2018-12-23,2025-05-18,12,7.0,6.0,21.0,1,True
2312007,Santana do Acaraú,23,Ceará,Nordeste,418,8,59,0.14114832535885166,5,2019-08-25,2024-11-24,9,6.555555555555555,4.0,28.0,0,True
2312106,Santana do Cariri,23,Ceará,Nordeste,418,8,113,0.2703349282296651,7,2018-07-29,2025-12-21,16,7.0625,4.0,18.0,0,True
2312205,Santa Quitéria,23,Ceará,Nordeste,418,8,24,0.05741626794258373,5,2019-01-06,2024-11-10,7,3.4285714285714284,4.0,6.0,1,True
2312304,São Benedito,23,Ceará,Nordeste,418,8,66,0.15789473684210525,7,2018-01-14,2025-03-09,13,5.076923076923077,4.0,16.0,0,True
2312403,São Gonçalo do Amarante,23,Ceará,Nordeste,418,8,44,0.10526315789473684,4,2020-06-28,2024-10-27,7,6.285714285714286,4.0,21.0,0,True
2312502,São João do Jaguaribe,23,Ceará,Nordeste,418,8,79,0.18899521531100477,8,2018-10-28,2025-12-07,17,4.647058823529412,4.0,10.0,1,True
2312601,São Luís do Curu,23,Ceará,Nordeste,418,8,27,0.0645933014354067,4,2020-09-27,2025-10-12,6,4.5,3.5,13.0,0,True
2312700,Senador Pompeu,23,Ceará,Nordeste,418,8,48,0.11483253588516747,7,2018-07-22,2025-10-19,10,4.8,4.0,12.0,1,True
2312809,Senador Sá,23,Ceará,Nordeste,418,8,5,0.011961722488038277,2,2022-02-06,2023-09-24,2,2.5,2.5,4.0,0,True
2312908,Sobral,23,Ceará,Nordeste,418,8,44,0.10526315789473684,4,2019-08-25,2023-01-08,4,11.0,9.0,25.0,1,True
2313005,Solonópole,23,Ceará,Nordeste,418,8,22,0.05263157894736842,2,2017-12-31,2019-07-21,3,7.333333333333333,4.0,16.0,0,True
2313104,Tabuleiro do Norte,23,Ceará,Nordeste,418,8,59,0.14114832535885166,5,2020-10-25,2025-12-28,9,6.555555555555555,5.0,17.0,0,True
2313203,Tamboril,23,Ceará,Nordeste,418,8,46,0.11004784688995216,5,2021-08-08,2025-01-12,7,6.571428571428571,4.0,20.0,1,True
2313252,Tarrafas,23,Ceará,Nordeste,418,8,33,0.07894736842105263,4,2020-02-23,2025-06-22,6,5.5,5.0,13.0,0,True
2313302,Tauá,23,Ceará,Nordeste,418,8,40,0.09569377990430622,3,2019-09-15,2022-10-23,5,8.0,2.0,21.0,0,True
2313351,Tejuçuoca,23,Ceará,Nordeste,418,8,31,0.07416267942583732,3,2019-11-03,2021-11-07,5,6.2,4.0,14.0,0,True
2313401,Tianguá,23,Ceará,Nordeste,418,8,138,0.33014354066985646,8,2018-10-28,2025-12-28,13,10.615384615384615,4.0,51.0,2,True
2313500,Trairi,23,Ceará,Nordeste,418,8,53,0.12679425837320574,4,2018-12-09,2024-09-15,8,6.625,4.0,16.0,0,True
2313559,Tururu,23,Ceará,Nordeste,418,8,61,0.145933014354067,4,2020-09-20,2024-02-18,6,10.166666666666666,4.0,26.0,2,True
2313609,Ubajara,23,Ceará,Nordeste,418,8,85,0.20334928229665072,5,2019-08-04,2024-10-13,13,6.538461538461538,4.0,23.0,0,True
2313708,Umari,23,Ceará,Nordeste,418,8,35,0.08373205741626795,3,2020-03-22,2024-09-08,5,7.0,7.0,9.0,0,True
2313757,Umirim,23,Ceará,Nordeste,418,8,24,0.05741626794258373,2,2020-08-02,2021-07-11,4,6.0,5.0,11.0,0,True
2313807,Uruburetama,23,Ceará,Nordeste,418,8,41,0.09808612440191387,4,2020-09-27,2025-12-28,9,4.555555555555555,2.0,21.0,0,True
2313906,Uruoca,23,Ceará,Nordeste,418,8,21,0.050239234449760764,3,2021-06-06,2024-12-22,3,7.0,4.0,13.0,0,True
2313955,Varjota,23,Ceará,Nordeste,418,8,23,0.05502392344497608,5,2018-01-14,2024-03-24,7,3.2857142857142856,4.0,4.0,0,True
2314003,Várzea Alegre,23,Ceará,Nordeste,418,8,59,0.14114832535885166,7,2017-12-31,2025-11-02,10,5.9,5.0,16.0,0,True
2314102,Viçosa do Ceará,23,Ceará,Nordeste,418,8,74,0.17703349282296652,4,2020-09-27,2025-11-02,6,12.333333333333334,5.0,43.0,0,True
2400109,Acari,24,Rio Grande do Norte,Nordeste,418,8,20,0.04784688995215311,3,2019-06-23,2024-12-08,5,4.0,4.0,9.0,0,True
2400208,Assú,24,Rio Grande do Norte,Nordeste,418,8,57,0.13636363636363635,5,2018-07-08,2022-12-11,6,9.5,6.0,22.0,1,True
2400307,Afonso Bezerra,24,Rio Grande do Norte,Nordeste,418,8,41,0.09808612440191387,5,2018-05-06,2022-11-13,13,3.1538461538461537,2.0,9.0,0,True
2400406,Água Nova,24,Rio Grande do Norte,Nordeste,418,8,77,0.18421052631578946,7,2018-06-17,2024-12-29,13,5.923076923076923,5.0,17.0,1,True
2400505,Alexandria,24,Rio Grande do Norte,Nordeste,418,8,55,0.13157894736842105,7,2018-07-15,2025-12-14,12,4.583333333333333,4.0,15.0,1,True
2400604,Almino Afonso,24,Rio Grande do Norte,Nordeste,418,8,30,0.07177033492822966,5,2019-07-21,2025-10-26,6,5.0,4.0,8.0,0,True
2400703,Alto do Rodrigues,24,Rio Grande do Norte,Nordeste,418,8,69,0.16507177033492823,6,2017-12-31,2024-04-21,21,3.2857142857142856,2.0,9.0,0,True
2400802,Angicos,24,Rio Grande do Norte,Nordeste,418,8,72,0.1722488038277512,7,2018-04-29,2024-04-14,13,5.538461538461538,4.0,12.0,1,True
2400901,Antônio Martins,24,Rio Grande do Norte,Nordeste,418,8,37,0.08851674641148326,4,2022-06-12,2025-01-26,7,5.285714285714286,3.0,18.0,1,True
2401008,Apodi,24,Rio Grande do Norte,Nordeste,418,8,51,0.12200956937799043,5,2019-11-17,2023-01-22,4,12.75,10.5,26.0,1,True
2401107,Areia Branca,24,Rio Grande do Norte,Nordeste,418,8,55,0.13157894736842105,7,2018-06-03,2025-12-28,10,5.5,4.0,13.0,2,True
2401206,Arez,24,Rio Grande do Norte,Nordeste,418,8,98,0.23444976076555024,7,2018-04-29,2025-12-14,16,6.125,4.0,15.0,1,True
2401305,Campo Grande,24,Rio Grande do Norte,Nordeste,418,8,11,0.02631578947368421,3,2018-05-27,2024-02-18,3,3.6666666666666665,3.0,7.0,0,True
2401404,Baía Formosa,24,Rio Grande do Norte,Nordeste,418,8,127,0.3038277511961722,7,2017-12-31,2025-10-12,19,6.684210526315789,4.0,40.0,0,True
2401453,Baraúna,24,Rio Grande do Norte,Nordeste,418,8,67,0.16028708133971292,6,2018-04-22,2023-02-05,7,9.571428571428571,6.0,25.0,1,True
2401503,Barcelona,24,Rio Grande do Norte,Nordeste,418,8,43,0.10287081339712918,3,2018-05-13,2022-08-28,5,8.6,5.0,20.0,1,True
2401602,Bento Fernandes,24,Rio Grande do Norte,Nordeste,418,8,50,0.11961722488038277,3,2018-04-15,2022-10-02,4,12.5,12.0,24.0,0,True
2401651,Bodó,24,Rio Grande do Norte,Nordeste,418,8,63,0.1507177033492823,5,2018-02-25,2024-12-22,10,6.3,4.0,18.0,0,True
2401701,Bom Jesus,24,Rio Grande do Norte,Nordeste,418,8,59,0.14114832535885166,6,2018-04-22,2025-12-14,11,5.363636363636363,4.0,15.0,1,True
2401800,Brejinho,24,Rio Grande do Norte,Nordeste,418,8,119,0.284688995215311,7,2018-02-25,2025-09-28,21,5.666666666666667,4.0,19.0,0,True
2401859,Caiçara do Norte,24,Rio Grande do Norte,Nordeste,418,8,66,0.15789473684210525,5,2018-04-29,2025-12-14,11,6.0,4.0,19.0,0,True
2401909,Caiçara do Rio do Vento,24,Rio Grande do Norte,Nordeste,418,8,32,0.07655502392344497,2,2018-05-13,2022-09-11,3,10.666666666666666,8.0,19.0,0,True
2402006,Caicó,24,Rio Grande do Norte,Nordeste,418,8,33,0.07894736842105263,3,2019-07-28,2024-12-15,6,5.5,6.0,11.0,0,True
2402105,Campo Redondo,24,Rio Grande do Norte,Nordeste,418,8,47,0.11244019138755981,4,2017-12-31,2024-04-14,8,5.875,7.0,12.0,0,True
2402204,Canguaretama,24,Rio Grande do Norte,Nordeste,418,8,63,0.1507177033492823,6,2018-08-19,2025-10-05,15,4.2,4.0,10.0,0,True
2402303,Caraúbas,24,Rio Grande do Norte,Nordeste,418,8,38,0.09090909090909091,6,2018-07-29,2024-11-24,8,4.75,4.0,10.0,0,True
2402402,Carnaúba dos Dantas,24,Rio Grande do Norte,Nordeste,418,8,76,0.18181818181818182,8,2018-05-06,2025-12-28,15,5.066666666666666,4.0,24.0,0,True
2402501,Carnaubais,24,Rio Grande do Norte,Nordeste,418,8,42,0.10047846889952153,5,2019-06-23,2024-05-05,8,5.25,5.0,8.0,0,True
2402600,Ceará-Mirim,24,Rio Grande do Norte,Nordeste,418,8,100,0.23923444976076555,7,2018-05-13,2024-03-17,5,20.0,24.0,36.0,2,True
2402709,Cerro Corá,24,Rio Grande do Norte,Nordeste,418,8,60,0.14354066985645933,6,2018-05-06,2024-05-26,9,6.666666666666667,4.0,25.0,0,True
2402808,Coronel Ezequiel,24,Rio Grande do Norte,Nordeste,418,8,102,0.24401913875598086,8,2018-06-03,2025-03-09,14,7.285714285714286,4.0,25.0,1,True
2402907,Coronel João Pessoa,24,Rio Grande do Norte,Nordeste,418,8,72,0.1722488038277512,4,2019-06-30,2023-09-17,8,9.0,5.5,27.0,0,True
2403004,Cruzeta,24,Rio Grande do Norte,Nordeste,418,8,38,0.09090909090909091,5,2018-05-27,2025-05-18,7,5.428571428571429,5.0,12.0,0,True
2403103,Currais Novos,24,Rio Grande do Norte,Nordeste,418,8,53,0.12679425837320574,3,2017-12-31,2022-08-07,5,10.6,2.0,32.0,0,True
2403202,Doutor Severiano,24,Rio Grande do Norte,Nordeste,418,8,60,0.14354066985645933,5,2018-11-04,2025-09-14,9,6.666666666666667,3.0,22.0,1,True
2403251,Parnamirim,24,Rio Grande do Norte,Nordeste,418,8,144,0.3444976076555024,8,2018-05-06,2025-10-19,12,12.0,11.0,27.0,2,True
2403301,Encanto,24,Rio Grande do Norte,Nordeste,418,8,40,0.09569377990430622,2,2019-08-25,2025-10-19,6,6.666666666666667,6.0,14.0,0,True
2403400,Equador,24,Rio Grande do Norte,Nordeste,418,8,40,0.09569377990430622,4,2018-06-17,2022-08-14,7,5.714285714285714,5.0,9.0,0,True
2403509,Espírito Santo,24,Rio Grande do Norte,Nordeste,418,8,51,0.12200956937799043,7,2018-07-15,2025-10-26,11,4.636363636363637,4.0,14.0,1,True
2403608,Extremoz,24,Rio Grande do Norte,Nordeste,418,8,80,0.19138755980861244,6,2018-04-29,2023-01-29,8,10.0,7.5,30.0,1,True
2403707,Felipe Guerra,24,Rio Grande do Norte,Nordeste,418,8,61,0.145933014354067,5,2021-07-25,2025-12-14,10,6.1,4.0,17.0,0,True
2403756,Fernando Pedroza,24,Rio Grande do Norte,Nordeste,418,8,67,0.16028708133971292,5,2018-02-18,2024-03-10,11,6.090909090909091,5.0,11.0,0,True
2403806,Florânia,24,Rio Grande do Norte,Nordeste,418,8,47,0.11244019138755981,4,2018-04-22,2022-05-22,7,6.714285714285714,3.0,20.0,0,True
2403905,Francisco Dantas,24,Rio Grande do Norte,Nordeste,418,8,26,0.06220095693779904,3,2019-07-21,2025-09-14,4,6.5,4.0,16.0,0,True
2404002,Frutuoso Gomes,24,Rio Grande do Norte,Nordeste,418,8,39,0.09330143540669857,4,2021-01-10,2025-12-21,10,3.9,4.0,6.0,0,True
2404101,Galinhos,24,Rio Grande do Norte,Nordeste,418,8,69,0.16507177033492823,7,2018-04-15,2024-03-31,12,5.75,4.0,15.0,0,True
2404200,Goianinha,24,Rio Grande do Norte,Nordeste,418,8,76,0.18181818181818182,6,2018-05-20,2025-12-21,10,7.6,6.0,22.0,0,True
2404309,Governador Dix-Sept Rosado,24,Rio Grande do Norte,Nordeste,418,8,65,0.15550239234449761,6,2018-05-06,2024-05-19,17,3.823529411764706,4.0,7.0,0,True
2404408,Grossos,24,Rio Grande do Norte,Nordeste,418,8,30,0.07177033492822966,4,2019-05-05,2022-07-03,6,5.0,4.0,13.0,0,True
2404507,Guamaré,24,Rio Grande do Norte,Nordeste,418,8,59,0.14114832535885166,2,2018-05-20,2019-12-22,3,19.666666666666668,22.0,24.0,0,True
2404606,Ielmo Marinho,24,Rio Grande do Norte,Nordeste,418,8,82,0.19617224880382775,6,2018-06-03,2025-10-19,13,6.3076923076923075,4.0,25.0,1,True
2404705,Ipanguaçu,24,Rio Grande do Norte,Nordeste,418,8,53,0.12679425837320574,6,2018-06-17,2024-05-19,9,5.888888888888889,4.0,13.0,0,True
2404804,Ipueira,24,Rio Grande do Norte,Nordeste,418,8,59,0.14114832535885166,6,2018-08-05,2024-04-14,8,7.375,5.0,20.0,2,True
2404853,Itajá,24,Rio Grande do Norte,Nordeste,418,8,18,0.0430622009569378,4,2018-07-29,2024-11-24,4,4.5,4.5,8.0,0,True
2404903,Itaú,24,Rio Grande do Norte,Nordeste,418,8,112,0.2679425837320574,7,2018-07-08,2025-10-19,18,6.222222222222222,4.0,23.0,0,True
2405009,Jaçanã,24,Rio Grande do Norte,Nordeste,418,8,41,0.09808612440191387,6,2018-08-26,2024-02-11,13,3.1538461538461537,2.0,7.0,0,True
2405108,Jandaíra,24,Rio Grande do Norte,Nordeste,418,8,65,0.15550239234449761,4,2018-04-29,2023-01-22,6,10.833333333333334,3.5,35.0,0,True
2405207,Janduís,24,Rio Grande do Norte,Nordeste,418,8,51,0.12200956937799043,4,2018-12-30,2023-02-19,7,7.285714285714286,4.0,27.0,0,True
2405306,Januário Cicco,24,Rio Grande do Norte,Nordeste,418,8,68,0.16267942583732056,4,2018-07-01,2022-11-27,10,6.8,4.0,23.0,2,True
2405405,Japi,24,Rio Grande do Norte,Nordeste,418,8,74,0.17703349282296652,6,2018-07-29,2025-12-28,9,8.222222222222221,7.0,20.0,1,True
2405504,Jardim de Angicos,24,Rio Grande do Norte,Nordeste,418,8,54,0.1291866028708134,3,2017-12-31,2023-12-24,5,10.8,4.0,32.0,1,True
2405603,Jardim de Piranhas,24,Rio Grande do Norte,Nordeste,418,8,57,0.13636363636363635,4,2018-05-06,2025-01-12,5,11.4,3.0,33.0,0,True
2405702,Jardim do Seridó,24,Rio Grande do Norte,Nordeste,418,8,35,0.08373205741626795,4,2018-09-09,2025-10-26,7,5.0,4.0,12.0,0,True
2405801,João Câmara,24,Rio Grande do Norte,Nordeste,418,8,80,0.19138755980861244,5,2018-05-06,2025-01-05,7,11.428571428571429,8.0,27.0,1,True
2405900,João Dias,24,Rio Grande do Norte,Nordeste,418,8,18,0.0430622009569378,2,2020-04-26,2022-07-31,2,9.0,9.0,14.0,0,True
2406007,José da Penha,24,Rio Grande do Norte,Nordeste,418,8,38,0.09090909090909091,5,2019-01-06,2025-08-31,10,3.8,4.0,9.0,1,True
2406106,Jucurutu,24,Rio Grande do Norte,Nordeste,418,8,48,0.11483253588516747,5,2017-12-31,2025-11-02,8,6.0,5.5,14.0,0,True
2406155,Jundiá,24,Rio Grande do Norte,Nordeste,418,8,65,0.15550239234449761,5,2018-05-20,2024-08-25,8,8.125,4.0,28.0,1,True
2406205,Lagoa d'Anta,24,Rio Grande do Norte,Nordeste,418,8,72,0.1722488038277512,4,2018-06-17,2024-12-22,9,8.0,4.0,30.0,1,True
2406304,Lagoa de Pedras,24,Rio Grande do Norte,Nordeste,418,8,51,0.12200956937799043,5,2018-05-06,2024-12-08,11,4.636363636363637,4.0,18.0,0,True
2406403,Lagoa de Velhos,24,Rio Grande do Norte,Nordeste,418,8,43,0.10287081339712918,5,2018-06-17,2025-12-14,8,5.375,3.0,16.0,0,True
2406502,Lagoa Nova,24,Rio Grande do Norte,Nordeste,418,8,78,0.18660287081339713,3,2017-12-31,2022-10-02,7,11.142857142857142,3.0,63.0,1,True
2406601,Lagoa Salgada,24,Rio Grande do Norte,Nordeste,418,8,79,0.18899521531100477,5,2018-04-08,2025-10-19,14,5.642857142857143,4.0,21.0,0,True
2406700,Lajes,24,Rio Grande do Norte,Nordeste,418,8,75,0.17942583732057416,7,2018-04-22,2025-11-09,7,10.714285714285714,4.0,29.0,1,True
2406809,Lajes Pintadas,24,Rio Grande do Norte,Nordeste,418,8,57,0.13636363636363635,3,2018-06-17,2022-06-12,5,11.4,8.0,27.0,0,True
2406908,Lucrécia,24,Rio Grande do Norte,Nordeste,418,8,66,0.15789473684210525,6,2019-07-07,2025-11-30,17,3.8823529411764706,4.0,10.0,0,True
2407005,Luís Gomes,24,Rio Grande do Norte,Nordeste,418,8,60,0.14354066985645933,7,2018-07-22,2025-07-20,14,4.285714285714286,4.0,14.0,0,True
2407104,Macaíba,24,Rio Grande do Norte,Nordeste,418,8,86,0.20574162679425836,7,2018-05-06,2025-12-21,10,8.6,7.0,21.0,0,True
2407203,Macau,24,Rio Grande do Norte,Nordeste,418,8,68,0.16267942583732056,6,2018-05-20,2024-12-08,9,7.555555555555555,2.0,24.0,0,True
2407252,Major Sales,24,Rio Grande do Norte,Nordeste,418,8,63,0.1507177033492823,6,2018-05-20,2025-11-16,14,4.5,4.0,10.0,0,True
2407302,Marcelino Vieira,24,Rio Grande do Norte,Nordeste,418,8,23,0.05502392344497608,4,2019-08-04,2025-12-14,6,3.8333333333333335,4.0,6.0,0,True
2407401,Martins,24,Rio Grande do Norte,Nordeste,418,8,79,0.18899521531100477,5,2019-05-26,2025-12-21,13,6.076923076923077,4.0,28.0,0,True
2407500,Maxaranguape,24,Rio Grande do Norte,Nordeste,418,8,61,0.145933014354067,7,2018-02-18,2025-09-07,15,4.066666666666666,4.0,7.0,0,True
2407609,Messias Targino,24,Rio Grande do Norte,Nordeste,418,8,64,0.15311004784688995,5,2019-05-05,2024-04-21,12,5.333333333333333,4.0,17.0,0,True
2407708,Montanhas,24,Rio Grande do Norte,Nordeste,418,8,93,0.22248803827751196,6,2018-02-25,2025-12-14,13,7.153846153846154,5.0,23.0,1,True
2407807,Monte Alegre,24,Rio Grande do Norte,Nordeste,418,8,95,0.22727272727272727,7,2018-04-08,2025-09-28,16,5.9375,4.0,28.0,1,True
2407906,Monte das Gameleiras,24,Rio Grande do Norte,Nordeste,418,8,55,0.13157894736842105,7,2018-05-13,2025-03-09,10,5.5,4.0,14.0,0,True
2408003,Mossoró,24,Rio Grande do Norte,Nordeste,418,8,29,0.06937799043062201,3,2018-05-06,2024-12-22,3,9.666666666666666,7.0,20.0,0,True
2408102,Natal,24,Rio Grande do Norte,Nordeste,418,8,79,0.18899521531100477,3,2018-04-15,2022-11-20,4,19.75,20.5,36.0,0,True
2408201,Nísia Floresta,24,Rio Grande do Norte,Nordeste,418,8,127,0.3038277511961722,7,2018-04-15,2025-10-19,13,9.76923076923077,8.0,30.0,2,True
2408300,Nova Cruz,24,Rio Grande do Norte,Nordeste,418,8,60,0.14354066985645933,5,2018-08-12,2023-10-08,9,6.666666666666667,7.0,13.0,1,True
2408409,Olho d'Água do Borges,24,Rio Grande do Norte,Nordeste,418,8,30,0.07177033492822966,6,2018-09-09,2025-11-23,7,4.285714285714286,4.0,9.0,0,True
2408508,Ouro Branco,24,Rio Grande do Norte,Nordeste,418,8,33,0.07894736842105263,3,2018-06-17,2022-09-25,5,6.6,4.0,13.0,0,True
2408607,Paraná,24,Rio Grande do Norte,Nordeste,418,8,71,0.16985645933014354,7,2018-07-29,2025-10-26,13,5.461538461538462,4.0,13.0,0,True
2408706,Paraú,24,Rio Grande do Norte,Nordeste,418,8,59,0.14114832535885166,8,2018-02-25,2025-11-23,14,4.214285714285714,4.0,7.0,0,True
2408805,Parazinho,24,Rio Grande do Norte,Nordeste,418,8,66,0.15789473684210525,4,2018-04-22,2023-01-01,5,13.2,9.0,36.0,1,True
2408904,Parelhas,24,Rio Grande do Norte,Nordeste,418,8,63,0.1507177033492823,7,2018-06-10,2025-06-29,8,7.875,5.5,17.0,0,True
2408953,Rio do Fogo,24,Rio Grande do Norte,Nordeste,418,8,84,0.20095693779904306,7,2018-05-06,2025-12-07,15,5.6,4.0,16.0,1,True
2409100,Passa e Fica,24,Rio Grande do Norte,Nordeste,418,8,65,0.15550239234449761,6,2018-05-13,2025-11-09,8,8.125,5.5,26.0,2,True
2409209,Passagem,24,Rio Grande do Norte,Nordeste,418,8,65,0.15550239234449761,6,2018-04-15,2024-11-10,14,4.642857142857143,4.0,19.0,1,True
2409308,Patu,24,Rio Grande do Norte,Nordeste,418,8,61,0.145933014354067,7,2018-09-02,2025-11-23,13,4.6923076923076925,4.0,18.0,0,True
2409332,Santa Maria,24,Rio Grande do Norte,Nordeste,418,8,46,0.11004784688995216,3,2018-05-20,2022-10-02,6,7.666666666666667,4.5,26.0,0,True
2409407,Pau dos Ferros,24,Rio Grande do Norte,Nordeste,418,8,16,0.03827751196172249,1,2019-08-18,2019-12-01,1,16.0,16.0,16.0,0,False
2409506,Pedra Grande,24,Rio Grande do Norte,Nordeste,418,8,34,0.08133971291866028,7,2018-04-22,2025-12-28,9,3.7777777777777777,3.0,11.0,1,True
2409605,Pedra Preta,24,Rio Grande do Norte,Nordeste,418,8,79,0.18899521531100477,6,2018-04-08,2025-12-28,8,9.875,8.0,25.0,0,True
2409704,Pedro Avelino,24,Rio Grande do Norte,Nordeste,418,8,78,0.18660287081339713,6,2018-04-15,2025-12-21,9,8.666666666666666,5.0,19.0,0,True
2409803,Pedro Velho,24,Rio Grande do Norte,Nordeste,418,8,99,0.23684210526315788,6,2018-06-24,2025-11-23,13,7.615384615384615,7.0,23.0,0,True
2409902,Pendências,24,Rio Grande do Norte,Nordeste,418,8,121,0.2894736842105263,6,2018-04-08,2025-11-23,13,9.307692307692308,9.0,28.0,1,True
2410009,Pilões,24,Rio Grande do Norte,Nordeste,418,8,65,0.15550239234449761,7,2018-07-15,2025-08-31,15,4.333333333333333,4.0,12.0,0,True
2410108,Poço Branco,24,Rio Grande do Norte,Nordeste,418,8,45,0.1076555023923445,5,2018-05-13,2025-11-16,8,5.625,4.0,12.0,1,True
2410207,Portalegre,24,Rio Grande do Norte,Nordeste,418,8,42,0.10047846889952153,5,2018-08-19,2025-07-27,12,3.5,3.0,8.0,0,True
2410256,Porto do Mangue,24,Rio Grande do Norte,Nordeste,418,8,28,0.06698564593301436,6,2018-07-15,2025-05-25,8,3.5,3.5,6.0,0,True
2410306,Serra Caiada,24,Rio Grande do Norte,Nordeste,418,8,60,0.14354066985645933,5,2018-05-27,2023-11-26,10,6.0,5.0,14.0,1,True
2410405,Pureza,24,Rio Grande do Norte,Nordeste,418,8,47,0.11244019138755981,5,2018-04-22,2024-12-01,7,6.714285714285714,5.0,17.0,0,True
2410504,Rafael Fernandes,24,Rio Grande do Norte,Nordeste,418,8,26,0.06220095693779904,3,2019-08-04,2024-03-24,3,8.666666666666666,5.0,16.0,0,True
2410603,Rafael Godeiro,24,Rio Grande do Norte,Nordeste,418,8,43,0.10287081339712918,4,2022-07-17,2025-11-30,8,5.375,4.0,16.0,0,True
2410702,Riacho da Cruz,24,Rio Grande do Norte,Nordeste,418,8,33,0.07894736842105263,5,2018-08-05,2025-11-23,6,5.5,5.0,11.0,0,True
2410801,Riacho de Santana,24,Rio Grande do Norte,Nordeste,418,8,36,0.0861244019138756,5,2018-08-05,2025-12-21,8,4.5,4.0,9.0,0,True
2410900,Riachuelo,24,Rio Grande do Norte,Nordeste,418,8,30,0.07177033492822966,5,2018-06-03,2025-01-05,7,4.285714285714286,3.0,8.0,0,True
2411007,Rodolfo Fernandes,24,Rio Grande do Norte,Nordeste,418,8,45,0.1076555023923445,5,2018-08-19,2025-09-28,8,5.625,4.0,14.0,0,True
2411056,Tibau,24,Rio Grande do Norte,Nordeste,418,8,50,0.11961722488038277,3,2018-07-01,2020-08-09,6,8.333333333333334,5.5,17.0,0,True
2411106,Ruy Barbosa,24,Rio Grande do Norte,Nordeste,418,8,42,0.10047846889952153,5,2018-05-27,2025-10-12,7,6.0,4.0,14.0,0,True
2411205,Santa Cruz,24,Rio Grande do Norte,Nordeste,418,8,65,0.15550239234449761,5,2018-06-24,2022-12-11,6,10.833333333333334,7.0,26.0,1,True
2411403,Santana do Matos,24,Rio Grande do Norte,Nordeste,418,8,81,0.1937799043062201,6,2018-04-15,2025-11-30,7,11.571428571428571,4.0,35.0,0,True
2411429,Santana do Seridó,24,Rio Grande do Norte,Nordeste,418,8,53,0.12679425837320574,7,2018-05-13,2025-12-28,12,4.416666666666667,3.5,12.0,0,True
2411502,Santo Antônio,24,Rio Grande do Norte,Nordeste,418,8,99,0.23684210526315788,4,2018-04-22,2022-12-25,6,16.5,10.0,54.0,1,True
2411601,São Bento do Norte,24,Rio Grande do Norte,Nordeste,418,8,56,0.1339712918660287,4,2018-04-15,2022-12-11,7,8.0,4.0,22.0,0,True
2411700,São Bento do Trairí,24,Rio Grande do Norte,Nordeste,418,8,86,0.20574162679425836,5,2018-04-29,2024-11-24,11,7.818181818181818,6.0,20.0,1,True
2411809,São Fernando,24,Rio Grande do Norte,Nordeste,418,8,33,0.07894736842105263,4,2018-05-27,2024-02-18,4,8.25,3.0,25.0,1,True
2411908,São Francisco do Oeste,24,Rio Grande do Norte,Nordeste,418,8,14,0.03349282296650718,3,2019-07-07,2024-11-24,4,3.5,3.5,5.0,0,True
2412005,São Gonçalo do Amarante,24,Rio Grande do Norte,Nordeste,418,8,82,0.19617224880382775,4,2018-05-20,2024-01-28,5,16.4,17.0,31.0,0,True
2412104,São João do Sabugi,24,Rio Grande do Norte,Nordeste,418,8,33,0.07894736842105263,6,2018-11-04,2025-10-05,11,3.0,4.0,4.0,0,True
2412203,São José de Mipibu,24,Rio Grande do Norte,Nordeste,418,8,75,0.17942583732057416,5,2018-07-08,2025-11-23,6,12.5,11.0,20.0,1,True
2412302,São José do Campestre,24,Rio Grande do Norte,Nordeste,418,8,69,0.16507177033492823,6,2018-06-03,2025-12-07,9,7.666666666666667,4.0,20.0,1,True
2412401,São José do Seridó,24,Rio Grande do Norte,Nordeste,418,8,74,0.17703349282296652,6,2018-05-27,2025-12-14,11,6.7272727272727275,6.0,15.0,0,True
2412500,São Miguel,24,Rio Grande do Norte,Nordeste,418,8,100,0.23923444976076555,7,2018-01-14,2024-05-12,11,9.090909090909092,4.0,49.0,1,True
2412559,São Miguel do Gostoso,24,Rio Grande do Norte,Nordeste,418,8,59,0.14114832535885166,4,2018-05-06,2025-12-21,9,6.555555555555555,4.0,21.0,0,True
2412609,São Paulo do Potengi,24,Rio Grande do Norte,Nordeste,418,8,61,0.145933014354067,5,2019-05-19,2024-03-31,7,8.714285714285714,5.0,21.0,0,True
2412708,São Pedro,24,Rio Grande do Norte,Nordeste,418,8,61,0.145933014354067,6,2018-06-17,2024-03-17,10,6.1,3.5,22.0,1,True
2412807,São Rafael,24,Rio Grande do Norte,Nordeste,418,8,96,0.22966507177033493,8,2018-05-13,2025-03-02,15,6.4,6.0,14.0,1,True
2412906,São Tomé,24,Rio Grande do Norte,Nordeste,418,8,90,0.215311004784689,6,2018-05-13,2024-03-10,11,8.181818181818182,4.0,31.0,1,True
2413003,São Vicente,24,Rio Grande do Norte,Nordeste,418,8,61,0.145933014354067,3,2017-12-31,2022-12-11,9,6.777777777777778,4.0,22.0,0,True
2413102,Senador Elói de Souza,24,Rio Grande do Norte,Nordeste,418,8,57,0.13636363636363635,4,2018-07-22,2024-04-07,7,8.142857142857142,5.0,19.0,0,True
2413201,Senador Georgino Avelino,24,Rio Grande do Norte,Nordeste,418,8,72,0.1722488038277512,6,2018-04-29,2025-10-05,10,7.2,5.5,19.0,0,True
2413300,Serra de São Bento,24,Rio Grande do Norte,Nordeste,418,8,68,0.16267942583732056,7,2018-06-17,2024-12-15,13,5.230769230769231,4.0,16.0,1,True
2413359,Serra do Mel,24,Rio Grande do Norte,Nordeste,418,8,50,0.11961722488038277,6,2018-07-22,2025-01-19,10,5.0,4.0,12.0,0,True
2413409,Serra Negra do Norte,24,Rio Grande do Norte,Nordeste,418,8,46,0.11004784688995216,6,2018-06-24,2024-11-17,9,5.111111111111111,4.0,21.0,0,True
2413508,Serrinha,24,Rio Grande do Norte,Nordeste,418,8,66,0.15789473684210525,7,2018-05-06,2025-12-14,11,6.0,4.0,21.0,1,True
2413557,Serrinha dos Pintos,24,Rio Grande do Norte,Nordeste,418,8,96,0.22966507177033493,7,2018-10-14,2025-12-28,13,7.384615384615385,4.0,27.0,0,True
2413607,Severiano Melo,24,Rio Grande do Norte,Nordeste,418,8,71,0.16985645933014354,6,2020-03-29,2025-03-09,9,7.888888888888889,4.0,23.0,0,True
2413706,Sítio Novo,24,Rio Grande do Norte,Nordeste,418,8,68,0.16267942583732056,4,2018-01-07,2023-01-15,9,7.555555555555555,6.0,27.0,1,True
2413805,Taboleiro Grande,24,Rio Grande do Norte,Nordeste,418,8,60,0.14354066985645933,6,2019-06-30,2025-06-01,10,6.0,4.0,18.0,1,True
2413904,Taipu,24,Rio Grande do Norte,Nordeste,418,8,75,0.17942583732057416,6,2018-04-29,2024-12-15,13,5.769230769230769,4.0,18.0,0,True
2414001,Tangará,24,Rio Grande do Norte,Nordeste,418,8,62,0.14832535885167464,5,2018-06-17,2023-12-10,6,10.333333333333334,8.0,25.0,1,True
2414100,Tenente Ananias,24,Rio Grande do Norte,Nordeste,418,8,87,0.20813397129186603,7,2018-01-28,2025-08-31,12,7.25,4.0,37.0,1,True
2414159,Tenente Laurentino Cruz,24,Rio Grande do Norte,Nordeste,418,8,82,0.19617224880382775,5,2018-04-08,2024-04-21,9,9.11111111111111,4.0,24.0,0,True
2414209,Tibau do Sul,24,Rio Grande do Norte,Nordeste,418,8,80,0.19138755980861244,6,2018-04-15,2025-12-28,13,6.153846153846154,4.0,27.0,1,True
2414308,Timbaúba dos Batistas,24,Rio Grande do Norte,Nordeste,418,8,53,0.12679425837320574,7,2018-06-10,2025-10-05,13,4.076923076923077,3.0,18.0,0,True
2414407,Touros,24,Rio Grande do Norte,Nordeste,418,8,88,0.21052631578947367,8,2018-05-13,2025-11-30,12,7.333333333333333,4.0,18.0,2,True
2414456,Triunfo Potiguar,24,Rio Grande do Norte,Nordeste,418,8,58,0.13875598086124402,5,2018-06-10,2025-05-25,7,8.285714285714286,4.0,23.0,0,True
2414506,Umarizal,24,Rio Grande do Norte,Nordeste,418,8,37,0.08851674641148326,6,2018-08-26,2025-12-28,10,3.7,4.0,5.0,0,True
2414605,Upanema,24,Rio Grande do Norte,Nordeste,418,8,92,0.22009569377990432,7,2019-04-21,2025-02-16,14,6.571428571428571,5.0,20.0,0,True
2414704,Várzea,24,Rio Grande do Norte,Nordeste,418,8,55,0.13157894736842105,6,2018-05-06,2025-09-21,9,6.111111111111111,4.0,18.0,0,True
2414753,Venha-Ver,24,Rio Grande do Norte,Nordeste,418,8,68,0.16267942583732056,6,2019-08-11,2025-09-21,12,5.666666666666667,4.0,12.0,0,True
2414803,Vera Cruz,24,Rio Grande do Norte,Nordeste,418,8,49,0.11722488038277512,4,2018-06-10,2025-12-28,10,4.9,4.5,17.0,1,True
2414902,Viçosa,24,Rio Grande do Norte,Nordeste,418,8,22,0.05263157894736842,3,2019-06-23,2023-09-24,7,3.142857142857143,4.0,4.0,0,True
2415008,Vila Flor,24,Rio Grande do Norte,Nordeste,418,8,25,0.05980861244019139,4,2019-06-16,2024-04-07,6,4.166666666666667,4.0,7.0,0,True
2500106,Água Branca,25,Paraíba,Nordeste,418,8,99,0.23684210526315788,6,2018-04-08,2025-11-09,13,7.615384615384615,4.0,32.0,0,True
2500205,Aguiar,25,Paraíba,Nordeste,418,8,79,0.18899521531100477,7,2018-04-22,2025-10-12,12,6.583333333333333,4.0,25.0,0,True
2500304,Alagoa Grande,25,Paraíba,Nordeste,418,8,81,0.1937799043062201,7,2018-08-12,2025-12-28,10,8.1,5.0,26.0,1,True
2500403,Alagoa Nova,25,Paraíba,Nordeste,418,8,46,0.11004784688995216,5,2018-07-22,2025-03-09,6,7.666666666666667,7.0,14.0,0,True
2500502,Alagoinha,25,Paraíba,Nordeste,418,8,48,0.11483253588516747,5,2018-07-22,2024-12-22,9,5.333333333333333,4.0,15.0,0,True
2500536,Alcantil,25,Paraíba,Nordeste,418,8,47,0.11244019138755981,4,2018-04-22,2023-06-04,7,6.714285714285714,4.0,20.0,0,True
2500577,Algodão de Jandaíra,25,Paraíba,Nordeste,418,8,58,0.13875598086124402,5,2018-05-13,2022-08-21,11,5.2727272727272725,4.0,17.0,0,True
2500601,Alhandra,25,Paraíba,Nordeste,418,8,20,0.04784688995215311,3,2019-05-12,2022-06-26,4,5.0,6.0,7.0,0,True
2500700,São João do Rio do Peixe,25,Paraíba,Nordeste,418,8,46,0.11004784688995216,7,2018-05-06,2025-02-09,11,4.181818181818182,4.0,11.0,2,True
2500734,Amparo,25,Paraíba,Nordeste,418,8,70,0.1674641148325359,6,2019-05-26,2025-12-28,12,5.833333333333333,5.0,11.0,0,True
2500775,Aparecida,25,Paraíba,Nordeste,418,8,40,0.09569377990430622,5,2018-05-06,2025-12-14,8,5.0,3.5,16.0,1,True
2500809,Araçagi,25,Paraíba,Nordeste,418,8,88,0.21052631578947367,6,2019-05-26,2024-04-07,9,9.777777777777779,7.0,34.0,1,True
2500908,Arara,25,Paraíba,Nordeste,418,8,68,0.16267942583732056,5,2018-04-22,2022-12-25,13,5.230769230769231,4.0,16.0,0,True
2501005,Araruna,25,Paraíba,Nordeste,418,8,92,0.22009569377990432,7,2018-04-22,2025-08-17,12,7.666666666666667,5.0,18.0,0,True
2501104,Areia,25,Paraíba,Nordeste,418,8,31,0.07416267942583732,4,2018-06-17,2022-07-10,6,5.166666666666667,4.5,12.0,0,True
2501153,Areia de Baraúnas,25,Paraíba,Nordeste,418,8,67,0.16028708133971292,7,2018-04-01,2025-07-27,11,6.090909090909091,6.0,14.0,0,True
2501203,Areial,25,Paraíba,Nordeste,418,8,56,0.1339712918660287,8,2018-05-20,2025-11-30,15,3.7333333333333334,3.0,13.0,0,True
2501302,Aroeiras,25,Paraíba,Nordeste,418,8,71,0.16985645933014354,7,2018-05-06,2024-04-07,10,7.1,3.5,25.0,0,True
2501351,Assunção,25,Paraíba,Nordeste,418,8,70,0.1674641148325359,5,2017-12-31,2024-04-14,11,6.363636363636363,4.0,17.0,0,True
2501401,Baía da Traição,25,Paraíba,Nordeste,418,8,55,0.13157894736842105,6,2018-05-27,2024-04-28,8,6.875,4.5,16.0,1,True
2501500,Bananeiras,25,Paraíba,Nordeste,418,8,70,0.1674641148325359,5,2019-05-05,2025-03-09,9,7.777777777777778,5.0,34.0,1,True
2501534,Baraúna,25,Paraíba,Nordeste,418,8,73,0.17464114832535885,6,2018-04-08,2024-02-18,13,5.615384615384615,4.0,23.0,0,True
2501575,Barra de Santana,25,Paraíba,Nordeste,418,8,47,0.11244019138755981,6,2018-04-22,2025-12-21,8,5.875,5.0,16.0,0,True
2501609,Barra de Santa Rosa,25,Paraíba,Nordeste,418,8,77,0.18421052631578946,4,2018-06-03,2025-12-07,10,7.7,4.5,23.0,0,True
2501708,Barra de São Miguel,25,Paraíba,Nordeste,418,8,70,0.1674641148325359,6,2018-07-01,2025-11-16,13,5.384615384615385,4.0,20.0,0,True
2501807,Bayeux,25,Paraíba,Nordeste,418,8,53,0.12679425837320574,7,2018-07-29,2024-03-24,7,7.571428571428571,4.0,35.0,1,True
2501906,Belém,25,Paraíba,Nordeste,418,8,37,0.08851674641148326,4,2018-07-01,2022-03-20,5,7.4,8.0,10.0,0,True
2502003,Belém do Brejo do Cruz,25,Paraíba,Nordeste,418,8,17,0.04066985645933014,3,2022-06-05,2025-02-02,5,3.4,4.0,5.0,0,True
2502052,Bernardino Batista,25,Paraíba,Nordeste,418,8,72,0.1722488038277512,5,2018-01-28,2024-07-28,9,8.0,5.0,22.0,0,True
2502102,Boa Ventura,25,Paraíba,Nordeste,418,8,83,0.19856459330143542,7,2018-08-26,2025-12-28,15,5.533333333333333,4.0,20.0,0,True
2502151,Boa Vista,25,Paraíba,Nordeste,418,8,59,0.14114832535885166,5,2018-01-07,2025-12-07,11,5.363636363636363,4.0,19.0,0,True
2502201,Bom Jesus,25,Paraíba,Nordeste,418,8,27,0.0645933014354067,5,2018-05-20,2025-04-27,7,3.857142857142857,4.0,7.0,0,True
2502300,Bom Sucesso,25,Paraíba,Nordeste,418,8,84,0.20095693779904306,7,2018-05-20,2025-08-10,15,5.6,4.0,22.0,0,True
2502409,Bonito de Santa Fé,25,Paraíba,Nordeste,418,8,50,0.11961722488038277,4,2017-12-31,2024-06-30,8,6.25,4.0,16.0,0,True
2502508,Boqueirão,25,Paraíba,Nordeste,418,8,43,0.10287081339712918,3,2018-03-25,2022-07-31,7,6.142857142857143,5.0,21.0,0,True
2502607,Igaracy,25,Paraíba,Nordeste,418,8,69,0.16507177033492823,6,2018-12-02,2025-12-28,13,5.3076923076923075,4.0,13.0,2,True
2502706,Borborema,25,Paraíba,Nordeste,418,8,46,0.11004784688995216,6,2019-06-02,2025-03-23,8,5.75,5.0,12.0,0,True
2502805,Brejo do Cruz,25,Paraíba,Nordeste,418,8,73,0.17464114832535885,6,2018-07-15,2023-12-24,12,6.083333333333333,4.0,28.0,0,True
2502904,Brejo dos Santos,25,Paraíba,Nordeste,418,8,31,0.07416267942583732,4,2018-08-19,2024-03-24,7,4.428571428571429,4.0,9.0,0,True
2503001,Caaporã,25,Paraíba,Nordeste,418,8,59,0.14114832535885166,2,2018-12-30,2021-11-28,5,11.8,5.0,28.0,0,True
2503100,Cabaceiras,25,Paraíba,Nordeste,418,8,58,0.13875598086124402,7,2018-03-25,2025-11-02,13,4.461538461538462,4.0,12.0,0,True
2503209,Cabedelo,25,Paraíba,Nordeste,418,8,100,0.23923444976076555,6,2018-06-17,2025-12-28,8,12.5,6.5,29.0,1,True
2503308,Cachoeira dos Índios,25,Paraíba,Nordeste,418,8,24,0.05741626794258373,5,2019-07-07,2024-10-20,7,3.4285714285714284,3.0,8.0,1,True
2503407,Cacimba de Areia,25,Paraíba,Nordeste,418,8,64,0.15311004784688995,5,2019-01-20,2025-09-21,9,7.111111111111111,4.0,21.0,0,True
2503506,Cacimba de Dentro,25,Paraíba,Nordeste,418,8,84,0.20095693779904306,5,2018-06-24,2025-12-21,8,10.5,6.0,26.0,1,True
2503555,Cacimbas,25,Paraíba,Nordeste,418,8,19,0.045454545454545456,3,2018-09-02,2022-10-02,5,3.8,4.0,4.0,0,True
2503605,Caiçara,25,Paraíba,Nordeste,418,8,51,0.12200956937799043,6,2019-06-09,2025-11-02,9,5.666666666666667,4.0,17.0,1,True
2503704,Cajazeiras,25,Paraíba,Nordeste,418,8,41,0.09808612440191387,5,2018-07-08,2024-12-22,8,5.125,3.5,15.0,1,True
2503753,Cajazeirinhas,25,Paraíba,Nordeste,418,8,44,0.10526315789473684,6,2018-06-24,2025-11-23,10,4.4,4.0,7.0,0,True
2503803,Caldas Brandão,25,Paraíba,Nordeste,418,8,46,0.11004784688995216,4,2018-06-10,2023-12-24,9,5.111111111111111,4.0,16.0,0,True
2503902,Camalaú,25,Paraíba,Nordeste,418,8,65,0.15550239234449761,7,2018-05-06,2025-12-07,10,6.5,4.0,29.0,1,True
2504009,Campina Grande,25,Paraíba,Nordeste,418,8,44,0.10526315789473684,5,2017-12-31,2025-11-02,11,4.0,2.0,19.0,0,True
2504033,Capim,25,Paraíba,Nordeste,418,8,19,0.045454545454545456,3,2019-04-21,2025-09-07,4,4.75,4.5,6.0,0,True
2504074,Caraúbas,25,Paraíba,Nordeste,418,8,62,0.14832535885167464,7,2018-06-17,2025-12-28,15,4.133333333333334,4.0,7.0,1,True
2504108,Carrapateira,25,Paraíba,Nordeste,418,8,37,0.08851674641148326,5,2021-02-14,2025-07-27,9,4.111111111111111,4.0,9.0,0,True
2504157,Casserengue,25,Paraíba,Nordeste,418,8,52,0.12440191387559808,5,2018-07-01,2025-09-21,6,8.666666666666666,9.5,14.0,1,True
2504207,Catingueira,25,Paraíba,Nordeste,418,8,50,0.11961722488038277,6,2018-04-15,2024-11-24,13,3.8461538461538463,4.0,11.0,0,True
2504306,Catolé do Rocha,25,Paraíba,Nordeste,418,8,37,0.08851674641148326,4,2018-06-24,2024-05-19,7,5.285714285714286,3.0,11.0,0,True
2504355,Caturité,25,Paraíba,Nordeste,418,8,51,0.12200956937799043,4,2017-12-31,2022-10-30,6,8.5,7.5,23.0,0,True
2504405,Conceição,25,Paraíba,Nordeste,418,8,40,0.09569377990430622,5,2018-11-18,2025-10-26,9,4.444444444444445,4.0,10.0,0,True
2504504,Condado,25,Paraíba,Nordeste,418,8,58,0.13875598086124402,5,2018-05-06,2022-10-23,9,6.444444444444445,4.0,26.0,0,True
2504603,Conde,25,Paraíba,Nordeste,418,8,60,0.14354066985645933,5,2018-10-21,2022-12-11,5,12.0,6.0,38.0,1,True
2504702,Congo,25,Paraíba,Nordeste,418,8,85,0.20334928229665072,6,2018-05-20,2024-04-28,12,7.083333333333333,6.5,15.0,0,True
2504801,Coremas,25,Paraíba,Nordeste,418,8,81,0.1937799043062201,6,2018-04-01,2025-11-09,10,8.1,4.0,25.0,2,True
2504850,Coxixola,25,Paraíba,Nordeste,418,8,26,0.06220095693779904,3,2020-05-24,2024-12-22,5,5.2,4.0,8.0,0,True
2504900,Cruz do Espírito Santo,25,Paraíba,Nordeste,418,8,30,0.07177033492822966,6,2018-10-14,2025-11-16,8,3.75,4.0,8.0,0,True
2505006,Cubati,25,Paraíba,Nordeste,418,8,52,0.12440191387559808,6,2018-06-03,2024-12-29,11,4.7272727272727275,2.0,14.0,1,True
2505105,Cuité,25,Paraíba,Nordeste,418,8,80,0.19138755980861244,5,2018-05-20,2025-12-28,10,8.0,5.0,18.0,0,True
2505204,Cuitegi,25,Paraíba,Nordeste,418,8,34,0.08133971291866028,4,2018-06-17,2025-02-16,8,4.25,2.5,17.0,0,True
2505238,Cuité de Mamanguape,25,Paraíba,Nordeste,418,8,43,0.10287081339712918,5,2019-05-05,2024-04-07,7,6.142857142857143,6.0,9.0,0,True
2505279,Curral de Cima,25,Paraíba,Nordeste,418,8,42,0.10047846889952153,4,2019-08-04,2022-06-05,7,6.0,6.0,9.0,0,True
2505303,Curral Velho,25,Paraíba,Nordeste,418,8,48,0.11483253588516747,6,2018-05-06,2025-10-05,10,4.8,4.0,8.0,0,True
2505352,Damião,25,Paraíba,Nordeste,418,8,25,0.05980861244019139,3,2018-06-17,2022-06-12,6,4.166666666666667,4.0,8.0,0,True
2505402,Desterro,25,Paraíba,Nordeste,418,8,40,0.09569377990430622,3,2019-06-16,2024-05-12,4,10.0,8.5,19.0,0,True
2505501,Vista Serrana,25,Paraíba,Nordeste,418,8,69,0.16507177033492823,7,2018-07-15,2025-11-30,9,7.666666666666667,5.0,27.0,0,True
2505600,Diamante,25,Paraíba,Nordeste,418,8,37,0.08851674641148326,4,2020-07-12,2025-12-21,7,5.285714285714286,4.0,14.0,0,True
2505709,Dona Inês,25,Paraíba,Nordeste,418,8,50,0.11961722488038277,4,2018-09-23,2022-10-30,7,7.142857142857143,4.0,21.0,1,True
2505808,Duas Estradas,25,Paraíba,Nordeste,418,8,16,0.03827751196172249,4,2019-05-12,2024-01-28,5,3.2,4.0,4.0,1,True
2505907,Emas,25,Paraíba,Nordeste,418,8,61,0.145933014354067,6,2019-07-07,2025-09-28,11,5.545454545454546,4.0,18.0,0,True
2506004,Esperança,25,Paraíba,Nordeste,418,8,76,0.18181818181818182,4,2018-07-01,2022-05-29,8,9.5,5.0,29.0,0,True
2506103,Fagundes,25,Paraíba,Nordeste,418,8,28,0.06698564593301436,4,2018-11-18,2023-11-26,10,2.8,3.0,6.0,0,True
2506202,Frei Martinho,25,Paraíba,Nordeste,418,8,41,0.09808612440191387,4,2019-09-08,2025-12-28,6,6.833333333333333,1.0,21.0,0,True
2506251,Gado Bravo,25,Paraíba,Nordeste,418,8,66,0.15789473684210525,7,2018-04-15,2025-11-02,12,5.5,4.0,17.0,0,True
2506301,Guarabira,25,Paraíba,Nordeste,418,8,51,0.12200956937799043,3,2019-01-06,2025-12-07,5,10.2,6.0,21.0,0,True
2506400,Gurinhém,25,Paraíba,Nordeste,418,8,47,0.11244019138755981,6,2017-12-31,2024-03-31,9,5.222222222222222,4.0,18.0,0,True
2506509,Gurjão,25,Paraíba,Nordeste,418,8,28,0.06698564593301436,4,2018-07-08,2025-06-22,4,7.0,8.0,10.0,0,True
2506608,Ibiara,25,Paraíba,Nordeste,418,8,42,0.10047846889952153,3,2021-11-07,2025-12-14,6,7.0,5.5,15.0,0,True
2506707,Imaculada,25,Paraíba,Nordeste,418,8,56,0.1339712918660287,5,2018-01-07,2024-08-25,8,7.0,4.0,20.0,0,True
2506806,Ingá,25,Paraíba,Nordeste,418,8,79,0.18899521531100477,7,2018-05-06,2025-12-14,9,8.777777777777779,7.0,19.0,0,True
2506905,Itabaiana,25,Paraíba,Nordeste,418,8,92,0.22009569377990432,7,2018-05-20,2024-12-22,15,6.133333333333334,4.0,19.0,0,True
2507002,Itaporanga,25,Paraíba,Nordeste,418,8,74,0.17703349282296652,5,2019-08-04,2025-12-28,14,5.285714285714286,4.0,15.0,0,True
2507101,Itapororoca,25,Paraíba,Nordeste,418,8,76,0.18181818181818182,7,2018-05-27,2025-12-28,10,7.6,4.0,35.0,1,True
2507200,Itatuba,25,Paraíba,Nordeste,418,8,42,0.10047846889952153,6,2018-12-02,2024-02-18,7,6.0,4.0,22.0,0,True
2507309,Jacaraú,25,Paraíba,Nordeste,418,8,30,0.07177033492822966,6,2018-11-25,2025-12-28,8,3.75,4.0,6.0,0,True
2507408,Jericó,25,Paraíba,Nordeste,418,8,41,0.09808612440191387,3,2018-07-08,2022-08-21,5,8.2,6.0,16.0,0,True
2507507,João Pessoa,25,Paraíba,Nordeste,418,8,98,0.23444976076555024,6,2018-08-19,2024-04-07,6,16.333333333333332,11.5,41.0,2,True
2507606,Juarez Távora,25,Paraíba,Nordeste,418,8,49,0.11722488038277512,6,2018-05-13,2024-11-24,10,4.9,4.0,13.0,0,True
2507705,Juazeirinho,25,Paraíba,Nordeste,418,8,72,0.1722488038277512,4,2018-05-06,2022-12-18,7,10.285714285714286,4.0,35.0,1,True
2507804,Junco do Seridó,25,Paraíba,Nordeste,418,8,46,0.11004784688995216,4,2017-12-31,2023-01-01,7,6.571428571428571,8.0,13.0,0,True
2507903,Juripiranga,25,Paraíba,Nordeste,418,8,54,0.1291866028708134,5,2018-08-26,2025-07-13,13,4.153846153846154,4.0,9.0,0,True
2508000,Juru,25,Paraíba,Nordeste,418,8,68,0.16267942583732056,7,2018-06-10,2025-12-28,15,4.533333333333333,3.0,20.0,1,True
2508109,Lagoa,25,Paraíba,Nordeste,418,8,49,0.11722488038277512,4,2018-05-06,2024-01-28,6,8.166666666666666,5.5,24.0,0,True
2508208,Lagoa de Dentro,25,Paraíba,Nordeste,418,8,41,0.09808612440191387,7,2018-11-11,2024-10-27,9,4.555555555555555,4.0,11.0,0,True
2508307,Lagoa Seca,25,Paraíba,Nordeste,418,8,89,0.21291866028708134,6,2018-03-11,2025-10-26,17,5.235294117647059,4.0,23.0,0,True
2508406,Lastro,25,Paraíba,Nordeste,418,8,61,0.145933014354067,4,2017-12-31,2025-06-08,8,7.625,4.0,23.0,0,True
2508505,Livramento,25,Paraíba,Nordeste,418,8,56,0.1339712918660287,4,2019-04-28,2025-10-12,7,8.0,5.0,20.0,0,True
2508554,Logradouro,25,Paraíba,Nordeste,418,8,34,0.08133971291866028,5,2018-07-22,2025-06-15,8,4.25,4.0,9.0,0,True
2508604,Lucena,25,Paraíba,Nordeste,418,8,45,0.1076555023923445,5,2018-11-25,2024-03-17,11,4.090909090909091,4.0,16.0,0,True
2508703,Mãe d'Água,25,Paraíba,Nordeste,418,8,26,0.06220095693779904,5,2020-11-08,2025-01-05,5,5.2,4.0,8.0,1,True
2508802,Malta,25,Paraíba,Nordeste,418,8,58,0.13875598086124402,6,2019-05-12,2024-05-12,11,5.2727272727272725,4.0,12.0,1,True
2508901,Mamanguape,25,Paraíba,Nordeste,418,8,52,0.12440191387559808,7,2019-05-05,2025-09-14,7,7.428571428571429,5.0,26.0,1,True
2509008,Manaíra,25,Paraíba,Nordeste,418,8,86,0.20574162679425836,4,2018-05-27,2023-12-17,10,8.6,4.5,23.0,0,True
2509057,Marcação,25,Paraíba,Nordeste,418,8,35,0.08373205741626795,3,2019-03-17,2022-06-19,5,7.0,4.0,16.0,0,True
2509107,Mari,25,Paraíba,Nordeste,418,8,62,0.14832535885167464,4,2018-08-05,2024-03-31,8,7.75,6.0,21.0,0,True
2509156,Marizópolis,25,Paraíba,Nordeste,418,8,43,0.10287081339712918,5,2018-07-22,2025-02-16,10,4.3,4.0,13.0,1,True
2509206,Massaranduba,25,Paraíba,Nordeste,418,8,65,0.15550239234449761,6,2018-01-07,2025-04-20,10,6.5,4.0,23.0,1,True
2509305,Mataraca,25,Paraíba,Nordeste,418,8,62,0.14832535885167464,6,2018-04-22,2024-03-17,9,6.888888888888889,4.0,23.0,0,True
2509339,Matinhas,25,Paraíba,Nordeste,418,8,75,0.17942583732057416,7,2018-02-04,2025-06-08,13,5.769230769230769,4.0,12.0,0,True
2509370,Mato Grosso,25,Paraíba,Nordeste,418,8,40,0.09569377990430622,5,2019-04-28,2024-03-24,7,5.714285714285714,4.0,14.0,0,True
2509396,Maturéia,25,Paraíba,Nordeste,418,8,50,0.11961722488038277,6,2018-08-05,2025-12-28,8,6.25,4.0,17.0,0,True
2509404,Mogeiro,25,Paraíba,Nordeste,418,8,56,0.1339712918660287,4,2018-05-27,2022-07-24,7,8.0,7.0,14.0,0,True
2509503,Montadas,25,Paraíba,Nordeste,418,8,93,0.22248803827751196,6,2018-04-08,2024-09-15,11,8.454545454545455,4.0,31.0,0,True
2509602,Monte Horebe,25,Paraíba,Nordeste,418,8,7,0.01674641148325359,2,2018-08-19,2022-10-09,2,3.5,3.5,4.0,0,True
2509701,Monteiro,25,Paraíba,Nordeste,418,8,98,0.23444976076555024,8,2018-09-23,2025-10-26,19,5.157894736842105,4.0,18.0,1,True
2509800,Mulungu,25,Paraíba,Nordeste,418,8,46,0.11004784688995216,5,2019-07-07,2024-03-31,10,4.6,4.0,9.0,2,True
2509909,Natuba,25,Paraíba,Nordeste,418,8,74,0.17703349282296652,5,2018-04-01,2025-11-30,13,5.6923076923076925,4.0,18.0,0,True
2510006,Nazarezinho,25,Paraíba,Nordeste,418,8,53,0.12679425837320574,6,2018-05-27,2025-12-14,10,5.3,4.0,15.0,0,True
2510105,Nova Floresta,25,Paraíba,Nordeste,418,8,77,0.18421052631578946,7,2018-06-24,2024-10-20,13,5.923076923076923,5.0,17.0,2,True
2510204,Nova Olinda,25,Paraíba,Nordeste,418,8,66,0.15789473684210525,7,2018-07-15,2025-12-28,11,6.0,4.0,21.0,1,True
2510303,Nova Palmeira,25,Paraíba,Nordeste,418,8,78,0.18660287081339713,6,2018-07-15,2024-12-15,14,5.571428571428571,4.0,24.0,1,True
2510402,Olho d'Água,25,Paraíba,Nordeste,418,8,91,0.21770334928229665,7,2018-06-10,2025-12-28,14,6.5,4.0,17.0,1,True
2510501,Olivedos,25,Paraíba,Nordeste,418,8,71,0.16985645933014354,6,2018-04-29,2025-10-12,13,5.461538461538462,4.0,20.0,1,True
2510600,Ouro Velho,25,Paraíba,Nordeste,418,8,64,0.15311004784688995,4,2019-04-28,2024-12-22,10,6.4,4.0,21.0,0,True
2510659,Parari,25,Paraíba,Nordeste,418,8,49,0.11722488038277512,5,2018-07-15,2025-03-09,9,5.444444444444445,4.0,12.0,0,True
2510709,Passagem,25,Paraíba,Nordeste,418,8,26,0.06220095693779904,5,2018-07-22,2023-10-22,6,4.333333333333333,4.0,8.0,0,True
2510808,Patos,25,Paraíba,Nordeste,418,8,98,0.23444976076555024,7,2018-05-20,2025-12-21,18,5.444444444444445,2.5,23.0,1,True
2510907,Paulista,25,Paraíba,Nordeste,418,8,34,0.08133971291866028,6,2018-06-03,2025-12-28,7,4.857142857142857,4.0,15.0,0,True
2511004,Pedra Branca,25,Paraíba,Nordeste,418,8,66,0.15789473684210525,5,2020-05-03,2025-12-28,8,8.25,4.0,22.0,0,True
2511103,Pedra Lavrada,25,Paraíba,Nordeste,418,8,43,0.10287081339712918,6,2018-06-03,2023-12-10,10,4.3,2.5,20.0,0,True
2511202,Pedras de Fogo,25,Paraíba,Nordeste,418,8,48,0.11483253588516747,5,2018-08-19,2024-12-15,9,5.333333333333333,4.0,9.0,0,True
2511301,Piancó,25,Paraíba,Nordeste,418,8,55,0.13157894736842105,5,2018-07-15,2025-12-28,8,6.875,7.0,13.0,1,True
2511400,Picuí,25,Paraíba,Nordeste,418,8,67,0.16028708133971292,6,2018-08-19,2023-07-02,11,6.090909090909091,4.0,25.0,2,True
2511509,Pilar,25,Paraíba,Nordeste,418,8,30,0.07177033492822966,5,2018-08-12,2025-10-12,9,3.3333333333333335,2.0,9.0,0,True
2511608,Pilões,25,Paraíba,Nordeste,418,8,47,0.11244019138755981,7,2018-08-05,2025-03-16,8,5.875,5.5,11.0,0,True
2511707,Pilõezinhos,25,Paraíba,Nordeste,418,8,52,0.12440191387559808,6,2019-06-30,2025-02-23,7,7.428571428571429,6.0,24.0,0,True
2511806,Pirpirituba,25,Paraíba,Nordeste,418,8,42,0.10047846889952153,2,2019-08-18,2025-12-28,5,8.4,5.0,18.0,0,True
2511905,Pitimbu,25,Paraíba,Nordeste,418,8,85,0.20334928229665072,8,2018-05-13,2025-11-30,14,6.071428571428571,4.0,17.0,1,True
2512002,Pocinhos,25,Paraíba,Nordeste,418,8,53,0.12679425837320574,6,2018-05-13,2025-12-28,12,4.416666666666667,3.5,13.0,0,True
2512036,Poço Dantas,25,Paraíba,Nordeste,418,8,81,0.1937799043062201,6,2018-05-20,2024-06-02,10,8.1,5.5,26.0,1,True
2512077,Poço de José de Moura,25,Paraíba,Nordeste,418,8,42,0.10047846889952153,5,2018-07-22,2024-10-20,8,5.25,2.5,16.0,0,True
2512101,Pombal,25,Paraíba,Nordeste,418,8,75,0.17942583732057416,5,2018-06-03,2024-03-03,8,9.375,4.0,24.0,0,True
2512200,Prata,25,Paraíba,Nordeste,418,8,57,0.13636363636363635,6,2018-04-29,2025-11-30,9,6.333333333333333,5.0,12.0,0,True
2512309,Princesa Isabel,25,Paraíba,Nordeste,418,8,64,0.15311004784688995,5,2018-05-27,2025-12-28,10,6.4,6.0,17.0,1,True
2512408,Puxinanã,25,Paraíba,Nordeste,418,8,96,0.22966507177033493,7,2018-06-03,2025-12-14,17,5.647058823529412,4.0,26.0,0,True
2512507,Queimadas,25,Paraíba,Nordeste,418,8,56,0.1339712918660287,3,2018-01-21,2021-10-31,4,14.0,12.5,29.0,0,True
2512606,Quixaba,25,Paraíba,Nordeste,418,8,56,0.1339712918660287,3,2019-04-07,2023-10-22,7,8.0,5.0,29.0,0,True
2512705,Remígio,25,Paraíba,Nordeste,418,8,72,0.1722488038277512,4,2018-06-10,2022-11-20,7,10.285714285714286,8.0,17.0,0,True
2512721,Pedro Régis,25,Paraíba,Nordeste,418,8,67,0.16028708133971292,6,2018-11-04,2023-12-17,10,6.7,6.5,16.0,0,True
2512747,Riachão,25,Paraíba,Nordeste,418,8,31,0.07416267942583732,5,2018-06-10,2024-12-22,8,3.875,4.0,8.0,0,True
2512754,Riachão do Bacamarte,25,Paraíba,Nordeste,418,8,59,0.14114832535885166,6,2018-02-11,2024-08-25,7,8.428571428571429,4.0,29.0,0,True
2512762,Riachão do Poço,25,Paraíba,Nordeste,418,8,47,0.11244019138755981,6,2018-07-08,2024-12-29,11,4.2727272727272725,4.0,8.0,1,True
2512788,Riacho de Santo Antônio,25,Paraíba,Nordeste,418,8,68,0.16267942583732056,6,2018-05-20,2024-03-24,12,5.666666666666667,4.0,27.0,0,True
2512804,Riacho dos Cavalos,25,Paraíba,Nordeste,418,8,39,0.09330143540669857,5,2019-04-28,2024-03-31,8,4.875,4.5,9.0,1,True
2512903,Rio Tinto,25,Paraíba,Nordeste,418,8,51,0.12200956937799043,6,2019-08-04,2024-12-29,9,5.666666666666667,4.0,16.0,1,True
2513000,Salgadinho,25,Paraíba,Nordeste,418,8,51,0.12200956937799043,6,2018-05-06,2024-12-08,7,7.285714285714286,5.0,22.0,0,True
2513109,Salgado de São Félix,25,Paraíba,Nordeste,418,8,70,0.1674641148325359,7,2018-05-20,2024-12-29,9,7.777777777777778,6.0,21.0,2,True
2513158,Santa Cecília,25,Paraíba,Nordeste,418,8,37,0.08851674641148326,5,2018-05-13,2025-05-25,10,3.7,3.0,8.0,0,True
2513208,Santa Cruz,25,Paraíba,Nordeste,418,8,65,0.15550239234449761,7,2018-05-06,2025-12-28,13,5.0,4.0,15.0,1,True
2513307,Santa Helena,25,Paraíba,Nordeste,418,8,41,0.09808612440191387,4,2019-06-30,2024-05-05,7,5.857142857142857,5.0,10.0,0,True
2513356,Santa Inês,25,Paraíba,Nordeste,418,8,11,0.02631578947368421,3,2018-04-29,2024-03-03,3,3.6666666666666665,4.0,5.0,0,True
2513406,Santa Luzia,25,Paraíba,Nordeste,418,8,39,0.09330143540669857,3,2018-04-22,2022-09-04,4,9.75,9.0,20.0,0,True
2513505,Santana de Mangueira,25,Paraíba,Nordeste,418,8,20,0.04784688995215311,3,2022-04-17,2024-05-12,4,5.0,4.5,7.0,0,True
2513604,Santana dos Garrotes,25,Paraíba,Nordeste,418,8,83,0.19856459330143542,7,2018-06-17,2025-11-23,13,6.384615384615385,7.0,14.0,1,True
2513653,Joca Claudino,25,Paraíba,Nordeste,418,8,61,0.145933014354067,4,2018-06-03,2024-10-20,11,5.545454545454546,5.0,14.0,1,True
2513703,Santa Rita,25,Paraíba,Nordeste,418,8,34,0.08133971291866028,4,2019-07-14,2024-03-24,3,11.333333333333334,5.0,26.0,1,True
2513802,Santa Teresinha,25,Paraíba,Nordeste,418,8,23,0.05502392344497608,4,2018-05-13,2024-12-01,5,4.6,4.0,9.0,0,True
2513851,Santo André,25,Paraíba,Nordeste,418,8,61,0.145933014354067,5,2018-04-08,2024-11-10,7,8.714285714285714,4.0,36.0,1,True
2513901,São Bento,25,Paraíba,Nordeste,418,8,62,0.14832535885167464,4,2018-06-10,2025-12-07,6,10.333333333333334,4.5,32.0,0,True
2513927,São Bentinho,25,Paraíba,Nordeste,418,8,42,0.10047846889952153,6,2018-08-05,2025-10-26,9,4.666666666666667,4.0,12.0,0,True
2513943,São Domingos do Cariri,25,Paraíba,Nordeste,418,8,58,0.13875598086124402,6,2018-03-25,2025-01-19,11,5.2727272727272725,4.0,14.0,0,True
2513968,São Domingos,25,Paraíba,Nordeste,418,8,28,0.06698564593301436,3,2018-04-29,2024-03-24,5,5.6,4.0,12.0,0,True
2513984,São Francisco,25,Paraíba,Nordeste,418,8,51,0.12200956937799043,4,2018-01-21,2024-03-24,5,10.2,4.0,28.0,0,True
2514008,São João do Cariri,25,Paraíba,Nordeste,418,8,69,0.16507177033492823,4,2018-07-01,2022-04-17,6,11.5,6.0,43.0,1,True
2514107,São João do Tigre,25,Paraíba,Nordeste,418,8,89,0.21291866028708134,7,2018-06-17,2025-07-13,18,4.944444444444445,4.0,14.0,0,True
2514206,São José da Lagoa Tapada,25,Paraíba,Nordeste,418,8,60,0.14354066985645933,4,2018-02-11,2025-12-21,8,7.5,5.5,22.0,1,True
2514305,São José de Caiana,25,Paraíba,Nordeste,418,8,13,0.03110047846889952,2,2022-04-03,2024-04-21,3,4.333333333333333,3.0,9.0,0,True
2514404,São José de Espinharas,25,Paraíba,Nordeste,418,8,53,0.12679425837320574,6,2018-08-19,2024-04-28,9,5.888888888888889,4.0,27.0,0,True
2514453,São José dos Ramos,25,Paraíba,Nordeste,418,8,67,0.16028708133971292,7,2018-06-24,2024-12-22,13,5.153846153846154,4.0,19.0,0,True
2514503,São José de Piranhas,25,Paraíba,Nordeste,418,8,51,0.12200956937799043,5,2018-09-16,2024-12-22,9,5.666666666666667,4.0,24.0,0,True
2514552,São José de Princesa,25,Paraíba,Nordeste,418,8,38,0.09090909090909091,6,2018-08-12,2025-12-28,8,4.75,3.5,17.0,1,True
2514602,São José do Bonfim,25,Paraíba,Nordeste,418,8,15,0.03588516746411483,4,2019-07-14,2024-06-09,4,3.75,3.5,7.0,0,True
2514651,São José do Brejo do Cruz,25,Paraíba,Nordeste,418,8,50,0.11961722488038277,6,2019-05-26,2025-12-28,8,6.25,4.0,20.0,2,True
2514701,São José do Sabugi,25,Paraíba,Nordeste,418,8,36,0.0861244019138756,3,2018-06-17,2022-06-05,4,9.0,4.0,25.0,0,True
2514800,São José dos Cordeiros,25,Paraíba,Nordeste,418,8,57,0.13636363636363635,6,2019-04-21,2025-05-25,12,4.75,4.0,16.0,0,True
2514909,São Mamede,25,Paraíba,Nordeste,418,8,31,0.07416267942583732,6,2018-07-15,2025-08-24,10,3.1,4.0,5.0,0,True
2515005,São Miguel de Taipu,25,Paraíba,Nordeste,418,8,43,0.10287081339712918,6,2018-07-01,2025-01-26,11,3.909090909090909,4.0,12.0,0,True
2515104,São Sebastião de Lagoa de Roça,25,Paraíba,Nordeste,418,8,69,0.16507177033492823,5,2018-06-03,2025-11-16,11,6.2727272727272725,3.0,28.0,0,True
2515203,São Sebastião do Umbuzeiro,25,Paraíba,Nordeste,418,8,57,0.13636363636363635,5,2018-11-18,2025-10-19,11,5.181818181818182,4.0,14.0,0,True
2515302,Sapé,25,Paraíba,Nordeste,418,8,145,0.34688995215311,7,2017-12-31,2025-01-12,16,9.0625,6.0,32.0,3,True
2515401,São Vicente do Seridó,25,Paraíba,Nordeste,418,8,88,0.21052631578947367,6,2018-04-15,2024-04-14,9,9.777777777777779,9.0,29.0,1,True
2515500,Serra Branca,25,Paraíba,Nordeste,418,8,77,0.18421052631578946,6,2018-04-22,2024-10-20,11,7.0,5.0,17.0,0,True
2515609,Serra da Raiz,25,Paraíba,Nordeste,418,8,42,0.10047846889952153,5,2018-08-12,2025-09-28,7,6.0,4.0,17.0,1,True
2515708,Serra Grande,25,Paraíba,Nordeste,418,8,21,0.050239234449760764,3,2020-09-13,2023-05-28,3,7.0,4.0,15.0,0,True
2515807,Serra Redonda,25,Paraíba,Nordeste,418,8,33,0.07894736842105263,4,2018-10-07,2023-10-08,8,4.125,4.0,9.0,0,True
2515906,Serraria,25,Paraíba,Nordeste,418,8,76,0.18181818181818182,6,2019-09-01,2025-03-23,8,9.5,4.0,45.0,1,True
2515930,Sertãozinho,25,Paraíba,Nordeste,418,8,46,0.11004784688995216,5,2018-07-22,2022-04-10,7,6.571428571428571,5.0,13.0,0,True
2515971,Sobrado,25,Paraíba,Nordeste,418,8,59,0.14114832535885166,6,2018-10-21,2024-12-08,15,3.933333333333333,4.0,8.0,0,True
2516003,Solânea,25,Paraíba,Nordeste,418,8,108,0.2583732057416268,7,2018-10-28,2025-12-21,16,6.75,4.0,26.0,1,True
2516102,Soledade,25,Paraíba,Nordeste,418,8,57,0.13636363636363635,6,2017-12-31,2025-10-19,10,5.7,4.5,16.0,0,True
2516151,Sossêgo,25,Paraíba,Nordeste,418,8,72,0.1722488038277512,4,2017-12-31,2023-11-19,7,10.285714285714286,3.0,34.0,0,True
2516201,Sousa,25,Paraíba,Nordeste,418,8,30,0.07177033492822966,6,2018-05-20,2025-12-28,9,3.3333333333333335,2.0,9.0,1,True
2516300,Sumé,25,Paraíba,Nordeste,418,8,73,0.17464114832535885,6,2018-06-03,2025-04-27,14,5.214285714285714,4.0,15.0,0,True
2516409,Tacima,25,Paraíba,Nordeste,418,8,70,0.1674641148325359,6,2018-11-25,2025-11-30,9,7.777777777777778,5.0,24.0,0,True
2516508,Taperoá,25,Paraíba,Nordeste,418,8,89,0.21291866028708134,8,2018-03-25,2025-10-19,15,5.933333333333334,4.0,24.0,1,True
2516607,Tavares,25,Paraíba,Nordeste,418,8,97,0.23205741626794257,6,2018-04-08,2025-12-14,12,8.083333333333334,5.0,24.0,1,True
2516706,Teixeira,25,Paraíba,Nordeste,418,8,89,0.21291866028708134,4,2018-07-15,2023-07-09,9,9.88888888888889,7.0,28.0,1,True
2516755,Tenório,25,Paraíba,Nordeste,418,8,64,0.15311004784688995,5,2018-04-01,2022-10-02,8,8.0,3.5,35.0,1,True
2516805,Triunfo,25,Paraíba,Nordeste,418,8,37,0.08851674641148326,3,2020-08-30,2024-11-10,4,9.25,6.5,20.0,0,True
2516904,Uiraúna,25,Paraíba,Nordeste,418,8,43,0.10287081339712918,4,2018-05-06,2022-11-20,7,6.142857142857143,4.0,14.0,0,True
2517001,Umbuzeiro,25,Paraíba,Nordeste,418,8,86,0.20574162679425836,8,2018-04-08,2025-07-20,16,5.375,3.5,24.0,0,True
2517100,Várzea,25,Paraíba,Nordeste,418,8,54,0.1291866028708134,8,2018-06-03,2025-04-13,9,6.0,4.0,15.0,0,True
2517209,Vieirópolis,25,Paraíba,Nordeste,418,8,45,0.1076555023923445,5,2018-02-04,2025-01-26,10,4.5,3.5,16.0,1,True
2517407,Zabelê,25,Paraíba,Nordeste,418,8,46,0.11004784688995216,5,2019-05-05,2023-12-17,10,4.6,4.0,10.0,0,True
2600054,Abreu e Lima,26,Pernambuco,Nordeste,418,8,86,0.20574162679425836,3,2018-04-15,2020-02-02,4,21.5,18.5,46.0,1,True
2600104,Afogados da Ingazeira,26,Pernambuco,Nordeste,418,8,55,0.13157894736842105,3,2018-05-27,2024-04-21,5,11.0,7.0,31.0,0,True
2600203,Afrânio,26,Pernambuco,Nordeste,418,8,91,0.21770334928229665,8,2018-02-11,2025-11-09,12,7.583333333333333,4.0,29.0,1,True
2600302,Agrestina,26,Pernambuco,Nordeste,418,8,64,0.15311004784688995,7,2018-10-21,2025-10-05,15,4.266666666666667,4.0,15.0,0,True
2600401,Água Preta,26,Pernambuco,Nordeste,418,8,72,0.1722488038277512,8,2018-04-15,2025-10-12,20,3.6,3.0,14.0,0,True
2600500,Águas Belas,26,Pernambuco,Nordeste,418,8,54,0.1291866028708134,6,2019-04-28,2025-12-21,10,5.4,4.0,17.0,0,True
2600609,Alagoinha,26,Pernambuco,Nordeste,418,8,56,0.1339712918660287,6,2019-05-12,2025-06-01,10,5.6,4.5,12.0,0,True
2600708,Aliança,26,Pernambuco,Nordeste,418,8,95,0.22727272727272727,6,2018-04-15,2024-12-22,14,6.785714285714286,5.0,17.0,1,True
2600807,Altinho,26,Pernambuco,Nordeste,418,8,62,0.14832535885167464,5,2020-05-03,2024-12-22,12,5.166666666666667,4.0,13.0,1,True
2600906,Amaraji,26,Pernambuco,Nordeste,418,8,95,0.22727272727272727,7,2018-05-20,2025-11-23,17,5.588235294117647,4.0,21.0,1,True
2601003,Angelim,26,Pernambuco,Nordeste,418,8,19,0.045454545454545456,3,2019-02-03,2024-06-09,6,3.1666666666666665,4.0,5.0,0,True
2601052,Araçoiaba,26,Pernambuco,Nordeste,418,8,117,0.2799043062200957,6,2018-09-23,2024-12-22,14,8.357142857142858,5.0,28.0,2,True
2601102,Araripina,26,Pernambuco,Nordeste,418,8,72,0.1722488038277512,7,2018-07-01,2024-11-17,13,5.538461538461538,4.0,18.0,0,True
2601201,Arcoverde,26,Pernambuco,Nordeste,418,8,63,0.1507177033492823,7,2018-04-22,2025-12-21,13,4.846153846153846,3.0,16.0,0,True
2601300,Barra de Guabiraba,26,Pernambuco,Nordeste,418,8,87,0.20813397129186603,6,2018-04-15,2025-08-24,8,10.875,6.5,31.0,0,True
2601409,Barreiros,26,Pernambuco,Nordeste,418,8,82,0.19617224880382775,7,2018-09-16,2025-12-21,8,10.25,7.5,35.0,0,True
2601508,Belém de Maria,26,Pernambuco,Nordeste,418,8,70,0.1674641148325359,5,2019-01-27,2025-12-14,14,5.0,4.0,16.0,0,True
2601607,Belém do São Francisco,26,Pernambuco,Nordeste,418,8,76,0.18181818181818182,8,2018-07-22,2025-12-28,12,6.333333333333333,4.0,31.0,3,True
2601706,Belo Jardim,26,Pernambuco,Nordeste,418,8,0,0.0,0,,,0,,,,0,False
2601805,Betânia,26,Pernambuco,Nordeste,418,8,75,0.17942583732057416,6,2018-10-14,2024-03-24,16,4.6875,4.0,14.0,1,True
2601904,Bezerros,26,Pernambuco,Nordeste,418,8,19,0.045454545454545456,5,2018-03-18,2025-10-05,6,3.1666666666666665,1.5,11.0,0,True
2602001,Bodocó,26,Pernambuco,Nordeste,418,8,63,0.1507177033492823,6,2018-07-01,2025-11-09,11,5.7272727272727275,4.0,16.0,0,True
2602100,Bom Conselho,26,Pernambuco,Nordeste,418,8,51,0.12200956937799043,5,2018-08-19,2025-12-07,9,5.666666666666667,4.0,15.0,0,True
2602209,Bom Jardim,26,Pernambuco,Nordeste,418,8,86,0.20574162679425836,6,2018-02-11,2025-10-26,9,9.555555555555555,5.0,34.0,0,True
2602308,Bonito,26,Pernambuco,Nordeste,418,8,109,0.2607655502392344,8,2017-12-31,2025-10-26,21,5.190476190476191,4.0,13.0,1,True
2602407,Brejão,26,Pernambuco,Nordeste,418,8,48,0.11483253588516747,6,2018-12-09,2024-08-25,10,4.8,3.5,13.0,0,True
2602506,Brejinho,26,Pernambuco,Nordeste,418,8,49,0.11722488038277512,5,2019-03-17,2023-07-30,12,4.083333333333333,4.0,12.0,0,True
2602605,Brejo da Madre de Deus,26,Pernambuco,Nordeste,418,8,8,0.019138755980861243,2,2022-05-08,2023-10-15,4,2.0,2.0,3.0,0,True
2602704,Buenos Aires,26,Pernambuco,Nordeste,418,8,58,0.13875598086124402,5,2019-06-02,2025-02-02,8,7.25,4.0,31.0,0,True
2602803,Buíque,26,Pernambuco,Nordeste,418,8,72,0.1722488038277512,3,2019-05-05,2024-12-22,7,10.285714285714286,3.0,34.0,0,True
2602902,Cabo de Santo Agostinho,26,Pernambuco,Nordeste,418,8,86,0.20574162679425836,5,2018-07-15,2025-10-19,5,17.2,22.0,26.0,0,True
2603009,Cabrobó,26,Pernambuco,Nordeste,418,8,89,0.21291866028708134,6,2018-08-19,2024-10-13,12,7.416666666666667,4.0,22.0,1,True
2603108,Cachoeirinha,26,Pernambuco,Nordeste,418,8,50,0.11961722488038277,4,2022-05-22,2025-12-28,9,5.555555555555555,4.0,26.0,0,True
2603207,Caetés,26,Pernambuco,Nordeste,418,8,17,0.04066985645933014,1,2018-03-18,2018-09-30,3,5.666666666666667,3.0,13.0,0,False
2603306,Calçado,26,Pernambuco,Nordeste,418,8,36,0.0861244019138756,3,2019-03-10,2024-04-07,8,4.5,4.0,12.0,0,True
2603405,Calumbi,26,Pernambuco,Nordeste,418,8,49,0.11722488038277512,6,2019-05-12,2024-03-17,11,4.454545454545454,4.0,9.0,1,True
2603454,Camaragibe,26,Pernambuco,Nordeste,418,8,63,0.1507177033492823,4,2018-05-13,2025-12-14,8,7.875,6.5,24.0,0,True
2603504,Camocim de São Félix,26,Pernambuco,Nordeste,418,8,67,0.16028708133971292,7,2018-04-22,2025-11-16,13,5.153846153846154,3.0,26.0,0,True
2603603,Camutanga,26,Pernambuco,Nordeste,418,8,65,0.15550239234449761,7,2018-12-16,2025-10-19,18,3.611111111111111,4.0,6.0,0,True
2603702,Canhotinho,26,Pernambuco,Nordeste,418,8,55,0.13157894736842105,7,2018-07-15,2025-10-05,11,5.0,4.0,15.0,1,True
2603801,Capoeiras,26,Pernambuco,Nordeste,418,8,52,0.12440191387559808,7,2018-04-29,2024-08-11,12,4.333333333333333,4.0,12.0,0,True
2603900,Carnaíba,26,Pernambuco,Nordeste,418,8,49,0.11722488038277512,4,2018-06-24,2022-05-22,5,9.8,7.0,19.0,0,True
2603926,Carnaubeira da Penha,26,Pernambuco,Nordeste,418,8,48,0.11483253588516747,4,2019-04-21,2023-09-03,5,9.6,9.0,17.0,0,True
2604007,Carpina,26,Pernambuco,Nordeste,418,8,46,0.11004784688995216,3,2019-04-28,2025-12-14,3,15.333333333333334,14.0,19.0,0,True
2604106,Caruaru,26,Pernambuco,Nordeste,418,8,5,0.011961722488038277,2,2018-07-29,2022-05-22,2,2.5,2.5,3.0,0,True
2604155,Casinhas,26,Pernambuco,Nordeste,418,8,69,0.16507177033492823,4,2018-05-27,2025-11-02,7,9.857142857142858,4.0,34.0,0,True
2604205,Catende,26,Pernambuco,Nordeste,418,8,58,0.13875598086124402,6,2018-07-29,2025-11-02,8,7.25,6.5,18.0,0,True
2604304,Cedro,26,Pernambuco,Nordeste,418,8,78,0.18660287081339713,6,2018-09-09,2025-12-28,13,6.0,4.0,25.0,0,True
2604403,Chã de Alegria,26,Pernambuco,Nordeste,418,8,81,0.1937799043062201,6,2018-04-22,2024-03-10,11,7.363636363636363,4.0,34.0,1,True
2604502,Chã Grande,26,Pernambuco,Nordeste,418,8,106,0.2535885167464115,8,2018-04-08,2025-08-31,18,5.888888888888889,4.5,15.0,1,True
2604601,Condado,26,Pernambuco,Nordeste,418,8,48,0.11483253588516747,5,2019-12-01,2025-07-20,9,5.333333333333333,4.0,15.0,0,True
2604700,Correntes,26,Pernambuco,Nordeste,418,8,78,0.18660287081339713,7,2018-01-07,2025-12-28,17,4.588235294117647,4.0,12.0,0,True
2604809,Cortês,26,Pernambuco,Nordeste,418,8,70,0.1674641148325359,7,2018-05-20,2025-05-25,11,6.363636363636363,4.0,17.0,1,True
2604908,Cumaru,26,Pernambuco,Nordeste,418,8,51,0.12200956937799043,5,2018-04-15,2024-04-07,9,5.666666666666667,4.0,15.0,0,True
2605004,Cupira,26,Pernambuco,Nordeste,418,8,91,0.21770334928229665,5,2019-04-14,2025-11-16,12,7.583333333333333,4.5,27.0,1,True
2605103,Custódia,26,Pernambuco,Nordeste,418,8,67,0.16028708133971292,4,2018-01-14,2024-07-14,10,6.7,4.0,30.0,1,True
2605152,Dormentes,26,Pernambuco,Nordeste,418,8,128,0.3062200956937799,7,2018-04-08,2025-11-30,15,8.533333333333333,8.0,19.0,2,True
2605202,Escada,26,Pernambuco,Nordeste,418,8,76,0.18181818181818182,3,2018-03-25,2021-12-26,7,10.857142857142858,5.0,33.0,0,True
2605301,Exu,26,Pernambuco,Nordeste,418,8,109,0.2607655502392344,8,2018-05-20,2025-12-14,19,5.7368421052631575,4.0,23.0,1,True
2605400,Feira Nova,26,Pernambuco,Nordeste,418,8,28,0.06698564593301436,5,2018-06-10,2022-05-29,9,3.111111111111111,3.0,6.0,0,True
2605509,Ferreiros,26,Pernambuco,Nordeste,418,8,57,0.13636363636363635,6,2018-04-22,2024-03-17,8,7.125,5.0,18.0,0,True
2605608,Flores,26,Pernambuco,Nordeste,418,8,53,0.12679425837320574,6,2019-04-14,2025-12-28,10,5.3,3.5,20.0,0,True
2605707,Floresta,26,Pernambuco,Nordeste,418,8,51,0.12200956937799043,4,2019-05-05,2025-10-05,10,5.1,4.5,17.0,0,True
2605806,Frei Miguelinho,26,Pernambuco,Nordeste,418,8,75,0.17942583732057416,6,2019-11-17,2025-12-14,11,6.818181818181818,4.0,30.0,0,True
2605905,Gameleira,26,Pernambuco,Nordeste,418,8,122,0.291866028708134,8,2018-11-04,2025-09-21,16,7.625,4.5,35.0,2,True
2606002,Garanhuns,26,Pernambuco,Nordeste,418,8,49,0.11722488038277512,4,2019-06-30,2024-09-01,7,7.0,7.0,14.0,0,True
2606101,Glória do Goitá,26,Pernambuco,Nordeste,418,8,53,0.12679425837320574,4,2018-05-06,2024-09-08,13,4.076923076923077,3.0,11.0,0,True
2606200,Goiana,26,Pernambuco,Nordeste,418,8,46,0.11004784688995216,3,2018-12-16,2021-07-04,3,15.333333333333334,8.0,35.0,1,True
2606309,Granito,26,Pernambuco,Nordeste,418,8,106,0.2535885167464115,6,2019-05-12,2025-12-28,12,8.833333333333334,5.5,36.0,0,True
2606408,Gravatá,26,Pernambuco,Nordeste,418,8,51,0.12200956937799043,4,2017-12-31,2021-10-31,6,8.5,5.0,24.0,0,True
2606507,Iati,26,Pernambuco,Nordeste,418,8,25,0.05980861244019139,4,2021-08-08,2025-12-28,6,4.166666666666667,3.5,8.0,0,True
2606606,Ibimirim,26,Pernambuco,Nordeste,418,8,50,0.11961722488038277,4,2018-05-13,2023-07-23,9,5.555555555555555,4.0,17.0,0,True
2606705,Ibirajuba,26,Pernambuco,Nordeste,418,8,57,0.13636363636363635,5,2020-09-13,2025-08-17,9,6.333333333333333,5.0,13.0,0,True
2606804,Igarassu,26,Pernambuco,Nordeste,418,8,69,0.16507177033492823,4,2018-05-13,2021-03-14,9,7.666666666666667,4.0,40.0,0,True
2606903,Iguaracy,26,Pernambuco,Nordeste,418,8,61,0.145933014354067,6,2018-06-17,2025-01-05,10,6.1,4.5,15.0,2,True
2607000,Inajá,26,Pernambuco,Nordeste,418,8,38,0.09090909090909091,4,2019-04-21,2025-09-28,7,5.428571428571429,3.0,18.0,0,True
2607109,Ingazeira,26,Pernambuco,Nordeste,418,8,82,0.19617224880382775,7,2018-06-10,2025-10-26,18,4.555555555555555,3.0,29.0,2,True
2607208,Ipojuca,26,Pernambuco,Nordeste,418,8,69,0.16507177033492823,5,2018-06-24,2025-10-26,10,6.9,5.0,22.0,0,True
2607307,Ipubi,26,Pernambuco,Nordeste,418,8,80,0.19138755980861244,8,2018-06-17,2025-12-28,16,5.0,4.0,20.0,1,True
2607406,Itacuruba,26,Pernambuco,Nordeste,418,8,63,0.1507177033492823,5,2019-04-14,2025-11-23,9,7.0,4.0,18.0,0,True
2607505,Itaíba,26,Pernambuco,Nordeste,418,8,61,0.145933014354067,4,2019-06-30,2023-10-15,8,7.625,4.0,22.0,0,True
2607604,Ilha de Itamaracá,26,Pernambuco,Nordeste,418,8,50,0.11961722488038277,6,2018-08-12,2025-11-16,10,5.0,4.0,15.0,1,True
2607653,Itambé,26,Pernambuco,Nordeste,418,8,76,0.18181818181818182,6,2018-05-20,2025-12-28,17,4.470588235294118,3.0,23.0,0,True
2607703,Itapetim,26,Pernambuco,Nordeste,418,8,28,0.06698564593301436,2,2019-05-05,2020-12-27,5,5.6,6.0,9.0,0,True
2607752,Itapissuma,26,Pernambuco,Nordeste,418,8,61,0.145933014354067,6,2018-07-08,2025-08-17,8,7.625,4.0,20.0,1,True
2607802,Itaquitinga,26,Pernambuco,Nordeste,418,8,82,0.19617224880382775,6,2018-04-01,2024-09-01,13,6.3076923076923075,4.0,26.0,0,True
2607901,Jaboatão dos Guararapes,26,Pernambuco,Nordeste,418,8,77,0.18421052631578946,4,2018-10-14,2024-12-22,4,19.25,20.0,35.0,0,True
2607950,Jaqueira,26,Pernambuco,Nordeste,418,8,43,0.10287081339712918,7,2019-05-19,2025-08-31,9,4.777777777777778,4.0,14.0,2,True
2608008,Jataúba,26,Pernambuco,Nordeste,418,8,40,0.09569377990430622,3,2018-04-15,2025-10-19,7,5.714285714285714,5.0,15.0,0,True
2608057,Jatobá,26,Pernambuco,Nordeste,418,8,70,0.1674641148325359,6,2019-05-12,2024-09-15,9,7.777777777777778,4.0,24.0,0,True
2608107,João Alfredo,26,Pernambuco,Nordeste,418,8,21,0.050239234449760764,5,2019-06-23,2025-12-28,7,3.0,4.0,4.0,0,True
2608206,Joaquim Nabuco,26,Pernambuco,Nordeste,418,8,90,0.215311004784689,6,2018-10-28,2025-10-05,8,11.25,9.0,21.0,1,True
2608255,Jucati,26,Pernambuco,Nordeste,418,8,41,0.09808612440191387,6,2018-11-11,2024-09-01,7,5.857142857142857,4.0,13.0,0,True
2608305,Jupi,26,Pernambuco,Nordeste,418,8,24,0.05741626794258373,5,2018-12-16,2024-07-28,6,4.0,3.0,9.0,0,True
2608404,Jurema,26,Pernambuco,Nordeste,418,8,97,0.23205741626794257,6,2019-04-28,2025-12-21,15,6.466666666666667,4.0,19.0,1,True
2608453,Lagoa do Carro,26,Pernambuco,Nordeste,418,8,53,0.12679425837320574,5,2018-05-13,2025-10-19,9,5.888888888888889,2.0,19.0,0,True
2608503,Lagoa de Itaenga,26,Pernambuco,Nordeste,418,8,54,0.1291866028708134,5,2019-06-30,2025-12-07,11,4.909090909090909,4.0,12.0,1,True
2608602,Lagoa do Ouro,26,Pernambuco,Nordeste,418,8,82,0.19617224880382775,7,2018-07-22,2025-11-30,11,7.454545454545454,6.0,18.0,0,True
2608701,Lagoa dos Gatos,26,Pernambuco,Nordeste,418,8,79,0.18899521531100477,8,2018-10-14,2025-11-23,15,5.266666666666667,4.0,19.0,0,True
2608750,Lagoa Grande,26,Pernambuco,Nordeste,418,8,46,0.11004784688995216,5,2018-09-30,2024-11-17,5,9.2,10.0,15.0,1,True
2608800,Lajedo,26,Pernambuco,Nordeste,418,8,25,0.05980861244019139,5,2018-11-11,2025-09-28,6,4.166666666666667,4.0,6.0,0,True
2608909,Limoeiro,26,Pernambuco,Nordeste,418,8,101,0.24162679425837322,5,2018-04-29,2025-12-28,13,7.769230769230769,3.0,40.0,0,True
2609006,Macaparana,26,Pernambuco,Nordeste,418,8,53,0.12679425837320574,6,2018-05-06,2024-10-06,9,5.888888888888889,4.0,13.0,0,True
2609105,Machados,26,Pernambuco,Nordeste,418,8,101,0.24162679425837322,6,2018-03-11,2025-06-01,11,9.181818181818182,3.0,31.0,0,True
2609154,Manari,26,Pernambuco,Nordeste,418,8,27,0.0645933014354067,3,2019-03-31,2024-07-21,7,3.857142857142857,1.0,10.0,0,True
2609204,Maraial,26,Pernambuco,Nordeste,418,8,68,0.16267942583732056,6,2019-07-14,2025-12-28,12,5.666666666666667,4.0,15.0,1,True
2609303,Mirandiba,26,Pernambuco,Nordeste,418,8,38,0.09090909090909091,5,2019-04-07,2025-12-21,8,4.75,4.0,10.0,0,True
2609402,Moreno,26,Pernambuco,Nordeste,418,8,39,0.09330143540669857,4,2019-10-13,2024-06-16,5,7.8,4.0,20.0,0,True
2609501,Nazaré da Mata,26,Pernambuco,Nordeste,418,8,115,0.2751196172248804,5,2019-04-28,2024-05-19,10,11.5,2.5,55.0,1,True
2609600,Olinda,26,Pernambuco,Nordeste,418,8,92,0.22009569377990432,5,2019-05-05,2025-12-28,9,10.222222222222221,5.0,31.0,0,True
2609709,Orobó,26,Pernambuco,Nordeste,418,8,66,0.15789473684210525,5,2018-03-25,2025-11-30,10,6.6,4.0,25.0,0,True
2609808,Orocó,26,Pernambuco,Nordeste,418,8,79,0.18899521531100477,6,2019-02-10,2025-11-23,12,6.583333333333333,5.0,18.0,0,True
2609907,Ouricuri,26,Pernambuco,Nordeste,418,8,105,0.2511961722488038,6,2018-11-18,2025-11-16,19,5.526315789473684,5.0,14.0,0,True
2610004,Palmares,26,Pernambuco,Nordeste,418,8,77,0.18421052631578946,5,2018-06-24,2025-08-03,11,7.0,2.0,31.0,0,True
2610103,Palmeirina,26,Pernambuco,Nordeste,418,8,36,0.0861244019138756,5,2018-05-13,2024-08-25,7,5.142857142857143,4.0,13.0,0,True
2610202,Panelas,26,Pernambuco,Nordeste,418,8,62,0.14832535885167464,8,2018-05-06,2025-10-05,12,5.166666666666667,4.0,17.0,1,True
2610301,Paranatama,26,Pernambuco,Nordeste,418,8,29,0.06937799043062201,4,2018-10-07,2024-06-02,8,3.625,3.0,9.0,0,True
2610400,Parnamirim,26,Pernambuco,Nordeste,418,8,78,0.18660287081339713,6,2018-04-29,2025-12-28,8,9.75,5.0,29.0,0,True
2610509,Passira,26,Pernambuco,Nordeste,418,8,130,0.31100478468899523,6,2018-01-21,2025-12-28,15,8.666666666666666,4.0,27.0,2,True
2610608,Paudalho,26,Pernambuco,Nordeste,418,8,117,0.2799043062200957,6,2018-06-17,2024-02-25,7,16.714285714285715,19.0,36.0,0,True
2610707,Paulista,26,Pernambuco,Nordeste,418,8,124,0.2966507177033493,8,2018-06-10,2025-12-28,13,9.538461538461538,5.0,34.0,1,True
2610806,Pedra,26,Pernambuco,Nordeste,418,8,43,0.10287081339712918,5,2018-08-12,2025-09-07,9,4.777777777777778,3.0,15.0,0,True
2610905,Pesqueira,26,Pernambuco,Nordeste,418,8,46,0.11004784688995216,5,2018-12-09,2024-04-21,7,6.571428571428571,4.0,14.0,0,True
2611002,Petrolândia,26,Pernambuco,Nordeste,418,8,79,0.18899521531100477,8,2018-07-01,2025-12-28,16,4.9375,4.0,22.0,2,True
2611101,Petrolina,26,Pernambuco,Nordeste,418,8,76,0.18181818181818182,5,2018-07-01,2022-04-03,5,15.2,15.0,25.0,1,True
2611200,Poção,26,Pernambuco,Nordeste,418,8,45,0.1076555023923445,3,2018-12-16,2025-10-05,5,9.0,4.0,29.0,0,True
2611309,Pombos,26,Pernambuco,Nordeste,418,8,67,0.16028708133971292,6,2018-07-29,2025-09-28,10,6.7,4.0,32.0,0,True
2611408,Primavera,26,Pernambuco,Nordeste,418,8,65,0.15550239234449761,8,2018-06-03,2025-10-05,9,7.222222222222222,4.0,18.0,2,True
2611507,Quipapá,26,Pernambuco,Nordeste,418,8,95,0.22727272727272727,6,2019-04-21,2024-12-29,8,11.875,6.5,41.0,2,True
2611533,Quixaba,26,Pernambuco,Nordeste,418,8,96,0.22966507177033493,6,2018-08-05,2025-10-19,14,6.857142857142857,4.0,19.0,0,True
2611606,Recife,26,Pernambuco,Nordeste,418,8,68,0.16267942583732056,3,2019-06-02,2025-12-14,4,17.0,18.0,29.0,0,True
2611705,Riacho das Almas,26,Pernambuco,Nordeste,418,8,72,0.1722488038277512,5,2018-07-22,2025-11-02,11,6.545454545454546,4.0,22.0,0,True
2611804,Ribeirão,26,Pernambuco,Nordeste,418,8,68,0.16267942583732056,5,2018-08-19,2025-10-19,12,5.666666666666667,4.0,16.0,0,True
2611903,Rio Formoso,26,Pernambuco,Nordeste,418,8,77,0.18421052631578946,5,2019-05-05,2025-05-25,7,11.0,8.0,33.0,0,True
2612000,Sairé,26,Pernambuco,Nordeste,418,8,131,0.3133971291866029,8,2018-01-07,2025-12-21,20,6.55,4.0,17.0,0,True
2612109,Salgadinho,26,Pernambuco,Nordeste,418,8,70,0.1674641148325359,6,2019-02-24,2025-10-26,16,4.375,4.0,11.0,0,True
2612208,Salgueiro,26,Pernambuco,Nordeste,418,8,80,0.19138755980861244,5,2018-05-13,2025-09-28,5,16.0,13.0,33.0,1,True
2612307,Saloá,26,Pernambuco,Nordeste,418,8,26,0.06220095693779904,2,2019-05-19,2024-10-27,7,3.7142857142857144,4.0,6.0,0,True
2612406,Sanharó,26,Pernambuco,Nordeste,418,8,115,0.2751196172248804,7,2018-11-04,2025-12-28,14,8.214285714285714,4.0,52.0,1,True
2612455,Santa Cruz,26,Pernambuco,Nordeste,418,8,63,0.1507177033492823,7,2018-03-11,2025-10-05,17,3.7058823529411766,4.0,14.0,0,True
2612471,Santa Cruz da Baixa Verde,26,Pernambuco,Nordeste,418,8,43,0.10287081339712918,6,2018-07-15,2025-12-28,8,5.375,2.0,14.0,0,True
2612505,Santa Cruz do Capibaribe,26,Pernambuco,Nordeste,418,8,57,0.13636363636363635,5,2018-01-14,2025-11-23,11,5.181818181818182,5.0,11.0,1,True
2612554,Santa Filomena,26,Pernambuco,Nordeste,418,8,51,0.12200956937799043,4,2022-04-03,2025-12-28,10,5.1,3.5,19.0,0,True
2612604,Santa Maria da Boa Vista,26,Pernambuco,Nordeste,418,8,84,0.20095693779904306,7,2018-05-06,2025-12-28,19,4.421052631578948,4.0,16.0,0,True
2612703,Santa Maria do Cambucá,26,Pernambuco,Nordeste,418,8,21,0.050239234449760764,5,2017-12-31,2025-01-19,6,3.5,3.5,6.0,0,True
2612802,Santa Terezinha,26,Pernambuco,Nordeste,418,8,59,0.14114832535885166,6,2019-07-14,2025-10-26,10,5.9,3.5,24.0,2,True
2612901,São Benedito do Sul,26,Pernambuco,Nordeste,418,8,64,0.15311004784688995,6,2018-12-23,2024-07-21,8,8.0,5.0,30.0,0,True
2613008,São Bento do Una,26,Pernambuco,Nordeste,418,8,81,0.1937799043062201,6,2019-12-08,2025-09-28,12,6.75,4.0,27.0,1,True
2613107,São Caitano,26,Pernambuco,Nordeste,418,8,51,0.12200956937799043,6,2017-12-31,2025-07-20,11,4.636363636363637,3.0,13.0,0,True
2613206,São João,26,Pernambuco,Nordeste,418,8,4,0.009569377990430622,1,2024-04-28,2024-05-19,1,4.0,4.0,4.0,0,False
2613305,São Joaquim do Monte,26,Pernambuco,Nordeste,418,8,52,0.12440191387559808,7,2018-04-15,2025-10-19,10,5.2,4.0,10.0,0,True
2613404,São José da Coroa Grande,26,Pernambuco,Nordeste,418,8,64,0.15311004784688995,5,2018-05-27,2025-12-21,6,10.666666666666666,7.5,26.0,0,True
2613503,São José do Belmonte,26,Pernambuco,Nordeste,418,8,62,0.14832535885167464,5,2018-11-18,2023-12-17,11,5.636363636363637,4.0,27.0,0,True
2613602,São José do Egito,26,Pernambuco,Nordeste,418,8,93,0.22248803827751196,6,2018-03-25,2024-05-12,11,8.454545454545455,4.0,37.0,1,True
2613701,São Lourenço da Mata,26,Pernambuco,Nordeste,418,8,77,0.18421052631578946,5,2018-05-20,2025-01-26,9,8.555555555555555,4.0,36.0,1,True
2613800,São Vicente Férrer,26,Pernambuco,Nordeste,418,8,52,0.12440191387559808,3,2019-04-14,2024-10-13,5,10.4,2.0,30.0,0,True
2613909,Serra Talhada,26,Pernambuco,Nordeste,418,8,66,0.15789473684210525,6,2018-05-27,2025-10-19,12,5.5,3.5,28.0,1,True
2614006,Serrita,26,Pernambuco,Nordeste,418,8,91,0.21770334928229665,7,2018-08-12,2025-12-28,12,7.583333333333333,4.0,22.0,1,True
2614105,Sertânia,26,Pernambuco,Nordeste,418,8,21,0.050239234449760764,3,2019-04-21,2025-12-14,4,5.25,2.5,14.0,0,True
2614204,Sirinhaém,26,Pernambuco,Nordeste,418,8,58,0.13875598086124402,5,2018-05-27,2025-11-30,7,8.285714285714286,4.0,35.0,0,True
2614303,Moreilândia,26,Pernambuco,Nordeste,418,8,69,0.16507177033492823,8,2018-06-17,2025-12-14,16,4.3125,4.0,13.0,0,True
2614402,Solidão,26,Pernambuco,Nordeste,418,8,60,0.14354066985645933,5,2018-06-24,2024-06-09,9,6.666666666666667,4.0,19.0,0,True
2614501,Surubim,26,Pernambuco,Nordeste,418,8,59,0.14114832535885166,5,2020-02-09,2025-01-19,12,4.916666666666667,4.0,18.0,0,True
2614600,Tabira,26,Pernambuco,Nordeste,418,8,84,0.20095693779904306,5,2018-05-06,2025-11-30,11,7.636363636363637,5.0,36.0,0,True
2614709,Tacaimbó,26,Pernambuco,Nordeste,418,8,5,0.011961722488038277,1,2023-01-15,2023-02-19,2,2.5,2.5,4.0,0,False
2614808,Tacaratu,26,Pernambuco,Nordeste,418,8,77,0.18421052631578946,4,2019-05-12,2025-11-30,7,11.0,5.0,24.0,1,True
2614857,Tamandaré,26,Pernambuco,Nordeste,418,8,73,0.17464114832535885,6,2018-09-30,2025-11-23,13,5.615384615384615,4.0,17.0,0,True
2615003,Taquaritinga do Norte,26,Pernambuco,Nordeste,418,8,63,0.1507177033492823,8,2018-07-22,2025-11-23,18,3.5,3.0,12.0,0,True
2615102,Terezinha,26,Pernambuco,Nordeste,418,8,91,0.21770334928229665,5,2019-04-07,2025-11-16,11,8.272727272727273,4.0,28.0,1,True
2615201,Terra Nova,26,Pernambuco,Nordeste,418,8,73,0.17464114832535885,6,2018-10-14,2025-12-21,9,8.11111111111111,4.0,31.0,1,True
2615300,Timbaúba,26,Pernambuco,Nordeste,418,8,31,0.07416267942583732,6,2018-06-03,2025-08-24,8,3.875,2.0,10.0,0,True
2615409,Toritama,26,Pernambuco,Nordeste,418,8,76,0.18181818181818182,7,2018-12-30,2025-12-21,16,4.75,4.0,18.0,0,True
2615508,Tracunhaém,26,Pernambuco,Nordeste,418,8,75,0.17942583732057416,5,2019-06-30,2024-12-29,9,8.333333333333334,3.0,34.0,1,True
2615607,Trindade,26,Pernambuco,Nordeste,418,8,83,0.19856459330143542,7,2019-03-31,2025-07-27,13,6.384615384615385,4.0,22.0,3,True
2615706,Triunfo,26,Pernambuco,Nordeste,418,8,61,0.145933014354067,7,2018-05-20,2025-12-28,13,4.6923076923076925,4.0,20.0,1,True
2615805,Tupanatinga,26,Pernambuco,Nordeste,418,8,41,0.09808612440191387,4,2018-09-09,2024-12-22,6,6.833333333333333,5.5,17.0,0,True
2615904,Tuparetama,26,Pernambuco,Nordeste,418,8,75,0.17942583732057416,7,2019-03-17,2025-09-21,11,6.818181818181818,4.0,21.0,0,True
2616001,Venturosa,26,Pernambuco,Nordeste,418,8,29,0.06937799043062201,4,2018-05-27,2024-10-06,5,5.8,5.0,10.0,0,True
2616100,Verdejante,26,Pernambuco,Nordeste,418,8,47,0.11244019138755981,5,2019-01-13,2025-09-14,6,7.833333333333333,4.0,26.0,0,True
2616183,Vertente do Lério,26,Pernambuco,Nordeste,418,8,40,0.09569377990430622,2,2018-12-30,2020-12-13,7,5.714285714285714,4.0,15.0,1,True
2616209,Vertentes,26,Pernambuco,Nordeste,418,8,38,0.09090909090909091,5,2019-11-24,2025-11-30,6,6.333333333333333,5.0,15.0,0,True
2616308,Vicência,26,Pernambuco,Nordeste,418,8,88,0.21052631578947367,6,2018-05-13,2025-03-02,14,6.285714285714286,4.5,22.0,1,True
2616407,Vitória de Santo Antão,26,Pernambuco,Nordeste,418,8,68,0.16267942583732056,5,2018-04-08,2022-01-02,5,13.6,16.0,22.0,1,True
2616506,Xexéu,26,Pernambuco,Nordeste,418,8,86,0.20574162679425836,6,2017-12-31,2025-10-12,12,7.166666666666667,3.5,28.0,0,True
2700102,Água Branca,27,Alagoas,Nordeste,418,8,84,0.20095693779904306,5,2020-06-28,2024-12-15,10,8.4,5.5,33.0,1,True
2700201,Anadia,27,Alagoas,Nordeste,418,8,96,0.22966507177033493,7,2019-05-26,2025-12-28,12,8.0,8.0,16.0,1,True
2700300,Arapiraca,27,Alagoas,Nordeste,418,8,31,0.07416267942583732,4,2018-12-23,2024-07-28,4,7.75,4.5,21.0,0,True
2700409,Atalaia,27,Alagoas,Nordeste,418,8,131,0.3133971291866029,6,2019-03-31,2025-12-28,21,6.238095238095238,4.0,26.0,1,True
2700508,Barra de Santo Antônio,27,Alagoas,Nordeste,418,8,52,0.12440191387559808,6,2019-08-18,2025-08-31,11,4.7272727272727275,4.0,13.0,0,True
2700607,Barra de São Miguel,27,Alagoas,Nordeste,418,8,55,0.13157894736842105,6,2019-05-19,2025-10-05,11,5.0,3.0,17.0,2,True
2700706,Batalha,27,Alagoas,Nordeste,418,8,105,0.2511961722488038,6,2018-07-22,2025-10-26,15,7.0,4.0,27.0,1,True
2700805,Belém,27,Alagoas,Nordeste,418,8,63,0.1507177033492823,7,2018-12-16,2025-10-26,15,4.2,2.0,16.0,2,True
2700904,Belo Monte,27,Alagoas,Nordeste,418,8,46,0.11004784688995216,3,2019-05-26,2025-12-28,7,6.571428571428571,4.0,13.0,0,True
2701001,Boca da Mata,27,Alagoas,Nordeste,418,8,78,0.18660287081339713,7,2019-07-07,2025-02-16,12,6.5,4.5,19.0,2,True
2701100,Branquinha,27,Alagoas,Nordeste,418,8,111,0.26555023923444976,7,2018-04-15,2024-03-24,14,7.928571428571429,4.0,27.0,2,True
2701209,Cacimbinhas,27,Alagoas,Nordeste,418,8,65,0.15550239234449761,6,2019-05-12,2025-10-19,11,5.909090909090909,4.0,23.0,0,True
2701308,Cajueiro,27,Alagoas,Nordeste,418,8,65,0.15550239234449761,6,2018-01-14,2024-03-10,7,9.285714285714286,7.0,27.0,0,True
2701357,Campestre,27,Alagoas,Nordeste,418,8,50,0.11961722488038277,6,2018-09-09,2025-11-23,7,7.142857142857143,4.0,17.0,0,True
2701407,Campo Alegre,27,Alagoas,Nordeste,418,8,103,0.24641148325358853,7,2018-09-30,2025-04-13,10,10.3,4.0,45.0,2,True
2701506,Campo Grande,27,Alagoas,Nordeste,418,8,38,0.09090909090909091,4,2019-05-12,2025-11-23,9,4.222222222222222,4.0,17.0,0,True
2701605,Canapi,27,Alagoas,Nordeste,418,8,93,0.22248803827751196,6,2018-02-04,2025-10-26,15,6.2,4.0,22.0,0,True
2701704,Capela,27,Alagoas,Nordeste,418,8,111,0.26555023923444976,7,2018-08-05,2024-06-30,13,8.538461538461538,4.0,36.0,1,True
2701803,Carneiros,27,Alagoas,Nordeste,418,8,58,0.13875598086124402,6,2018-07-29,2025-12-28,9,6.444444444444445,4.0,19.0,0,True
2701902,Chã Preta,27,Alagoas,Nordeste,418,8,45,0.1076555023923445,5,2018-07-22,2024-07-21,7,6.428571428571429,4.0,24.0,0,True
2702009,Coité do Nóia,27,Alagoas,Nordeste,418,8,23,0.05502392344497608,1,2019-02-10,2019-07-14,1,23.0,23.0,23.0,0,False
2702108,Colônia Leopoldina,27,Alagoas,Nordeste,418,8,92,0.22009569377990432,5,2018-11-11,2025-11-02,6,15.333333333333334,8.0,58.0,2,True
2702207,Coqueiro Seco,27,Alagoas,Nordeste,418,8,57,0.13636363636363635,3,2019-03-24,2024-07-21,7,8.142857142857142,4.0,30.0,0,True
2702306,Coruripe,27,Alagoas,Nordeste,418,8,103,0.24641148325358853,5,2018-07-08,2023-05-14,6,17.166666666666668,6.5,56.0,1,True
2702355,Craíbas,27,Alagoas,Nordeste,418,8,45,0.1076555023923445,5,2018-07-01,2025-11-09,9,5.0,1.0,16.0,0,True
2702405,Delmiro Gouveia,27,Alagoas,Nordeste,418,8,81,0.1937799043062201,6,2019-06-02,2025-01-19,9,9.0,10.0,19.0,2,True
2702504,Dois Riachos,27,Alagoas,Nordeste,418,8,59,0.14114832535885166,7,2017-12-31,2025-11-16,14,4.214285714285714,4.0,12.0,0,True
2702553,Estrela de Alagoas,27,Alagoas,Nordeste,418,8,117,0.2799043062200957,7,2018-08-05,2025-12-14,16,7.3125,4.5,22.0,1,True
2702603,Feira Grande,27,Alagoas,Nordeste,418,8,41,0.09808612440191387,2,2019-07-28,2024-08-11,3,13.666666666666666,15.0,25.0,0,True
2702702,Feliz Deserto,27,Alagoas,Nordeste,418,8,54,0.1291866028708134,6,2019-04-07,2024-11-17,12,4.5,4.0,10.0,1,True
2702801,Flexeiras,27,Alagoas,Nordeste,418,8,87,0.20813397129186603,6,2019-03-31,2025-11-23,12,7.25,4.5,29.0,0,True
2702900,Girau do Ponciano,27,Alagoas,Nordeste,418,8,20,0.04784688995215311,4,2018-11-25,2025-11-23,6,3.3333333333333335,3.0,7.0,0,True
2703007,Ibateguara,27,Alagoas,Nordeste,418,8,84,0.20095693779904306,7,2019-01-06,2025-11-30,14,6.0,4.0,22.0,0,True
2703106,Igaci,27,Alagoas,Nordeste,418,8,46,0.11004784688995216,5,2018-12-09,2025-11-30,11,4.181818181818182,2.0,15.0,0,True
2703205,Igreja Nova,27,Alagoas,Nordeste,418,8,25,0.05980861244019139,2,2019-06-16,2022-06-19,2,12.5,12.5,23.0,0,True
2703304,Inhapi,27,Alagoas,Nordeste,418,8,69,0.16507177033492823,7,2018-08-05,2025-02-09,14,4.928571428571429,4.0,18.0,0,True
2703403,Jacaré dos Homens,27,Alagoas,Nordeste,418,8,99,0.23684210526315788,6,2018-07-29,2024-08-25,13,7.615384615384615,4.0,34.0,1,True
2703502,Jacuípe,27,Alagoas,Nordeste,418,8,94,0.22488038277511962,6,2019-06-02,2025-12-28,8,11.75,11.5,26.0,1,True
2703601,Japaratinga,27,Alagoas,Nordeste,418,8,108,0.2583732057416268,6,2018-11-04,2025-12-21,12,9.0,7.5,21.0,0,True
2703700,Jaramataia,27,Alagoas,Nordeste,418,8,84,0.20095693779904306,7,2018-01-14,2025-12-28,13,6.461538461538462,4.0,25.0,2,True
2703759,Jequiá da Praia,27,Alagoas,Nordeste,418,8,79,0.18899521531100477,6,2018-01-14,2025-10-19,12,6.583333333333333,4.0,21.0,0,True
2703809,Joaquim Gomes,27,Alagoas,Nordeste,418,8,92,0.22009569377990432,7,2018-10-21,2025-11-30,13,7.076923076923077,4.0,35.0,1,True
2703908,Jundiá,27,Alagoas,Nordeste,418,8,70,0.1674641148325359,5,2019-03-03,2025-12-14,12,5.833333333333333,5.0,13.0,0,True
2704005,Junqueiro,27,Alagoas,Nordeste,418,8,39,0.09330143540669857,4,2019-07-21,2025-12-28,4,9.75,7.5,23.0,0,True
2704104,Lagoa da Canoa,27,Alagoas,Nordeste,418,8,34,0.08133971291866028,1,2019-02-24,2019-11-03,2,17.0,17.0,28.0,0,False
2704203,Limoeiro de Anadia,27,Alagoas,Nordeste,418,8,38,0.09090909090909091,3,2018-10-21,2022-05-22,4,9.5,2.5,32.0,0,True
2704302,Maceió,27,Alagoas,Nordeste,418,8,91,0.21770334928229665,5,2019-06-09,2024-03-17,6,15.166666666666666,15.0,28.0,0,True
2704401,Major Isidoro,27,Alagoas,Nordeste,418,8,91,0.21770334928229665,6,2019-02-24,2025-11-16,16,5.6875,4.0,20.0,2,True
2704500,Maragogi,27,Alagoas,Nordeste,418,8,137,0.3277511961722488,7,2018-08-19,2025-12-28,17,8.058823529411764,6.0,19.0,0,True
2704609,Maravilha,27,Alagoas,Nordeste,418,8,35,0.08373205741626795,6,2020-04-19,2025-08-24,12,2.9166666666666665,3.0,6.0,0,True
2704708,Marechal Deodoro,27,Alagoas,Nordeste,418,8,62,0.14832535885167464,3,2019-09-01,2022-12-25,4,15.5,16.5,27.0,1,True
2704807,Maribondo,27,Alagoas,Nordeste,418,8,69,0.16507177033492823,5,2018-06-10,2025-12-28,9,7.666666666666667,5.0,19.0,0,True
2704906,Mar Vermelho,27,Alagoas,Nordeste,418,8,36,0.0861244019138756,3,2019-06-16,2024-08-18,5,7.2,8.0,9.0,0,True
2705002,Mata Grande,27,Alagoas,Nordeste,418,8,81,0.1937799043062201,7,2018-08-12,2025-12-28,14,5.785714285714286,4.0,21.0,1,True
2705101,Matriz de Camaragibe,27,Alagoas,Nordeste,418,8,106,0.2535885167464115,6,2019-07-28,2025-11-30,15,7.066666666666666,4.0,36.0,0,True
2705200,Messias,27,Alagoas,Nordeste,418,8,70,0.1674641148325359,5,2019-05-05,2025-10-12,9,7.777777777777778,4.0,27.0,1,True
2705309,Minador do Negrão,27,Alagoas,Nordeste,418,8,73,0.17464114832535885,4,2019-05-12,2024-12-22,12,6.083333333333333,6.0,11.0,1,True
2705408,Monteirópolis,27,Alagoas,Nordeste,418,8,66,0.15789473684210525,4,2019-04-28,2025-11-16,10,6.6,4.0,18.0,0,True
2705507,Murici,27,Alagoas,Nordeste,418,8,70,0.1674641148325359,4,2019-05-26,2024-07-07,6,11.666666666666666,2.5,58.0,1,True
2705606,Novo Lino,27,Alagoas,Nordeste,418,8,52,0.12440191387559808,5,2019-05-19,2025-12-28,8,6.5,4.0,25.0,0,True
2705705,Olho d'Água das Flores,27,Alagoas,Nordeste,418,8,72,0.1722488038277512,4,2019-04-28,2025-12-21,11,6.545454545454546,3.0,28.0,0,True
2705804,Olho d'Água do Casado,27,Alagoas,Nordeste,418,8,72,0.1722488038277512,6,2019-05-26,2025-11-30,15,4.8,4.0,10.0,1,True
2705903,Olho d'Água Grande,27,Alagoas,Nordeste,418,8,39,0.09330143540669857,5,2019-06-09,2025-03-30,10,3.9,4.0,11.0,0,True
2706000,Olivença,27,Alagoas,Nordeste,418,8,53,0.12679425837320574,4,2019-07-07,2025-11-09,6,8.833333333333334,7.0,26.0,0,True
2706109,Ouro Branco,27,Alagoas,Nordeste,418,8,14,0.03349282296650718,3,2019-08-11,2023-10-22,4,3.5,3.5,5.0,0,True
2706208,Palestina,27,Alagoas,Nordeste,418,8,74,0.17703349282296652,5,2018-01-21,2025-12-07,9,8.222222222222221,4.0,29.0,0,True
2706307,Palmeira dos Índios,27,Alagoas,Nordeste,418,8,109,0.2607655502392344,5,2019-05-12,2025-01-26,6,18.166666666666668,17.5,43.0,1,True
2706406,Pão de Açúcar,27,Alagoas,Nordeste,418,8,64,0.15311004784688995,5,2019-03-24,2024-12-29,7,9.142857142857142,7.0,26.0,1,True
2706422,Pariconha,27,Alagoas,Nordeste,418,8,56,0.1339712918660287,5,2018-05-20,2025-12-07,7,8.0,6.0,18.0,0,True
2706448,Paripueira,27,Alagoas,Nordeste,418,8,76,0.18181818181818182,7,2018-09-09,2025-10-19,13,5.846153846153846,4.0,23.0,0,True
2706505,Passo de Camaragibe,27,Alagoas,Nordeste,418,8,61,0.145933014354067,6,2018-12-23,2025-10-05,12,5.083333333333333,4.0,9.0,1,True
2706604,Paulo Jacinto,27,Alagoas,Nordeste,418,8,76,0.18181818181818182,6,2019-03-17,2025-10-26,8,9.5,6.0,20.0,1,True
2706703,Penedo,27,Alagoas,Nordeste,418,8,31,0.07416267942583732,2,2019-06-30,2021-12-26,6,5.166666666666667,3.0,12.0,0,True
2706802,Piaçabuçu,27,Alagoas,Nordeste,418,8,56,0.1339712918660287,6,2018-11-25,2025-11-09,8,7.0,4.5,18.0,0,True
2706901,Pilar,27,Alagoas,Nordeste,418,8,100,0.23923444976076555,7,2018-07-29,2025-12-28,11,9.090909090909092,5.0,27.0,1,True
2707008,Pindoba,27,Alagoas,Nordeste,418,8,52,0.12440191387559808,6,2019-05-26,2025-11-23,13,4.0,4.0,11.0,0,True
2707107,Piranhas,27,Alagoas,Nordeste,418,8,67,0.16028708133971292,4,2019-06-02,2025-12-28,10,6.7,6.5,12.0,0,True
2707206,Poço das Trincheiras,27,Alagoas,Nordeste,418,8,34,0.08133971291866028,3,2019-06-23,2024-09-15,8,4.25,4.0,10.0,0,True
2707305,Porto Calvo,27,Alagoas,Nordeste,418,8,124,0.2966507177033493,8,2018-09-23,2025-11-16,20,6.2,4.5,19.0,1,True
2707404,Porto de Pedras,27,Alagoas,Nordeste,418,8,87,0.20813397129186603,6,2018-03-18,2025-12-07,16,5.4375,4.0,15.0,0,True
2707503,Porto Real do Colégio,27,Alagoas,Nordeste,418,8,30,0.07177033492822966,5,2019-06-30,2025-08-24,9,3.3333333333333335,3.0,6.0,0,True
2707602,Quebrangulo,27,Alagoas,Nordeste,418,8,110,0.2631578947368421,6,2018-05-20,2025-11-09,9,12.222222222222221,11.0,30.0,2,True
2707701,Rio Largo,27,Alagoas,Nordeste,418,8,49,0.11722488038277512,4,2018-12-16,2025-12-21,5,9.8,4.0,28.0,0,True
2707800,Roteiro,27,Alagoas,Nordeste,418,8,70,0.1674641148325359,4,2022-05-01,2025-11-02,10,7.0,4.5,21.0,0,True
2707909,Santa Luzia do Norte,27,Alagoas,Nordeste,418,8,87,0.20813397129186603,7,2019-01-06,2025-01-26,10,8.7,4.0,37.0,1,True
2708006,Santana do Ipanema,27,Alagoas,Nordeste,418,8,68,0.16267942583732056,4,2019-07-28,2025-12-14,8,8.5,3.5,26.0,0,True
2708105,Santana do Mundaú,27,Alagoas,Nordeste,418,8,92,0.22009569377990432,7,2018-11-18,2025-08-31,10,9.2,4.0,36.0,0,True
2708204,São Brás,27,Alagoas,Nordeste,418,8,19,0.045454545454545456,4,2018-05-20,2022-06-05,4,4.75,4.5,7.0,0,True
2708303,São José da Laje,27,Alagoas,Nordeste,418,8,112,0.2679425837320574,6,2018-01-07,2024-05-05,14,8.0,4.5,22.0,2,True
2708402,São José da Tapera,27,Alagoas,Nordeste,418,8,74,0.17703349282296652,8,2018-01-28,2025-12-28,15,4.933333333333334,5.0,13.0,1,True
2708501,São Luís do Quitunde,27,Alagoas,Nordeste,418,8,116,0.27751196172248804,6,2018-06-03,2025-06-01,13,8.923076923076923,7.0,27.0,0,True
2708600,São Miguel dos Campos,27,Alagoas,Nordeste,418,8,154,0.3684210526315789,8,2018-11-11,2025-12-21,11,14.0,14.0,33.0,2,True
2708709,São Miguel dos Milagres,27,Alagoas,Nordeste,418,8,48,0.11483253588516747,5,2019-06-23,2025-12-28,10,4.8,4.0,11.0,0,True
2708808,São Sebastião,27,Alagoas,Nordeste,418,8,33,0.07894736842105263,5,2018-09-23,2025-12-28,6,5.5,2.0,21.0,0,True
2708907,Satuba,27,Alagoas,Nordeste,418,8,108,0.2583732057416268,8,2018-05-20,2025-12-21,17,6.352941176470588,3.0,42.0,3,True
2708956,Senador Rui Palmeira,27,Alagoas,Nordeste,418,8,97,0.23205741626794257,6,2019-05-05,2025-11-09,15,6.466666666666667,5.0,15.0,0,True
2709004,Tanque d'Arca,27,Alagoas,Nordeste,418,8,35,0.08373205741626795,3,2018-11-25,2025-12-28,4,8.75,9.5,12.0,0,True
2709103,Taquarana,27,Alagoas,Nordeste,418,8,46,0.11004784688995216,3,2019-05-19,2024-05-05,4,11.5,11.0,21.0,0,True
2709152,Teotônio Vilela,27,Alagoas,Nordeste,418,8,59,0.14114832535885166,7,2018-09-02,2025-12-14,11,5.363636363636363,3.0,20.0,0,True
2709202,Traipu,27,Alagoas,Nordeste,418,8,30,0.07177033492822966,3,2019-06-16,2023-11-12,5,6.0,5.0,12.0,0,True
2709301,União dos Palmares,27,Alagoas,Nordeste,418,8,70,0.1674641148325359,3,2018-10-28,2022-08-07,3,23.333333333333332,18.0,43.0,1,True
2709400,Viçosa,27,Alagoas,Nordeste,418,8,94,0.22488038277511962,5,2019-03-10,2025-12-28,8,11.75,12.5,27.0,1,True
2800100,Amparo do São Francisco,28,Sergipe,Nordeste,418,8,21,0.050239234449760764,2,2023-04-23,2024-08-18,5,4.2,4.0,5.0,0,True
2800209,Aquidabã,28,Sergipe,Nordeste,418,8,78,0.18660287081339713,8,2018-10-21,2025-12-28,16,4.875,4.0,18.0,0,True
2800308,Aracaju,28,Sergipe,Nordeste,418,8,75,0.17942583732057416,3,2019-05-05,2023-04-16,4,18.75,20.0,32.0,1,True
2800407,Arauá,28,Sergipe,Nordeste,418,8,94,0.22488038277511962,5,2019-06-30,2023-10-29,17,5.529411764705882,4.0,17.0,1,True
2800506,Areia Branca,28,Sergipe,Nordeste,418,8,64,0.15311004784688995,5,2018-07-29,2024-04-28,12,5.333333333333333,4.0,18.0,0,True
2800605,Barra dos Coqueiros,28,Sergipe,Nordeste,418,8,35,0.08373205741626795,4,2019-06-02,2023-04-23,6,5.833333333333333,3.5,18.0,0,True
2800670,Boquim,28,Sergipe,Nordeste,418,8,88,0.21052631578947367,5,2019-05-26,2025-12-28,13,6.769230769230769,4.0,22.0,1,True
2800704,Brejo Grande,28,Sergipe,Nordeste,418,8,49,0.11722488038277512,4,2018-10-07,2025-10-26,6,8.166666666666666,4.0,28.0,0,True
2801009,Campo do Brito,28,Sergipe,Nordeste,418,8,57,0.13636363636363635,3,2019-06-16,2023-06-18,8,7.125,4.5,18.0,0,True
2801108,Canhoba,28,Sergipe,Nordeste,418,8,34,0.08133971291866028,4,2019-04-28,2025-11-09,4,8.5,8.5,11.0,0,True
2801207,Canindé de São Francisco,28,Sergipe,Nordeste,418,8,95,0.22727272727272727,8,2018-05-13,2025-09-14,16,5.9375,4.0,19.0,0,True
2801306,Capela,28,Sergipe,Nordeste,418,8,64,0.15311004784688995,4,2019-05-12,2024-03-31,9,7.111111111111111,4.0,22.0,0,True
2801405,Carira,28,Sergipe,Nordeste,418,8,84,0.20095693779904306,6,2018-04-29,2024-12-15,13,6.461538461538462,4.0,16.0,0,True
2801504,Carmópolis,28,Sergipe,Nordeste,418,8,78,0.18660287081339713,7,2018-11-04,2025-11-09,12,6.5,4.5,24.0,0,True
2801603,Cedro de São João,28,Sergipe,Nordeste,418,8,27,0.0645933014354067,3,2019-06-30,2025-12-28,5,5.4,4.0,11.0,0,True
2801702,Cristinápolis,28,Sergipe,Nordeste,418,8,53,0.12679425837320574,5,2018-03-25,2023-11-12,7,7.571428571428571,4.0,23.0,0,True
2801900,Cumbe,28,Sergipe,Nordeste,418,8,81,0.1937799043062201,7,2018-10-28,2024-07-07,11,7.363636363636363,4.0,22.0,0,True
2802007,Divina Pastora,28,Sergipe,Nordeste,418,8,56,0.1339712918660287,4,2019-08-11,2025-10-26,8,7.0,4.0,16.0,0,True
2802106,Estância,28,Sergipe,Nordeste,418,8,84,0.20095693779904306,6,2019-05-26,2025-11-02,10,8.4,4.5,31.0,1,True
2802205,Feira Nova,28,Sergipe,Nordeste,418,8,66,0.15789473684210525,7,2017-12-31,2024-05-12,20,3.3,2.0,11.0,0,True
2802304,Frei Paulo,28,Sergipe,Nordeste,418,8,51,0.12200956937799043,5,2019-05-26,2024-03-17,10,5.1,4.0,15.0,0,True
2802403,Gararu,28,Sergipe,Nordeste,418,8,78,0.18660287081339713,6,2018-08-05,2025-12-07,12,6.5,4.0,32.0,2,True
2802502,General Maynard,28,Sergipe,Nordeste,418,8,38,0.09090909090909091,4,2019-06-09,2024-03-10,7,5.428571428571429,4.0,8.0,0,True
2802601,Graccho Cardoso,28,Sergipe,Nordeste,418,8,71,0.16985645933014354,8,2018-04-15,2025-11-23,9,7.888888888888889,4.0,31.0,1,True
2802700,Ilha das Flores,28,Sergipe,Nordeste,418,8,26,0.06220095693779904,2,2019-06-30,2023-11-26,2,13.0,13.0,22.0,0,True
2802809,Indiaroba,28,Sergipe,Nordeste,418,8,40,0.09569377990430622,3,2019-09-29,2023-08-27,5,8.0,4.0,24.0,0,True
2802908,Itabaiana,28,Sergipe,Nordeste,418,8,59,0.14114832535885166,5,2019-05-05,2025-11-09,6,9.833333333333334,5.5,29.0,0,True
2803005,Itabaianinha,28,Sergipe,Nordeste,418,8,58,0.13875598086124402,5,2018-10-07,2022-06-26,8,7.25,6.0,16.0,0,True
2803104,Itabi,28,Sergipe,Nordeste,418,8,70,0.1674641148325359,6,2018-02-18,2025-03-16,12,5.833333333333333,3.5,27.0,0,True
2803203,Itaporanga d'Ajuda,28,Sergipe,Nordeste,418,8,36,0.0861244019138756,4,2018-05-20,2023-05-14,6,6.0,2.0,23.0,0,True
2803302,Japaratuba,28,Sergipe,Nordeste,418,8,69,0.16507177033492823,7,2018-07-15,2025-01-19,11,6.2727272727272725,4.0,18.0,0,True
2803401,Japoatã,28,Sergipe,Nordeste,418,8,15,0.03588516746411483,3,2019-10-13,2024-08-18,5,3.0,3.0,5.0,0,True
2803500,Lagarto,28,Sergipe,Nordeste,418,8,95,0.22727272727272727,6,2018-10-21,2024-06-16,12,7.916666666666667,6.0,35.0,0,True
2803609,Laranjeiras,28,Sergipe,Nordeste,418,8,60,0.14354066985645933,6,2019-06-09,2025-10-19,8,7.5,4.5,20.0,1,True
2803708,Macambira,28,Sergipe,Nordeste,418,8,25,0.05980861244019139,2,2019-07-07,2023-09-03,5,5.0,5.0,7.0,0,True
2803807,Malhada dos Bois,28,Sergipe,Nordeste,418,8,27,0.0645933014354067,5,2019-07-14,2025-06-15,6,4.5,4.5,8.0,0,True
2803906,Malhador,28,Sergipe,Nordeste,418,8,69,0.16507177033492823,5,2019-05-19,2023-04-02,13,5.3076923076923075,3.0,16.0,1,True
2804003,Maruim,28,Sergipe,Nordeste,418,8,52,0.12440191387559808,6,2018-04-29,2024-09-22,11,4.7272727272727275,4.0,17.0,0,True
2804102,Moita Bonita,28,Sergipe,Nordeste,418,8,79,0.18899521531100477,5,2019-04-28,2025-11-16,10,7.9,4.5,24.0,2,True
2804201,Monte Alegre de Sergipe,28,Sergipe,Nordeste,418,8,87,0.20813397129186603,6,2018-03-18,2025-11-16,12,7.25,3.5,46.0,0,True
2804300,Muribeca,28,Sergipe,Nordeste,418,8,20,0.04784688995215311,5,2018-02-11,2023-07-16,7,2.857142857142857,2.0,7.0,0,True
2804409,Neópolis,28,Sergipe,Nordeste,418,8,54,0.1291866028708134,6,2018-09-23,2024-03-17,8,6.75,4.0,23.0,0,True
2804458,Nossa Senhora Aparecida,28,Sergipe,Nordeste,418,8,62,0.14832535885167464,4,2018-02-18,2024-05-12,8,7.75,6.0,25.0,0,True
2804508,Nossa Senhora da Glória,28,Sergipe,Nordeste,418,8,68,0.16267942583732056,4,2019-02-24,2025-11-02,11,6.181818181818182,3.0,24.0,1,True
2804607,Nossa Senhora das Dores,28,Sergipe,Nordeste,418,8,81,0.1937799043062201,6,2019-04-21,2024-05-12,15,5.4,4.0,24.0,1,True
2804706,Nossa Senhora de Lourdes,28,Sergipe,Nordeste,418,8,14,0.03349282296650718,3,2018-11-04,2023-12-24,3,4.666666666666667,4.0,6.0,0,True
2804805,Nossa Senhora do Socorro,28,Sergipe,Nordeste,418,8,62,0.14832535885167464,5,2019-05-19,2024-04-28,6,10.333333333333334,7.5,33.0,1,True
2804904,Pacatuba,28,Sergipe,Nordeste,418,8,41,0.09808612440191387,5,2019-06-09,2025-04-06,10,4.1,4.0,9.0,0,True
2805000,Pedra Mole,28,Sergipe,Nordeste,418,8,26,0.06220095693779904,4,2019-05-05,2025-01-26,4,6.5,4.0,14.0,0,True
2805109,Pedrinhas,28,Sergipe,Nordeste,418,8,8,0.019138755980861243,2,2022-05-22,2025-05-11,2,4.0,4.0,4.0,0,True
2805208,Pinhão,28,Sergipe,Nordeste,418,8,58,0.13875598086124402,8,2018-05-13,2025-01-19,14,4.142857142857143,4.0,8.0,0,True
2805307,Pirambu,28,Sergipe,Nordeste,418,8,54,0.1291866028708134,6,2018-11-04,2024-09-22,10,5.4,4.0,11.0,0,True
2805406,Poço Redondo,28,Sergipe,Nordeste,418,8,80,0.19138755980861244,6,2019-01-13,2025-09-28,11,7.2727272727272725,4.0,31.0,2,True
2805505,Poço Verde,28,Sergipe,Nordeste,418,8,71,0.16985645933014354,6,2018-07-01,2025-12-28,10,7.1,4.0,20.0,0,True
2805604,Porto da Folha,28,Sergipe,Nordeste,418,8,104,0.24880382775119617,8,2018-03-11,2025-12-28,21,4.9523809523809526,4.0,12.0,1,True
2805703,Propriá,28,Sergipe,Nordeste,418,8,31,0.07416267942583732,4,2019-06-16,2025-06-01,6,5.166666666666667,3.0,16.0,0,True
2805802,Riachão do Dantas,28,Sergipe,Nordeste,418,8,46,0.11004784688995216,5,2018-10-07,2024-04-07,9,5.111111111111111,4.0,18.0,0,True
2805901,Riachuelo,28,Sergipe,Nordeste,418,8,43,0.10287081339712918,4,2019-07-21,2024-07-07,8,5.375,4.0,17.0,0,True
2806008,Ribeirópolis,28,Sergipe,Nordeste,418,8,37,0.08851674641148326,5,2019-04-28,2024-04-14,6,6.166666666666667,3.5,19.0,0,True
2806107,Rosário do Catete,28,Sergipe,Nordeste,418,8,44,0.10526315789473684,5,2018-10-07,2024-09-22,9,4.888888888888889,4.0,8.0,0,True
2806206,Salgado,28,Sergipe,Nordeste,418,8,78,0.18660287081339713,5,2019-06-09,2024-06-30,10,7.8,5.5,20.0,0,True
2806305,Santa Luzia do Itanhy,28,Sergipe,Nordeste,418,8,64,0.15311004784688995,5,2019-06-02,2024-05-05,7,9.142857142857142,4.0,30.0,1,True
2806404,Santana do São Francisco,28,Sergipe,Nordeste,418,8,44,0.10526315789473684,4,2019-06-23,2025-05-25,7,6.285714285714286,4.0,12.0,0,True
2806503,Santa Rosa de Lima,28,Sergipe,Nordeste,418,8,52,0.12440191387559808,6,2018-11-11,2025-05-11,10,5.2,4.0,10.0,0,True
2806602,Santo Amaro das Brotas,28,Sergipe,Nordeste,418,8,60,0.14354066985645933,4,2018-05-06,2023-05-21,10,6.0,5.0,18.0,1,True
2806701,São Cristóvão,28,Sergipe,Nordeste,418,8,78,0.18660287081339713,4,2019-04-14,2023-06-18,8,9.75,5.0,24.0,0,True
2806800,São Domingos,28,Sergipe,Nordeste,418,8,70,0.1674641148325359,5,2019-04-28,2024-03-17,12,5.833333333333333,4.5,14.0,0,True
2806909,São Francisco,28,Sergipe,Nordeste,418,8,19,0.045454545454545456,3,2019-08-18,2024-11-24,4,4.75,4.0,7.0,0,True
2807006,São Miguel do Aleixo,28,Sergipe,Nordeste,418,8,86,0.20574162679425836,6,2018-07-08,2024-04-14,14,6.142857142857143,4.5,13.0,2,True
2807105,Simão Dias,28,Sergipe,Nordeste,418,8,83,0.19856459330143542,8,2018-08-26,2025-12-21,12,6.916666666666667,4.0,30.0,0,True
2807204,Siriri,28,Sergipe,Nordeste,418,8,89,0.21291866028708134,6,2018-08-19,2025-11-30,14,6.357142857142857,5.5,15.0,1,True
2807303,Telha,28,Sergipe,Nordeste,418,8,2,0.004784688995215311,1,2023-09-24,2023-10-01,1,2.0,2.0,2.0,0,False
2807402,Tobias Barreto,28,Sergipe,Nordeste,418,8,29,0.06937799043062201,3,2019-07-21,2025-11-30,6,4.833333333333333,3.5,11.0,0,True
2807501,Tomar do Geru,28,Sergipe,Nordeste,418,8,47,0.11244019138755981,6,2019-06-16,2025-11-30,12,3.9166666666666665,4.0,7.0,0,True
2807600,Umbaúba,28,Sergipe,Nordeste,418,8,47,0.11244019138755981,4,2019-07-28,2023-08-06,9,5.222222222222222,5.0,13.0,0,True
2900108,Abaíra,29,Bahia,Nordeste,418,8,94,0.22488038277511962,7,2017-12-31,2025-12-28,15,6.266666666666667,4.0,24.0,0,True
2900207,Abaré,29,Bahia,Nordeste,418,8,113,0.2703349282296651,7,2019-03-31,2025-12-21,16,7.0625,4.0,24.0,0,True
2900306,Acajutiba,29,Bahia,Nordeste,418,8,88,0.21052631578947367,7,2019-05-05,2025-01-19,12,7.333333333333333,4.0,28.0,1,True
2900355,Adustina,29,Bahia,Nordeste,418,8,49,0.11722488038277512,6,2018-05-06,2024-05-05,8,6.125,4.0,16.0,0,True
2900405,Água Fria,29,Bahia,Nordeste,418,8,99,0.23684210526315788,5,2017-12-31,2024-12-22,13,7.615384615384615,4.0,29.0,0,True
2900504,Érico Cardoso,29,Bahia,Nordeste,418,8,60,0.14354066985645933,5,2018-09-02,2024-09-08,9,6.666666666666667,4.0,25.0,1,True
2900603,Aiquara,29,Bahia,Nordeste,418,8,66,0.15789473684210525,5,2019-04-21,2024-04-07,9,7.333333333333333,4.0,24.0,0,True
2900702,Alagoinhas,29,Bahia,Nordeste,418,8,102,0.24401913875598086,5,2018-01-07,2024-04-21,11,9.272727272727273,4.0,49.0,0,True
2900801,Alcobaça,29,Bahia,Nordeste,418,8,36,0.0861244019138756,4,2022-03-27,2025-12-28,4,9.0,9.5,16.0,1,True
2900900,Almadina,29,Bahia,Nordeste,418,8,62,0.14832535885167464,5,2019-05-12,2024-09-29,10,6.2,4.0,15.0,0,True
2901007,Amargosa,29,Bahia,Nordeste,418,8,78,0.18660287081339713,4,2019-05-26,2024-09-15,8,9.75,8.0,28.0,0,True
2901106,Amélia Rodrigues,29,Bahia,Nordeste,418,8,109,0.2607655502392344,4,2019-01-20,2024-12-22,9,12.11111111111111,10.0,38.0,1,True
2901155,América Dourada,29,Bahia,Nordeste,418,8,95,0.22727272727272727,7,2018-05-27,2025-11-09,15,6.333333333333333,4.0,17.0,1,True
2901205,Anagé,29,Bahia,Nordeste,418,8,84,0.20095693779904306,6,2019-06-30,2025-12-28,11,7.636363636363637,4.0,21.0,1,True
2901304,Andaraí,29,Bahia,Nordeste,418,8,88,0.21052631578947367,7,2018-06-03,2024-12-01,14,6.285714285714286,4.0,24.0,0,True
2901353,Andorinha,29,Bahia,Nordeste,418,8,91,0.21770334928229665,4,2019-04-28,2025-02-02,7,13.0,13.0,31.0,1,True
2901403,Angical,29,Bahia,Nordeste,418,8,87,0.20813397129186603,8,2018-05-27,2025-10-19,15,5.8,4.0,15.0,1,True
2901502,Anguera,29,Bahia,Nordeste,418,8,79,0.18899521531100477,5,2018-06-24,2024-04-07,11,7.181818181818182,5.0,19.0,0,True
2901601,Antas,29,Bahia,Nordeste,418,8,27,0.0645933014354067,5,2019-08-25,2024-03-24,8,3.375,3.0,7.0,0,True
2901700,Antônio Cardoso,29,Bahia,Nordeste,418,8,86,0.20574162679425836,7,2018-10-21,2025-01-12,13,6.615384615384615,4.0,36.0,0,True
2901809,Antônio Gonçalves,29,Bahia,Nordeste,418,8,61,0.145933014354067,6,2018-09-16,2025-11-23,12,5.083333333333333,3.5,20.0,0,True
2901908,Aporá,29,Bahia,Nordeste,418,8,73,0.17464114832535885,6,2019-05-26,2025-12-28,9,8.11111111111111,5.0,25.0,0,True
2901957,Apuarema,29,Bahia,Nordeste,418,8,78,0.18660287081339713,4,2019-10-20,2025-11-23,10,7.8,4.5,24.0,1,True
2902005,Aracatu,29,Bahia,Nordeste,418,8,99,0.23684210526315788,6,2019-05-12,2025-01-26,12,8.25,4.0,28.0,1,True
2902054,Araçás,29,Bahia,Nordeste,418,8,79,0.18899521531100477,5,2019-03-31,2025-02-16,15,5.266666666666667,5.0,10.0,0,True
2902104,Araci,29,Bahia,Nordeste,418,8,112,0.2679425837320574,5,2018-06-10,2025-10-05,8,14.0,7.5,45.0,1,True
2902203,Aramari,29,Bahia,Nordeste,418,8,84,0.20095693779904306,5,2018-12-16,2025-11-23,7,12.0,8.0,41.0,1,True
2902252,Arataca,29,Bahia,Nordeste,418,8,19,0.045454545454545456,3,2023-01-22,2025-11-30,5,3.8,4.0,5.0,1,True
2902302,Aratuípe,29,Bahia,Nordeste,418,8,42,0.10047846889952153,7,2018-08-12,2025-11-09,12,3.5,4.0,5.0,0,True
2902401,Aurelino Leal,29,Bahia,Nordeste,418,8,93,0.22248803827751196,5,2020-04-05,2025-12-07,11,8.454545454545455,8.0,20.0,1,True
2902500,Baianópolis,29,Bahia,Nordeste,418,8,91,0.21770334928229665,5,2019-02-10,2024-04-21,14,6.5,4.0,18.0,0,True
2902609,Baixa Grande,29,Bahia,Nordeste,418,8,21,0.050239234449760764,4,2020-05-03,2025-01-19,5,4.2,4.0,8.0,0,True
2902658,Banzaê,29,Bahia,Nordeste,418,8,65,0.15550239234449761,4,2018-04-29,2024-05-26,6,10.833333333333334,9.5,16.0,0,True
2902708,Barra,29,Bahia,Nordeste,418,8,81,0.1937799043062201,8,2018-04-15,2025-10-26,17,4.764705882352941,3.0,22.0,0,True
2902807,Barra da Estiva,29,Bahia,Nordeste,418,8,79,0.18899521531100477,6,2019-06-02,2024-08-11,9,8.777777777777779,4.0,28.0,1,True
2902906,Barra do Choça,29,Bahia,Nordeste,418,8,146,0.3492822966507177,8,2018-03-18,2025-11-02,18,8.11111111111111,5.0,40.0,2,True
2903003,Barra do Mendes,29,Bahia,Nordeste,418,8,110,0.2631578947368421,6,2019-03-24,2024-12-29,11,10.0,6.0,29.0,2,True
2903102,Barra do Rocha,29,Bahia,Nordeste,418,8,79,0.18899521531100477,7,2019-03-31,2025-01-05,13,6.076923076923077,4.0,37.0,0,True
2903201,Barreiras,29,Bahia,Nordeste,418,8,94,0.22488038277511962,5,2018-05-13,2022-12-18,11,8.545454545454545,5.0,37.0,1,True
2903235,Barro Alto,29,Bahia,Nordeste,418,8,101,0.24162679425837322,7,2019-05-05,2025-10-05,13,7.769230769230769,7.0,19.0,1,True
2903276,Barrocas,29,Bahia,Nordeste,418,8,110,0.2631578947368421,7,2019-02-24,2025-11-02,11,10.0,4.0,32.0,1,True
2903300,Barro Preto,29,Bahia,Nordeste,418,8,45,0.1076555023923445,4,2020-07-12,2025-04-13,6,7.5,5.5,15.0,0,True
2903409,Belmonte,29,Bahia,Nordeste,418,8,57,0.13636363636363635,5,2018-05-06,2023-03-05,5,11.4,15.0,21.0,1,True
2903508,Belo Campo,29,Bahia,Nordeste,418,8,83,0.19856459330143542,6,2020-06-28,2025-12-28,10,8.3,4.0,33.0,1,True
2903607,Biritinga,29,Bahia,Nordeste,418,8,104,0.24880382775119617,4,2019-02-10,2025-12-28,8,13.0,8.5,43.0,1,True
2903706,Boa Nova,29,Bahia,Nordeste,418,8,92,0.22009569377990432,6,2019-11-24,2025-01-26,5,18.4,4.0,43.0,2,True
2903805,Boa Vista do Tupim,29,Bahia,Nordeste,418,8,55,0.13157894736842105,6,2018-11-18,2025-12-28,9,6.111111111111111,4.0,15.0,0,True
2903904,Bom Jesus da Lapa,29,Bahia,Nordeste,418,8,76,0.18181818181818182,5,2017-12-31,2024-05-26,6,12.666666666666666,12.0,22.0,0,True
2903953,Bom Jesus da Serra,29,Bahia,Nordeste,418,8,80,0.19138755980861244,7,2019-04-14,2025-12-21,11,7.2727272727272725,4.0,22.0,0,True
2904001,Boninal,29,Bahia,Nordeste,418,8,88,0.21052631578947367,6,2019-03-03,2025-11-16,16,5.5,4.0,17.0,0,True
2904050,Bonito,29,Bahia,Nordeste,418,8,84,0.20095693779904306,6,2019-04-07,2025-10-05,9,9.333333333333334,5.0,42.0,1,True
2904100,Boquira,29,Bahia,Nordeste,418,8,117,0.2799043062200957,7,2018-06-10,2025-11-30,15,7.8,7.0,19.0,1,True
2904209,Botuporã,29,Bahia,Nordeste,418,8,106,0.2535885167464115,6,2019-04-14,2024-08-04,10,10.6,4.0,51.0,2,True
2904308,Brejões,29,Bahia,Nordeste,418,8,83,0.19856459330143542,6,2018-05-20,2025-08-17,9,9.222222222222221,4.0,38.0,1,True
2904407,Brejolândia,29,Bahia,Nordeste,418,8,86,0.20574162679425836,7,2017-12-31,2025-09-14,11,7.818181818181818,5.0,33.0,0,True
2904506,Brotas de Macaúbas,29,Bahia,Nordeste,418,8,118,0.2822966507177033,7,2017-12-31,2025-10-26,16,7.375,4.0,21.0,1,True
2904605,Brumado,29,Bahia,Nordeste,418,8,97,0.23205741626794257,5,2018-07-08,2024-12-15,9,10.777777777777779,9.0,25.0,0,True
2904704,Buerarema,29,Bahia,Nordeste,418,8,49,0.11722488038277512,7,2019-07-07,2025-10-05,12,4.083333333333333,1.5,16.0,0,True
2904753,Buritirama,29,Bahia,Nordeste,418,8,63,0.1507177033492823,4,2018-02-18,2025-12-28,9,7.0,6.0,17.0,0,True
2904803,Caatiba,29,Bahia,Nordeste,418,8,62,0.14832535885167464,5,2020-03-08,2025-08-24,6,10.333333333333334,10.5,17.0,1,True
2904852,Cabaceiras do Paraguaçu,29,Bahia,Nordeste,418,8,88,0.21052631578947367,4,2019-01-06,2024-05-19,6,14.666666666666666,16.0,25.0,0,True
2904902,Cachoeira,29,Bahia,Nordeste,418,8,79,0.18899521531100477,6,2017-12-31,2025-12-28,12,6.583333333333333,3.5,28.0,0,True
2905008,Caculé,29,Bahia,Nordeste,418,8,78,0.18660287081339713,4,2019-05-05,2024-08-04,5,15.6,21.0,28.0,1,True
2905107,Caém,29,Bahia,Nordeste,418,8,54,0.1291866028708134,7,2018-03-11,2025-12-07,7,7.714285714285714,6.0,18.0,0,True
2905156,Caetanos,29,Bahia,Nordeste,418,8,110,0.2631578947368421,7,2019-02-10,2025-11-23,15,7.333333333333333,4.0,23.0,2,True
2905206,Caetité,29,Bahia,Nordeste,418,8,125,0.29904306220095694,7,2019-03-10,2025-12-21,14,8.928571428571429,5.5,33.0,0,True
2905305,Cafarnaum,29,Bahia,Nordeste,418,8,91,0.21770334928229665,7,2018-04-22,2025-12-14,12,7.583333333333333,4.0,35.0,0,True
2905404,Cairu,29,Bahia,Nordeste,418,8,48,0.11483253588516747,3,2019-06-23,2024-06-02,4,12.0,12.0,18.0,1,True
2905503,Caldeirão Grande,29,Bahia,Nordeste,418,8,98,0.23444976076555024,6,2019-03-24,2025-12-28,11,8.909090909090908,5.0,31.0,1,True
2905602,Camacan,29,Bahia,Nordeste,418,8,68,0.16267942583732056,6,2019-07-14,2025-12-28,14,4.857142857142857,4.0,19.0,1,True
2905701,Camaçari,29,Bahia,Nordeste,418,8,106,0.2535885167464115,6,2018-06-10,2024-04-28,7,15.142857142857142,11.0,62.0,2,True
2905800,Camamu,29,Bahia,Nordeste,418,8,80,0.19138755980861244,6,2018-09-16,2024-09-15,9,8.88888888888889,5.0,28.0,0,True
2905909,Campo Alegre de Lourdes,29,Bahia,Nordeste,418,8,73,0.17464114832535885,6,2018-01-07,2024-10-06,15,4.866666666666666,4.0,17.0,1,True
2906006,Campo Formoso,29,Bahia,Nordeste,418,8,38,0.09090909090909091,3,2019-11-24,2024-06-09,3,12.666666666666666,13.0,21.0,0,True
2906105,Canápolis,29,Bahia,Nordeste,418,8,80,0.19138755980861244,5,2017-12-31,2024-05-05,11,7.2727272727272725,4.0,17.0,0,True
2906204,Canarana,29,Bahia,Nordeste,418,8,88,0.21052631578947367,7,2018-03-25,2025-09-28,13,6.769230769230769,5.0,28.0,0,True
2906303,Canavieiras,29,Bahia,Nordeste,418,8,61,0.145933014354067,5,2019-11-03,2025-12-14,9,6.777777777777778,4.0,24.0,1,True
2906402,Candeal,29,Bahia,Nordeste,418,8,81,0.1937799043062201,7,2019-01-20,2025-10-12,10,8.1,4.0,35.0,0,True
2906501,Candeias,29,Bahia,Nordeste,418,8,106,0.2535885167464115,6,2018-12-23,2025-12-28,18,5.888888888888889,4.0,29.0,2,True
2906600,Candiba,29,Bahia,Nordeste,418,8,99,0.23684210526315788,7,2019-02-10,2025-08-03,16,6.1875,4.0,25.0,2,True
2906709,Cândido Sales,29,Bahia,Nordeste,418,8,79,0.18899521531100477,6,2019-10-20,2025-12-28,12,6.583333333333333,3.5,43.0,0,True
2906808,Cansanção,29,Bahia,Nordeste,418,8,58,0.13875598086124402,4,2019-05-05,2025-12-14,7,8.285714285714286,4.0,21.0,2,True
2906824,Canudos,29,Bahia,Nordeste,418,8,21,0.050239234449760764,3,2019-06-02,2025-11-16,6,3.5,4.0,5.0,0,True
2906857,Capela do Alto Alegre,29,Bahia,Nordeste,418,8,142,0.3397129186602871,6,2018-12-30,2025-02-09,11,12.909090909090908,8.0,47.0,2,True
2906873,Capim Grosso,29,Bahia,Nordeste,418,8,86,0.20574162679425836,5,2019-03-24,2025-01-05,6,14.333333333333334,6.5,40.0,1,True
2906899,Caraíbas,29,Bahia,Nordeste,418,8,73,0.17464114832535885,5,2020-05-24,2025-12-14,9,8.11111111111111,4.0,25.0,1,True
2906907,Caravelas,29,Bahia,Nordeste,418,8,55,0.13157894736842105,5,2019-08-11,2025-10-05,10,5.5,4.5,13.0,0,True
2907004,Cardeal da Silva,29,Bahia,Nordeste,418,8,61,0.145933014354067,5,2019-05-19,2025-11-16,8,7.625,6.5,15.0,0,True
2907103,Carinhanha,29,Bahia,Nordeste,418,8,128,0.3062200956937799,7,2018-04-29,2025-11-23,15,8.533333333333333,5.0,36.0,1,True
2907202,Casa Nova,29,Bahia,Nordeste,418,8,57,0.13636363636363635,5,2018-07-22,2024-04-28,7,8.142857142857142,5.0,23.0,1,True
2907301,Castro Alves,29,Bahia,Nordeste,418,8,77,0.18421052631578946,5,2019-05-12,2024-12-22,19,4.052631578947368,2.0,15.0,0,True
2907400,Catolândia,29,Bahia,Nordeste,418,8,45,0.1076555023923445,3,2021-01-10,2024-05-19,5,9.0,7.0,18.0,0,True
2907509,Catu,29,Bahia,Nordeste,418,8,114,0.2727272727272727,5,2018-03-04,2025-02-23,13,8.76923076923077,4.0,31.0,0,True
2907558,Caturama,29,Bahia,Nordeste,418,8,90,0.215311004784689,7,2018-10-21,2025-12-28,10,9.0,5.5,30.0,0,True
2907608,Central,29,Bahia,Nordeste,418,8,102,0.24401913875598086,6,2018-06-03,2024-12-01,13,7.846153846153846,6.0,20.0,2,True
2907707,Chorrochó,29,Bahia,Nordeste,418,8,74,0.17703349282296652,6,2019-04-21,2025-12-28,8,9.25,7.0,23.0,0,True
2907806,Cícero Dantas,29,Bahia,Nordeste,418,8,83,0.19856459330143542,5,2019-05-05,2025-11-09,8,10.375,6.5,27.0,0,True
2907905,Cipó,29,Bahia,Nordeste,418,8,59,0.14114832535885166,4,2019-05-05,2025-12-28,11,5.363636363636363,4.0,16.0,0,True
2908002,Coaraci,29,Bahia,Nordeste,418,8,84,0.20095693779904306,8,2018-09-23,2025-10-05,14,6.0,5.0,16.0,1,True
2908101,Cocos,29,Bahia,Nordeste,418,8,98,0.23444976076555024,6,2019-03-31,2024-06-02,10,9.8,7.0,26.0,1,True
2908200,Conceição da Feira,29,Bahia,Nordeste,418,8,71,0.16985645933014354,3,2019-03-24,2023-12-24,4,17.75,2.5,65.0,1,True
2908309,Conceição do Almeida,29,Bahia,Nordeste,418,8,102,0.24401913875598086,5,2019-05-05,2024-12-08,8,12.75,7.0,40.0,1,True
2908408,Conceição do Coité,29,Bahia,Nordeste,418,8,86,0.20574162679425836,5,2018-12-23,2025-07-20,11,7.818181818181818,6.0,23.0,2,True
2908507,Conceição do Jacuípe,29,Bahia,Nordeste,418,8,98,0.23444976076555024,5,2018-01-14,2024-04-21,15,6.533333333333333,3.0,29.0,0,True
2908606,Conde,29,Bahia,Nordeste,418,8,89,0.21291866028708134,5,2019-04-28,2024-12-22,8,11.125,5.5,35.0,1,True
2908705,Condeúba,29,Bahia,Nordeste,418,8,108,0.2583732057416268,7,2019-05-05,2025-12-28,11,9.818181818181818,6.0,26.0,1,True
2908804,Contendas do Sincorá,29,Bahia,Nordeste,418,8,74,0.17703349282296652,7,2019-05-26,2025-11-02,12,6.166666666666667,4.0,21.0,1,True
2908903,Coração de Maria,29,Bahia,Nordeste,418,8,80,0.19138755980861244,4,2018-03-25,2023-11-26,8,10.0,5.5,34.0,0,True
2909000,Cordeiros,29,Bahia,Nordeste,418,8,135,0.3229665071770335,6,2020-02-23,2025-11-30,15,9.0,4.0,38.0,1,True
2909109,Coribe,29,Bahia,Nordeste,418,8,104,0.24880382775119617,8,2018-01-07,2025-06-29,17,6.117647058823529,4.0,17.0,2,True
2909208,Coronel João Sá,29,Bahia,Nordeste,418,8,89,0.21291866028708134,5,2019-06-30,2024-04-28,7,12.714285714285714,8.0,24.0,1,True
2909307,Correntina,29,Bahia,Nordeste,418,8,97,0.23205741626794257,6,2017-12-31,2025-12-14,13,7.461538461538462,4.0,33.0,0,True
2909406,Cotegipe,29,Bahia,Nordeste,418,8,111,0.26555023923444976,8,2018-04-29,2025-11-09,16,6.9375,4.5,23.0,0,True
2909505,Cravolândia,29,Bahia,Nordeste,418,8,49,0.11722488038277512,4,2019-04-21,2025-01-12,5,9.8,4.0,24.0,1,True
2909604,Crisópolis,29,Bahia,Nordeste,418,8,97,0.23205741626794257,4,2019-03-03,2024-05-19,11,8.818181818181818,5.0,23.0,0,True
2909703,Cristópolis,29,Bahia,Nordeste,418,8,71,0.16985645933014354,6,2018-07-01,2024-10-13,15,4.733333333333333,3.0,26.0,0,True
2909802,Cruz das Almas,29,Bahia,Nordeste,418,8,114,0.2727272727272727,6,2018-06-10,2025-12-07,14,8.142857142857142,5.5,26.0,1,True
2909901,Curaçá,29,Bahia,Nordeste,418,8,115,0.2751196172248804,6,2019-01-20,2025-12-28,15,7.666666666666667,4.0,25.0,0,True
2910008,Dário Meira,29,Bahia,Nordeste,418,8,59,0.14114832535885166,5,2019-05-26,2024-09-15,6,9.833333333333334,4.5,37.0,1,True
2910057,Dias d'Ávila,29,Bahia,Nordeste,418,8,71,0.16985645933014354,7,2018-09-23,2025-03-09,16,4.4375,3.5,17.0,0,True
2910107,Dom Basílio,29,Bahia,Nordeste,418,8,91,0.21770334928229665,5,2018-04-01,2024-08-25,10,9.1,8.5,18.0,0,True
2910206,Dom Macedo Costa,29,Bahia,Nordeste,418,8,67,0.16028708133971292,4,2019-05-19,2025-01-26,6,11.166666666666666,11.0,24.0,0,True
2910305,Elísio Medrado,29,Bahia,Nordeste,418,8,40,0.09569377990430622,5,2019-06-09,2025-06-15,6,6.666666666666667,5.0,14.0,0,True
2910404,Encruzilhada,29,Bahia,Nordeste,418,8,92,0.22009569377990432,7,2019-11-10,2025-11-30,12,7.666666666666667,4.0,26.0,1,True
2910503,Entre Rios,29,Bahia,Nordeste,418,8,67,0.16028708133971292,5,2018-09-09,2024-03-24,6,11.166666666666666,6.5,38.0,0,True
2910602,Esplanada,29,Bahia,Nordeste,418,8,89,0.21291866028708134,3,2019-01-20,2024-05-26,2,44.5,44.5,74.0,1,True
2910701,Euclides da Cunha,29,Bahia,Nordeste,418,8,75,0.17942583732057416,5,2018-10-14,2025-12-28,8,9.375,7.5,30.0,1,True
2910727,Eunápolis,29,Bahia,Nordeste,418,8,72,0.1722488038277512,5,2020-03-08,2025-11-02,13,5.538461538461538,4.0,14.0,0,True
2910750,Fátima,29,Bahia,Nordeste,418,8,69,0.16507177033492823,5,2018-04-01,2024-04-21,11,6.2727272727272725,2.0,28.0,1,True
2910776,Feira da Mata,29,Bahia,Nordeste,418,8,80,0.19138755980861244,6,2019-04-07,2024-05-26,8,10.0,10.0,20.0,0,True
2910800,Feira de Santana,29,Bahia,Nordeste,418,8,99,0.23684210526315788,4,2018-06-24,2024-06-02,3,33.0,13.0,74.0,1,True
2910859,Filadélfia,29,Bahia,Nordeste,418,8,69,0.16507177033492823,4,2019-04-21,2025-12-28,10,6.9,4.0,24.0,0,True
2910909,Firmino Alves,29,Bahia,Nordeste,418,8,45,0.1076555023923445,6,2019-10-06,2025-10-26,9,5.0,4.0,14.0,0,True
2911006,Floresta Azul,29,Bahia,Nordeste,418,8,90,0.215311004784689,7,2018-11-11,2025-04-20,12,7.5,4.0,28.0,2,True
2911105,Formosa do Rio Preto,29,Bahia,Nordeste,418,8,107,0.25598086124401914,7,2018-03-04,2024-12-22,17,6.294117647058823,4.0,31.0,0,True
2911204,Gandu,29,Bahia,Nordeste,418,8,113,0.2703349282296651,8,2018-06-24,2025-11-30,15,7.533333333333333,5.0,25.0,0,True
2911253,Gavião,29,Bahia,Nordeste,418,8,58,0.13875598086124402,5,2019-05-26,2024-06-09,7,8.285714285714286,8.0,16.0,0,True
2911303,Gentio do Ouro,29,Bahia,Nordeste,418,8,105,0.2511961722488038,8,2017-12-31,2025-09-28,13,8.076923076923077,5.0,28.0,0,True
2911402,Glória,29,Bahia,Nordeste,418,8,49,0.11722488038277512,6,2018-10-14,2024-09-15,9,5.444444444444445,2.0,16.0,1,True
2911501,Gongogi,29,Bahia,Nordeste,418,8,82,0.19617224880382775,6,2018-10-07,2025-12-21,15,5.466666666666667,4.0,13.0,0,True
2911600,Governador Mangabeira,29,Bahia,Nordeste,418,8,78,0.18660287081339713,3,2017-12-31,2020-04-05,4,19.5,7.0,61.0,1,True
2911659,Guajeru,29,Bahia,Nordeste,418,8,58,0.13875598086124402,4,2019-11-10,2025-01-19,7,8.285714285714286,4.0,31.0,0,True
2911709,Guanambi,29,Bahia,Nordeste,418,8,167,0.39952153110047844,7,2018-04-08,2025-12-28,19,8.789473684210526,6.0,28.0,1,True
2911808,Guaratinga,29,Bahia,Nordeste,418,8,59,0.14114832535885166,5,2020-05-17,2025-12-28,10,5.9,5.0,14.0,0,True
2911857,Heliópolis,29,Bahia,Nordeste,418,8,46,0.11004784688995216,4,2019-08-25,2024-09-08,7,6.571428571428571,5.0,14.0,0,True
2911907,Iaçu,29,Bahia,Nordeste,418,8,77,0.18421052631578946,5,2017-12-31,2024-05-19,7,11.0,7.0,35.0,0,True
2912004,Ibiassucê,29,Bahia,Nordeste,418,8,89,0.21291866028708134,6,2018-01-21,2025-12-28,11,8.090909090909092,5.0,22.0,0,True
2912103,Ibicaraí,29,Bahia,Nordeste,418,8,6,0.014354066985645933,1,2020-05-10,2020-06-14,1,6.0,6.0,6.0,0,False
2912202,Ibicoara,29,Bahia,Nordeste,418,8,73,0.17464114832535885,3,2019-02-03,2024-12-15,8,9.125,7.0,23.0,0,True
2912301,Ibicuí,29,Bahia,Nordeste,418,8,76,0.18181818181818182,7,2019-10-20,2025-10-26,11,6.909090909090909,5.0,21.0,0,True
2912400,Ibipeba,29,Bahia,Nordeste,418,8,68,0.16267942583732056,5,2018-12-30,2024-10-06,10,6.8,4.0,23.0,0,True
2912509,Ibipitanga,29,Bahia,Nordeste,418,8,105,0.2511961722488038,5,2019-01-06,2024-06-02,8,13.125,10.0,31.0,1,True
2912608,Ibiquera,29,Bahia,Nordeste,418,8,46,0.11004784688995216,3,2019-10-20,2023-10-29,6,7.666666666666667,4.0,25.0,0,True
2912707,Ibirapitanga,29,Bahia,Nordeste,418,8,54,0.1291866028708134,7,2018-08-26,2025-11-23,13,4.153846153846154,4.0,14.0,0,True
2912806,Ibirapuã,29,Bahia,Nordeste,418,8,53,0.12679425837320574,7,2018-09-16,2025-06-15,11,4.818181818181818,4.0,12.0,0,True
2912905,Ibirataia,29,Bahia,Nordeste,418,8,55,0.13157894736842105,4,2019-06-30,2024-12-08,7,7.857142857142857,3.0,28.0,1,True
2913002,Ibitiara,29,Bahia,Nordeste,418,8,110,0.2631578947368421,6,2019-03-31,2025-11-30,14,7.857142857142857,4.0,23.0,1,True
2913101,Ibititá,29,Bahia,Nordeste,418,8,86,0.20574162679425836,6,2019-01-13,2024-11-10,11,7.818181818181818,4.0,29.0,0,True
2913200,Ibotirama,29,Bahia,Nordeste,418,8,101,0.24162679425837322,6,2018-04-01,2025-11-23,10,10.1,9.0,27.0,1,True
2913309,Ichu,29,Bahia,Nordeste,418,8,79,0.18899521531100477,5,2018-09-23,2024-09-08,9,8.777777777777779,5.0,22.0,0,True
2913408,Igaporã,29,Bahia,Nordeste,418,8,71,0.16985645933014354,6,2018-05-06,2024-08-18,9,7.888888888888889,4.0,20.0,0,True
2913457,Igrapiúna,29,Bahia,Nordeste,418,8,65,0.15550239234449761,5,2019-02-17,2025-12-14,12,5.416666666666667,5.0,15.0,0,True
2913507,Iguaí,29,Bahia,Nordeste,418,8,67,0.16028708133971292,6,2019-07-28,2025-08-17,6,11.166666666666666,3.0,53.0,2,True
2913606,Ilhéus,29,Bahia,Nordeste,418,8,114,0.2727272727272727,5,2019-06-23,2025-12-28,8,14.25,8.0,35.0,0,True
2913705,Inhambupe,29,Bahia,Nordeste,418,8,80,0.19138755980861244,4,2018-05-13,2024-04-28,7,11.428571428571429,4.0,57.0,1,True
2913804,Ipecaetá,29,Bahia,Nordeste,418,8,70,0.1674641148325359,4,2018-02-11,2024-05-26,9,7.777777777777778,4.0,24.0,0,True
2913903,Ipiaú,29,Bahia,Nordeste,418,8,59,0.14114832535885166,4,2018-09-16,2021-12-26,7,8.428571428571429,4.0,31.0,0,True
2914000,Ipirá,29,Bahia,Nordeste,418,8,132,0.3157894736842105,7,2018-02-11,2025-11-09,18,7.333333333333333,4.0,31.0,0,True
2914109,Ipupiara,29,Bahia,Nordeste,418,8,112,0.2679425837320574,7,2018-01-14,2025-06-22,11,10.181818181818182,10.0,23.0,1,True
2914208,Irajuba,29,Bahia,Nordeste,418,8,32,0.07655502392344497,3,2020-03-15,2025-03-09,4,8.0,5.5,16.0,0,True
2914307,Iramaia,29,Bahia,Nordeste,418,8,43,0.10287081339712918,5,2019-04-28,2025-02-02,6,7.166666666666667,3.5,21.0,0,True
2914406,Iraquara,29,Bahia,Nordeste,418,8,120,0.28708133971291866,7,2018-05-27,2025-12-28,16,7.5,4.0,27.0,0,True
2914505,Irará,29,Bahia,Nordeste,418,8,74,0.17703349282296652,4,2019-01-27,2024-10-20,5,14.8,3.0,46.0,1,True
2914604,Irecê,29,Bahia,Nordeste,418,8,144,0.3444976076555024,8,2018-08-19,2025-10-12,16,9.0,6.0,30.0,1,True
2914653,Itabela,29,Bahia,Nordeste,418,8,39,0.09330143540669857,4,2022-04-03,2025-10-19,10,3.9,4.0,7.0,0,True
2914703,Itaberaba,29,Bahia,Nordeste,418,8,91,0.21770334928229665,6,2019-05-26,2024-05-26,9,10.11111111111111,3.0,40.0,1,True
2914802,Itabuna,29,Bahia,Nordeste,418,8,51,0.12200956937799043,3,2022-05-15,2025-12-07,5,10.2,5.0,20.0,1,True
2914901,Itacaré,29,Bahia,Nordeste,418,8,15,0.03588516746411483,4,2019-07-14,2024-12-29,4,3.75,4.0,6.0,1,True
2915007,Itaeté,29,Bahia,Nordeste,418,8,41,0.09808612440191387,5,2020-03-15,2025-09-07,8,5.125,3.5,15.0,0,True
2915106,Itagi,29,Bahia,Nordeste,418,8,81,0.1937799043062201,6,2020-04-05,2025-12-28,14,5.785714285714286,4.0,32.0,1,True
2915205,Itagibá,29,Bahia,Nordeste,418,8,88,0.21052631578947367,6,2019-09-22,2024-12-22,17,5.176470588235294,5.0,10.0,0,True
2915304,Itagimirim,29,Bahia,Nordeste,418,8,73,0.17464114832535885,6,2018-12-16,2025-10-26,11,6.636363636363637,4.0,23.0,0,True
2915353,Itaguaçu da Bahia,29,Bahia,Nordeste,418,8,101,0.24162679425837322,8,2018-05-27,2025-12-07,16,6.3125,4.0,21.0,3,True
2915403,Itaju do Colônia,29,Bahia,Nordeste,418,8,36,0.0861244019138756,4,2020-05-10,2025-08-24,7,5.142857142857143,4.0,9.0,0,True
2915502,Itajuípe,29,Bahia,Nordeste,418,8,66,0.15789473684210525,4,2020-05-31,2024-09-08,8,8.25,7.0,19.0,1,True
2915601,Itamaraju,29,Bahia,Nordeste,418,8,109,0.2607655502392344,7,2019-08-25,2025-10-26,14,7.785714285714286,5.0,26.0,1,True
2915700,Itamari,29,Bahia,Nordeste,418,8,88,0.21052631578947367,7,2018-01-07,2024-07-21,17,5.176470588235294,4.0,14.0,0,True
2915809,Itambé,29,Bahia,Nordeste,418,8,103,0.24641148325358853,7,2019-06-16,2025-10-12,14,7.357142857142857,4.5,21.0,1,True
2915908,Itanagra,29,Bahia,Nordeste,418,8,67,0.16028708133971292,7,2019-08-11,2025-11-02,12,5.583333333333333,4.0,18.0,1,True
2916005,Itanhém,29,Bahia,Nordeste,418,8,63,0.1507177033492823,5,2018-07-01,2023-11-05,7,9.0,5.0,32.0,1,True
2916104,Itaparica,29,Bahia,Nordeste,418,8,60,0.14354066985645933,7,2018-02-11,2025-09-28,13,4.615384615384615,3.0,17.0,0,True
2916203,Itapé,29,Bahia,Nordeste,418,8,92,0.22009569377990432,7,2019-06-23,2025-12-14,13,7.076923076923077,5.0,18.0,0,True
2916302,Itapebi,29,Bahia,Nordeste,418,8,68,0.16267942583732056,6,2018-09-09,2025-08-03,8,8.5,4.5,37.0,2,True
2916401,Itapetinga,29,Bahia,Nordeste,418,8,59,0.14114832535885166,6,2019-08-04,2025-11-09,9,6.555555555555555,4.0,16.0,1,True
2916500,Itapicuru,29,Bahia,Nordeste,418,8,92,0.22009569377990432,7,2019-03-31,2025-10-19,18,5.111111111111111,4.0,24.0,0,True
2916609,Itapitanga,29,Bahia,Nordeste,418,8,34,0.08133971291866028,3,2022-04-24,2025-11-02,8,4.25,4.0,6.0,0,True
2916708,Itaquara,29,Bahia,Nordeste,418,8,50,0.11961722488038277,4,2020-03-15,2025-08-03,8,6.25,4.0,20.0,0,True
2916807,Itarantim,29,Bahia,Nordeste,418,8,105,0.2511961722488038,6,2020-04-12,2025-06-08,15,7.0,5.0,24.0,0,True
2916856,Itatim,29,Bahia,Nordeste,418,8,71,0.16985645933014354,6,2019-06-16,2024-12-15,15,4.733333333333333,4.0,17.0,1,True
2916906,Itiruçu,29,Bahia,Nordeste,418,8,95,0.22727272727272727,7,2019-04-21,2025-12-21,15,6.333333333333333,5.0,16.0,1,True
2917003,Itiúba,29,Bahia,Nordeste,418,8,88,0.21052631578947367,5,2018-07-15,2025-12-28,12,7.333333333333333,3.0,41.0,2,True
2917102,Itororó,29,Bahia,Nordeste,418,8,54,0.1291866028708134,5,2018-10-21,2022-11-06,8,6.75,5.0,15.0,2,True
2917201,Ituaçu,29,Bahia,Nordeste,418,8,96,0.22966507177033493,7,2018-04-29,2025-11-02,14,6.857142857142857,5.0,21.0,0,True
2917300,Ituberá,29,Bahia,Nordeste,418,8,64,0.15311004784688995,6,2019-03-17,2025-08-24,14,4.571428571428571,4.0,20.0,1,True
2917334,Iuiu,29,Bahia,Nordeste,418,8,81,0.1937799043062201,7,2019-04-21,2025-10-26,11,7.363636363636363,4.0,22.0,0,True
2917359,Jaborandi,29,Bahia,Nordeste,418,8,110,0.2631578947368421,7,2018-05-20,2024-09-15,18,6.111111111111111,4.0,18.0,0,True
2917409,Jacaraci,29,Bahia,Nordeste,418,8,86,0.20574162679425836,4,2019-04-21,2024-11-10,4,21.5,14.0,56.0,2,True
2917508,Jacobina,29,Bahia,Nordeste,418,8,69,0.16507177033492823,5,2019-04-28,2024-04-28,8,8.625,5.5,21.0,0,True
2917607,Jaguaquara,29,Bahia,Nordeste,418,8,120,0.28708133971291866,8,2018-05-13,2025-11-16,18,6.666666666666667,4.0,31.0,1,True
2917706,Jaguarari,29,Bahia,Nordeste,418,8,82,0.19617224880382775,7,2018-10-07,2024-12-01,17,4.823529411764706,4.0,18.0,0,True
2917805,Jaguaripe,29,Bahia,Nordeste,418,8,84,0.20095693779904306,5,2019-06-02,2024-09-22,11,7.636363636363637,5.0,28.0,0,True
2917904,Jandaíra,29,Bahia,Nordeste,418,8,92,0.22009569377990432,7,2018-04-22,2025-12-14,12,7.666666666666667,4.5,32.0,0,True
2918001,Jequié,29,Bahia,Nordeste,418,8,77,0.18421052631578946,2,2019-05-12,2020-12-27,3,25.666666666666668,26.0,48.0,1,True
2918100,Jeremoabo,29,Bahia,Nordeste,418,8,77,0.18421052631578946,6,2018-07-08,2024-03-24,12,6.416666666666667,4.0,16.0,1,True
2918209,Jiquiriçá,29,Bahia,Nordeste,418,8,77,0.18421052631578946,7,2018-10-28,2025-06-22,15,5.133333333333334,4.0,19.0,0,True
2918308,Jitaúna,29,Bahia,Nordeste,418,8,43,0.10287081339712918,5,2019-07-21,2025-10-05,9,4.777777777777778,4.0,9.0,0,True
2918357,João Dourado,29,Bahia,Nordeste,418,8,82,0.19617224880382775,6,2019-03-10,2025-09-07,10,8.2,4.0,23.0,0,True
2918407,Juazeiro,29,Bahia,Nordeste,418,8,117,0.2799043062200957,6,2018-06-10,2024-05-12,11,10.636363636363637,4.0,34.0,1,True
2918456,Jucuruçu,29,Bahia,Nordeste,418,8,88,0.21052631578947367,5,2019-03-31,2025-10-05,8,11.0,6.5,33.0,1,True
2918506,Jussara,29,Bahia,Nordeste,418,8,91,0.21770334928229665,7,2018-05-20,2025-10-12,14,6.5,4.0,18.0,1,True
2918555,Jussari,29,Bahia,Nordeste,418,8,68,0.16267942583732056,6,2019-04-14,2025-07-06,8,8.5,7.5,21.0,0,True
2918605,Jussiape,29,Bahia,Nordeste,418,8,59,0.14114832535885166,3,2020-04-12,2025-03-30,6,9.833333333333334,7.0,20.0,0,True
2918704,Lafaiete Coutinho,29,Bahia,Nordeste,418,8,61,0.145933014354067,6,2019-07-14,2025-12-28,11,5.545454545454546,4.0,21.0,0,True
2918753,Lagoa Real,29,Bahia,Nordeste,418,8,117,0.2799043062200957,6,2019-05-19,2025-12-07,9,13.0,15.0,24.0,1,True
2918803,Laje,29,Bahia,Nordeste,418,8,75,0.17942583732057416,5,2019-05-05,2025-11-16,9,8.333333333333334,4.0,21.0,1,True
2918902,Lajedão,29,Bahia,Nordeste,418,8,62,0.14832535885167464,6,2019-05-12,2025-09-14,9,6.888888888888889,4.0,25.0,1,True
2919009,Lajedinho,29,Bahia,Nordeste,418,8,69,0.16507177033492823,5,2019-02-24,2025-12-07,11,6.2727272727272725,5.0,11.0,0,True
2919058,Lajedo do Tabocal,29,Bahia,Nordeste,418,8,31,0.07416267942583732,3,2020-02-23,2025-12-28,8,3.875,4.0,10.0,1,True
2919108,Lamarão,29,Bahia,Nordeste,418,8,64,0.15311004784688995,5,2018-11-25,2024-04-07,9,7.111111111111111,4.0,26.0,1,True
2919157,Lapão,29,Bahia,Nordeste,418,8,108,0.2583732057416268,7,2019-01-13,2025-09-21,14,7.714285714285714,4.5,32.0,0,True
2919207,Lauro de Freitas,29,Bahia,Nordeste,418,8,107,0.25598086124401914,6,2018-09-30,2024-04-21,9,11.88888888888889,10.0,39.0,1,True
2919306,Lençóis,29,Bahia,Nordeste,418,8,104,0.24880382775119617,7,2018-06-03,2024-08-25,14,7.428571428571429,5.5,18.0,2,True
2919405,Licínio de Almeida,29,Bahia,Nordeste,418,8,110,0.2631578947368421,6,2019-03-03,2025-12-28,13,8.461538461538462,4.0,23.0,2,True
2919504,Livramento de Nossa Senhora,29,Bahia,Nordeste,418,8,145,0.34688995215311,6,2018-03-11,2024-06-16,13,11.153846153846153,11.0,29.0,2,True
2919553,Luís Eduardo Magalhães,29,Bahia,Nordeste,418,8,96,0.22966507177033493,8,2018-06-03,2025-08-24,17,5.647058823529412,2.0,34.0,1,True
2919603,Macajuba,29,Bahia,Nordeste,418,8,103,0.24641148325358853,6,2019-05-05,2024-04-14,14,7.357142857142857,4.0,22.0,0,True
2919702,Macarani,29,Bahia,Nordeste,418,8,52,0.12440191387559808,5,2020-04-12,2025-10-12,9,5.777777777777778,4.0,18.0,1,True
2919801,Macaúbas,29,Bahia,Nordeste,418,8,100,0.23923444976076555,6,2018-07-01,2024-05-19,10,10.0,8.0,29.0,0,True
2919900,Macururé,29,Bahia,Nordeste,418,8,59,0.14114832535885166,5,2019-05-26,2025-12-28,7,8.428571428571429,4.0,40.0,1,True
2919926,Madre de Deus,29,Bahia,Nordeste,418,8,81,0.1937799043062201,6,2018-02-11,2024-03-24,15,5.4,3.0,20.0,1,True
2919959,Maetinga,29,Bahia,Nordeste,418,8,69,0.16507177033492823,4,2022-12-04,2025-09-07,8,8.625,4.0,27.0,0,True
2920007,Maiquinique,29,Bahia,Nordeste,418,8,96,0.22966507177033493,5,2019-05-26,2025-12-28,13,7.384615384615385,5.0,16.0,0,True
2920106,Mairi,29,Bahia,Nordeste,418,8,82,0.19617224880382775,6,2018-04-22,2025-01-05,17,4.823529411764706,3.0,20.0,1,True
2920205,Malhada,29,Bahia,Nordeste,418,8,68,0.16267942583732056,6,2018-04-01,2025-12-28,10,6.8,4.0,25.0,0,True
2920304,Malhada de Pedras,29,Bahia,Nordeste,418,8,103,0.24641148325358853,6,2019-01-06,2024-12-01,14,7.357142857142857,4.0,27.0,1,True
2920403,Manoel Vitorino,29,Bahia,Nordeste,418,8,73,0.17464114832535885,6,2017-12-31,2024-06-02,9,8.11111111111111,5.0,23.0,1,True
2920452,Mansidão,29,Bahia,Nordeste,418,8,37,0.08851674641148326,2,2021-02-07,2024-04-21,3,12.333333333333334,16.0,20.0,0,True
2920502,Maracás,29,Bahia,Nordeste,418,8,98,0.23444976076555024,5,2018-05-13,2024-04-28,9,10.88888888888889,4.0,52.0,1,True
2920601,Maragogipe,29,Bahia,Nordeste,418,8,110,0.2631578947368421,7,2019-04-07,2025-03-16,11,10.0,10.0,23.0,1,True
2920700,Maraú,29,Bahia,Nordeste,418,8,74,0.17703349282296652,6,2019-04-28,2025-12-07,10,7.4,4.5,19.0,0,True
2920809,Marcionílio Souza,29,Bahia,Nordeste,418,8,68,0.16267942583732056,7,2018-12-16,2025-12-14,10,6.8,4.0,17.0,2,True
2920908,Mascote,29,Bahia,Nordeste,418,8,22,0.05263157894736842,4,2020-07-19,2025-12-14,6,3.6666666666666665,3.0,9.0,0,True
2921005,Mata de São João,29,Bahia,Nordeste,418,8,93,0.22248803827751196,7,2018-09-09,2025-12-07,16,5.8125,4.0,28.0,2,True
2921054,Matina,29,Bahia,Nordeste,418,8,97,0.23205741626794257,6,2018-04-08,2024-12-29,12,8.083333333333334,4.5,23.0,1,True
2921104,Medeiros Neto,29,Bahia,Nordeste,418,8,94,0.22488038277511962,6,2018-06-17,2024-03-31,12,7.833333333333333,4.0,28.0,0,True
2921203,Miguel Calmon,29,Bahia,Nordeste,418,8,102,0.24401913875598086,7,2018-04-08,2024-11-17,20,5.1,4.0,22.0,0,True
2921302,Milagres,29,Bahia,Nordeste,418,8,74,0.17703349282296652,4,2019-04-21,2025-11-30,6,12.333333333333334,9.5,27.0,0,True
2921401,Mirangaba,29,Bahia,Nordeste,418,8,108,0.2583732057416268,7,2018-07-29,2025-12-28,14,7.714285714285714,4.0,30.0,1,True
2921450,Mirante,29,Bahia,Nordeste,418,8,82,0.19617224880382775,6,2019-06-30,2024-06-23,9,9.11111111111111,6.0,19.0,1,True
2921500,Monte Santo,29,Bahia,Nordeste,418,8,105,0.2511961722488038,3,2019-03-17,2025-12-28,8,13.125,8.5,33.0,1,True
2921609,Morpará,29,Bahia,Nordeste,418,8,89,0.21291866028708134,6,2018-03-18,2025-12-28,15,5.933333333333334,4.0,20.0,1,True
2921708,Morro do Chapéu,29,Bahia,Nordeste,418,8,107,0.25598086124401914,6,2018-09-30,2024-12-22,9,11.88888888888889,4.0,44.0,1,True
2921807,Mortugaba,29,Bahia,Nordeste,418,8,63,0.1507177033492823,5,2019-02-17,2025-08-31,9,7.0,3.0,23.0,0,True
2921906,Mucugê,29,Bahia,Nordeste,418,8,66,0.15789473684210525,4,2018-12-30,2025-12-07,10,6.6,4.5,23.0,0,True
2922003,Mucuri,29,Bahia,Nordeste,418,8,98,0.23444976076555024,6,2018-07-29,2025-02-23,10,9.8,6.5,33.0,1,True
2922052,Mulungu do Morro,29,Bahia,Nordeste,418,8,55,0.13157894736842105,5,2019-02-10,2024-09-15,9,6.111111111111111,4.0,19.0,0,True
2922102,Mundo Novo,29,Bahia,Nordeste,418,8,41,0.09808612440191387,5,2020-05-03,2025-06-29,9,4.555555555555555,4.0,13.0,0,True
2922201,Muniz Ferreira,29,Bahia,Nordeste,418,8,71,0.16985645933014354,5,2019-06-09,2025-12-14,15,4.733333333333333,4.0,13.0,0,True
2922250,Muquém do São Francisco,29,Bahia,Nordeste,418,8,84,0.20095693779904306,6,2019-04-28,2025-11-02,15,5.6,5.0,17.0,0,True
2922300,Muritiba,29,Bahia,Nordeste,418,8,60,0.14354066985645933,4,2018-10-21,2024-05-19,4,15.0,17.0,22.0,0,True
2922409,Mutuípe,29,Bahia,Nordeste,418,8,100,0.23923444976076555,7,2018-10-21,2025-10-05,18,5.555555555555555,4.0,22.0,0,True
2922508,Nazaré,29,Bahia,Nordeste,418,8,98,0.23444976076555024,4,2019-01-06,2024-12-22,10,9.8,6.0,27.0,1,True
2922607,Nilo Peçanha,29,Bahia,Nordeste,418,8,66,0.15789473684210525,6,2018-07-22,2025-12-07,10,6.6,4.0,16.0,0,True
2922656,Nordestina,29,Bahia,Nordeste,418,8,65,0.15550239234449761,4,2019-06-30,2024-12-22,11,5.909090909090909,4.0,18.0,0,True
2922706,Nova Canaã,29,Bahia,Nordeste,418,8,144,0.3444976076555024,7,2019-05-19,2025-11-02,13,11.076923076923077,5.0,34.0,1,True
2922730,Nova Fátima,29,Bahia,Nordeste,418,8,99,0.23684210526315788,6,2017-12-31,2024-08-25,7,14.142857142857142,3.0,63.0,1,True
2922755,Nova Ibiá,29,Bahia,Nordeste,418,8,68,0.16267942583732056,6,2020-01-19,2025-11-30,11,6.181818181818182,5.0,20.0,1,True
2922805,Nova Itarana,29,Bahia,Nordeste,418,8,60,0.14354066985645933,6,2018-08-05,2025-02-02,12,5.0,4.0,17.0,0,True
2922854,Nova Redenção,29,Bahia,Nordeste,418,8,63,0.1507177033492823,5,2019-04-14,2025-12-28,7,9.0,8.0,18.0,0,True
2922904,Nova Soure,29,Bahia,Nordeste,418,8,89,0.21291866028708134,6,2019-03-03,2025-12-07,12,7.416666666666667,4.5,19.0,0,True
2923001,Nova Viçosa,29,Bahia,Nordeste,418,8,42,0.10047846889952153,4,2019-06-02,2024-04-21,5,8.4,8.0,15.0,0,True
2923035,Novo Horizonte,29,Bahia,Nordeste,418,8,97,0.23205741626794257,5,2019-04-21,2024-06-02,6,16.166666666666668,8.0,70.0,2,True
2923050,Novo Triunfo,29,Bahia,Nordeste,418,8,69,0.16507177033492823,4,2019-09-08,2024-10-06,9,7.666666666666667,8.0,14.0,0,True
2923100,Olindina,29,Bahia,Nordeste,418,8,75,0.17942583732057416,6,2019-01-06,2025-02-02,11,6.818181818181818,4.0,25.0,0,True
2923209,Oliveira dos Brejinhos,29,Bahia,Nordeste,418,8,87,0.20813397129186603,7,2018-04-01,2025-08-24,10,8.7,3.5,35.0,1,True
2923308,Ouriçangas,29,Bahia,Nordeste,418,8,72,0.1722488038277512,6,2019-09-01,2024-04-28,10,7.2,4.5,27.0,1,True
2923357,Ourolândia,29,Bahia,Nordeste,418,8,88,0.21052631578947367,7,2018-10-28,2025-01-26,11,8.0,7.0,16.0,0,True
2923407,Palmas de Monte Alto,29,Bahia,Nordeste,418,8,119,0.284688995215311,8,2018-04-08,2025-08-24,17,7.0,5.0,29.0,1,True
2923506,Palmeiras,29,Bahia,Nordeste,418,8,111,0.26555023923444976,7,2017-12-31,2025-12-28,12,9.25,4.5,37.0,2,True
2923605,Paramirim,29,Bahia,Nordeste,418,8,68,0.16267942583732056,4,2018-06-24,2024-06-09,6,11.333333333333334,9.0,24.0,0,True
2923704,Paratinga,29,Bahia,Nordeste,418,8,84,0.20095693779904306,8,2018-03-25,2025-12-28,14,6.0,4.0,24.0,0,True
2923803,Paripiranga,29,Bahia,Nordeste,418,8,101,0.24162679425837322,6,2018-05-06,2025-12-28,12,8.416666666666666,7.0,19.0,1,True
2923902,Pau Brasil,29,Bahia,Nordeste,418,8,78,0.18660287081339713,6,2019-05-12,2025-08-24,15,5.2,4.0,11.0,1,True
2924009,Paulo Afonso,29,Bahia,Nordeste,418,8,67,0.16028708133971292,7,2018-07-15,2024-05-05,7,9.571428571428571,3.0,28.0,1,True
2924058,Pé de Serra,29,Bahia,Nordeste,418,8,73,0.17464114832535885,6,2018-01-07,2024-06-23,9,8.11111111111111,2.0,26.0,0,True
2924108,Pedrão,29,Bahia,Nordeste,418,8,59,0.14114832535885166,4,2019-07-07,2024-10-27,7,8.428571428571429,8.0,16.0,0,True
2924207,Pedro Alexandre,29,Bahia,Nordeste,418,8,54,0.1291866028708134,4,2019-06-23,2024-12-29,5,10.8,9.0,22.0,1,True
2924306,Piatã,29,Bahia,Nordeste,418,8,82,0.19617224880382775,6,2019-05-12,2025-09-14,6,13.666666666666666,4.5,50.0,1,True
2924405,Pilão Arcado,29,Bahia,Nordeste,418,8,77,0.18421052631578946,6,2018-01-07,2025-11-09,13,5.923076923076923,4.0,25.0,0,True
2924504,Pindaí,29,Bahia,Nordeste,418,8,96,0.22966507177033493,5,2019-03-31,2025-11-23,11,8.727272727272727,7.0,21.0,0,True
2924603,Pindobaçu,29,Bahia,Nordeste,418,8,111,0.26555023923444976,8,2018-08-19,2025-11-30,19,5.842105263157895,4.0,14.0,0,True
2924652,Pintadas,29,Bahia,Nordeste,418,8,82,0.19617224880382775,5,2019-03-31,2024-12-08,7,11.714285714285714,5.0,31.0,1,True
2924678,Piraí do Norte,29,Bahia,Nordeste,418,8,43,0.10287081339712918,4,2019-09-29,2025-01-12,6,7.166666666666667,7.5,12.0,0,True
2924702,Piripá,29,Bahia,Nordeste,418,8,116,0.27751196172248804,6,2018-10-07,2024-06-02,12,9.666666666666666,4.5,45.0,3,True
2924801,Piritiba,29,Bahia,Nordeste,418,8,60,0.14354066985645933,4,2018-05-27,2024-11-03,8,7.5,4.0,21.0,0,True
2924900,Planaltino,29,Bahia,Nordeste,418,8,93,0.22248803827751196,7,2019-04-28,2025-05-11,13,7.153846153846154,4.0,24.0,0,True
2925006,Planalto,29,Bahia,Nordeste,418,8,86,0.20574162679425836,5,2021-01-10,2025-11-16,8,10.75,4.5,54.0,2,True
2925105,Poções,29,Bahia,Nordeste,418,8,113,0.2703349282296651,6,2019-08-04,2025-11-23,14,8.071428571428571,5.5,22.0,0,True
2925204,Pojuca,29,Bahia,Nordeste,418,8,103,0.24641148325358853,6,2018-11-04,2024-03-31,10,10.3,8.5,23.0,2,True
2925253,Ponto Novo,29,Bahia,Nordeste,418,8,62,0.14832535885167464,6,2018-07-22,2024-09-29,10,6.2,4.0,26.0,0,True
2925303,Porto Seguro,29,Bahia,Nordeste,418,8,141,0.3373205741626794,7,2018-11-18,2024-04-07,14,10.071428571428571,9.0,27.0,1,True
2925402,Potiraguá,29,Bahia,Nordeste,418,8,78,0.18660287081339713,5,2020-04-26,2024-03-31,10,7.8,4.5,39.0,1,True
2925501,Prado,29,Bahia,Nordeste,418,8,100,0.23923444976076555,7,2018-11-04,2024-10-06,13,7.6923076923076925,5.0,25.0,0,True
2925600,Presidente Dutra,29,Bahia,Nordeste,418,8,81,0.1937799043062201,5,2019-05-05,2024-09-29,10,8.1,5.5,25.0,0,True
2925709,Presidente Jânio Quadros,29,Bahia,Nordeste,418,8,85,0.20334928229665072,8,2017-12-31,2025-01-26,11,7.7272727272727275,5.0,29.0,0,True
2925758,Presidente Tancredo Neves,29,Bahia,Nordeste,418,8,61,0.145933014354067,5,2019-03-31,2025-11-23,9,6.777777777777778,4.0,27.0,0,True
2925808,Queimadas,29,Bahia,Nordeste,418,8,72,0.1722488038277512,4,2019-01-06,2025-07-20,12,6.0,4.5,18.0,0,True
2925907,Quijingue,29,Bahia,Nordeste,418,8,75,0.17942583732057416,6,2018-08-26,2025-01-12,11,6.818181818181818,4.0,30.0,1,True
2925931,Quixabeira,29,Bahia,Nordeste,418,8,90,0.215311004784689,5,2019-04-07,2025-12-14,14,6.428571428571429,4.5,20.0,0,True
2925956,Rafael Jambeiro,29,Bahia,Nordeste,418,8,81,0.1937799043062201,5,2018-04-22,2024-06-02,6,13.5,8.0,38.0,1,True
2926004,Remanso,29,Bahia,Nordeste,418,8,57,0.13636363636363635,3,2018-05-06,2022-12-25,6,9.5,10.0,18.0,0,True
2926103,Retirolândia,29,Bahia,Nordeste,418,8,110,0.2631578947368421,5,2019-07-21,2025-08-24,12,9.166666666666666,5.0,43.0,1,True
2926202,Riachão das Neves,29,Bahia,Nordeste,418,8,69,0.16507177033492823,7,2018-05-27,2024-04-21,8,8.625,6.5,23.0,0,True
2926301,Riachão do Jacuípe,29,Bahia,Nordeste,418,8,69,0.16507177033492823,5,2018-04-22,2024-04-14,6,11.5,7.0,42.0,0,True
2926400,Riacho de Santana,29,Bahia,Nordeste,418,8,107,0.25598086124401914,5,2017-12-31,2024-05-26,10,10.7,9.5,22.0,1,True
2926509,Ribeira do Amparo,29,Bahia,Nordeste,418,8,41,0.09808612440191387,5,2018-08-12,2025-12-28,7,5.857142857142857,6.0,10.0,1,True
2926608,Ribeira do Pombal,29,Bahia,Nordeste,418,8,67,0.16028708133971292,7,2017-12-31,2025-11-16,10,6.7,4.5,20.0,0,True
2926657,Ribeirão do Largo,29,Bahia,Nordeste,418,8,59,0.14114832535885166,7,2019-10-13,2025-09-21,10,5.9,4.0,18.0,0,True
2926707,Rio de Contas,29,Bahia,Nordeste,418,8,70,0.1674641148325359,5,2018-04-22,2024-09-15,9,7.777777777777778,4.0,31.0,0,True
2926806,Rio do Antônio,29,Bahia,Nordeste,418,8,85,0.20334928229665072,6,2018-11-25,2025-02-23,11,7.7272727272727275,6.0,20.0,1,True
2926905,Rio do Pires,29,Bahia,Nordeste,418,8,71,0.16985645933014354,5,2018-07-22,2024-05-19,6,11.833333333333334,6.5,39.0,1,True
2927002,Rio Real,29,Bahia,Nordeste,418,8,103,0.24641148325358853,6,2018-09-30,2024-07-28,11,9.363636363636363,7.0,37.0,1,True
2927101,Rodelas,29,Bahia,Nordeste,418,8,110,0.2631578947368421,6,2019-06-30,2024-05-19,10,11.0,4.0,57.0,1,True
2927200,Ruy Barbosa,29,Bahia,Nordeste,418,8,88,0.21052631578947367,4,2019-05-05,2022-11-06,10,8.8,6.0,23.0,0,True
2927309,Salinas da Margarida,29,Bahia,Nordeste,418,8,71,0.16985645933014354,5,2019-03-31,2025-12-14,13,5.461538461538462,4.0,14.0,0,True
2927408,Salvador,29,Bahia,Nordeste,418,8,89,0.21291866028708134,4,2019-04-14,2024-04-07,3,29.666666666666668,17.0,63.0,1,True
2927507,Santa Bárbara,29,Bahia,Nordeste,418,8,60,0.14354066985645933,3,2018-12-16,2024-04-07,2,30.0,30.0,54.0,1,True
2927606,Santa Brígida,29,Bahia,Nordeste,418,8,70,0.1674641148325359,7,2018-05-13,2025-11-23,15,4.666666666666667,4.0,14.0,1,True
2927705,Santa Cruz Cabrália,29,Bahia,Nordeste,418,8,65,0.15550239234449761,5,2019-04-28,2024-10-27,9,7.222222222222222,6.0,20.0,0,True
2927804,Santa Cruz da Vitória,29,Bahia,Nordeste,418,8,55,0.13157894736842105,4,2019-06-09,2025-12-28,10,5.5,3.5,23.0,0,True
2927903,Santa Inês,29,Bahia,Nordeste,418,8,50,0.11961722488038277,5,2019-08-18,2025-08-10,8,6.25,4.0,14.0,1,True
2928000,Santaluz,29,Bahia,Nordeste,418,8,82,0.19617224880382775,4,2019-06-16,2025-11-16,7,11.714285714285714,4.0,38.0,0,True
2928059,Santa Luzia,29,Bahia,Nordeste,418,8,17,0.04066985645933014,4,2020-05-17,2023-03-12,3,5.666666666666667,7.0,9.0,1,True
2928109,Santa Maria da Vitória,29,Bahia,Nordeste,418,8,124,0.2966507177033493,8,2018-04-22,2025-12-07,11,11.272727272727273,13.0,21.0,1,True
2928208,Santana,29,Bahia,Nordeste,418,8,80,0.19138755980861244,6,2018-07-15,2025-01-19,14,5.714285714285714,3.0,20.0,0,True
2928307,Santanópolis,29,Bahia,Nordeste,418,8,55,0.13157894736842105,3,2019-02-03,2024-03-31,4,13.75,8.5,35.0,0,True
2928406,Santa Rita de Cássia,29,Bahia,Nordeste,418,8,95,0.22727272727272727,7,2019-09-29,2025-11-16,9,10.555555555555555,8.0,21.0,2,True
2928505,Santa Terezinha,29,Bahia,Nordeste,418,8,76,0.18181818181818182,5,2019-03-03,2025-09-07,10,7.6,4.0,23.0,0,True
2928604,Santo Amaro,29,Bahia,Nordeste,418,8,72,0.1722488038277512,6,2018-04-08,2025-12-28,8,9.0,4.0,40.0,0,True
2928703,Santo Antônio de Jesus,29,Bahia,Nordeste,418,8,164,0.3923444976076555,6,2018-07-15,2025-11-30,14,11.714285714285714,6.0,35.0,1,True
2928802,Santo Estêvão,29,Bahia,Nordeste,418,8,97,0.23205741626794257,4,2017-12-31,2024-04-14,10,9.7,3.0,67.0,1,True
2928901,São Desidério,29,Bahia,Nordeste,418,8,112,0.2679425837320574,7,2018-04-15,2025-01-19,17,6.588235294117647,4.0,25.0,1,True
2928950,São Domingos,29,Bahia,Nordeste,418,8,105,0.2511961722488038,7,2018-06-03,2025-11-30,16,6.5625,4.0,25.0,0,True
2929008,São Félix,29,Bahia,Nordeste,418,8,85,0.20334928229665072,5,2019-02-10,2025-02-16,10,8.5,4.0,33.0,0,True
2929057,São Félix do Coribe,29,Bahia,Nordeste,418,8,84,0.20095693779904306,5,2018-04-01,2025-11-30,10,8.4,8.5,20.0,0,True
2929107,São Felipe,29,Bahia,Nordeste,418,8,88,0.21052631578947367,6,2019-05-19,2025-11-02,13,6.769230769230769,4.0,24.0,0,True
2929206,São Francisco do Conde,29,Bahia,Nordeste,418,8,73,0.17464114832535885,4,2019-03-31,2024-05-05,7,10.428571428571429,5.0,36.0,0,True
2929255,São Gabriel,29,Bahia,Nordeste,418,8,98,0.23444976076555024,8,2018-06-17,2025-09-07,18,5.444444444444445,4.0,19.0,0,True
2929305,São Gonçalo dos Campos,29,Bahia,Nordeste,418,8,86,0.20574162679425836,5,2018-07-29,2025-01-12,6,14.333333333333334,8.5,51.0,2,True
2929354,São José da Vitória,29,Bahia,Nordeste,418,8,33,0.07894736842105263,3,2020-05-31,2024-11-24,7,4.714285714285714,4.0,8.0,0,True
2929370,São José do Jacuípe,29,Bahia,Nordeste,418,8,82,0.19617224880382775,5,2019-04-21,2025-12-28,11,7.454545454545454,4.0,26.0,0,True
2929404,São Miguel das Matas,29,Bahia,Nordeste,418,8,85,0.20334928229665072,5,2019-03-31,2025-11-30,13,6.538461538461538,4.0,21.0,0,True
2929503,São Sebastião do Passé,29,Bahia,Nordeste,418,8,94,0.22488038277511962,4,2018-12-30,2024-05-05,5,18.8,13.0,58.0,1,True
2929602,Sapeaçu,29,Bahia,Nordeste,418,8,84,0.20095693779904306,6,2019-05-12,2024-06-16,12,7.0,4.0,29.0,1,True
2929701,Sátiro Dias,29,Bahia,Nordeste,418,8,63,0.1507177033492823,5,2019-06-02,2025-12-14,8,7.875,3.5,38.0,1,True
2929750,Saubara,29,Bahia,Nordeste,418,8,57,0.13636363636363635,6,2018-09-09,2024-06-23,10,5.7,4.0,16.0,0,True
2929800,Saúde,29,Bahia,Nordeste,418,8,38,0.09090909090909091,5,2019-04-28,2024-05-19,5,7.6,4.0,17.0,0,True
2929909,Seabra,29,Bahia,Nordeste,418,8,116,0.27751196172248804,7,2019-01-27,2025-11-30,12,9.666666666666666,9.0,18.0,1,True
2930006,Sebastião Laranjeiras,29,Bahia,Nordeste,418,8,79,0.18899521531100477,4,2018-06-17,2024-09-08,9,8.777777777777779,8.0,17.0,1,True
2930105,Senhor do Bonfim,29,Bahia,Nordeste,418,8,57,0.13636363636363635,3,2019-06-23,2024-09-22,9,6.333333333333333,3.0,20.0,0,True
2930154,Serra do Ramalho,29,Bahia,Nordeste,418,8,60,0.14354066985645933,5,2018-04-15,2024-04-14,4,15.0,12.5,27.0,1,True
2930204,Sento Sé,29,Bahia,Nordeste,418,8,76,0.18181818181818182,8,2018-12-16,2025-12-28,10,7.6,3.5,34.0,2,True
2930303,Serra Dourada,29,Bahia,Nordeste,418,8,110,0.2631578947368421,8,2018-04-08,2025-02-09,17,6.470588235294118,4.0,19.0,0,True
2930402,Serra Preta,29,Bahia,Nordeste,418,8,56,0.1339712918660287,6,2018-05-06,2025-02-23,10,5.6,4.0,17.0,0,True
2930501,Serrinha,29,Bahia,Nordeste,418,8,75,0.17942583732057416,4,2019-03-17,2024-11-17,5,15.0,13.0,27.0,0,True
2930600,Serrolândia,29,Bahia,Nordeste,418,8,98,0.23444976076555024,6,2018-01-21,2024-12-01,8,12.25,3.5,48.0,1,True
2930709,Simões Filho,29,Bahia,Nordeste,418,8,48,0.11483253588516747,2,2019-07-07,2020-11-22,5,9.6,8.0,22.0,0,True
2930758,Sítio do Mato,29,Bahia,Nordeste,418,8,84,0.20095693779904306,6,2018-01-07,2025-12-28,10,8.4,6.0,20.0,0,True
2930766,Sítio do Quinto,29,Bahia,Nordeste,418,8,68,0.16267942583732056,6,2018-09-23,2024-05-19,15,4.533333333333333,4.0,7.0,0,True
2930774,Sobradinho,29,Bahia,Nordeste,418,8,93,0.22248803827751196,8,2018-08-26,2025-09-28,13,7.153846153846154,6.0,19.0,1,True
2930808,Souto Soares,29,Bahia,Nordeste,418,8,90,0.215311004784689,8,2018-10-14,2025-12-21,11,8.181818181818182,5.0,28.0,1,True
2930907,Tabocas do Brejo Velho,29,Bahia,Nordeste,418,8,53,0.12679425837320574,6,2017-12-31,2025-01-19,9,5.888888888888889,4.0,15.0,0,True
2931004,Tanhaçu,29,Bahia,Nordeste,418,8,80,0.19138755980861244,7,2018-03-11,2025-11-23,9,8.88888888888889,6.0,26.0,0,True
2931053,Tanque Novo,29,Bahia,Nordeste,418,8,64,0.15311004784688995,4,2018-07-15,2024-07-14,7,9.142857142857142,5.0,31.0,1,True
2931103,Tanquinho,29,Bahia,Nordeste,418,8,95,0.22727272727272727,5,2017-12-31,2024-04-28,8,11.875,8.5,28.0,1,True
2931202,Taperoá,29,Bahia,Nordeste,418,8,73,0.17464114832535885,5,2019-04-21,2025-12-28,7,10.428571428571429,10.0,34.0,0,True
2931301,Tapiramutá,29,Bahia,Nordeste,418,8,33,0.07894736842105263,4,2018-09-02,2024-05-05,5,6.6,6.0,14.0,0,True
2931350,Teixeira de Freitas,29,Bahia,Nordeste,418,8,147,0.35167464114832536,7,2018-05-20,2025-10-05,10,14.7,13.5,37.0,0,True
2931400,Teodoro Sampaio,29,Bahia,Nordeste,418,8,83,0.19856459330143542,7,2019-06-30,2025-11-09,9,9.222222222222221,4.0,39.0,1,True
2931509,Teofilândia,29,Bahia,Nordeste,418,8,65,0.15550239234449761,4,2019-02-17,2024-04-21,8,8.125,3.0,36.0,0,True
2931608,Teolândia,29,Bahia,Nordeste,418,8,70,0.1674641148325359,7,2018-01-14,2025-12-28,12,5.833333333333333,4.0,14.0,0,True
2931707,Terra Nova,29,Bahia,Nordeste,418,8,62,0.14832535885167464,5,2019-01-06,2024-03-24,7,8.857142857142858,5.0,35.0,1,True
2931806,Tremedal,29,Bahia,Nordeste,418,8,79,0.18899521531100477,5,2019-09-08,2025-12-28,15,5.266666666666667,2.0,23.0,0,True
2931905,Tucano,29,Bahia,Nordeste,418,8,83,0.19856459330143542,6,2019-04-28,2025-12-28,13,6.384615384615385,4.0,27.0,0,True
2932002,Uauá,29,Bahia,Nordeste,418,8,94,0.22488038277511962,7,2018-09-23,2025-12-28,12,7.833333333333333,6.5,25.0,1,True
2932101,Ubaíra,29,Bahia,Nordeste,418,8,81,0.1937799043062201,5,2018-12-30,2024-05-05,4,20.25,8.5,59.0,2,True
2932200,Ubaitaba,29,Bahia,Nordeste,418,8,91,0.21770334928229665,8,2018-12-02,2025-12-28,20,4.55,4.0,15.0,1,True
2932309,Ubatã,29,Bahia,Nordeste,418,8,51,0.12200956937799043,5,2019-09-22,2025-12-28,11,4.636363636363637,5.0,7.0,0,True
2932408,Uibaí,29,Bahia,Nordeste,418,8,56,0.1339712918660287,4,2019-04-07,2024-03-24,5,11.2,11.0,23.0,0,True
2932457,Umburanas,29,Bahia,Nordeste,418,8,98,0.23444976076555024,5,2019-04-07,2024-07-07,11,8.909090909090908,4.0,27.0,2,True
2932507,Una,29,Bahia,Nordeste,418,8,60,0.14354066985645933,4,2019-10-06,2022-02-06,8,7.5,4.0,28.0,1,True
2932606,Urandi,29,Bahia,Nordeste,418,8,98,0.23444976076555024,5,2019-01-13,2025-07-27,10,9.8,4.0,26.0,1,True
2932705,Uruçuca,29,Bahia,Nordeste,418,8,110,0.2631578947368421,5,2020-04-26,2025-12-28,10,11.0,4.5,57.0,2,True
2932804,Utinga,29,Bahia,Nordeste,418,8,79,0.18899521531100477,8,2018-07-01,2025-10-26,16,4.9375,4.0,18.0,1,True
2932903,Valença,29,Bahia,Nordeste,418,8,82,0.19617224880382775,5,2018-06-17,2025-11-02,11,7.454545454545454,6.0,18.0,1,True
2933000,Valente,29,Bahia,Nordeste,418,8,71,0.16985645933014354,4,2018-11-04,2025-09-21,6,11.833333333333334,3.5,48.0,1,True
2933059,Várzea da Roça,29,Bahia,Nordeste,418,8,64,0.15311004784688995,4,2019-04-28,2024-05-12,5,12.8,10.0,30.0,0,True
2933109,Várzea do Poço,29,Bahia,Nordeste,418,8,51,0.12200956937799043,5,2019-04-21,2025-10-19,7,7.285714285714286,5.0,22.0,0,True
2933158,Várzea Nova,29,Bahia,Nordeste,418,8,136,0.3253588516746411,7,2018-03-25,2025-12-28,22,6.181818181818182,4.0,26.0,1,True
2933174,Varzedo,29,Bahia,Nordeste,418,8,55,0.13157894736842105,4,2019-06-16,2024-11-17,9,6.111111111111111,4.0,16.0,0,True
2933208,Vera Cruz,29,Bahia,Nordeste,418,8,87,0.20813397129186603,6,2018-01-21,2025-07-06,9,9.666666666666666,8.0,23.0,1,True
2933257,Vereda,29,Bahia,Nordeste,418,8,101,0.24162679425837322,6,2019-06-23,2024-04-14,9,11.222222222222221,5.0,55.0,1,True
2933307,Vitória da Conquista,29,Bahia,Nordeste,418,8,142,0.3397129186602871,6,2019-06-02,2025-11-30,11,12.909090909090908,7.0,56.0,2,True
2933406,Wagner,29,Bahia,Nordeste,418,8,80,0.19138755980861244,7,2018-12-02,2025-11-02,12,6.666666666666667,4.0,17.0,1,True
2933455,Wanderley,29,Bahia,Nordeste,418,8,66,0.15789473684210525,6,2019-06-02,2025-11-09,11,6.0,4.0,15.0,0,True
2933505,Wenceslau Guimarães,29,Bahia,Nordeste,418,8,64,0.15311004784688995,7,2018-05-06,2025-08-10,12,5.333333333333333,4.0,13.0,1,True
2933604,Xique-Xique,29,Bahia,Nordeste,418,8,75,0.17942583732057416,8,2018-04-01,2025-01-19,11,6.818181818181818,7.0,14.0,2,True
3100104,Abadia dos Dourados,31,Minas Gerais,Sudeste,418,8,102,0.24401913875598086,6,2019-02-10,2025-08-03,15,6.8,4.0,24.0,1,True
3100203,Abaeté,31,Minas Gerais,Sudeste,418,8,59,0.14114832535885166,4,2019-05-12,2024-12-08,10,5.9,4.0,21.0,0,True
3100302,Abre Campo,31,Minas Gerais,Sudeste,418,8,78,0.18660287081339713,6,2018-08-05,2024-11-17,9,8.666666666666666,4.0,22.0,0,True
3100401,Acaiaca,31,Minas Gerais,Sudeste,418,8,123,0.2942583732057416,8,2017-12-31,2025-03-30,14,8.785714285714286,6.0,23.0,0,True
3100500,Açucena,31,Minas Gerais,Sudeste,418,8,77,0.18421052631578946,6,2020-03-22,2025-11-23,11,7.0,4.0,22.0,1,True
3100609,Água Boa,31,Minas Gerais,Sudeste,418,8,85,0.20334928229665072,5,2019-04-07,2025-11-02,10,8.5,6.5,22.0,0,True
3100708,Água Comprida,31,Minas Gerais,Sudeste,418,8,119,0.284688995215311,7,2018-06-10,2025-12-28,15,7.933333333333334,4.0,32.0,0,True
3100807,Aguanil,31,Minas Gerais,Sudeste,418,8,78,0.18660287081339713,7,2018-11-25,2025-12-28,12,6.5,4.5,24.0,0,True
3100906,Águas Formosas,31,Minas Gerais,Sudeste,418,8,116,0.27751196172248804,6,2019-05-12,2024-12-22,12,9.666666666666666,8.5,29.0,1,True
3101003,Águas Vermelhas,31,Minas Gerais,Sudeste,418,8,37,0.08851674641148326,4,2019-05-12,2025-10-26,7,5.285714285714286,4.0,15.0,1,True
3101102,Aimorés,31,Minas Gerais,Sudeste,418,8,92,0.22009569377990432,6,2018-07-01,2025-10-05,13,7.076923076923077,5.0,22.0,0,True
3101201,Aiuruoca,31,Minas Gerais,Sudeste,418,8,37,0.08851674641148326,2,2023-12-31,2025-01-19,2,18.5,18.5,34.0,0,True
3101300,Alagoa,31,Minas Gerais,Sudeste,418,8,33,0.07894736842105263,4,2020-02-02,2024-12-29,4,8.25,4.0,21.0,1,True
3101409,Albertina,31,Minas Gerais,Sudeste,418,8,57,0.13636363636363635,4,2019-03-10,2025-05-11,8,7.125,4.0,23.0,0,True
3101508,Além Paraíba,31,Minas Gerais,Sudeste,418,8,99,0.23684210526315788,7,2018-11-25,2025-08-31,11,9.0,5.0,39.0,2,True
3101607,Alfenas,31,Minas Gerais,Sudeste,418,8,79,0.18899521531100477,5,2019-06-02,2024-09-08,14,5.642857142857143,3.0,27.0,2,True
3101631,Alfredo Vasconcelos,31,Minas Gerais,Sudeste,418,8,62,0.14832535885167464,5,2019-03-31,2025-12-28,6,10.333333333333334,6.5,31.0,0,True
3101706,Almenara,31,Minas Gerais,Sudeste,418,8,72,0.1722488038277512,5,2019-05-19,2024-05-12,5,14.4,13.0,30.0,1,True
3101805,Alpercata,31,Minas Gerais,Sudeste,418,8,120,0.28708133971291866,6,2019-05-12,2024-09-29,17,7.0588235294117645,4.0,24.0,3,True
3101904,Alpinópolis,31,Minas Gerais,Sudeste,418,8,92,0.22009569377990432,8,2018-11-04,2025-10-19,15,6.133333333333334,4.0,30.0,0,True
3102001,Alterosa,31,Minas Gerais,Sudeste,418,8,89,0.21291866028708134,6,2018-11-11,2025-03-09,11,8.090909090909092,4.0,34.0,2,True
3102050,Alto Caparaó,31,Minas Gerais,Sudeste,418,8,62,0.14832535885167464,5,2020-06-14,2025-06-29,9,6.888888888888889,4.0,26.0,1,True
3102100,Alto Rio Doce,31,Minas Gerais,Sudeste,418,8,71,0.16985645933014354,5,2018-02-04,2025-12-28,5,14.2,6.0,34.0,0,True
3102209,Alvarenga,31,Minas Gerais,Sudeste,418,8,63,0.1507177033492823,3,2019-04-14,2024-09-22,11,5.7272727272727275,4.0,13.0,1,True
3102308,Alvinópolis,31,Minas Gerais,Sudeste,418,8,115,0.2751196172248804,7,2018-10-14,2025-10-19,16,7.1875,5.0,20.0,1,True
3102407,Alvorada de Minas,31,Minas Gerais,Sudeste,418,8,75,0.17942583732057416,7,2019-04-28,2025-01-19,14,5.357142857142857,4.0,27.0,1,True
3102506,Amparo do Serra,31,Minas Gerais,Sudeste,418,8,75,0.17942583732057416,6,2018-01-14,2025-12-28,12,6.25,4.0,18.0,0,True
3102605,Andradas,31,Minas Gerais,Sudeste,418,8,78,0.18660287081339713,6,2018-10-14,2025-09-21,12,6.5,4.0,37.0,1,True
3102704,Cachoeira de Pajeú,31,Minas Gerais,Sudeste,418,8,59,0.14114832535885166,6,2019-05-26,2025-11-30,8,7.375,4.0,22.0,1,True
3102803,Andrelândia,31,Minas Gerais,Sudeste,418,8,80,0.19138755980861244,5,2019-03-31,2025-11-23,10,8.0,4.0,31.0,0,True
3102852,Angelândia,31,Minas Gerais,Sudeste,418,8,89,0.21291866028708134,5,2019-04-07,2025-12-28,11,8.090909090909092,5.0,25.0,0,True
3102902,Antônio Carlos,31,Minas Gerais,Sudeste,418,8,85,0.20334928229665072,5,2019-06-16,2025-12-21,9,9.444444444444445,4.0,40.0,2,True
3103009,Antônio Dias,31,Minas Gerais,Sudeste,418,8,92,0.22009569377990432,5,2018-06-03,2024-11-03,11,8.363636363636363,4.0,29.0,1,True
3103108,Antônio Prado de Minas,31,Minas Gerais,Sudeste,418,8,44,0.10526315789473684,6,2019-05-05,2025-03-02,7,6.285714285714286,4.0,16.0,1,True
3103207,Araçaí,31,Minas Gerais,Sudeste,418,8,65,0.15550239234449761,5,2019-04-21,2024-06-30,8,8.125,4.5,26.0,1,True
3103306,Aracitaba,31,Minas Gerais,Sudeste,418,8,44,0.10526315789473684,3,2019-09-08,2024-08-25,4,11.0,4.5,31.0,0,True
3103405,Araçuaí,31,Minas Gerais,Sudeste,418,8,113,0.2703349282296651,5,2019-05-05,2024-12-15,8,14.125,14.5,25.0,0,True
3103504,Araguari,31,Minas Gerais,Sudeste,418,8,147,0.35167464114832536,7,2018-08-26,2025-09-21,12,12.25,4.5,71.0,2,True
3103603,Arantina,31,Minas Gerais,Sudeste,418,8,46,0.11004784688995216,3,2019-06-09,2024-12-22,6,7.666666666666667,4.0,28.0,0,True
3103702,Araponga,31,Minas Gerais,Sudeste,418,8,62,0.14832535885167464,6,2019-05-05,2025-10-26,7,8.857142857142858,4.0,31.0,0,True
3103751,Araporã,31,Minas Gerais,Sudeste,418,8,137,0.3277511961722488,7,2018-03-18,2025-10-12,21,6.523809523809524,4.0,22.0,1,True
3103801,Arapuá,31,Minas Gerais,Sudeste,418,8,98,0.23444976076555024,7,2018-06-03,2025-11-23,12,8.166666666666666,4.0,30.0,2,True
3103900,Araújos,31,Minas Gerais,Sudeste,418,8,100,0.23923444976076555,8,2018-06-03,2025-12-14,15,6.666666666666667,4.0,26.0,2,True
3104007,Araxá,31,Minas Gerais,Sudeste,418,8,78,0.18660287081339713,5,2019-09-22,2025-12-28,9,8.666666666666666,5.0,31.0,1,True
3104106,Arceburgo,31,Minas Gerais,Sudeste,418,8,99,0.23684210526315788,8,2018-07-01,2025-10-12,17,5.823529411764706,4.0,23.0,2,True
3104205,Arcos,31,Minas Gerais,Sudeste,418,8,122,0.291866028708134,6,2018-01-21,2025-09-07,17,7.176470588235294,4.0,43.0,1,True
3104304,Areado,31,Minas Gerais,Sudeste,418,8,91,0.21770334928229665,7,2018-08-26,2025-10-26,15,6.066666666666666,4.0,25.0,1,True
3104403,Argirita,31,Minas Gerais,Sudeste,418,8,60,0.14354066985645933,5,2021-05-09,2025-06-22,8,7.5,4.5,23.0,2,True
3104452,Aricanduva,31,Minas Gerais,Sudeste,418,8,69,0.16507177033492823,3,2019-01-27,2024-11-17,7,9.857142857142858,4.0,26.0,0,True
3104502,Arinos,31,Minas Gerais,Sudeste,418,8,116,0.27751196172248804,8,2018-10-14,2025-10-19,10,11.6,7.5,33.0,2,True
3104601,Astolfo Dutra,31,Minas Gerais,Sudeste,418,8,35,0.08373205741626795,4,2019-05-19,2024-11-03,7,5.0,2.0,12.0,1,True
3104700,Ataléia,31,Minas Gerais,Sudeste,418,8,81,0.1937799043062201,5,2018-12-30,2024-06-16,14,5.785714285714286,4.5,17.0,1,True
3104809,Augusto de Lima,31,Minas Gerais,Sudeste,418,8,74,0.17703349282296652,8,2018-12-02,2025-09-28,12,6.166666666666667,4.0,18.0,2,True
3104908,Baependi,31,Minas Gerais,Sudeste,418,8,93,0.22248803827751196,4,2020-01-12,2024-12-22,10,9.3,5.0,28.0,0,True
3105004,Baldim,31,Minas Gerais,Sudeste,418,8,63,0.1507177033492823,5,2019-05-12,2025-12-07,9,7.0,4.0,32.0,1,True
3105103,Bambuí,31,Minas Gerais,Sudeste,418,8,68,0.16267942583732056,5,2018-07-01,2024-12-08,10,6.8,4.0,25.0,0,True
3105202,Bandeira,31,Minas Gerais,Sudeste,418,8,54,0.1291866028708134,4,2019-07-14,2024-09-01,9,6.0,3.0,22.0,1,True
3105301,Bandeira do Sul,31,Minas Gerais,Sudeste,418,8,63,0.1507177033492823,5,2020-06-07,2025-01-26,7,9.0,6.0,25.0,1,True
3105400,Barão de Cocais,31,Minas Gerais,Sudeste,418,8,120,0.28708133971291866,7,2018-12-16,2025-11-30,14,8.571428571428571,4.0,26.0,1,True
3105509,Barão do Monte Alto,31,Minas Gerais,Sudeste,418,8,88,0.21052631578947367,7,2018-12-23,2025-12-07,12,7.333333333333333,4.0,22.0,2,True
3105608,Barbacena,31,Minas Gerais,Sudeste,418,8,89,0.21291866028708134,5,2018-10-14,2025-12-07,7,12.714285714285714,4.0,66.0,1,True
3105707,Barra Longa,31,Minas Gerais,Sudeste,418,8,60,0.14354066985645933,5,2019-05-19,2025-06-29,8,7.5,6.0,23.0,0,True
3105905,Barroso,31,Minas Gerais,Sudeste,418,8,87,0.20813397129186603,6,2018-10-21,2024-12-22,10,8.7,8.0,22.0,1,True
3106002,Bela Vista de Minas,31,Minas Gerais,Sudeste,418,8,79,0.18899521531100477,6,2019-05-12,2025-12-28,14,5.642857142857143,4.0,18.0,0,True
3106101,Belmiro Braga,31,Minas Gerais,Sudeste,418,8,66,0.15789473684210525,6,2018-12-23,2025-07-13,9,7.333333333333333,4.0,34.0,3,True
3106200,Belo Horizonte,31,Minas Gerais,Sudeste,418,8,70,0.1674641148325359,4,2019-04-28,2024-12-22,6,11.666666666666666,4.5,35.0,1,True
3106309,Belo Oriente,31,Minas Gerais,Sudeste,418,8,91,0.21770334928229665,5,2018-04-08,2024-05-19,8,11.375,9.5,29.0,2,True
3106408,Belo Vale,31,Minas Gerais,Sudeste,418,8,64,0.15311004784688995,7,2018-07-08,2025-11-30,12,5.333333333333333,4.0,21.0,0,True
3106507,Berilo,31,Minas Gerais,Sudeste,418,8,105,0.2511961722488038,7,2018-06-03,2024-06-09,12,8.75,4.0,41.0,1,True
3106606,Bertópolis,31,Minas Gerais,Sudeste,418,8,42,0.10047846889952153,4,2019-05-12,2024-06-09,7,6.0,4.0,20.0,0,True
3106655,Berizal,31,Minas Gerais,Sudeste,418,8,80,0.19138755980861244,5,2020-10-11,2025-11-23,13,6.153846153846154,4.0,27.0,1,True
3106705,Betim,31,Minas Gerais,Sudeste,418,8,82,0.19617224880382775,4,2018-12-09,2024-12-01,8,10.25,2.5,40.0,2,True
3106804,Bias Fortes,31,Minas Gerais,Sudeste,418,8,34,0.08133971291866028,2,2019-06-09,2024-08-25,4,8.5,4.5,21.0,0,True
3106903,Bicas,31,Minas Gerais,Sudeste,418,8,106,0.2535885167464115,5,2019-05-05,2024-12-22,12,8.833333333333334,7.5,21.0,0,True
3107000,Biquinhas,31,Minas Gerais,Sudeste,418,8,66,0.15789473684210525,5,2018-04-29,2024-07-28,7,9.428571428571429,6.0,24.0,0,True
3107109,Boa Esperança,31,Minas Gerais,Sudeste,418,8,97,0.23205741626794257,5,2018-08-19,2024-12-22,9,10.777777777777779,4.0,54.0,1,True
3107208,Bocaina de Minas,31,Minas Gerais,Sudeste,418,8,53,0.12679425837320574,5,2019-04-14,2025-12-07,9,5.888888888888889,4.0,16.0,0,True
3107307,Bocaiúva,31,Minas Gerais,Sudeste,418,8,96,0.22966507177033493,5,2018-05-27,2024-02-18,6,16.0,13.5,33.0,1,True
3107406,Bom Despacho,31,Minas Gerais,Sudeste,418,8,82,0.19617224880382775,5,2019-06-23,2024-12-22,12,6.833333333333333,3.0,37.0,1,True
3107505,Bom Jardim de Minas,31,Minas Gerais,Sudeste,418,8,65,0.15550239234449761,4,2022-08-21,2025-12-28,5,13.0,4.0,51.0,1,True
3107604,Bom Jesus da Penha,31,Minas Gerais,Sudeste,418,8,96,0.22966507177033493,7,2018-08-12,2025-12-28,14,6.857142857142857,4.5,26.0,1,True
3107703,Bom Jesus do Amparo,31,Minas Gerais,Sudeste,418,8,78,0.18660287081339713,6,2018-10-21,2025-12-07,12,6.5,4.5,18.0,0,True
3107802,Bom Jesus do Galho,31,Minas Gerais,Sudeste,418,8,132,0.3157894736842105,8,2018-08-05,2025-12-28,19,6.947368421052632,6.0,23.0,2,True
3107901,Bom Repouso,31,Minas Gerais,Sudeste,418,8,39,0.09330143540669857,3,2019-05-05,2025-11-16,4,9.75,4.0,27.0,0,True
3108008,Bom Sucesso,31,Minas Gerais,Sudeste,418,8,97,0.23205741626794257,5,2018-12-02,2024-11-17,12,8.083333333333334,4.0,33.0,1,True
3108107,Bonfim,31,Minas Gerais,Sudeste,418,8,86,0.20574162679425836,6,2019-04-14,2025-12-28,13,6.615384615384615,4.0,25.0,1,True
3108206,Bonfinópolis de Minas,31,Minas Gerais,Sudeste,418,8,81,0.1937799043062201,6,2018-12-16,2024-11-17,11,7.363636363636363,4.0,24.0,1,True
3108255,Bonito de Minas,31,Minas Gerais,Sudeste,418,8,104,0.24880382775119617,6,2019-02-10,2025-10-05,13,8.0,5.0,21.0,1,True
3108305,Borda da Mata,31,Minas Gerais,Sudeste,418,8,114,0.2727272727272727,5,2019-12-29,2025-12-14,16,7.125,4.0,36.0,1,True
3108404,Botelhos,31,Minas Gerais,Sudeste,418,8,78,0.18660287081339713,8,2018-02-04,2025-02-02,13,6.0,4.0,31.0,0,True
3108503,Botumirim,31,Minas Gerais,Sudeste,418,8,118,0.2822966507177033,5,2018-05-06,2025-12-28,11,10.727272727272727,5.0,30.0,1,True
3108552,Brasilândia de Minas,31,Minas Gerais,Sudeste,418,8,98,0.23444976076555024,8,2018-01-14,2025-08-17,15,6.533333333333333,4.0,23.0,1,True
3108602,Brasília de Minas,31,Minas Gerais,Sudeste,418,8,90,0.215311004784689,5,2019-03-17,2025-09-14,10,9.0,4.5,44.0,2,True
3108701,Brás Pires,31,Minas Gerais,Sudeste,418,8,73,0.17464114832535885,7,2018-04-01,2025-08-17,11,6.636363636363637,4.0,29.0,1,True
3108800,Braúnas,31,Minas Gerais,Sudeste,418,8,102,0.24401913875598086,5,2019-05-05,2024-11-17,15,6.8,4.0,16.0,1,True
3108909,Brazópolis,31,Minas Gerais,Sudeste,418,8,113,0.2703349282296651,7,2019-05-05,2025-10-05,16,7.0625,4.0,42.0,0,True
3109006,Brumadinho,31,Minas Gerais,Sudeste,418,8,118,0.2822966507177033,8,2018-12-16,2025-11-30,15,7.866666666666666,4.0,33.0,1,True
3109105,Bueno Brandão,31,Minas Gerais,Sudeste,418,8,85,0.20334928229665072,5,2019-02-24,2025-12-28,9,9.444444444444445,5.0,39.0,0,True
3109204,Buenópolis,31,Minas Gerais,Sudeste,418,8,78,0.18660287081339713,7,2018-04-15,2025-12-28,12,6.5,4.0,28.0,1,True
3109253,Bugre,31,Minas Gerais,Sudeste,418,8,104,0.24880382775119617,8,2018-07-29,2025-01-05,16,6.5,4.5,20.0,1,True
3109303,Buritis,31,Minas Gerais,Sudeste,418,8,96,0.22966507177033493,6,2018-12-23,2024-05-05,10,9.6,3.5,49.0,1,True
3109402,Buritizeiro,31,Minas Gerais,Sudeste,418,8,128,0.3062200956937799,7,2018-09-23,2025-10-19,15,8.533333333333333,4.0,41.0,1,True
3109451,Cabeceira Grande,31,Minas Gerais,Sudeste,418,8,102,0.24401913875598086,6,2018-07-29,2024-04-28,12,8.5,5.0,40.0,2,True
3109501,Cabo Verde,31,Minas Gerais,Sudeste,418,8,99,0.23684210526315788,7,2018-05-06,2025-08-24,17,5.823529411764706,4.0,29.0,0,True
3109600,Cachoeira da Prata,31,Minas Gerais,Sudeste,418,8,67,0.16028708133971292,4,2019-06-02,2024-09-22,11,6.090909090909091,5.0,21.0,0,True
3109709,Cachoeira de Minas,31,Minas Gerais,Sudeste,418,8,81,0.1937799043062201,6,2019-04-21,2025-12-07,13,6.230769230769231,4.0,31.0,1,True
3109808,Cachoeira Dourada,31,Minas Gerais,Sudeste,418,8,109,0.2607655502392344,7,2017-12-31,2025-12-07,20,5.45,4.0,21.0,0,True
3109907,Caetanópolis,31,Minas Gerais,Sudeste,418,8,73,0.17464114832535885,5,2019-05-26,2025-10-12,6,12.166666666666666,6.5,39.0,1,True
3110004,Caeté,31,Minas Gerais,Sudeste,418,8,123,0.2942583732057416,7,2018-09-23,2025-12-21,11,11.181818181818182,7.0,50.0,2,True
3110103,Caiana,31,Minas Gerais,Sudeste,418,8,52,0.12440191387559808,4,2019-05-26,2025-01-12,5,10.4,4.0,23.0,1,True
3110202,Cajuri,31,Minas Gerais,Sudeste,418,8,49,0.11722488038277512,4,2017-12-31,2024-12-22,6,8.166666666666666,4.0,21.0,0,True
3110301,Caldas,31,Minas Gerais,Sudeste,418,8,58,0.13875598086124402,5,2018-01-21,2025-11-09,8,7.25,4.0,32.0,0,True
3110400,Camacho,31,Minas Gerais,Sudeste,418,8,63,0.1507177033492823,5,2019-01-20,2025-07-13,7,9.0,4.0,31.0,1,True
3110509,Camanducaia,31,Minas Gerais,Sudeste,418,8,68,0.16267942583732056,6,2019-03-24,2025-11-16,11,6.181818181818182,4.0,31.0,0,True
3110608,Cambuí,31,Minas Gerais,Sudeste,418,8,107,0.25598086124401914,5,2019-04-28,2025-11-30,13,8.23076923076923,5.0,52.0,1,True
3110707,Cambuquira,31,Minas Gerais,Sudeste,418,8,69,0.16507177033492823,6,2018-11-11,2024-08-11,8,8.625,4.0,33.0,0,True
3110806,Campanário,31,Minas Gerais,Sudeste,418,8,32,0.07655502392344497,4,2018-10-21,2024-05-19,6,5.333333333333333,4.0,13.0,0,True
3110905,Campanha,31,Minas Gerais,Sudeste,418,8,80,0.19138755980861244,4,2020-05-31,2024-08-18,5,16.0,18.0,32.0,1,True
3111002,Campestre,31,Minas Gerais,Sudeste,418,8,79,0.18899521531100477,6,2019-04-07,2025-12-28,16,4.9375,4.0,25.0,0,True
3111101,Campina Verde,31,Minas Gerais,Sudeste,418,8,113,0.2703349282296651,7,2017-12-31,2025-03-09,11,10.272727272727273,4.0,56.0,1,True
3111150,Campo Azul,31,Minas Gerais,Sudeste,418,8,69,0.16507177033492823,5,2018-12-30,2025-12-14,10,6.9,6.0,12.0,1,True
3111200,Campo Belo,31,Minas Gerais,Sudeste,418,8,83,0.19856459330143542,5,2018-06-10,2024-05-19,5,16.6,20.0,32.0,1,True
3111309,Campo do Meio,31,Minas Gerais,Sudeste,418,8,31,0.07416267942583732,5,2019-05-19,2025-11-16,5,6.2,6.0,12.0,0,True
3111408,Campo Florido,31,Minas Gerais,Sudeste,418,8,105,0.2511961722488038,7,2019-02-03,2025-10-19,15,7.0,4.0,24.0,0,True
3111507,Campos Altos,31,Minas Gerais,Sudeste,418,8,118,0.2822966507177033,6,2018-04-01,2025-12-14,15,7.866666666666666,4.0,28.0,0,True
3111606,Campos Gerais,31,Minas Gerais,Sudeste,418,8,102,0.24401913875598086,6,2017-12-31,2025-10-26,12,8.5,6.0,29.0,0,True
3111705,Canaã,31,Minas Gerais,Sudeste,418,8,52,0.12440191387559808,5,2018-10-28,2025-11-02,7,7.428571428571429,4.0,30.0,0,True
3111804,Canápolis,31,Minas Gerais,Sudeste,418,8,125,0.29904306220095694,6,2018-04-15,2025-11-16,15,8.333333333333334,5.0,25.0,1,True
3111903,Cana Verde,31,Minas Gerais,Sudeste,418,8,130,0.31100478468899523,7,2018-01-21,2024-12-22,11,11.818181818181818,8.0,36.0,1,True
3112000,Candeias,31,Minas Gerais,Sudeste,418,8,95,0.22727272727272727,6,2018-02-04,2025-10-05,11,8.636363636363637,4.0,29.0,1,True
3112059,Cantagalo,31,Minas Gerais,Sudeste,418,8,44,0.10526315789473684,4,2019-04-14,2025-11-23,5,8.8,4.0,17.0,0,True
3112109,Caparaó,31,Minas Gerais,Sudeste,418,8,76,0.18181818181818182,5,2019-03-24,2025-01-26,8,9.5,5.0,28.0,0,True
3112208,Capela Nova,31,Minas Gerais,Sudeste,418,8,38,0.09090909090909091,3,2022-11-20,2024-07-28,3,12.666666666666666,4.0,31.0,0,True
3112307,Capelinha,31,Minas Gerais,Sudeste,418,8,82,0.19617224880382775,5,2018-10-28,2025-08-31,6,13.666666666666666,5.0,53.0,1,True
3112406,Capetinga,31,Minas Gerais,Sudeste,418,8,107,0.25598086124401914,5,2018-12-30,2025-11-16,11,9.727272727272727,5.0,29.0,0,True
3112505,Capim Branco,31,Minas Gerais,Sudeste,418,8,81,0.1937799043062201,5,2019-04-14,2025-11-02,9,9.0,7.0,22.0,2,True
3112604,Capinópolis,31,Minas Gerais,Sudeste,418,8,170,0.40669856459330145,7,2017-12-31,2025-11-23,15,11.333333333333334,7.0,37.0,1,True
3112653,Capitão Andrade,31,Minas Gerais,Sudeste,418,8,87,0.20813397129186603,6,2019-05-19,2024-04-07,17,5.117647058823529,4.0,18.0,2,True
3112703,Capitão Enéas,31,Minas Gerais,Sudeste,418,8,87,0.20813397129186603,6,2018-06-17,2025-12-28,12,7.25,5.5,20.0,2,True
3112802,Capitólio,31,Minas Gerais,Sudeste,418,8,134,0.32057416267942584,5,2019-04-07,2023-06-25,11,12.181818181818182,6.0,50.0,3,True
3112901,Caputira,31,Minas Gerais,Sudeste,418,8,59,0.14114832535885166,6,2019-05-12,2025-12-28,6,9.833333333333334,10.0,19.0,1,True
3113008,Caraí,31,Minas Gerais,Sudeste,418,8,104,0.24880382775119617,6,2018-08-19,2025-10-26,8,13.0,4.0,57.0,1,True
3113107,Caranaíba,31,Minas Gerais,Sudeste,418,8,80,0.19138755980861244,7,2018-01-28,2025-12-28,16,5.0,4.0,25.0,0,True
3113206,Carandaí,31,Minas Gerais,Sudeste,418,8,117,0.2799043062200957,7,2018-12-02,2025-12-28,19,6.157894736842105,4.0,29.0,1,True
3113305,Carangola,31,Minas Gerais,Sudeste,418,8,106,0.2535885167464115,7,2018-09-09,2024-05-12,15,7.066666666666666,5.0,25.0,1,True
3113404,Caratinga,31,Minas Gerais,Sudeste,418,8,78,0.18660287081339713,8,2018-07-08,2025-10-26,15,5.2,4.0,21.0,1,True
3113503,Carbonita,31,Minas Gerais,Sudeste,418,8,117,0.2799043062200957,6,2019-05-05,2025-12-28,17,6.882352941176471,4.0,35.0,1,True
3113602,Careaçu,31,Minas Gerais,Sudeste,418,8,61,0.145933014354067,4,2019-02-10,2025-12-28,7,8.714285714285714,4.0,24.0,0,True
3113701,Carlos Chagas,31,Minas Gerais,Sudeste,418,8,121,0.2894736842105263,6,2018-08-12,2024-05-12,8,15.125,8.5,57.0,1,True
3113800,Carmésia,31,Minas Gerais,Sudeste,418,8,85,0.20334928229665072,6,2018-04-08,2025-12-28,11,7.7272727272727275,6.0,24.0,0,True
3113909,Carmo da Cachoeira,31,Minas Gerais,Sudeste,418,8,71,0.16985645933014354,5,2018-09-30,2025-11-30,9,7.888888888888889,7.0,27.0,0,True
3114006,Carmo da Mata,31,Minas Gerais,Sudeste,418,8,122,0.291866028708134,7,2018-12-16,2025-12-21,15,8.133333333333333,5.0,31.0,1,True
3114105,Carmo de Minas,31,Minas Gerais,Sudeste,418,8,75,0.17942583732057416,5,2019-03-24,2025-12-21,10,7.5,4.0,33.0,0,True
3114204,Carmo do Cajuru,31,Minas Gerais,Sudeste,418,8,106,0.2535885167464115,5,2019-05-05,2024-12-22,8,13.25,7.0,38.0,2,True
3114303,Carmo do Paranaíba,31,Minas Gerais,Sudeste,418,8,114,0.2727272727272727,5,2019-06-09,2024-12-22,13,8.76923076923077,4.0,60.0,2,True
3114402,Carmo do Rio Claro,31,Minas Gerais,Sudeste,418,8,121,0.2894736842105263,7,2018-02-11,2025-11-16,13,9.307692307692308,2.0,37.0,2,True
3114501,Carmópolis de Minas,31,Minas Gerais,Sudeste,418,8,94,0.22488038277511962,7,2018-12-02,2025-12-14,13,7.230769230769231,4.0,20.0,1,True
3114550,Carneirinho,31,Minas Gerais,Sudeste,418,8,125,0.29904306220095694,7,2018-11-04,2025-04-13,12,10.416666666666666,5.0,25.0,2,True
3114600,Carrancas,31,Minas Gerais,Sudeste,418,8,57,0.13636363636363635,4,2019-04-07,2024-07-07,5,11.4,6.0,30.0,1,True
3114709,Carvalhópolis,31,Minas Gerais,Sudeste,418,8,47,0.11244019138755981,4,2019-06-16,2025-07-06,6,7.833333333333333,4.0,23.0,0,True
3114808,Carvalhos,31,Minas Gerais,Sudeste,418,8,43,0.10287081339712918,5,2019-05-05,2025-12-28,4,10.75,4.0,31.0,1,True
3114907,Casa Grande,31,Minas Gerais,Sudeste,418,8,100,0.23923444976076555,6,2018-11-25,2024-12-08,12,8.333333333333334,4.0,28.0,3,True
3115003,Cascalho Rico,31,Minas Gerais,Sudeste,418,8,95,0.22727272727272727,5,2019-02-24,2025-08-31,9,10.555555555555555,4.0,39.0,1,True
3115102,Cássia,31,Minas Gerais,Sudeste,418,8,145,0.34688995215311,8,2018-01-14,2025-12-07,15,9.666666666666666,5.0,36.0,3,True
3115201,Conceição da Barra de Minas,31,Minas Gerais,Sudeste,418,8,64,0.15311004784688995,6,2018-12-02,2025-12-14,7,9.142857142857142,4.0,36.0,0,True
3115300,Cataguases,31,Minas Gerais,Sudeste,418,8,89,0.21291866028708134,7,2018-07-15,2025-09-07,13,6.846153846153846,7.0,19.0,2,True
3115359,Catas Altas,31,Minas Gerais,Sudeste,418,8,66,0.15789473684210525,5,2019-05-26,2025-12-28,8,8.25,4.0,26.0,1,True
3115409,Catas Altas da Noruega,31,Minas Gerais,Sudeste,418,8,52,0.12440191387559808,5,2019-02-10,2025-01-12,8,6.5,4.0,29.0,2,True
3115458,Catuji,31,Minas Gerais,Sudeste,418,8,80,0.19138755980861244,5,2019-05-12,2024-06-02,11,7.2727272727272725,4.0,23.0,1,True
3115474,Catuti,31,Minas Gerais,Sudeste,418,8,97,0.23205741626794257,6,2018-01-21,2025-11-23,13,7.461538461538462,7.0,21.0,0,True
3115508,Caxambu,31,Minas Gerais,Sudeste,418,8,92,0.22009569377990432,6,2019-11-17,2025-11-23,12,7.666666666666667,4.0,34.0,0,True
3115607,Cedro do Abaeté,31,Minas Gerais,Sudeste,418,8,83,0.19856459330143542,5,2018-02-18,2024-05-05,10,8.3,7.0,25.0,1,True
3115706,Central de Minas,31,Minas Gerais,Sudeste,418,8,53,0.12679425837320574,5,2018-07-22,2025-12-28,10,5.3,4.0,13.0,0,True
3115805,Centralina,31,Minas Gerais,Sudeste,418,8,124,0.2966507177033493,6,2017-12-31,2024-06-30,14,8.857142857142858,5.0,29.0,1,True
3115904,Chácara,31,Minas Gerais,Sudeste,418,8,68,0.16267942583732056,6,2019-02-10,2025-08-17,16,4.25,4.0,12.0,0,True
3116001,Chalé,31,Minas Gerais,Sudeste,418,8,78,0.18660287081339713,6,2019-01-06,2024-12-22,11,7.090909090909091,4.0,30.0,1,True
3116100,Chapada do Norte,31,Minas Gerais,Sudeste,418,8,75,0.17942583732057416,6,2019-06-16,2024-08-04,8,9.375,5.5,28.0,2,True
3116159,Chapada Gaúcha,31,Minas Gerais,Sudeste,418,8,82,0.19617224880382775,6,2018-12-09,2024-12-29,8,10.25,8.5,22.0,1,True
3116209,Chiador,31,Minas Gerais,Sudeste,418,8,59,0.14114832535885166,2,2023-04-02,2024-07-28,3,19.666666666666668,21.0,36.0,1,True
3116308,Cipotânea,31,Minas Gerais,Sudeste,418,8,53,0.12679425837320574,5,2019-05-12,2025-09-14,8,6.625,4.0,24.0,0,True
3116407,Claraval,31,Minas Gerais,Sudeste,418,8,92,0.22009569377990432,5,2019-03-17,2025-10-12,12,7.666666666666667,4.0,24.0,2,True
3116506,Claro dos Poções,31,Minas Gerais,Sudeste,418,8,94,0.22488038277511962,7,2018-06-17,2025-12-28,13,7.230769230769231,4.0,20.0,2,True
3116605,Cláudio,31,Minas Gerais,Sudeste,418,8,105,0.2511961722488038,7,2018-08-19,2025-11-16,15,7.0,4.0,29.0,0,True
3116704,Coimbra,31,Minas Gerais,Sudeste,418,8,112,0.2679425837320574,5,2019-03-24,2025-12-28,12,9.333333333333334,4.5,44.0,1,True
3116803,Coluna,31,Minas Gerais,Sudeste,418,8,83,0.19856459330143542,5,2019-04-28,2025-12-28,13,6.384615384615385,4.0,31.0,1,True
3116902,Comendador Gomes,31,Minas Gerais,Sudeste,418,8,83,0.19856459330143542,6,2018-12-30,2025-12-28,17,4.882352941176471,4.0,12.0,0,True
3117009,Comercinho,31,Minas Gerais,Sudeste,418,8,51,0.12200956937799043,5,2019-05-19,2025-08-24,6,8.5,4.0,26.0,2,True
3117108,Conceição da Aparecida,31,Minas Gerais,Sudeste,418,8,116,0.27751196172248804,8,2017-12-31,2025-12-28,14,8.285714285714286,4.0,34.0,3,True
3117207,Conceição das Pedras,31,Minas Gerais,Sudeste,418,8,28,0.06698564593301436,3,2018-10-07,2024-06-02,3,9.333333333333334,7.0,17.0,0,True
3117306,Conceição das Alagoas,31,Minas Gerais,Sudeste,418,8,117,0.2799043062200957,7,2018-04-29,2024-12-22,12,9.75,7.0,26.0,1,True
3117405,Conceição de Ipanema,31,Minas Gerais,Sudeste,418,8,61,0.145933014354067,4,2020-04-12,2024-05-19,7,8.714285714285714,6.0,19.0,1,True
3117504,Conceição do Mato Dentro,31,Minas Gerais,Sudeste,418,8,82,0.19617224880382775,7,2018-08-12,2024-12-22,13,6.3076923076923075,4.0,22.0,1,True
3117603,Conceição do Pará,31,Minas Gerais,Sudeste,418,8,83,0.19856459330143542,7,2017-12-31,2025-11-02,15,5.533333333333333,2.0,22.0,2,True
3117702,Conceição do Rio Verde,31,Minas Gerais,Sudeste,418,8,50,0.11961722488038277,5,2018-12-30,2025-08-10,8,6.25,4.0,25.0,0,True
3117801,Conceição dos Ouros,31,Minas Gerais,Sudeste,418,8,47,0.11244019138755981,4,2019-06-02,2025-12-28,5,9.4,6.0,26.0,0,True
3117836,Cônego Marinho,31,Minas Gerais,Sudeste,418,8,88,0.21052631578947367,5,2018-07-08,2024-11-10,9,9.777777777777779,5.0,25.0,2,True
3117876,Confins,31,Minas Gerais,Sudeste,418,8,99,0.23684210526315788,7,2018-11-18,2025-12-14,9,11.0,6.0,29.0,1,True
3117900,Congonhal,31,Minas Gerais,Sudeste,418,8,55,0.13157894736842105,5,2019-12-29,2025-12-28,8,6.875,4.0,28.0,0,True
3118007,Congonhas,31,Minas Gerais,Sudeste,418,8,106,0.2535885167464115,6,2018-12-09,2024-12-22,9,11.777777777777779,4.0,71.0,1,True
3118106,Congonhas do Norte,31,Minas Gerais,Sudeste,418,8,49,0.11722488038277512,5,2019-03-17,2025-01-05,6,8.166666666666666,4.0,26.0,1,True
3118205,Conquista,31,Minas Gerais,Sudeste,418,8,93,0.22248803827751196,6,2018-09-23,2025-09-21,8,11.625,7.5,27.0,1,True
3118304,Conselheiro Lafaiete,31,Minas Gerais,Sudeste,418,8,133,0.3181818181818182,6,2018-11-11,2024-12-22,10,13.3,7.5,66.0,1,True
3118403,Conselheiro Pena,31,Minas Gerais,Sudeste,418,8,77,0.18421052631578946,7,2018-08-05,2025-10-26,11,7.0,4.0,18.0,0,True
3118502,Consolação,31,Minas Gerais,Sudeste,418,8,17,0.04066985645933014,1,2024-02-18,2024-06-09,1,17.0,17.0,17.0,0,False
3118601,Contagem,31,Minas Gerais,Sudeste,418,8,80,0.19138755980861244,4,2018-10-28,2024-12-22,6,13.333333333333334,12.0,29.0,1,True
3118700,Coqueiral,31,Minas Gerais,Sudeste,418,8,90,0.215311004784689,5,2018-01-28,2024-07-07,8,11.25,5.0,28.0,0,True
3118809,Coração de Jesus,31,Minas Gerais,Sudeste,418,8,78,0.18660287081339713,6,2018-06-10,2025-10-12,12,6.5,5.0,19.0,1,True
3118908,Cordisburgo,31,Minas Gerais,Sudeste,418,8,72,0.1722488038277512,5,2018-08-05,2024-05-12,4,18.0,16.5,38.0,1,True
3119005,Cordislândia,31,Minas Gerais,Sudeste,418,8,46,0.11004784688995216,4,2019-02-10,2024-08-18,9,5.111111111111111,4.0,20.0,0,True
3119104,Corinto,31,Minas Gerais,Sudeste,418,8,59,0.14114832535885166,5,2019-04-07,2025-12-28,8,7.375,5.0,19.0,0,True
3119203,Coroaci,31,Minas Gerais,Sudeste,418,8,99,0.23684210526315788,6,2018-10-28,2025-11-02,14,7.071428571428571,6.5,16.0,0,True
3119302,Coromandel,31,Minas Gerais,Sudeste,418,8,187,0.4473684210526316,8,2018-07-29,2025-10-26,22,8.5,5.5,29.0,2,True
3119401,Coronel Fabriciano,31,Minas Gerais,Sudeste,418,8,57,0.13636363636363635,4,2018-04-01,2025-10-19,8,7.125,3.5,25.0,1,True
3119500,Coronel Murta,31,Minas Gerais,Sudeste,418,8,83,0.19856459330143542,6,2019-04-07,2024-11-17,11,7.545454545454546,5.0,22.0,1,True
3119609,Coronel Pacheco,31,Minas Gerais,Sudeste,418,8,80,0.19138755980861244,6,2019-05-12,2025-12-07,11,7.2727272727272725,4.0,29.0,2,True
3119708,Coronel Xavier Chaves,31,Minas Gerais,Sudeste,418,8,53,0.12679425837320574,5,2018-12-16,2024-11-17,8,6.625,4.0,24.0,1,True
3119807,Córrego Danta,31,Minas Gerais,Sudeste,418,8,57,0.13636363636363635,7,2018-10-21,2025-07-13,9,6.333333333333333,4.0,26.0,0,True
3119906,Córrego do Bom Jesus,31,Minas Gerais,Sudeste,418,8,49,0.11722488038277512,5,2019-04-28,2024-12-22,6,8.166666666666666,4.0,26.0,0,True
3119955,Córrego Fundo,31,Minas Gerais,Sudeste,418,8,75,0.17942583732057416,6,2019-04-07,2025-10-05,11,6.818181818181818,4.0,36.0,2,True
3120003,Córrego Novo,31,Minas Gerais,Sudeste,418,8,71,0.16985645933014354,7,2018-09-16,2025-08-03,11,6.454545454545454,4.0,19.0,2,True
3120102,Couto de Magalhães de Minas,31,Minas Gerais,Sudeste,418,8,97,0.23205741626794257,6,2019-04-28,2025-11-09,9,10.777777777777779,8.0,32.0,2,True
3120151,Crisólita,31,Minas Gerais,Sudeste,418,8,65,0.15550239234449761,6,2018-03-11,2025-11-16,12,5.416666666666667,3.5,19.0,0,True
3120201,Cristais,31,Minas Gerais,Sudeste,418,8,84,0.20095693779904306,5,2019-01-20,2024-12-01,10,8.4,5.5,17.0,1,True
3120300,Cristália,31,Minas Gerais,Sudeste,418,8,71,0.16985645933014354,6,2018-04-01,2025-12-28,11,6.454545454545454,5.0,17.0,2,True
3120409,Cristiano Otoni,31,Minas Gerais,Sudeste,418,8,129,0.30861244019138756,6,2018-09-09,2024-12-22,14,9.214285714285714,5.0,37.0,1,True
3120508,Cristina,31,Minas Gerais,Sudeste,418,8,55,0.13157894736842105,5,2018-07-22,2025-11-30,9,6.111111111111111,4.0,24.0,0,True
3120607,Crucilândia,31,Minas Gerais,Sudeste,418,8,64,0.15311004784688995,5,2019-04-28,2025-11-02,9,7.111111111111111,4.0,22.0,1,True
3120706,Cruzeiro da Fortaleza,31,Minas Gerais,Sudeste,418,8,96,0.22966507177033493,5,2018-07-29,2024-08-18,8,12.0,10.5,25.0,1,True
3120805,Cruzília,31,Minas Gerais,Sudeste,418,8,106,0.2535885167464115,7,2019-05-12,2025-12-28,13,8.153846153846153,4.0,33.0,1,True
3120839,Cuparaque,31,Minas Gerais,Sudeste,418,8,106,0.2535885167464115,6,2018-04-15,2025-11-09,11,9.636363636363637,5.0,31.0,1,True
3120870,Curral de Dentro,31,Minas Gerais,Sudeste,418,8,50,0.11961722488038277,3,2019-04-28,2024-06-09,7,7.142857142857143,4.0,19.0,0,True
3120904,Curvelo,31,Minas Gerais,Sudeste,418,8,58,0.13875598086124402,4,2019-04-14,2024-02-11,10,5.8,3.0,18.0,1,True
3121001,Datas,31,Minas Gerais,Sudeste,418,8,54,0.1291866028708134,5,2019-05-19,2024-12-15,7,7.714285714285714,4.0,27.0,1,True
3121100,Delfim Moreira,31,Minas Gerais,Sudeste,418,8,64,0.15311004784688995,5,2018-01-14,2025-12-28,8,8.0,4.5,28.0,1,True
3121209,Delfinópolis,31,Minas Gerais,Sudeste,418,8,72,0.1722488038277512,6,2019-04-14,2025-11-23,9,8.0,5.0,25.0,1,True
3121258,Delta,31,Minas Gerais,Sudeste,418,8,88,0.21052631578947367,7,2018-04-08,2025-07-13,13,6.769230769230769,5.0,18.0,1,True
3121308,Descoberto,31,Minas Gerais,Sudeste,418,8,59,0.14114832535885166,5,2018-09-23,2025-08-03,10,5.9,4.0,17.0,0,True
3121407,Desterro de Entre Rios,31,Minas Gerais,Sudeste,418,8,61,0.145933014354067,4,2019-04-21,2025-12-28,7,8.714285714285714,6.0,23.0,0,True
3121506,Desterro do Melo,31,Minas Gerais,Sudeste,418,8,58,0.13875598086124402,5,2019-03-10,2025-08-24,7,8.285714285714286,4.0,23.0,1,True
3121605,Diamantina,31,Minas Gerais,Sudeste,418,8,87,0.20813397129186603,6,2019-05-05,2025-12-14,8,10.875,6.0,33.0,1,True
3121704,Diogo de Vasconcelos,31,Minas Gerais,Sudeste,418,8,79,0.18899521531100477,5,2018-01-21,2025-11-30,12,6.583333333333333,4.5,16.0,1,True
3121803,Dionísio,31,Minas Gerais,Sudeste,418,8,92,0.22009569377990432,7,2019-04-28,2025-10-19,9,10.222222222222221,9.0,29.0,2,True
3121902,Divinésia,31,Minas Gerais,Sudeste,418,8,48,0.11483253588516747,3,2020-06-21,2025-12-21,5,9.6,6.0,27.0,0,True
3122009,Divino,31,Minas Gerais,Sudeste,418,8,110,0.2631578947368421,7,2019-04-28,2025-12-28,9,12.222222222222221,9.0,30.0,2,True
3122108,Divino das Laranjeiras,31,Minas Gerais,Sudeste,418,8,82,0.19617224880382775,5,2020-04-12,2024-04-28,9,9.11111111111111,7.0,18.0,0,True
3122207,Divinolândia de Minas,31,Minas Gerais,Sudeste,418,8,121,0.2894736842105263,6,2019-03-10,2025-09-07,13,9.307692307692308,6.0,28.0,1,True
3122306,Divinópolis,31,Minas Gerais,Sudeste,418,8,122,0.291866028708134,6,2018-07-15,2024-12-22,13,9.384615384615385,2.0,47.0,2,True
3122355,Divisa Alegre,31,Minas Gerais,Sudeste,418,8,46,0.11004784688995216,4,2019-04-28,2024-07-21,8,5.75,6.0,11.0,0,True
3122405,Divisa Nova,31,Minas Gerais,Sudeste,418,8,44,0.10526315789473684,5,2019-06-16,2025-12-21,10,4.4,4.0,12.0,0,True
3122454,Divisópolis,31,Minas Gerais,Sudeste,418,8,35,0.08373205741626795,5,2019-06-23,2024-06-02,8,4.375,4.0,8.0,1,True
3122470,Dom Bosco,31,Minas Gerais,Sudeste,418,8,101,0.24162679425837322,6,2018-12-02,2024-06-16,10,10.1,4.0,34.0,1,True
3122504,Dom Cavati,31,Minas Gerais,Sudeste,418,8,96,0.22966507177033493,7,2018-05-06,2025-12-07,17,5.647058823529412,4.0,22.0,1,True
3122603,Dom Joaquim,31,Minas Gerais,Sudeste,418,8,62,0.14832535885167464,4,2019-01-27,2025-12-21,11,5.636363636363637,4.0,24.0,1,True
3122702,Dom Silvério,31,Minas Gerais,Sudeste,418,8,97,0.23205741626794257,5,2019-05-19,2025-09-07,12,8.083333333333334,6.0,28.0,0,True
3122801,Dom Viçoso,31,Minas Gerais,Sudeste,418,8,37,0.08851674641148326,3,2020-01-26,2024-08-04,3,12.333333333333334,4.0,29.0,0,True
3122900,Dona Euzébia,31,Minas Gerais,Sudeste,418,8,69,0.16507177033492823,6,2019-06-02,2025-06-01,13,5.3076923076923075,4.0,17.0,1,True
3123007,Dores de Campos,31,Minas Gerais,Sudeste,418,8,55,0.13157894736842105,4,2019-04-21,2025-12-07,6,9.166666666666666,5.0,28.0,1,True
3123106,Dores de Guanhães,31,Minas Gerais,Sudeste,418,8,100,0.23923444976076555,6,2019-05-05,2025-08-03,13,7.6923076923076925,4.0,30.0,2,True
3123205,Dores do Indaiá,31,Minas Gerais,Sudeste,418,8,118,0.2822966507177033,7,2018-04-01,2025-03-30,13,9.076923076923077,5.0,32.0,2,True
3123304,Dores do Turvo,31,Minas Gerais,Sudeste,418,8,59,0.14114832535885166,4,2019-05-05,2025-10-26,9,6.555555555555555,6.0,19.0,0,True
3123403,Doresópolis,31,Minas Gerais,Sudeste,418,8,99,0.23684210526315788,7,2018-07-01,2024-10-27,14,7.071428571428571,4.0,25.0,1,True
3123502,Douradoquara,31,Minas Gerais,Sudeste,418,8,76,0.18181818181818182,5,2019-02-24,2025-06-15,7,10.857142857142858,6.0,40.0,1,True
3123528,Durandé,31,Minas Gerais,Sudeste,418,8,71,0.16985645933014354,5,2020-05-17,2025-09-28,8,8.875,4.0,29.0,1,True
3123601,Elói Mendes,31,Minas Gerais,Sudeste,418,8,71,0.16985645933014354,6,2019-12-15,2025-12-14,14,5.071428571428571,3.0,34.0,1,True
3123700,Engenheiro Caldas,31,Minas Gerais,Sudeste,418,8,67,0.16028708133971292,7,2018-12-09,2025-11-09,16,4.1875,2.0,21.0,1,True
3123809,Engenheiro Navarro,31,Minas Gerais,Sudeste,418,8,97,0.23205741626794257,6,2019-03-17,2024-11-03,12,8.083333333333334,5.5,21.0,3,True
3123858,Entre Folhas,31,Minas Gerais,Sudeste,418,8,53,0.12679425837320574,5,2019-04-21,2025-11-16,10,5.3,4.0,11.0,2,True
3123908,Entre Rios de Minas,31,Minas Gerais,Sudeste,418,8,87,0.20813397129186603,6,2017-12-31,2025-12-07,11,7.909090909090909,4.0,29.0,0,True
3124005,Ervália,31,Minas Gerais,Sudeste,418,8,60,0.14354066985645933,5,2019-05-26,2025-11-23,8,7.5,4.0,27.0,0,True
3124104,Esmeraldas,31,Minas Gerais,Sudeste,418,8,57,0.13636363636363635,3,2019-04-21,2024-02-04,2,28.5,28.5,33.0,1,True
3124203,Espera Feliz,31,Minas Gerais,Sudeste,418,8,96,0.22966507177033493,7,2018-11-11,2025-10-26,16,6.0,4.0,25.0,1,True
3124302,Espinosa,31,Minas Gerais,Sudeste,418,8,116,0.27751196172248804,7,2018-07-08,2025-03-23,12,9.666666666666666,5.5,32.0,2,True
3124401,Espírito Santo do Dourado,31,Minas Gerais,Sudeste,418,8,51,0.12200956937799043,4,2019-07-07,2025-12-28,7,7.285714285714286,4.0,24.0,0,True
3124500,Estiva,31,Minas Gerais,Sudeste,418,8,48,0.11483253588516747,6,2018-11-04,2025-12-28,8,6.0,4.0,21.0,1,True
3124609,Estrela Dalva,31,Minas Gerais,Sudeste,418,8,46,0.11004784688995216,3,2023-04-16,2025-09-28,7,6.571428571428571,4.0,21.0,1,True
3124708,Estrela do Indaiá,31,Minas Gerais,Sudeste,418,8,73,0.17464114832535885,4,2017-12-31,2024-06-02,5,14.6,10.0,33.0,1,True
3124807,Estrela do Sul,31,Minas Gerais,Sudeste,418,8,82,0.19617224880382775,6,2018-10-07,2024-09-29,12,6.833333333333333,4.0,31.0,1,True
3124906,Eugenópolis,31,Minas Gerais,Sudeste,418,8,79,0.18899521531100477,7,2018-08-19,2025-12-28,17,4.647058823529412,4.0,10.0,1,True
3125002,Ewbank da Câmara,31,Minas Gerais,Sudeste,418,8,54,0.1291866028708134,5,2019-05-12,2025-07-06,7,7.714285714285714,4.0,30.0,1,True
3125101,Extrema,31,Minas Gerais,Sudeste,418,8,89,0.21291866028708134,6,2018-07-08,2024-09-08,10,8.9,3.5,50.0,1,True
3125200,Fama,31,Minas Gerais,Sudeste,418,8,53,0.12679425837320574,5,2019-05-19,2024-07-14,12,4.416666666666667,4.0,19.0,1,True
3125309,Faria Lemos,31,Minas Gerais,Sudeste,418,8,57,0.13636363636363635,4,2019-10-20,2025-11-23,7,8.142857142857142,4.0,22.0,1,True
3125408,Felício dos Santos,31,Minas Gerais,Sudeste,418,8,62,0.14832535885167464,7,2019-05-05,2025-08-10,11,5.636363636363637,4.0,26.0,1,True
3125507,São Gonçalo do Rio Preto,31,Minas Gerais,Sudeste,418,8,97,0.23205741626794257,6,2019-01-20,2025-11-23,12,8.083333333333334,6.0,29.0,1,True
3125606,Felisburgo,31,Minas Gerais,Sudeste,418,8,93,0.22248803827751196,7,2019-06-30,2025-12-07,10,9.3,6.5,31.0,2,True
3125705,Felixlândia,31,Minas Gerais,Sudeste,418,8,114,0.2727272727272727,7,2019-01-06,2025-09-28,9,12.666666666666666,6.0,37.0,1,True
3125804,Fernandes Tourinho,31,Minas Gerais,Sudeste,418,8,91,0.21770334928229665,6,2018-11-18,2025-11-30,13,7.0,4.0,21.0,0,True
3125903,Ferros,31,Minas Gerais,Sudeste,418,8,91,0.21770334928229665,5,2019-04-28,2025-11-09,9,10.11111111111111,5.0,33.0,1,True
3125952,Fervedouro,31,Minas Gerais,Sudeste,418,8,81,0.1937799043062201,5,2019-04-14,2025-12-28,9,9.0,4.0,23.0,0,True
3126000,Florestal,31,Minas Gerais,Sudeste,418,8,79,0.18899521531100477,4,2018-10-07,2024-11-10,8,9.875,4.0,35.0,1,True
3126109,Formiga,31,Minas Gerais,Sudeste,418,8,110,0.2631578947368421,5,2019-01-27,2025-12-28,12,9.166666666666666,4.0,27.0,0,True
3126208,Formoso,31,Minas Gerais,Sudeste,418,8,128,0.3062200956937799,8,2018-12-23,2025-10-12,15,8.533333333333333,4.0,33.0,2,True
3126307,Fortaleza de Minas,31,Minas Gerais,Sudeste,418,8,76,0.18181818181818182,5,2019-02-10,2025-01-05,10,7.6,4.0,21.0,0,True
3126406,Fortuna de Minas,31,Minas Gerais,Sudeste,418,8,45,0.1076555023923445,6,2018-05-13,2025-06-15,8,5.625,4.0,17.0,1,True
3126505,Francisco Badaró,31,Minas Gerais,Sudeste,418,8,131,0.3133971291866029,7,2017-12-31,2025-12-14,10,13.1,6.0,36.0,1,True
3126604,Francisco Dumont,31,Minas Gerais,Sudeste,418,8,97,0.23205741626794257,7,2018-06-24,2025-11-02,14,6.928571428571429,4.0,19.0,2,True
3126703,Francisco Sá,31,Minas Gerais,Sudeste,418,8,71,0.16985645933014354,6,2018-06-10,2025-12-07,13,5.461538461538462,4.0,13.0,0,True
3126752,Franciscópolis,31,Minas Gerais,Sudeste,418,8,96,0.22966507177033493,5,2018-06-24,2024-05-19,10,9.6,4.0,33.0,1,True
3126802,Frei Gaspar,31,Minas Gerais,Sudeste,418,8,74,0.17703349282296652,5,2018-09-23,2024-07-14,8,9.25,6.5,27.0,1,True
3126901,Frei Inocêncio,31,Minas Gerais,Sudeste,418,8,96,0.22966507177033493,7,2019-04-28,2025-11-23,13,7.384615384615385,6.0,18.0,0,True
3126950,Frei Lagonegro,31,Minas Gerais,Sudeste,418,8,54,0.1291866028708134,5,2019-01-20,2025-02-09,10,5.4,4.0,19.0,0,True
3127008,Fronteira,31,Minas Gerais,Sudeste,418,8,143,0.34210526315789475,8,2018-07-29,2025-06-22,15,9.533333333333333,4.0,42.0,2,True
3127057,Fronteira dos Vales,31,Minas Gerais,Sudeste,418,8,59,0.14114832535885166,5,2019-05-19,2024-07-07,8,7.375,4.0,25.0,0,True
3127073,Fruta de Leite,31,Minas Gerais,Sudeste,418,8,77,0.18421052631578946,8,2018-05-13,2025-12-07,14,5.5,3.5,24.0,0,True
3127107,Frutal,31,Minas Gerais,Sudeste,418,8,135,0.3229665071770335,7,2018-06-17,2025-12-28,14,9.642857142857142,4.0,37.0,1,True
3127206,Funilândia,31,Minas Gerais,Sudeste,418,8,84,0.20095693779904306,6,2019-03-31,2024-12-22,10,8.4,5.5,27.0,1,True
3127305,Galiléia,31,Minas Gerais,Sudeste,418,8,91,0.21770334928229665,7,2018-07-08,2024-10-27,15,6.066666666666666,5.0,22.0,0,True
3127339,Gameleiras,31,Minas Gerais,Sudeste,418,8,86,0.20574162679425836,6,2018-05-27,2025-03-02,9,9.555555555555555,4.0,27.0,1,True
3127354,Glaucilândia,31,Minas Gerais,Sudeste,418,8,87,0.20813397129186603,6,2018-05-13,2024-12-22,13,6.6923076923076925,4.0,27.0,3,True
3127370,Goiabeira,31,Minas Gerais,Sudeste,418,8,71,0.16985645933014354,6,2018-01-07,2024-12-22,13,5.461538461538462,3.0,21.0,1,True
3127388,Goianá,31,Minas Gerais,Sudeste,418,8,80,0.19138755980861244,6,2018-10-07,2025-09-21,7,11.428571428571429,7.0,46.0,1,True
3127404,Gonçalves,31,Minas Gerais,Sudeste,418,8,46,0.11004784688995216,4,2020-01-12,2025-12-28,8,5.75,4.0,20.0,0,True
3127503,Gonzaga,31,Minas Gerais,Sudeste,418,8,91,0.21770334928229665,6,2019-01-20,2025-01-05,11,8.272727272727273,6.0,25.0,1,True
3127602,Gouveia,31,Minas Gerais,Sudeste,418,8,84,0.20095693779904306,8,2018-10-14,2025-10-19,12,7.0,5.0,22.0,1,True
3127701,Governador Valadares,31,Minas Gerais,Sudeste,418,8,143,0.34210526315789475,8,2018-07-08,2025-10-19,20,7.15,3.5,33.0,0,True
3127800,Grão Mogol,31,Minas Gerais,Sudeste,418,8,77,0.18421052631578946,5,2019-01-06,2025-12-28,12,6.416666666666667,3.5,24.0,0,True
3127909,Grupiara,31,Minas Gerais,Sudeste,418,8,72,0.1722488038277512,6,2019-01-27,2025-10-19,9,8.0,4.0,25.0,1,True
3128006,Guanhães,31,Minas Gerais,Sudeste,418,8,123,0.2942583732057416,7,2018-10-28,2024-12-22,13,9.461538461538462,5.0,30.0,0,True
3128105,Guapé,31,Minas Gerais,Sudeste,418,8,124,0.2966507177033493,7,2018-09-09,2025-12-28,15,8.266666666666667,6.0,29.0,2,True
3128204,Guaraciaba,31,Minas Gerais,Sudeste,418,8,88,0.21052631578947367,5,2019-05-12,2025-12-21,11,8.0,6.0,26.0,1,True
3128253,Guaraciama,31,Minas Gerais,Sudeste,418,8,55,0.13157894736842105,5,2018-07-01,2024-01-28,7,7.857142857142857,4.0,21.0,1,True
3128303,Guaranésia,31,Minas Gerais,Sudeste,418,8,76,0.18181818181818182,6,2019-04-07,2024-12-08,9,8.444444444444445,5.0,22.0,0,True
3128402,Guarani,31,Minas Gerais,Sudeste,418,8,84,0.20095693779904306,6,2018-07-29,2025-08-17,13,6.461538461538462,4.0,22.0,1,True
3128501,Guarará,31,Minas Gerais,Sudeste,418,8,91,0.21770334928229665,5,2019-05-26,2025-04-20,10,9.1,6.0,23.0,1,True
3128600,Guarda-Mor,31,Minas Gerais,Sudeste,418,8,132,0.3157894736842105,8,2018-03-25,2024-12-29,24,5.5,4.0,25.0,2,True
3128709,Guaxupé,31,Minas Gerais,Sudeste,418,8,161,0.38516746411483255,7,2018-09-02,2025-10-12,14,11.5,7.0,54.0,1,True
3128808,Guidoval,31,Minas Gerais,Sudeste,418,8,67,0.16028708133971292,7,2018-03-25,2025-12-21,12,5.583333333333333,4.0,17.0,0,True
3128907,Guimarânia,31,Minas Gerais,Sudeste,418,8,46,0.11004784688995216,4,2018-09-02,2024-12-08,6,7.666666666666667,7.0,14.0,1,True
3129004,Guiricema,31,Minas Gerais,Sudeste,418,8,72,0.1722488038277512,5,2018-05-27,2024-12-15,14,5.142857142857143,4.5,12.0,1,True
3129103,Gurinhatã,31,Minas Gerais,Sudeste,418,8,64,0.15311004784688995,6,2018-05-06,2025-09-07,11,5.818181818181818,4.0,15.0,0,True
3129202,Heliodora,31,Minas Gerais,Sudeste,418,8,36,0.0861244019138756,3,2022-03-13,2025-07-20,3,12.0,10.0,22.0,0,True
3129301,Iapu,31,Minas Gerais,Sudeste,418,8,94,0.22488038277511962,6,2018-05-20,2025-11-09,15,6.266666666666667,4.0,24.0,0,True
3129400,Ibertioga,31,Minas Gerais,Sudeste,418,8,48,0.11483253588516747,3,2020-02-09,2024-12-22,5,9.6,5.0,25.0,0,True
3129509,Ibiá,31,Minas Gerais,Sudeste,418,8,101,0.24162679425837322,8,2018-09-16,2025-11-16,18,5.611111111111111,2.0,25.0,0,True
3129608,Ibiaí,31,Minas Gerais,Sudeste,418,8,86,0.20574162679425836,6,2018-11-04,2025-10-26,11,7.818181818181818,5.0,25.0,1,True
3129657,Ibiracatu,31,Minas Gerais,Sudeste,418,8,73,0.17464114832535885,6,2018-07-15,2025-12-28,9,8.11111111111111,9.0,17.0,1,True
3129707,Ibiraci,31,Minas Gerais,Sudeste,418,8,104,0.24880382775119617,6,2017-12-31,2025-11-16,10,10.4,6.5,29.0,2,True
3129806,Ibirité,31,Minas Gerais,Sudeste,418,8,99,0.23684210526315788,6,2018-11-11,2025-11-02,8,12.375,7.5,31.0,2,True
3129905,Ibitiúra de Minas,31,Minas Gerais,Sudeste,418,8,33,0.07894736842105263,3,2020-03-29,2025-02-02,3,11.0,5.0,27.0,0,True
3130002,Ibituruna,31,Minas Gerais,Sudeste,418,8,69,0.16507177033492823,5,2019-06-30,2025-12-21,12,5.75,4.0,19.0,0,True
3130051,Icaraí de Minas,31,Minas Gerais,Sudeste,418,8,94,0.22488038277511962,7,2018-07-08,2024-06-09,9,10.444444444444445,11.0,18.0,1,True
3130101,Igarapé,31,Minas Gerais,Sudeste,418,8,95,0.22727272727272727,6,2019-03-17,2025-08-31,8,11.875,10.5,32.0,2,True
3130200,Igaratinga,31,Minas Gerais,Sudeste,418,8,95,0.22727272727272727,7,2018-08-19,2025-11-09,11,8.636363636363637,6.0,34.0,2,True
3130309,Iguatama,31,Minas Gerais,Sudeste,418,8,108,0.2583732057416268,5,2018-05-06,2025-11-23,7,15.428571428571429,11.0,38.0,0,True
3130408,Ijaci,31,Minas Gerais,Sudeste,418,8,84,0.20095693779904306,7,2017-12-31,2025-05-25,10,8.4,6.5,23.0,0,True
3130507,Ilicínea,31,Minas Gerais,Sudeste,418,8,102,0.24401913875598086,6,2018-07-15,2025-12-28,11,9.272727272727273,6.0,29.0,0,True
3130556,Imbé de Minas,31,Minas Gerais,Sudeste,418,8,52,0.12440191387559808,5,2018-05-13,2024-06-09,9,5.777777777777778,4.0,22.0,0,True
3130606,Inconfidentes,31,Minas Gerais,Sudeste,418,8,75,0.17942583732057416,5,2017-12-31,2024-05-12,6,12.5,6.0,31.0,1,True
3130655,Indaiabira,31,Minas Gerais,Sudeste,418,8,71,0.16985645933014354,5,2019-01-20,2025-12-28,13,5.461538461538462,4.0,20.0,1,True
3130705,Indianópolis,31,Minas Gerais,Sudeste,418,8,79,0.18899521531100477,6,2019-02-10,2025-11-09,11,7.181818181818182,4.0,29.0,1,True
3130804,Ingaí,31,Minas Gerais,Sudeste,418,8,47,0.11244019138755981,3,2022-05-22,2024-06-30,3,15.666666666666666,16.0,27.0,0,True
3130903,Inhapim,31,Minas Gerais,Sudeste,418,8,95,0.22727272727272727,7,2018-09-30,2025-08-31,11,8.636363636363637,4.0,32.0,1,True
3131000,Inhaúma,31,Minas Gerais,Sudeste,418,8,102,0.24401913875598086,7,2019-04-14,2025-12-14,10,10.2,8.5,25.0,2,True
3131109,Inimutaba,31,Minas Gerais,Sudeste,418,8,72,0.1722488038277512,5,2019-04-21,2024-12-22,9,8.0,4.0,32.0,1,True
3131158,Ipaba,31,Minas Gerais,Sudeste,418,8,92,0.22009569377990432,6,2018-06-10,2025-12-28,15,6.133333333333334,6.0,20.0,0,True
3131208,Ipanema,31,Minas Gerais,Sudeste,418,8,83,0.19856459330143542,4,2019-03-24,2024-11-03,11,7.545454545454546,4.0,27.0,1,True
3131307,Ipatinga,31,Minas Gerais,Sudeste,418,8,94,0.22488038277511962,7,2018-04-15,2025-10-12,10,9.4,4.5,52.0,2,True
3131406,Ipiaçu,31,Minas Gerais,Sudeste,418,8,114,0.2727272727272727,8,2018-04-22,2025-12-28,16,7.125,4.0,34.0,1,True
3131505,Ipuiúna,31,Minas Gerais,Sudeste,418,8,35,0.08373205741626795,3,2018-02-25,2024-06-09,4,8.75,6.5,20.0,0,True
3131604,Iraí de Minas,31,Minas Gerais,Sudeste,418,8,114,0.2727272727272727,6,2019-02-17,2025-12-28,14,8.142857142857142,5.0,25.0,0,True
3131703,Itabira,31,Minas Gerais,Sudeste,418,8,61,0.145933014354067,3,2019-06-23,2024-05-26,2,30.5,30.5,57.0,1,True
3131802,Itabirinha,31,Minas Gerais,Sudeste,418,8,88,0.21052631578947367,6,2019-05-19,2025-10-19,12,7.333333333333333,3.0,40.0,2,True
3131901,Itabirito,31,Minas Gerais,Sudeste,418,8,81,0.1937799043062201,7,2018-08-05,2025-08-31,16,5.0625,2.0,39.0,1,True
3132008,Itacambira,31,Minas Gerais,Sudeste,418,8,53,0.12679425837320574,3,2019-04-14,2024-07-28,5,10.6,8.0,26.0,1,True
3132107,Itacarambi,31,Minas Gerais,Sudeste,418,8,79,0.18899521531100477,7,2018-04-08,2025-12-28,13,6.076923076923077,4.0,14.0,2,True
3132206,Itaguara,31,Minas Gerais,Sudeste,418,8,64,0.15311004784688995,3,2019-05-26,2024-12-01,8,8.0,5.5,19.0,1,True
3132305,Itaipé,31,Minas Gerais,Sudeste,418,8,100,0.23923444976076555,6,2019-06-23,2025-10-12,15,6.666666666666667,4.0,28.0,1,True
3132404,Itajubá,31,Minas Gerais,Sudeste,418,8,134,0.32057416267942584,6,2018-07-15,2025-10-26,8,16.75,7.5,61.0,1,True
3132503,Itamarandiba,31,Minas Gerais,Sudeste,418,8,74,0.17703349282296652,6,2018-12-16,2025-12-28,11,6.7272727272727275,4.0,32.0,1,True
3132602,Itamarati de Minas,31,Minas Gerais,Sudeste,418,8,57,0.13636363636363635,6,2018-12-16,2024-09-22,10,5.7,4.0,21.0,1,True
3132701,Itambacuri,31,Minas Gerais,Sudeste,418,8,57,0.13636363636363635,3,2019-05-05,2024-09-22,5,11.4,16.0,19.0,0,True
3132800,Itambé do Mato Dentro,31,Minas Gerais,Sudeste,418,8,48,0.11483253588516747,5,2019-05-05,2025-12-07,6,8.0,4.0,28.0,1,True
3132909,Itamogi,31,Minas Gerais,Sudeste,418,8,95,0.22727272727272727,6,2019-01-13,2025-11-30,15,6.333333333333333,4.0,30.0,0,True
3133006,Itamonte,31,Minas Gerais,Sudeste,418,8,57,0.13636363636363635,6,2019-06-23,2025-11-30,8,7.125,3.5,33.0,0,True
3133105,Itanhandu,31,Minas Gerais,Sudeste,418,8,43,0.10287081339712918,5,2018-09-09,2025-11-30,6,7.166666666666667,3.0,30.0,0,True
3133204,Itanhomi,31,Minas Gerais,Sudeste,418,8,50,0.11961722488038277,6,2019-10-06,2025-10-19,9,5.555555555555555,4.0,16.0,2,True
3133303,Itaobim,31,Minas Gerais,Sudeste,418,8,101,0.24162679425837322,7,2019-06-02,2025-10-05,13,7.769230769230769,4.0,28.0,2,True
3133402,Itapagipe,31,Minas Gerais,Sudeste,418,8,168,0.4019138755980861,8,2018-12-02,2025-12-21,15,11.2,4.0,53.0,1,True
3133501,Itapecerica,31,Minas Gerais,Sudeste,418,8,80,0.19138755980861244,4,2018-12-16,2024-12-22,8,10.0,9.5,25.0,1,True
3133600,Itapeva,31,Minas Gerais,Sudeste,418,8,97,0.23205741626794257,4,2020-12-06,2025-12-21,8,12.125,8.0,34.0,1,True
3133709,Itatiaiuçu,31,Minas Gerais,Sudeste,418,8,107,0.25598086124401914,6,2018-09-09,2025-10-26,15,7.133333333333334,4.0,28.0,1,True
3133758,Itaú de Minas,31,Minas Gerais,Sudeste,418,8,133,0.3181818181818182,6,2018-10-21,2024-10-27,12,11.083333333333334,6.0,34.0,2,True
3133808,Itaúna,31,Minas Gerais,Sudeste,418,8,85,0.20334928229665072,5,2019-05-12,2025-12-21,9,9.444444444444445,4.0,44.0,1,True
3133907,Itaverava,31,Minas Gerais,Sudeste,418,8,113,0.2703349282296651,7,2018-06-10,2025-08-17,22,5.136363636363637,4.0,31.0,1,True
3134004,Itinga,31,Minas Gerais,Sudeste,418,8,60,0.14354066985645933,5,2019-09-22,2023-03-12,7,8.571428571428571,6.0,23.0,1,True
3134103,Itueta,31,Minas Gerais,Sudeste,418,8,72,0.1722488038277512,6,2019-03-17,2025-09-14,10,7.2,5.0,20.0,1,True
3134202,Ituiutaba,31,Minas Gerais,Sudeste,418,8,95,0.22727272727272727,5,2018-12-02,2023-05-21,8,11.875,11.5,25.0,2,True
3134301,Itumirim,31,Minas Gerais,Sudeste,418,8,76,0.18181818181818182,4,2019-04-14,2024-12-22,7,10.857142857142858,4.0,36.0,0,True
3134400,Iturama,31,Minas Gerais,Sudeste,418,8,135,0.3229665071770335,7,2018-06-10,2025-10-19,16,8.4375,6.5,37.0,1,True
3134509,Itutinga,31,Minas Gerais,Sudeste,418,8,64,0.15311004784688995,3,2023-05-28,2025-12-28,8,8.0,4.5,23.0,1,True
3134608,Jaboticatubas,31,Minas Gerais,Sudeste,418,8,90,0.215311004784689,7,2018-08-19,2024-04-14,13,6.923076923076923,3.0,28.0,1,True
3134707,Jacinto,31,Minas Gerais,Sudeste,418,8,46,0.11004784688995216,4,2018-05-13,2024-06-02,4,11.5,11.0,20.0,1,True
3134806,Jacuí,31,Minas Gerais,Sudeste,418,8,126,0.3014354066985646,7,2019-01-27,2025-01-05,18,7.0,4.0,28.0,2,True
3134905,Jacutinga,31,Minas Gerais,Sudeste,418,8,120,0.28708133971291866,7,2019-04-28,2025-12-28,13,9.23076923076923,4.0,41.0,1,True
3135001,Jaguaraçu,31,Minas Gerais,Sudeste,418,8,63,0.1507177033492823,4,2018-05-13,2024-03-24,7,9.0,3.0,27.0,1,True
3135050,Jaíba,31,Minas Gerais,Sudeste,418,8,117,0.2799043062200957,6,2019-01-20,2024-06-16,11,10.636363636363637,7.0,33.0,2,True
3135076,Jampruca,31,Minas Gerais,Sudeste,418,8,64,0.15311004784688995,7,2018-09-16,2025-06-22,9,7.111111111111111,4.0,25.0,1,True
3135100,Janaúba,31,Minas Gerais,Sudeste,418,8,125,0.29904306220095694,6,2017-12-31,2025-12-28,13,9.615384615384615,5.0,35.0,1,True
3135209,Januária,31,Minas Gerais,Sudeste,418,8,106,0.2535885167464115,5,2018-07-15,2024-05-19,8,13.25,9.0,38.0,1,True
3135308,Japaraíba,31,Minas Gerais,Sudeste,418,8,89,0.21291866028708134,5,2018-05-06,2024-09-01,9,9.88888888888889,4.0,31.0,0,True
3135357,Japonvar,31,Minas Gerais,Sudeste,418,8,87,0.20813397129186603,5,2018-08-19,2024-03-17,7,12.428571428571429,4.0,37.0,3,True
3135407,Jeceaba,31,Minas Gerais,Sudeste,418,8,86,0.20574162679425836,5,2017-12-31,2024-12-22,14,6.142857142857143,4.0,17.0,0,True
3135456,Jenipapo de Minas,31,Minas Gerais,Sudeste,418,8,132,0.3157894736842105,5,2019-04-28,2024-11-03,12,11.0,9.5,27.0,1,True
3135506,Jequeri,31,Minas Gerais,Sudeste,418,8,84,0.20095693779904306,7,2019-06-23,2025-10-19,13,6.461538461538462,4.0,19.0,0,True
3135605,Jequitaí,31,Minas Gerais,Sudeste,418,8,72,0.1722488038277512,6,2019-03-17,2025-12-28,10,7.2,5.0,19.0,2,True
3135704,Jequitibá,31,Minas Gerais,Sudeste,418,8,69,0.16507177033492823,4,2019-04-28,2025-10-12,9,7.666666666666667,4.0,18.0,0,True
3135803,Jequitinhonha,31,Minas Gerais,Sudeste,418,8,67,0.16028708133971292,5,2019-10-27,2024-05-19,6,11.166666666666666,9.5,23.0,1,True
3135902,Jesuânia,31,Minas Gerais,Sudeste,418,8,37,0.08851674641148326,2,2019-05-19,2024-08-11,2,18.5,18.5,32.0,0,True
3136009,Joaíma,31,Minas Gerais,Sudeste,418,8,77,0.18421052631578946,6,2019-05-26,2025-11-02,10,7.7,7.5,16.0,0,True
3136108,Joanésia,31,Minas Gerais,Sudeste,418,8,110,0.2631578947368421,6,2018-11-18,2024-11-10,16,6.875,3.0,25.0,2,True
3136207,João Monlevade,31,Minas Gerais,Sudeste,418,8,80,0.19138755980861244,4,2019-05-19,2024-12-15,7,11.428571428571429,4.0,35.0,1,True
3136306,João Pinheiro,31,Minas Gerais,Sudeste,418,8,56,0.1339712918660287,5,2018-06-24,2024-11-24,8,7.0,2.5,23.0,2,True
3136405,Joaquim Felício,31,Minas Gerais,Sudeste,418,8,76,0.18181818181818182,5,2019-01-27,2024-12-15,7,10.857142857142858,8.0,26.0,2,True
3136504,Jordânia,31,Minas Gerais,Sudeste,418,8,75,0.17942583732057416,7,2019-05-12,2025-11-23,10,7.5,4.5,24.0,1,True
3136520,José Gonçalves de Minas,31,Minas Gerais,Sudeste,418,8,68,0.16267942583732056,7,2019-03-24,2025-08-31,10,6.8,4.0,16.0,0,True
3136553,José Raydan,31,Minas Gerais,Sudeste,418,8,92,0.22009569377990432,6,2019-04-21,2025-12-28,21,4.380952380952381,4.0,18.0,0,True
3136579,Josenópolis,31,Minas Gerais,Sudeste,418,8,78,0.18660287081339713,5,2019-03-31,2025-11-09,6,13.0,11.5,23.0,1,True
3136603,Nova União,31,Minas Gerais,Sudeste,418,8,46,0.11004784688995216,6,2018-11-11,2024-03-24,9,5.111111111111111,4.0,12.0,0,True
3136652,Juatuba,31,Minas Gerais,Sudeste,418,8,98,0.23444976076555024,8,2018-09-16,2025-11-02,11,8.909090909090908,6.0,40.0,1,True
3136702,Juiz de Fora,31,Minas Gerais,Sudeste,418,8,88,0.21052631578947367,4,2019-05-26,2025-12-21,6,14.666666666666666,14.0,37.0,1,True
3136801,Juramento,31,Minas Gerais,Sudeste,418,8,69,0.16507177033492823,6,2018-12-09,2025-09-21,7,9.857142857142858,4.0,30.0,1,True
3136900,Juruaia,31,Minas Gerais,Sudeste,418,8,57,0.13636363636363635,4,2019-05-05,2024-12-08,8,7.125,4.0,29.0,0,True
3136959,Juvenília,31,Minas Gerais,Sudeste,418,8,85,0.20334928229665072,7,2018-05-13,2024-05-12,14,6.071428571428571,5.0,13.0,1,True
3137007,Ladainha,31,Minas Gerais,Sudeste,418,8,75,0.17942583732057416,5,2019-06-16,2025-12-28,10,7.5,6.0,22.0,0,True
3137106,Lagamar,31,Minas Gerais,Sudeste,418,8,98,0.23444976076555024,8,2018-10-07,2024-12-29,13,7.538461538461538,4.0,22.0,2,True
3137205,Lagoa da Prata,31,Minas Gerais,Sudeste,418,8,139,0.33253588516746413,6,2018-03-18,2025-12-14,12,11.583333333333334,7.0,43.0,2,True
3137304,Lagoa dos Patos,31,Minas Gerais,Sudeste,418,8,68,0.16267942583732056,5,2019-05-05,2025-12-28,11,6.181818181818182,4.0,18.0,0,True
3137403,Lagoa Dourada,31,Minas Gerais,Sudeste,418,8,51,0.12200956937799043,4,2019-03-31,2024-11-10,8,6.375,4.0,21.0,0,True
3137502,Lagoa Formosa,31,Minas Gerais,Sudeste,418,8,88,0.21052631578947367,6,2019-02-10,2025-10-12,14,6.285714285714286,4.0,29.0,1,True
3137536,Lagoa Grande,31,Minas Gerais,Sudeste,418,8,94,0.22488038277511962,5,2018-04-15,2023-12-24,10,9.4,3.5,51.0,0,True
3137601,Lagoa Santa,31,Minas Gerais,Sudeste,418,8,119,0.284688995215311,6,2018-10-28,2024-12-22,16,7.4375,3.0,29.0,1,True
3137700,Lajinha,31,Minas Gerais,Sudeste,418,8,67,0.16028708133971292,5,2018-10-14,2024-12-08,11,6.090909090909091,4.0,15.0,0,True
3137809,Lambari,31,Minas Gerais,Sudeste,418,8,66,0.15789473684210525,5,2018-03-04,2024-12-22,9,7.333333333333333,4.0,35.0,1,True
3137908,Lamim,31,Minas Gerais,Sudeste,418,8,106,0.2535885167464115,7,2018-04-15,2025-09-28,17,6.235294117647059,4.0,28.0,2,True
3138005,Laranjal,31,Minas Gerais,Sudeste,418,8,58,0.13875598086124402,6,2019-05-05,2025-11-23,8,7.25,5.5,24.0,0,True
3138104,Lassance,31,Minas Gerais,Sudeste,418,8,117,0.2799043062200957,7,2018-06-17,2025-02-09,19,6.157894736842105,4.0,29.0,0,True
3138203,Lavras,31,Minas Gerais,Sudeste,418,8,137,0.3277511961722488,6,2018-12-02,2025-11-30,13,10.538461538461538,5.0,56.0,2,True
3138302,Leandro Ferreira,31,Minas Gerais,Sudeste,418,8,64,0.15311004784688995,5,2019-02-03,2025-12-28,11,5.818181818181818,4.0,15.0,0,True
3138351,Leme do Prado,31,Minas Gerais,Sudeste,418,8,70,0.1674641148325359,5,2019-04-28,2025-11-09,10,7.0,3.5,24.0,1,True
3138401,Leopoldina,31,Minas Gerais,Sudeste,418,8,71,0.16985645933014354,6,2018-07-15,2025-09-14,8,8.875,4.0,30.0,1,True
3138500,Liberdade,31,Minas Gerais,Sudeste,418,8,37,0.08851674641148326,3,2022-05-29,2024-12-29,4,9.25,4.5,24.0,1,True
3138609,Lima Duarte,31,Minas Gerais,Sudeste,418,8,70,0.1674641148325359,5,2018-11-18,2024-12-15,7,10.0,5.0,35.0,0,True
3138625,Limeira do Oeste,31,Minas Gerais,Sudeste,418,8,123,0.2942583732057416,7,2018-05-20,2025-11-09,16,7.6875,5.0,21.0,1,True
3138658,Lontra,31,Minas Gerais,Sudeste,418,8,134,0.32057416267942584,6,2018-01-07,2024-12-15,16,8.375,7.0,27.0,3,True
3138674,Luisburgo,31,Minas Gerais,Sudeste,418,8,53,0.12679425837320574,4,2022-05-22,2025-01-19,9,5.888888888888889,4.0,22.0,0,True
3138682,Luislândia,31,Minas Gerais,Sudeste,418,8,122,0.291866028708134,5,2019-03-24,2025-12-28,12,10.166666666666666,9.0,28.0,2,True
3138708,Luminárias,31,Minas Gerais,Sudeste,418,8,40,0.09569377990430622,4,2019-05-19,2025-08-10,6,6.666666666666667,3.0,27.0,0,True
3138807,Luz,31,Minas Gerais,Sudeste,418,8,111,0.26555023923444976,6,2019-04-14,2024-12-22,13,8.538461538461538,6.0,25.0,1,True
3138906,Machacalis,31,Minas Gerais,Sudeste,418,8,81,0.1937799043062201,4,2019-05-12,2024-05-26,7,11.571428571428571,5.0,26.0,1,True
3139003,Machado,31,Minas Gerais,Sudeste,418,8,101,0.24162679425837322,6,2019-12-15,2024-12-29,12,8.416666666666666,4.0,53.0,2,True
3139102,Madre de Deus de Minas,31,Minas Gerais,Sudeste,418,8,58,0.13875598086124402,6,2019-05-12,2025-01-19,7,8.285714285714286,4.0,28.0,0,True
3139201,Malacacheta,31,Minas Gerais,Sudeste,418,8,100,0.23923444976076555,6,2019-05-19,2024-06-02,12,8.333333333333334,5.0,25.0,1,True
3139250,Mamonas,31,Minas Gerais,Sudeste,418,8,80,0.19138755980861244,5,2018-06-24,2025-11-30,6,13.333333333333334,12.0,27.0,0,True
3139300,Manga,31,Minas Gerais,Sudeste,418,8,97,0.23205741626794257,6,2018-05-13,2024-12-22,13,7.461538461538462,5.0,22.0,1,True
3139409,Manhuaçu,31,Minas Gerais,Sudeste,418,8,80,0.19138755980861244,4,2019-07-07,2024-12-15,13,6.153846153846154,3.0,31.0,1,True
3139508,Manhumirim,31,Minas Gerais,Sudeste,418,8,95,0.22727272727272727,5,2019-06-09,2024-12-15,7,13.571428571428571,8.0,58.0,1,True
3139607,Mantena,31,Minas Gerais,Sudeste,418,8,98,0.23444976076555024,6,2018-07-01,2024-03-31,11,8.909090909090908,4.0,29.0,2,True
3139706,Maravilhas,31,Minas Gerais,Sudeste,418,8,57,0.13636363636363635,6,2018-06-24,2025-08-03,8,7.125,4.0,26.0,2,True
3139805,Mar de Espanha,31,Minas Gerais,Sudeste,418,8,34,0.08133971291866028,4,2019-05-26,2025-08-31,5,6.8,3.0,19.0,1,True
3139904,Maria da Fé,31,Minas Gerais,Sudeste,418,8,80,0.19138755980861244,6,2018-04-08,2025-09-14,12,6.666666666666667,4.0,26.0,1,True
3140001,Mariana,31,Minas Gerais,Sudeste,418,8,124,0.2966507177033493,5,2018-08-12,2025-09-21,10,12.4,8.0,39.0,1,True
3140100,Marilac,31,Minas Gerais,Sudeste,418,8,74,0.17703349282296652,6,2018-01-07,2025-08-17,14,5.285714285714286,4.5,18.0,1,True
3140159,Mário Campos,31,Minas Gerais,Sudeste,418,8,92,0.22009569377990432,6,2018-12-30,2025-11-16,11,8.363636363636363,4.0,27.0,1,True
3140209,Maripá de Minas,31,Minas Gerais,Sudeste,418,8,76,0.18181818181818182,5,2017-12-31,2025-08-17,11,6.909090909090909,4.0,22.0,1,True
3140308,Marliéria,31,Minas Gerais,Sudeste,418,8,77,0.18421052631578946,7,2018-03-04,2024-03-10,11,7.0,4.0,35.0,1,True
3140407,Marmelópolis,31,Minas Gerais,Sudeste,418,8,24,0.05741626794258373,4,2020-02-02,2025-08-24,5,4.8,4.0,8.0,0,True
3140506,Martinho Campos,31,Minas Gerais,Sudeste,418,8,106,0.2535885167464115,6,2018-10-14,2025-12-28,10,10.6,6.0,39.0,1,True
3140530,Martins Soares,31,Minas Gerais,Sudeste,418,8,66,0.15789473684210525,4,2019-03-31,2025-12-14,6,11.0,9.5,25.0,0,True
3140555,Mata Verde,31,Minas Gerais,Sudeste,418,8,67,0.16028708133971292,5,2018-09-09,2024-12-08,10,6.7,4.0,26.0,0,True
3140605,Materlândia,31,Minas Gerais,Sudeste,418,8,114,0.2727272727272727,7,2018-07-08,2025-11-30,14,8.142857142857142,4.0,28.0,0,True
3140704,Mateus Leme,31,Minas Gerais,Sudeste,418,8,21,0.050239234449760764,3,2019-06-16,2024-03-10,3,7.0,3.0,17.0,1,True
3140803,Matias Barbosa,31,Minas Gerais,Sudeste,418,8,112,0.2679425837320574,7,2019-06-16,2025-11-09,15,7.466666666666667,4.0,33.0,1,True
3140852,Matias Cardoso,31,Minas Gerais,Sudeste,418,8,94,0.22488038277511962,7,2018-08-05,2024-03-31,9,10.444444444444445,10.0,26.0,2,True
3140902,Matipó,31,Minas Gerais,Sudeste,418,8,68,0.16267942583732056,5,2019-05-12,2025-11-02,11,6.181818181818182,4.0,20.0,1,True
3141009,Mato Verde,31,Minas Gerais,Sudeste,418,8,64,0.15311004784688995,5,2018-04-15,2025-10-05,8,8.0,7.0,15.0,0,True
3141108,Matozinhos,31,Minas Gerais,Sudeste,418,8,102,0.24401913875598086,7,2018-06-17,2025-11-02,13,7.846153846153846,4.0,24.0,1,True
3141207,Matutina,31,Minas Gerais,Sudeste,418,8,49,0.11722488038277512,6,2018-12-23,2024-08-25,9,5.444444444444445,4.0,25.0,1,True
3141306,Medeiros,31,Minas Gerais,Sudeste,418,8,71,0.16985645933014354,5,2018-12-23,2025-11-23,8,8.875,5.0,28.0,1,True
3141405,Medina,31,Minas Gerais,Sudeste,418,8,44,0.10526315789473684,7,2019-11-24,2025-07-13,10,4.4,4.0,8.0,0,True
3141504,Mendes Pimentel,31,Minas Gerais,Sudeste,418,8,61,0.145933014354067,5,2019-04-21,2024-05-19,11,5.545454545454546,4.0,19.0,0,True
3141603,Mercês,31,Minas Gerais,Sudeste,418,8,84,0.20095693779904306,4,2019-04-14,2025-12-28,9,9.333333333333334,6.0,24.0,0,True
3141702,Mesquita,31,Minas Gerais,Sudeste,418,8,95,0.22727272727272727,8,2018-06-17,2025-10-26,14,6.785714285714286,4.5,33.0,1,True
3141801,Minas Novas,31,Minas Gerais,Sudeste,418,8,99,0.23684210526315788,8,2018-07-15,2025-09-21,16,6.1875,4.5,34.0,1,True
3141900,Minduri,31,Minas Gerais,Sudeste,418,8,43,0.10287081339712918,2,2023-04-30,2024-12-15,4,10.75,5.5,28.0,0,True
3142007,Mirabela,31,Minas Gerais,Sudeste,418,8,65,0.15550239234449761,5,2017-12-31,2024-03-10,7,9.285714285714286,4.0,33.0,1,True
3142106,Miradouro,31,Minas Gerais,Sudeste,418,8,104,0.24880382775119617,7,2018-06-10,2025-11-16,16,6.5,4.0,22.0,1,True
3142205,Miraí,31,Minas Gerais,Sudeste,418,8,108,0.2583732057416268,7,2018-06-03,2025-09-21,21,5.142857142857143,4.0,22.0,1,True
3142254,Miravânia,31,Minas Gerais,Sudeste,418,8,76,0.18181818181818182,7,2018-06-03,2025-12-07,11,6.909090909090909,5.0,19.0,0,True
3142304,Moeda,31,Minas Gerais,Sudeste,418,8,67,0.16028708133971292,6,2019-07-07,2025-08-17,13,5.153846153846154,4.0,19.0,0,True
3142403,Moema,31,Minas Gerais,Sudeste,418,8,82,0.19617224880382775,6,2017-12-31,2025-12-14,16,5.125,4.0,25.0,0,True
3142502,Monjolos,31,Minas Gerais,Sudeste,418,8,53,0.12679425837320574,5,2018-07-08,2025-10-12,8,6.625,4.0,17.0,0,True
3142601,Monsenhor Paulo,31,Minas Gerais,Sudeste,418,8,61,0.145933014354067,5,2019-08-04,2025-12-28,10,6.1,4.0,22.0,1,True
3142700,Montalvânia,31,Minas Gerais,Sudeste,418,8,42,0.10047846889952153,4,2018-04-29,2024-12-22,6,7.0,4.5,16.0,0,True
3142809,Monte Alegre de Minas,31,Minas Gerais,Sudeste,418,8,87,0.20813397129186603,8,2018-09-09,2025-11-09,16,5.4375,4.0,16.0,0,True
3142908,Monte Azul,31,Minas Gerais,Sudeste,418,8,128,0.3062200956937799,6,2018-06-03,2025-12-14,20,6.4,4.5,25.0,1,True
3143005,Monte Belo,31,Minas Gerais,Sudeste,418,8,98,0.23444976076555024,8,2017-12-31,2025-10-26,14,7.0,4.5,28.0,1,True
3143104,Monte Carmelo,31,Minas Gerais,Sudeste,418,8,82,0.19617224880382775,6,2018-08-12,2025-08-17,13,6.3076923076923075,4.0,22.0,0,True
3143153,Monte Formoso,31,Minas Gerais,Sudeste,418,8,47,0.11244019138755981,3,2020-02-23,2024-06-16,6,7.833333333333333,6.5,15.0,0,True
3143203,Monte Santo de Minas,31,Minas Gerais,Sudeste,418,8,114,0.2727272727272727,8,2018-10-07,2025-10-12,15,7.6,4.0,58.0,2,True
3143302,Montes Claros,31,Minas Gerais,Sudeste,418,8,124,0.2966507177033493,6,2018-05-13,2025-10-26,9,13.777777777777779,12.0,39.0,2,True
3143401,Monte Sião,31,Minas Gerais,Sudeste,418,8,115,0.2751196172248804,7,2018-01-21,2025-11-23,13,8.846153846153847,4.0,32.0,0,True
3143450,Montezuma,31,Minas Gerais,Sudeste,418,8,46,0.11004784688995216,5,2019-03-17,2024-04-07,6,7.666666666666667,4.0,16.0,1,True
3143500,Morada Nova de Minas,31,Minas Gerais,Sudeste,418,8,81,0.1937799043062201,6,2018-04-29,2024-05-05,11,7.363636363636363,5.0,17.0,2,True
3143609,Morro da Garça,31,Minas Gerais,Sudeste,418,8,53,0.12679425837320574,3,2019-05-05,2024-12-22,5,10.6,14.0,18.0,1,True
3143708,Morro do Pilar,31,Minas Gerais,Sudeste,418,8,72,0.1722488038277512,6,2018-05-06,2025-12-28,9,8.0,6.0,21.0,1,True
3143807,Munhoz,31,Minas Gerais,Sudeste,418,8,30,0.07177033492822966,3,2023-05-14,2025-03-02,5,6.0,4.0,17.0,1,True
3143906,Muriaé,31,Minas Gerais,Sudeste,418,8,97,0.23205741626794257,6,2018-07-08,2025-11-02,9,10.777777777777779,7.0,24.0,1,True
3144003,Mutum,31,Minas Gerais,Sudeste,418,8,64,0.15311004784688995,6,2018-11-11,2024-11-03,17,3.764705882352941,4.0,9.0,1,True
3144102,Muzambinho,31,Minas Gerais,Sudeste,418,8,93,0.22248803827751196,5,2019-01-20,2024-12-22,11,8.454545454545455,5.0,43.0,1,True
3144201,Nacip Raydan,31,Minas Gerais,Sudeste,418,8,56,0.1339712918660287,4,2020-04-12,2025-10-12,7,8.0,5.0,20.0,1,True
3144300,Nanuque,31,Minas Gerais,Sudeste,418,8,136,0.3253588516746411,7,2018-07-29,2024-10-27,10,13.6,14.0,33.0,1,True
3144359,Naque,31,Minas Gerais,Sudeste,418,8,135,0.3229665071770335,6,2017-12-31,2024-09-22,13,10.384615384615385,6.0,54.0,2,True
3144375,Natalândia,31,Minas Gerais,Sudeste,418,8,111,0.26555023923444976,6,2019-05-19,2024-08-25,13,8.538461538461538,4.0,32.0,1,True
3144409,Natércia,31,Minas Gerais,Sudeste,418,8,41,0.09808612440191387,4,2019-05-19,2025-08-24,5,8.2,4.0,25.0,0,True
3144508,Nazareno,31,Minas Gerais,Sudeste,418,8,64,0.15311004784688995,5,2019-03-24,2025-06-01,10,6.4,3.0,28.0,1,True
3144607,Nepomuceno,31,Minas Gerais,Sudeste,418,8,133,0.3181818181818182,7,2018-08-05,2025-12-14,13,10.23076923076923,4.0,34.0,1,True
3144656,Ninheira,31,Minas Gerais,Sudeste,418,8,53,0.12679425837320574,5,2019-06-23,2025-03-02,8,6.625,4.0,26.0,0,True
3144672,Nova Belém,31,Minas Gerais,Sudeste,418,8,63,0.1507177033492823,6,2018-12-09,2024-04-14,8,7.875,5.5,18.0,2,True
3144706,Nova Era,31,Minas Gerais,Sudeste,418,8,73,0.17464114832535885,6,2018-09-16,2024-05-19,11,6.636363636363637,5.0,27.0,1,True
3144805,Nova Lima,31,Minas Gerais,Sudeste,418,8,86,0.20574162679425836,5,2018-09-09,2024-12-22,9,9.555555555555555,4.0,36.0,1,True
3144904,Nova Módica,31,Minas Gerais,Sudeste,418,8,100,0.23923444976076555,6,2019-05-12,2024-04-14,14,7.142857142857143,4.5,22.0,1,True
3145000,Nova Ponte,31,Minas Gerais,Sudeste,418,8,75,0.17942583732057416,7,2018-07-08,2025-03-09,11,6.818181818181818,4.0,24.0,1,True
3145059,Nova Porteirinha,31,Minas Gerais,Sudeste,418,8,99,0.23684210526315788,7,2018-04-08,2025-11-23,13,7.615384615384615,8.0,15.0,1,True
3145109,Nova Resende,31,Minas Gerais,Sudeste,418,8,96,0.22966507177033493,6,2019-05-12,2025-12-14,15,6.4,4.0,23.0,0,True
3145208,Nova Serrana,31,Minas Gerais,Sudeste,418,8,133,0.3181818181818182,7,2018-08-12,2025-12-07,12,11.083333333333334,7.0,31.0,1,True
3145307,Novo Cruzeiro,31,Minas Gerais,Sudeste,418,8,99,0.23684210526315788,5,2019-06-16,2024-10-06,6,16.5,5.5,75.0,1,True
3145356,Novo Oriente de Minas,31,Minas Gerais,Sudeste,418,8,97,0.23205741626794257,5,2019-06-02,2024-03-24,11,8.818181818181818,5.0,20.0,2,True
3145372,Novorizonte,31,Minas Gerais,Sudeste,418,8,76,0.18181818181818182,5,2019-04-07,2025-02-09,8,9.5,7.0,26.0,1,True
3145406,Olaria,31,Minas Gerais,Sudeste,418,8,50,0.11961722488038277,4,2019-02-03,2025-12-28,6,8.333333333333334,4.5,26.0,0,True
3145455,Olhos-d'Água,31,Minas Gerais,Sudeste,418,8,63,0.1507177033492823,4,2018-08-12,2024-12-22,6,10.5,3.5,34.0,1,True
3145505,Olímpio Noronha,31,Minas Gerais,Sudeste,418,8,31,0.07416267942583732,3,2020-04-26,2025-02-16,3,10.333333333333334,4.0,25.0,0,True
3145604,Oliveira,31,Minas Gerais,Sudeste,418,8,100,0.23923444976076555,5,2018-07-29,2025-12-14,12,8.333333333333334,6.0,32.0,1,True
3145703,Oliveira Fortes,31,Minas Gerais,Sudeste,418,8,66,0.15789473684210525,4,2022-05-22,2025-12-21,7,9.428571428571429,6.0,29.0,0,True
3145802,Onça de Pitangui,31,Minas Gerais,Sudeste,418,8,88,0.21052631578947367,7,2019-04-28,2025-11-23,13,6.769230769230769,4.0,27.0,1,True
3145851,Oratórios,31,Minas Gerais,Sudeste,418,8,47,0.11244019138755981,6,2019-05-26,2025-12-28,7,6.714285714285714,2.0,22.0,0,True
3145877,Orizânia,31,Minas Gerais,Sudeste,418,8,54,0.1291866028708134,4,2019-05-12,2025-12-28,4,13.5,13.0,25.0,0,True
3145901,Ouro Branco,31,Minas Gerais,Sudeste,418,8,129,0.30861244019138756,6,2018-08-05,2025-10-26,12,10.75,4.0,67.0,1,True
3146008,Ouro Fino,31,Minas Gerais,Sudeste,418,8,102,0.24401913875598086,7,2018-08-19,2025-11-02,13,7.846153846153846,4.0,33.0,1,True
3146107,Ouro Preto,31,Minas Gerais,Sudeste,418,8,106,0.2535885167464115,6,2018-09-02,2025-10-05,13,8.153846153846153,4.0,42.0,1,True
3146206,Ouro Verde de Minas,31,Minas Gerais,Sudeste,418,8,76,0.18181818181818182,7,2018-09-23,2025-12-28,15,5.066666666666666,4.0,14.0,0,True
3146255,Padre Carvalho,31,Minas Gerais,Sudeste,418,8,88,0.21052631578947367,7,2018-08-12,2025-12-14,14,6.285714285714286,4.0,19.0,1,True
3146305,Padre Paraíso,31,Minas Gerais,Sudeste,418,8,78,0.18660287081339713,7,2018-11-04,2025-12-28,13,6.0,3.0,21.0,0,True
3146404,Paineiras,31,Minas Gerais,Sudeste,418,8,120,0.28708133971291866,7,2018-09-23,2025-12-21,17,7.0588235294117645,4.0,20.0,2,True
3146503,Pains,31,Minas Gerais,Sudeste,418,8,135,0.3229665071770335,7,2018-10-07,2025-11-30,15,9.0,5.0,35.0,1,True
3146552,Pai Pedro,31,Minas Gerais,Sudeste,418,8,151,0.361244019138756,8,2018-04-29,2025-12-28,14,10.785714285714286,6.0,24.0,1,True
3146602,Paiva,31,Minas Gerais,Sudeste,418,8,63,0.1507177033492823,5,2019-07-21,2025-09-21,9,7.0,4.0,28.0,0,True
3146701,Palma,31,Minas Gerais,Sudeste,418,8,118,0.2822966507177033,8,2018-09-02,2025-11-30,12,9.833333333333334,5.5,32.0,1,True
3146750,Palmópolis,31,Minas Gerais,Sudeste,418,8,58,0.13875598086124402,4,2020-01-12,2025-10-19,5,11.6,10.0,21.0,0,True
3146909,Papagaios,31,Minas Gerais,Sudeste,418,8,63,0.1507177033492823,5,2019-05-19,2024-03-24,7,9.0,6.0,19.0,1,True
3147006,Paracatu,31,Minas Gerais,Sudeste,418,8,77,0.18421052631578946,6,2018-07-15,2024-06-02,8,9.625,7.0,25.0,2,True
3147105,Pará de Minas,31,Minas Gerais,Sudeste,418,8,45,0.1076555023923445,4,2019-05-12,2024-10-13,7,6.428571428571429,6.0,11.0,1,True
3147204,Paraguaçu,31,Minas Gerais,Sudeste,418,8,115,0.2751196172248804,8,2018-12-02,2025-11-30,16,7.1875,4.5,28.0,1,True
3147303,Paraisópolis,31,Minas Gerais,Sudeste,418,8,92,0.22009569377990432,7,2018-10-14,2025-12-28,17,5.411764705882353,4.0,24.0,0,True
3147402,Paraopeba,31,Minas Gerais,Sudeste,418,8,67,0.16028708133971292,6,2018-09-02,2024-03-17,8,8.375,7.0,28.0,1,True
3147501,Passabém,31,Minas Gerais,Sudeste,418,8,83,0.19856459330143542,6,2018-11-25,2025-11-23,9,9.222222222222221,4.0,25.0,0,True
3147600,Passa Quatro,31,Minas Gerais,Sudeste,418,8,69,0.16507177033492823,7,2018-11-04,2025-12-28,14,4.928571428571429,4.0,32.0,0,True
3147709,Passa Tempo,31,Minas Gerais,Sudeste,418,8,77,0.18421052631578946,5,2019-06-02,2025-12-21,13,5.923076923076923,4.0,23.0,0,True
3147808,Passa Vinte,31,Minas Gerais,Sudeste,418,8,91,0.21770334928229665,6,2019-05-12,2025-12-28,15,6.066666666666666,4.0,18.0,2,True
3147907,Passos,31,Minas Gerais,Sudeste,418,8,162,0.3875598086124402,5,2018-09-30,2024-09-22,6,27.0,19.5,62.0,2,True
3147956,Patis,31,Minas Gerais,Sudeste,418,8,69,0.16507177033492823,5,2018-11-25,2024-08-11,10,6.9,6.0,18.0,0,True
3148004,Patos de Minas,31,Minas Gerais,Sudeste,418,8,117,0.2799043062200957,6,2018-09-23,2024-12-15,15,7.8,3.0,30.0,2,True
3148103,Patrocínio,31,Minas Gerais,Sudeste,418,8,99,0.23684210526315788,6,2018-08-05,2025-12-14,7,14.142857142857142,10.0,34.0,1,True
3148202,Patrocínio do Muriaé,31,Minas Gerais,Sudeste,418,8,50,0.11961722488038277,5,2019-05-05,2025-07-13,5,10.0,7.0,18.0,1,True
3148301,Paula Cândido,31,Minas Gerais,Sudeste,418,8,61,0.145933014354067,4,2019-06-16,2025-12-28,9,6.777777777777778,4.0,27.0,1,True
3148400,Paulistas,31,Minas Gerais,Sudeste,418,8,60,0.14354066985645933,4,2019-05-12,2025-09-21,7,8.571428571428571,4.0,21.0,0,True
3148509,Pavão,31,Minas Gerais,Sudeste,418,8,103,0.24641148325358853,6,2020-01-12,2025-12-14,18,5.722222222222222,2.5,31.0,1,True
3148608,Peçanha,31,Minas Gerais,Sudeste,418,8,118,0.2822966507177033,7,2019-03-31,2025-12-28,15,7.866666666666666,5.0,27.0,0,True
3148707,Pedra Azul,31,Minas Gerais,Sudeste,418,8,16,0.03827751196172249,3,2018-09-30,2024-09-29,4,4.0,3.0,8.0,0,True
3148756,Pedra Bonita,31,Minas Gerais,Sudeste,418,8,33,0.07894736842105263,2,2023-03-12,2024-06-30,2,16.5,16.5,24.0,0,True
3148806,Pedra do Anta,31,Minas Gerais,Sudeste,418,8,59,0.14114832535885166,5,2019-06-16,2025-11-30,6,9.833333333333334,4.0,23.0,1,True
3148905,Pedra do Indaiá,31,Minas Gerais,Sudeste,418,8,74,0.17703349282296652,6,2018-12-09,2025-12-21,9,8.222222222222221,4.0,23.0,0,True
3149002,Pedra Dourada,31,Minas Gerais,Sudeste,418,8,53,0.12679425837320574,4,2022-10-16,2025-06-01,11,4.818181818181818,4.0,18.0,0,True
3149101,Pedralva,31,Minas Gerais,Sudeste,418,8,59,0.14114832535885166,5,2019-01-06,2025-06-01,12,4.916666666666667,4.0,21.0,0,True
3149150,Pedras de Maria da Cruz,31,Minas Gerais,Sudeste,418,8,82,0.19617224880382775,6,2019-04-14,2025-10-19,12,6.833333333333333,5.5,15.0,1,True
3149200,Pedrinópolis,31,Minas Gerais,Sudeste,418,8,88,0.21052631578947367,7,2019-04-07,2025-12-28,19,4.631578947368421,4.0,19.0,1,True
3149309,Pedro Leopoldo,31,Minas Gerais,Sudeste,418,8,123,0.2942583732057416,6,2018-12-23,2024-12-22,10,12.3,10.0,32.0,2,True
3149408,Pedro Teixeira,31,Minas Gerais,Sudeste,418,8,44,0.10526315789473684,4,2018-12-23,2024-12-22,5,8.8,4.0,28.0,1,True
3149507,Pequeri,31,Minas Gerais,Sudeste,418,8,80,0.19138755980861244,6,2018-01-07,2025-01-26,11,7.2727272727272725,7.0,16.0,0,True
3149606,Pequi,31,Minas Gerais,Sudeste,418,8,78,0.18660287081339713,7,2018-07-15,2024-10-20,10,7.8,4.5,30.0,1,True
3149705,Perdigão,31,Minas Gerais,Sudeste,418,8,69,0.16507177033492823,6,2018-11-25,2025-11-16,9,7.666666666666667,5.0,28.0,1,True
3149804,Perdizes,31,Minas Gerais,Sudeste,418,8,104,0.24880382775119617,6,2019-07-21,2025-12-07,11,9.454545454545455,6.0,34.0,1,True
3149903,Perdões,31,Minas Gerais,Sudeste,418,8,89,0.21291866028708134,6,2018-08-05,2024-12-15,12,7.416666666666667,4.0,29.0,0,True
3149952,Periquito,31,Minas Gerais,Sudeste,418,8,79,0.18899521531100477,6,2019-06-02,2025-10-19,17,4.647058823529412,5.0,11.0,0,True
3150000,Pescador,31,Minas Gerais,Sudeste,418,8,90,0.215311004784689,7,2018-10-28,2024-11-10,14,6.428571428571429,4.5,16.0,0,True
3150109,Piau,31,Minas Gerais,Sudeste,418,8,80,0.19138755980861244,6,2017-12-31,2025-11-09,13,6.153846153846154,4.0,18.0,1,True
3150158,Piedade de Caratinga,31,Minas Gerais,Sudeste,418,8,83,0.19856459330143542,6,2018-08-19,2025-12-28,10,8.3,3.5,30.0,0,True
3150208,Piedade de Ponte Nova,31,Minas Gerais,Sudeste,418,8,78,0.18660287081339713,6,2018-04-29,2025-12-14,9,8.666666666666666,8.0,18.0,0,True
3150307,Piedade do Rio Grande,31,Minas Gerais,Sudeste,418,8,57,0.13636363636363635,4,2020-05-31,2025-02-09,6,9.5,4.0,26.0,1,True
3150406,Piedade dos Gerais,31,Minas Gerais,Sudeste,418,8,43,0.10287081339712918,5,2020-01-05,2025-11-30,7,6.142857142857143,4.0,17.0,1,True
3150505,Pimenta,31,Minas Gerais,Sudeste,418,8,121,0.2894736842105263,6,2017-12-31,2024-04-28,14,8.642857142857142,4.0,34.0,1,True
3150539,Pingo-d'Água,31,Minas Gerais,Sudeste,418,8,81,0.1937799043062201,6,2019-07-14,2024-03-10,9,9.0,5.0,24.0,1,True
3150570,Pintópolis,31,Minas Gerais,Sudeste,418,8,47,0.11244019138755981,5,2018-12-30,2025-10-26,7,6.714285714285714,4.0,17.0,0,True
3150604,Piracema,31,Minas Gerais,Sudeste,418,8,96,0.22966507177033493,6,2018-12-02,2025-12-21,9,10.666666666666666,9.0,30.0,1,True
3150703,Pirajuba,31,Minas Gerais,Sudeste,418,8,68,0.16267942583732056,5,2018-11-18,2025-09-21,11,6.181818181818182,4.0,20.0,1,True
3150802,Piranga,31,Minas Gerais,Sudeste,418,8,85,0.20334928229665072,6,2018-07-22,2025-12-28,13,6.538461538461538,4.0,38.0,0,True
3150901,Piranguçu,31,Minas Gerais,Sudeste,418,8,57,0.13636363636363635,5,2018-11-18,2024-12-08,10,5.7,4.0,26.0,0,True
3151008,Piranguinho,31,Minas Gerais,Sudeste,418,8,103,0.24641148325358853,6,2019-01-13,2025-12-07,19,5.421052631578948,4.0,26.0,1,True
3151107,Pirapetinga,31,Minas Gerais,Sudeste,418,8,70,0.1674641148325359,5,2019-07-28,2024-11-24,10,7.0,4.0,28.0,0,True
3151206,Pirapora,31,Minas Gerais,Sudeste,418,8,111,0.26555023923444976,7,2018-07-08,2024-04-07,13,8.538461538461538,4.0,42.0,2,True
3151305,Piraúba,31,Minas Gerais,Sudeste,418,8,75,0.17942583732057416,6,2018-03-25,2025-02-23,12,6.25,5.5,14.0,0,True
3151404,Pitangui,31,Minas Gerais,Sudeste,418,8,123,0.2942583732057416,6,2019-04-28,2025-09-21,16,7.6875,3.5,27.0,1,True
3151503,Piumhi,31,Minas Gerais,Sudeste,418,8,134,0.32057416267942584,7,2018-09-30,2024-04-14,11,12.181818181818182,10.0,34.0,1,True
3151602,Planura,31,Minas Gerais,Sudeste,418,8,165,0.39473684210526316,7,2018-04-08,2025-11-02,16,10.3125,6.0,37.0,4,True
3151701,Poço Fundo,31,Minas Gerais,Sudeste,418,8,76,0.18181818181818182,6,2019-06-16,2025-12-28,12,6.333333333333333,3.5,34.0,0,True
3151800,Poços de Caldas,31,Minas Gerais,Sudeste,418,8,113,0.2703349282296651,7,2018-05-27,2025-12-28,18,6.277777777777778,2.5,39.0,1,True
3151909,Pocrane,31,Minas Gerais,Sudeste,418,8,53,0.12679425837320574,4,2019-01-20,2024-04-21,4,13.25,11.0,27.0,0,True
3152006,Pompéu,31,Minas Gerais,Sudeste,418,8,61,0.145933014354067,4,2019-04-21,2025-12-28,7,8.714285714285714,5.0,26.0,0,True
3152105,Ponte Nova,31,Minas Gerais,Sudeste,418,8,186,0.4449760765550239,7,2019-05-12,2025-12-14,11,16.90909090909091,7.0,68.0,3,True
3152131,Ponto Chique,31,Minas Gerais,Sudeste,418,8,91,0.21770334928229665,6,2018-04-29,2024-04-28,10,9.1,5.0,38.0,1,True
3152170,Ponto dos Volantes,31,Minas Gerais,Sudeste,418,8,67,0.16028708133971292,8,2018-01-07,2025-08-10,11,6.090909090909091,4.0,26.0,1,True
3152204,Porteirinha,31,Minas Gerais,Sudeste,418,8,56,0.1339712918660287,6,2018-08-05,2025-10-19,9,6.222222222222222,4.0,26.0,0,True
3152303,Porto Firme,31,Minas Gerais,Sudeste,418,8,92,0.22009569377990432,6,2018-09-23,2025-12-28,14,6.571428571428571,4.0,24.0,0,True
3152402,Poté,31,Minas Gerais,Sudeste,418,8,109,0.2607655502392344,7,2019-06-02,2025-11-30,21,5.190476190476191,3.0,20.0,0,True
3152501,Pouso Alegre,31,Minas Gerais,Sudeste,418,8,126,0.3014354066985646,6,2018-11-04,2025-12-14,14,9.0,6.0,43.0,1,True
3152600,Pouso Alto,31,Minas Gerais,Sudeste,418,8,57,0.13636363636363635,6,2018-11-18,2025-11-16,9,6.333333333333333,2.0,32.0,1,True
3152709,Prados,31,Minas Gerais,Sudeste,418,8,56,0.1339712918660287,5,2019-06-16,2024-09-01,8,7.0,5.5,22.0,0,True
3152808,Prata,31,Minas Gerais,Sudeste,418,8,139,0.33253588516746413,7,2018-08-19,2025-12-07,16,8.6875,5.0,35.0,1,True
3152907,Pratápolis,31,Minas Gerais,Sudeste,418,8,101,0.24162679425837322,6,2019-05-12,2024-12-15,11,9.181818181818182,8.0,22.0,2,True
3153004,Pratinha,31,Minas Gerais,Sudeste,418,8,67,0.16028708133971292,6,2019-05-26,2025-09-21,12,5.583333333333333,4.0,27.0,0,True
3153103,Presidente Bernardes,31,Minas Gerais,Sudeste,418,8,60,0.14354066985645933,6,2017-12-31,2025-12-07,10,6.0,4.0,21.0,1,True
3153202,Presidente Juscelino,31,Minas Gerais,Sudeste,418,8,76,0.18181818181818182,6,2019-04-07,2024-06-30,10,7.6,4.0,37.0,1,True
3153301,Presidente Kubitschek,31,Minas Gerais,Sudeste,418,8,63,0.1507177033492823,4,2018-12-23,2024-12-22,8,7.875,5.5,22.0,1,True
3153400,Presidente Olegário,31,Minas Gerais,Sudeste,418,8,67,0.16028708133971292,7,2018-11-25,2024-05-05,8,8.375,6.5,18.0,1,True
3153509,Alto Jequitibá,31,Minas Gerais,Sudeste,418,8,71,0.16985645933014354,5,2019-06-09,2025-12-07,9,7.888888888888889,4.0,29.0,1,True
3153608,Prudente de Morais,31,Minas Gerais,Sudeste,418,8,99,0.23684210526315788,7,2019-03-31,2025-12-28,11,9.0,6.0,26.0,2,True
3153707,Quartel Geral,31,Minas Gerais,Sudeste,418,8,68,0.16267942583732056,7,2019-04-21,2025-03-16,12,5.666666666666667,2.0,30.0,1,True
3153806,Queluzito,31,Minas Gerais,Sudeste,418,8,115,0.2751196172248804,8,2018-04-15,2024-12-29,17,6.764705882352941,4.0,34.0,3,True
3153905,Raposos,31,Minas Gerais,Sudeste,418,8,121,0.2894736842105263,7,2018-07-15,2025-12-28,18,6.722222222222222,4.0,49.0,2,True
3154002,Raul Soares,31,Minas Gerais,Sudeste,418,8,132,0.3157894736842105,6,2018-09-23,2025-10-26,14,9.428571428571429,5.5,38.0,2,True
3154101,Recreio,31,Minas Gerais,Sudeste,418,8,88,0.21052631578947367,6,2019-04-28,2025-05-04,9,9.777777777777779,6.0,45.0,1,True
3154150,Reduto,31,Minas Gerais,Sudeste,418,8,64,0.15311004784688995,4,2019-05-12,2025-12-14,8,8.0,4.5,25.0,0,True
3154200,Resende Costa,31,Minas Gerais,Sudeste,418,8,62,0.14832535885167464,4,2019-04-28,2024-12-29,5,12.4,8.0,37.0,1,True
3154309,Resplendor,31,Minas Gerais,Sudeste,418,8,73,0.17464114832535885,5,2018-07-15,2024-04-21,8,9.125,6.5,29.0,1,True
3154408,Ressaquinha,31,Minas Gerais,Sudeste,418,8,46,0.11004784688995216,2,2024-01-21,2025-09-28,5,9.2,4.0,25.0,1,True
3154457,Riachinho,31,Minas Gerais,Sudeste,418,8,93,0.22248803827751196,6,2018-11-04,2024-10-20,10,9.3,5.5,32.0,1,True
3154507,Riacho dos Machados,31,Minas Gerais,Sudeste,418,8,108,0.2583732057416268,6,2018-04-15,2024-12-22,18,6.0,4.0,25.0,2,True
3154606,Ribeirão das Neves,31,Minas Gerais,Sudeste,418,8,84,0.20095693779904306,4,2018-12-30,2024-04-28,4,21.0,20.0,43.0,2,True
3154705,Ribeirão Vermelho,31,Minas Gerais,Sudeste,418,8,106,0.2535885167464115,7,2019-04-21,2025-11-16,15,7.066666666666666,4.0,22.0,1,True
3154804,Rio Acima,31,Minas Gerais,Sudeste,418,8,102,0.24401913875598086,5,2020-08-09,2025-11-16,13,7.846153846153846,4.0,25.0,1,True
3154903,Rio Casca,31,Minas Gerais,Sudeste,418,8,86,0.20574162679425836,5,2019-05-12,2025-02-23,10,8.6,6.0,22.0,0,True
3155009,Rio Doce,31,Minas Gerais,Sudeste,418,8,72,0.1722488038277512,6,2019-04-21,2025-10-12,8,9.0,5.5,22.0,0,True
3155108,Rio do Prado,31,Minas Gerais,Sudeste,418,8,64,0.15311004784688995,5,2019-09-29,2025-10-12,6,10.666666666666666,9.5,21.0,1,True
3155207,Rio Espera,31,Minas Gerais,Sudeste,418,8,47,0.11244019138755981,4,2018-04-15,2024-06-09,4,11.75,10.0,23.0,0,True
3155306,Rio Manso,31,Minas Gerais,Sudeste,418,8,72,0.1722488038277512,5,2019-04-28,2025-12-28,11,6.545454545454546,5.0,18.0,0,True
3155405,Rio Novo,31,Minas Gerais,Sudeste,418,8,91,0.21770334928229665,6,2018-09-23,2025-12-07,16,5.6875,4.0,26.0,0,True
3155504,Rio Paranaíba,31,Minas Gerais,Sudeste,418,8,81,0.1937799043062201,7,2019-07-14,2025-12-28,15,5.4,3.0,27.0,0,True
3155603,Rio Pardo de Minas,31,Minas Gerais,Sudeste,418,8,104,0.24880382775119617,6,2019-04-28,2025-02-23,9,11.555555555555555,4.0,29.0,1,True
3155702,Rio Piracicaba,31,Minas Gerais,Sudeste,418,8,107,0.25598086124401914,5,2019-05-19,2025-11-23,12,8.916666666666666,6.0,25.0,1,True
3155801,Rio Pomba,31,Minas Gerais,Sudeste,418,8,77,0.18421052631578946,7,2018-07-08,2025-11-23,18,4.277777777777778,2.0,15.0,0,True
3155900,Rio Preto,31,Minas Gerais,Sudeste,418,8,54,0.1291866028708134,5,2021-06-20,2025-11-09,10,5.4,2.5,29.0,1,True
3156007,Rio Vermelho,31,Minas Gerais,Sudeste,418,8,69,0.16507177033492823,6,2019-03-17,2025-11-02,9,7.666666666666667,4.0,25.0,2,True
3156106,Ritápolis,31,Minas Gerais,Sudeste,418,8,64,0.15311004784688995,7,2019-05-05,2025-12-14,11,5.818181818181818,4.0,23.0,1,True
3156205,Rochedo de Minas,31,Minas Gerais,Sudeste,418,8,76,0.18181818181818182,7,2018-04-08,2025-11-30,10,7.6,5.5,18.0,0,True
3156304,Rodeiro,31,Minas Gerais,Sudeste,418,8,78,0.18660287081339713,6,2018-04-01,2025-08-24,8,9.75,8.5,20.0,2,True
3156403,Romaria,31,Minas Gerais,Sudeste,418,8,71,0.16985645933014354,6,2019-02-10,2024-06-09,14,5.071428571428571,4.0,13.0,0,True
3156452,Rosário da Limeira,31,Minas Gerais,Sudeste,418,8,57,0.13636363636363635,6,2018-07-22,2025-06-22,10,5.7,4.0,22.0,0,True
3156502,Rubelita,31,Minas Gerais,Sudeste,418,8,114,0.2727272727272727,7,2018-07-08,2025-11-30,17,6.705882352941177,4.0,24.0,1,True
3156601,Rubim,31,Minas Gerais,Sudeste,418,8,57,0.13636363636363635,6,2019-06-09,2025-10-12,10,5.7,4.0,17.0,1,True
3156700,Sabará,31,Minas Gerais,Sudeste,418,8,113,0.2703349282296651,7,2019-05-12,2025-12-21,9,12.555555555555555,8.0,41.0,1,True
3156809,Sabinópolis,31,Minas Gerais,Sudeste,418,8,107,0.25598086124401914,6,2019-05-12,2025-10-19,11,9.727272727272727,6.0,31.0,0,True
3156908,Sacramento,31,Minas Gerais,Sudeste,418,8,76,0.18181818181818182,6,2019-04-21,2025-10-05,10,7.6,4.0,23.0,0,True
3157005,Salinas,31,Minas Gerais,Sudeste,418,8,100,0.23923444976076555,6,2018-07-29,2025-12-28,8,12.5,6.0,49.0,1,True
3157104,Salto da Divisa,31,Minas Gerais,Sudeste,418,8,69,0.16507177033492823,5,2018-08-19,2025-12-21,10,6.9,4.5,14.0,0,True
3157203,Santa Bárbara,31,Minas Gerais,Sudeste,418,8,72,0.1722488038277512,5,2019-06-02,2025-10-12,9,8.0,4.0,29.0,1,True
3157252,Santa Bárbara do Leste,31,Minas Gerais,Sudeste,418,8,77,0.18421052631578946,7,2017-12-31,2025-08-17,11,7.0,4.0,17.0,0,True
3157278,Santa Bárbara do Monte Verde,31,Minas Gerais,Sudeste,418,8,54,0.1291866028708134,3,2019-06-23,2025-12-14,6,9.0,7.0,23.0,0,True
3157302,Santa Bárbara do Tugúrio,31,Minas Gerais,Sudeste,418,8,40,0.09569377990430622,4,2019-06-16,2025-06-08,6,6.666666666666667,4.5,19.0,0,True
3157336,Santa Cruz de Minas,31,Minas Gerais,Sudeste,418,8,66,0.15789473684210525,6,2019-05-12,2024-04-28,10,6.6,4.0,27.0,1,True
3157377,Santa Cruz de Salinas,31,Minas Gerais,Sudeste,418,8,40,0.09569377990430622,3,2019-04-07,2025-12-21,6,6.666666666666667,4.0,20.0,0,True
3157401,Santa Cruz do Escalvado,31,Minas Gerais,Sudeste,418,8,87,0.20813397129186603,5,2019-03-24,2025-12-28,12,7.25,4.5,23.0,1,True
3157500,Santa Efigênia de Minas,31,Minas Gerais,Sudeste,418,8,101,0.24162679425837322,7,2018-09-09,2024-12-22,11,9.181818181818182,4.0,40.0,1,True
3157609,Santa Fé de Minas,31,Minas Gerais,Sudeste,418,8,80,0.19138755980861244,7,2018-06-24,2025-11-30,10,8.0,4.5,24.0,0,True
3157658,Santa Helena de Minas,31,Minas Gerais,Sudeste,418,8,83,0.19856459330143542,6,2018-06-10,2025-10-19,15,5.533333333333333,4.0,27.0,0,True
3157708,Santa Juliana,31,Minas Gerais,Sudeste,418,8,100,0.23923444976076555,6,2018-06-10,2024-12-01,16,6.25,4.0,28.0,1,True
3157807,Santa Luzia,31,Minas Gerais,Sudeste,418,8,94,0.22488038277511962,5,2018-08-26,2024-10-27,11,8.545454545454545,3.0,25.0,1,True
3157906,Santa Margarida,31,Minas Gerais,Sudeste,418,8,76,0.18181818181818182,5,2019-06-09,2025-11-09,11,6.909090909090909,4.0,23.0,1,True
3158003,Santa Maria de Itabira,31,Minas Gerais,Sudeste,418,8,105,0.2511961722488038,6,2019-05-12,2025-09-07,14,7.5,4.0,35.0,1,True
3158102,Santa Maria do Salto,31,Minas Gerais,Sudeste,418,8,78,0.18660287081339713,5,2018-07-29,2025-09-07,9,8.666666666666666,5.0,29.0,1,True
3158201,Santa Maria do Suaçuí,31,Minas Gerais,Sudeste,418,8,106,0.2535885167464115,5,2019-01-06,2024-05-26,10,10.6,10.0,29.0,2,True
3158300,Santana da Vargem,31,Minas Gerais,Sudeste,418,8,111,0.26555023923444976,7,2017-12-31,2025-07-13,16,6.9375,5.0,23.0,1,True
3158409,Santana de Cataguases,31,Minas Gerais,Sudeste,418,8,70,0.1674641148325359,6,2019-04-28,2025-04-27,12,5.833333333333333,4.0,18.0,0,True
3158508,Santana de Pirapama,31,Minas Gerais,Sudeste,418,8,80,0.19138755980861244,5,2019-04-14,2025-12-28,10,8.0,6.5,23.0,1,True
3158607,Santana do Deserto,31,Minas Gerais,Sudeste,418,8,78,0.18660287081339713,5,2019-04-07,2025-12-07,11,7.090909090909091,5.0,27.0,1,True
3158706,Santana do Garambéu,31,Minas Gerais,Sudeste,418,8,25,0.05980861244019139,3,2023-05-07,2025-12-28,4,6.25,4.0,13.0,0,True
3158805,Santana do Jacaré,31,Minas Gerais,Sudeste,418,8,105,0.2511961722488038,5,2018-09-09,2025-05-25,10,10.5,5.5,37.0,1,True
3158904,Santana do Manhuaçu,31,Minas Gerais,Sudeste,418,8,75,0.17942583732057416,5,2019-07-07,2025-05-25,12,6.25,4.0,21.0,1,True
3158953,Santana do Paraíso,31,Minas Gerais,Sudeste,418,8,113,0.2703349282296651,7,2018-04-01,2024-12-01,12,9.416666666666666,6.0,31.0,2,True
3159001,Santana do Riacho,31,Minas Gerais,Sudeste,418,8,37,0.08851674641148326,4,2019-05-12,2024-11-10,4,9.25,7.0,21.0,1,True
3159100,Santana dos Montes,31,Minas Gerais,Sudeste,418,8,98,0.23444976076555024,6,2019-01-20,2025-12-28,14,7.0,4.0,31.0,0,True
3159209,Santa Rita de Caldas,31,Minas Gerais,Sudeste,418,8,51,0.12200956937799043,4,2019-03-03,2025-03-30,6,8.5,5.5,21.0,0,True
3159308,Santa Rita de Jacutinga,31,Minas Gerais,Sudeste,418,8,43,0.10287081339712918,4,2019-03-17,2024-12-29,5,8.6,4.0,28.0,1,True
3159357,Santa Rita de Minas,31,Minas Gerais,Sudeste,418,8,93,0.22248803827751196,7,2018-05-13,2025-11-23,14,6.642857142857143,4.0,15.0,2,True
3159407,Santa Rita de Ibitipoca,31,Minas Gerais,Sudeste,418,8,34,0.08133971291866028,3,2023-11-26,2025-10-19,4,8.5,4.0,22.0,0,True
3159506,Santa Rita do Itueto,31,Minas Gerais,Sudeste,418,8,74,0.17703349282296652,6,2019-05-19,2025-12-28,12,6.166666666666667,4.0,19.0,0,True
3159605,Santa Rita do Sapucaí,31,Minas Gerais,Sudeste,418,8,95,0.22727272727272727,5,2019-03-24,2025-10-19,7,13.571428571428571,4.0,62.0,1,True
3159704,Santa Rosa da Serra,31,Minas Gerais,Sudeste,418,8,68,0.16267942583732056,6,2017-12-31,2025-05-25,12,5.666666666666667,3.5,26.0,1,True
3159803,Santa Vitória,31,Minas Gerais,Sudeste,418,8,111,0.26555023923444976,8,2018-02-25,2025-12-07,15,7.4,4.0,28.0,1,True
3159902,Santo Antônio do Amparo,31,Minas Gerais,Sudeste,418,8,79,0.18899521531100477,4,2019-03-31,2025-11-09,6,13.166666666666666,6.5,44.0,1,True
3160009,Santo Antônio do Aventureiro,31,Minas Gerais,Sudeste,418,8,85,0.20334928229665072,6,2019-04-07,2025-11-09,13,6.538461538461538,4.0,37.0,2,True
3160108,Santo Antônio do Grama,31,Minas Gerais,Sudeste,418,8,77,0.18421052631578946,4,2019-04-07,2024-12-22,8,9.625,9.0,19.0,0,True
3160207,Santo Antônio do Itambé,31,Minas Gerais,Sudeste,418,8,81,0.1937799043062201,5,2019-04-14,2025-12-14,11,7.363636363636363,7.0,21.0,1,True
3160306,Santo Antônio do Jacinto,31,Minas Gerais,Sudeste,418,8,109,0.2607655502392344,8,2018-07-22,2025-04-06,14,7.785714285714286,4.5,37.0,1,True
3160405,Santo Antônio do Monte,31,Minas Gerais,Sudeste,418,8,87,0.20813397129186603,7,2018-07-08,2024-04-14,15,5.8,3.0,23.0,1,True
3160454,Santo Antônio do Retiro,31,Minas Gerais,Sudeste,418,8,59,0.14114832535885166,4,2019-03-31,2024-07-21,6,9.833333333333334,4.0,24.0,1,True
3160504,Santo Antônio do Rio Abaixo,31,Minas Gerais,Sudeste,418,8,36,0.0861244019138756,4,2018-04-15,2025-09-14,4,9.0,4.0,24.0,0,True
3160603,Santo Hipólito,31,Minas Gerais,Sudeste,418,8,48,0.11483253588516747,5,2019-03-31,2024-04-14,6,8.0,4.5,18.0,1,True
3160702,Santos Dumont,31,Minas Gerais,Sudeste,418,8,65,0.15550239234449761,6,2019-08-11,2025-11-30,7,9.285714285714286,4.0,39.0,1,True
3160801,São Bento Abade,31,Minas Gerais,Sudeste,418,8,32,0.07655502392344497,2,2024-02-04,2025-06-22,2,16.0,16.0,30.0,0,True
3160900,São Brás do Suaçuí,31,Minas Gerais,Sudeste,418,8,97,0.23205741626794257,8,2018-03-04,2025-10-05,19,5.105263157894737,4.0,30.0,1,True
3160959,São Domingos das Dores,31,Minas Gerais,Sudeste,418,8,76,0.18181818181818182,7,2019-07-14,2025-11-09,12,6.333333333333333,4.0,20.0,0,True
3161007,São Domingos do Prata,31,Minas Gerais,Sudeste,418,8,89,0.21291866028708134,7,2018-10-07,2025-12-28,13,6.846153846153846,4.0,24.0,2,True
3161056,São Félix de Minas,31,Minas Gerais,Sudeste,418,8,42,0.10047846889952153,5,2018-07-15,2024-11-10,11,3.8181818181818183,4.0,9.0,1,True
3161106,São Francisco,31,Minas Gerais,Sudeste,418,8,64,0.15311004784688995,5,2018-11-25,2024-12-22,7,9.142857142857142,8.0,17.0,1,True
3161205,São Francisco de Paula,31,Minas Gerais,Sudeste,418,8,89,0.21291866028708134,5,2019-01-20,2025-01-05,9,9.88888888888889,4.0,26.0,1,True
3161304,São Francisco de Sales,31,Minas Gerais,Sudeste,418,8,126,0.3014354066985646,6,2018-09-23,2025-12-28,12,10.5,6.0,25.0,1,True
3161403,São Francisco do Glória,31,Minas Gerais,Sudeste,418,8,66,0.15789473684210525,7,2019-07-28,2025-03-09,9,7.333333333333333,4.0,21.0,1,True
3161502,São Geraldo,31,Minas Gerais,Sudeste,418,8,103,0.24641148325358853,6,2018-04-22,2025-06-01,16,6.4375,4.0,21.0,0,True
3161601,São Geraldo da Piedade,31,Minas Gerais,Sudeste,418,8,53,0.12679425837320574,5,2020-03-22,2025-12-14,8,6.625,6.0,15.0,1,True
3161650,São Geraldo do Baixio,31,Minas Gerais,Sudeste,418,8,55,0.13157894736842105,5,2019-01-13,2024-03-31,7,7.857142857142857,4.0,22.0,1,True
3161700,São Gonçalo do Abaeté,31,Minas Gerais,Sudeste,418,8,76,0.18181818181818182,7,2018-11-25,2024-07-28,13,5.846153846153846,4.0,21.0,2,True
3161809,São Gonçalo do Pará,31,Minas Gerais,Sudeste,418,8,71,0.16985645933014354,4,2019-03-17,2025-11-16,9,7.888888888888889,5.0,22.0,0,True
3161908,São Gonçalo do Rio Abaixo,31,Minas Gerais,Sudeste,418,8,118,0.2822966507177033,6,2019-04-21,2025-12-28,10,11.8,8.0,33.0,0,True
3162005,São Gonçalo do Sapucaí,31,Minas Gerais,Sudeste,418,8,83,0.19856459330143542,7,2018-01-07,2025-11-30,16,5.1875,3.0,26.0,0,True
3162104,São Gotardo,31,Minas Gerais,Sudeste,418,8,67,0.16028708133971292,6,2019-06-09,2025-12-14,8,8.375,3.5,30.0,1,True
3162203,São João Batista do Glória,31,Minas Gerais,Sudeste,418,8,114,0.2727272727272727,7,2018-11-04,2025-10-26,17,6.705882352941177,4.0,24.0,1,True
3162252,São João da Lagoa,31,Minas Gerais,Sudeste,418,8,72,0.1722488038277512,5,2017-12-31,2025-11-02,12,6.0,4.0,32.0,1,True
3162302,São João da Mata,31,Minas Gerais,Sudeste,418,8,50,0.11961722488038277,4,2021-04-18,2025-11-09,6,8.333333333333334,4.0,24.0,0,True
3162401,São João da Ponte,31,Minas Gerais,Sudeste,418,8,105,0.2511961722488038,8,2018-06-10,2025-07-13,14,7.5,3.0,39.0,1,True
3162450,São João das Missões,31,Minas Gerais,Sudeste,418,8,74,0.17703349282296652,6,2018-04-22,2025-12-28,10,7.4,7.0,18.0,0,True
3162500,São João del Rei,31,Minas Gerais,Sudeste,418,8,73,0.17464114832535885,6,2018-09-23,2024-06-02,13,5.615384615384615,2.0,37.0,1,True
3162559,São João do Manhuaçu,31,Minas Gerais,Sudeste,418,8,72,0.1722488038277512,4,2019-07-14,2025-12-28,8,9.0,4.0,26.0,0,True
3162575,São João do Manteninha,31,Minas Gerais,Sudeste,418,8,88,0.21052631578947367,4,2019-04-14,2024-04-21,6,14.666666666666666,11.5,36.0,1,True
3162609,São João do Oriente,31,Minas Gerais,Sudeste,418,8,85,0.20334928229665072,7,2019-05-19,2025-11-16,16,5.3125,4.0,18.0,1,True
3162658,São João do Pacuí,31,Minas Gerais,Sudeste,418,8,94,0.22488038277511962,6,2018-05-13,2024-12-22,13,7.230769230769231,4.0,25.0,0,True
3162708,São João do Paraíso,31,Minas Gerais,Sudeste,418,8,79,0.18899521531100477,7,2018-07-22,2025-09-21,9,8.777777777777779,4.0,34.0,1,True
3162807,São João Evangelista,31,Minas Gerais,Sudeste,418,8,53,0.12679425837320574,4,2019-05-19,2025-11-23,8,6.625,5.5,20.0,1,True
3162906,São João Nepomuceno,31,Minas Gerais,Sudeste,418,8,107,0.25598086124401914,7,2018-10-07,2024-12-22,10,10.7,2.0,37.0,0,True
3162922,São Joaquim de Bicas,31,Minas Gerais,Sudeste,418,8,70,0.1674641148325359,5,2019-03-31,2024-03-03,10,7.0,4.0,19.0,1,True
3162948,São José da Barra,31,Minas Gerais,Sudeste,418,8,129,0.30861244019138756,6,2019-02-10,2025-12-07,14,9.214285714285714,4.0,39.0,1,True
3162955,São José da Lapa,31,Minas Gerais,Sudeste,418,8,111,0.26555023923444976,7,2018-09-16,2025-10-19,13,8.538461538461538,2.0,44.0,1,True
3163003,São José da Safira,31,Minas Gerais,Sudeste,418,8,77,0.18421052631578946,8,2018-12-16,2025-12-14,14,5.5,4.0,16.0,2,True
3163102,São José da Varginha,31,Minas Gerais,Sudeste,418,8,52,0.12440191387559808,5,2018-07-01,2025-09-28,10,5.2,3.5,15.0,1,True
3163201,São José do Alegre,31,Minas Gerais,Sudeste,418,8,68,0.16267942583732056,6,2018-12-30,2025-11-23,9,7.555555555555555,4.0,36.0,1,True
3163300,São José do Divino,31,Minas Gerais,Sudeste,418,8,55,0.13157894736842105,5,2019-05-12,2024-04-28,7,7.857142857142857,5.0,27.0,1,True
3163409,São José do Goiabal,31,Minas Gerais,Sudeste,418,8,86,0.20574162679425836,5,2019-03-17,2024-03-24,10,8.6,6.0,22.0,1,True
3163508,São José do Jacuri,31,Minas Gerais,Sudeste,418,8,66,0.15789473684210525,6,2019-04-21,2025-01-26,7,9.428571428571429,7.0,22.0,2,True
3163607,São José do Mantimento,31,Minas Gerais,Sudeste,418,8,54,0.1291866028708134,4,2020-03-08,2024-03-03,5,10.8,8.0,26.0,1,True
3163706,São Lourenço,31,Minas Gerais,Sudeste,418,8,102,0.24401913875598086,7,2019-05-19,2025-10-12,13,7.846153846153846,4.0,30.0,1,True
3163805,São Miguel do Anta,31,Minas Gerais,Sudeste,418,8,44,0.10526315789473684,4,2019-12-08,2025-12-28,5,8.8,5.0,25.0,0,True
3163904,São Pedro da União,31,Minas Gerais,Sudeste,418,8,97,0.23205741626794257,7,2018-10-28,2025-08-10,14,6.928571428571429,4.0,30.0,1,True
3164001,São Pedro dos Ferros,31,Minas Gerais,Sudeste,418,8,88,0.21052631578947367,5,2019-06-30,2025-10-05,9,9.777777777777779,5.0,27.0,1,True
3164100,São Pedro do Suaçuí,31,Minas Gerais,Sudeste,418,8,65,0.15550239234449761,7,2019-03-17,2025-12-28,10,6.5,4.0,22.0,1,True
3164209,São Romão,31,Minas Gerais,Sudeste,418,8,58,0.13875598086124402,5,2018-06-24,2024-11-24,11,5.2727272727272725,6.0,10.0,1,True
3164308,São Roque de Minas,31,Minas Gerais,Sudeste,418,8,95,0.22727272727272727,7,2018-09-16,2025-01-05,13,7.3076923076923075,4.0,39.0,1,True
3164407,São Sebastião da Bela Vista,31,Minas Gerais,Sudeste,418,8,50,0.11961722488038277,4,2022-04-10,2025-11-02,8,6.25,3.5,29.0,0,True
3164431,São Sebastião da Vargem Alegre,31,Minas Gerais,Sudeste,418,8,58,0.13875598086124402,4,2018-04-15,2025-02-16,5,11.6,6.0,33.0,0,True
3164472,São Sebastião do Anta,31,Minas Gerais,Sudeste,418,8,34,0.08133971291866028,4,2019-04-28,2024-04-07,5,6.8,4.0,13.0,1,True
3164506,São Sebastião do Maranhão,31,Minas Gerais,Sudeste,418,8,46,0.11004784688995216,6,2018-05-27,2024-06-16,8,5.75,4.0,19.0,1,True
3164605,São Sebastião do Oeste,31,Minas Gerais,Sudeste,418,8,96,0.22966507177033493,6,2019-04-28,2025-10-26,12,8.0,5.0,24.0,0,True
3164704,São Sebastião do Paraíso,31,Minas Gerais,Sudeste,418,8,125,0.29904306220095694,6,2018-12-02,2024-12-01,10,12.5,8.5,33.0,1,True
3164803,São Sebastião do Rio Preto,31,Minas Gerais,Sudeste,418,8,42,0.10047846889952153,4,2020-01-19,2025-12-07,6,7.0,4.0,24.0,0,True
3164902,São Sebastião do Rio Verde,31,Minas Gerais,Sudeste,418,8,59,0.14114832535885166,6,2018-03-18,2025-03-16,8,7.375,4.0,24.0,0,True
3165008,São Tiago,31,Minas Gerais,Sudeste,418,8,75,0.17942583732057416,7,2019-04-21,2025-09-14,11,6.818181818181818,5.0,27.0,0,True
3165107,São Tomás de Aquino,31,Minas Gerais,Sudeste,418,8,119,0.284688995215311,8,2018-01-14,2025-12-28,14,8.5,4.5,26.0,2,True
3165206,São Tomé das Letras,31,Minas Gerais,Sudeste,418,8,63,0.1507177033492823,4,2018-01-07,2024-07-21,5,12.6,5.0,28.0,0,True
3165305,São Vicente de Minas,31,Minas Gerais,Sudeste,418,8,72,0.1722488038277512,5,2019-03-17,2025-08-03,12,6.0,4.0,27.0,0,True
3165404,Sapucaí-Mirim,31,Minas Gerais,Sudeste,418,8,67,0.16028708133971292,6,2019-09-08,2025-12-14,11,6.090909090909091,4.0,30.0,0,True
3165503,Sardoá,31,Minas Gerais,Sudeste,418,8,59,0.14114832535885166,5,2019-12-29,2025-12-28,8,7.375,4.5,21.0,0,True
3165537,Sarzedo,31,Minas Gerais,Sudeste,418,8,70,0.1674641148325359,5,2019-03-17,2024-12-22,12,5.833333333333333,2.0,32.0,1,True
3165552,Setubinha,31,Minas Gerais,Sudeste,418,8,56,0.1339712918660287,3,2019-06-02,2024-10-13,7,8.0,4.0,23.0,0,True
3165560,Sem-Peixe,31,Minas Gerais,Sudeste,418,8,80,0.19138755980861244,5,2019-09-08,2025-11-02,8,10.0,6.0,36.0,1,True
3165578,Senador Amaral,31,Minas Gerais,Sudeste,418,8,23,0.05502392344497608,2,2022-03-27,2024-12-01,5,4.6,4.0,6.0,0,True
3165602,Senador Cortes,31,Minas Gerais,Sudeste,418,8,75,0.17942583732057416,6,2018-11-18,2025-03-16,8,9.375,7.5,29.0,0,True
3165701,Senador Firmino,31,Minas Gerais,Sudeste,418,8,30,0.07177033492822966,3,2018-08-12,2024-06-30,6,5.0,3.5,10.0,0,True
3165800,Senador José Bento,31,Minas Gerais,Sudeste,418,8,37,0.08851674641148326,3,2019-05-26,2025-11-09,7,5.285714285714286,4.0,19.0,0,True
3165909,Senador Modestino Gonçalves,31,Minas Gerais,Sudeste,418,8,77,0.18421052631578946,6,2019-04-07,2024-12-22,10,7.7,5.5,20.0,1,True
3166006,Senhora de Oliveira,31,Minas Gerais,Sudeste,418,8,71,0.16985645933014354,6,2018-07-01,2025-12-28,11,6.454545454545454,4.0,32.0,1,True
3166105,Senhora do Porto,31,Minas Gerais,Sudeste,418,8,78,0.18660287081339713,6,2018-01-21,2025-12-28,9,8.666666666666666,4.0,34.0,1,True
3166204,Senhora dos Remédios,31,Minas Gerais,Sudeste,418,8,59,0.14114832535885166,5,2019-03-31,2025-12-28,8,7.375,5.0,24.0,0,True
3166303,Sericita,31,Minas Gerais,Sudeste,418,8,38,0.09090909090909091,6,2019-06-09,2025-12-28,8,4.75,3.5,15.0,0,True
3166402,Seritinga,31,Minas Gerais,Sudeste,418,8,41,0.09808612440191387,3,2018-03-25,2024-12-22,5,8.2,4.0,24.0,0,True
3166501,Serra Azul de Minas,31,Minas Gerais,Sudeste,418,8,46,0.11004784688995216,5,2019-06-16,2025-12-28,5,9.2,6.0,28.0,1,True
3166600,Serra da Saudade,31,Minas Gerais,Sudeste,418,8,55,0.13157894736842105,5,2018-01-14,2025-04-06,11,5.0,4.0,22.0,1,True
3166709,Serra dos Aimorés,31,Minas Gerais,Sudeste,418,8,87,0.20813397129186603,6,2018-07-15,2025-12-14,12,7.25,4.0,34.0,0,True
3166808,Serra do Salitre,31,Minas Gerais,Sudeste,418,8,125,0.29904306220095694,8,2018-07-15,2025-11-23,16,7.8125,4.0,36.0,1,True
3166907,Serrania,31,Minas Gerais,Sudeste,418,8,66,0.15789473684210525,7,2018-05-20,2025-06-29,9,7.333333333333333,4.0,26.0,1,True
3166956,Serranópolis de Minas,31,Minas Gerais,Sudeste,418,8,95,0.22727272727272727,6,2018-04-08,2025-12-21,9,10.555555555555555,6.0,33.0,1,True
3167004,Serranos,31,Minas Gerais,Sudeste,418,8,21,0.050239234449760764,3,2022-03-27,2025-03-02,3,7.0,4.0,13.0,0,True
3167103,Serro,31,Minas Gerais,Sudeste,418,8,108,0.2583732057416268,8,2018-09-30,2025-11-30,16,6.75,4.0,30.0,4,True
3167202,Sete Lagoas,31,Minas Gerais,Sudeste,418,8,92,0.22009569377990432,5,2018-08-19,2024-12-22,4,23.0,26.0,37.0,2,True
3167301,Silveirânia,31,Minas Gerais,Sudeste,418,8,70,0.1674641148325359,5,2019-05-19,2025-11-30,10,7.0,5.0,16.0,0,True
3167400,Silvianópolis,31,Minas Gerais,Sudeste,418,8,73,0.17464114832535885,6,2018-01-21,2025-12-14,9,8.11111111111111,4.0,31.0,1,True
3167509,Simão Pereira,31,Minas Gerais,Sudeste,418,8,55,0.13157894736842105,5,2019-06-16,2025-09-28,11,5.0,1.0,35.0,1,True
3167608,Simonésia,31,Minas Gerais,Sudeste,418,8,65,0.15550239234449761,6,2018-10-07,2024-05-19,9,7.222222222222222,4.0,22.0,1,True
3167707,Sobrália,31,Minas Gerais,Sudeste,418,8,76,0.18181818181818182,8,2018-11-04,2025-09-07,12,6.333333333333333,4.0,22.0,0,True
3167806,Soledade de Minas,31,Minas Gerais,Sudeste,418,8,48,0.11483253588516747,5,2019-04-28,2025-12-28,6,8.0,3.0,31.0,0,True
3167905,Tabuleiro,31,Minas Gerais,Sudeste,418,8,71,0.16985645933014354,6,2019-03-24,2025-01-05,7,10.142857142857142,10.0,21.0,2,True
3168002,Taiobeiras,31,Minas Gerais,Sudeste,418,8,90,0.215311004784689,7,2018-12-16,2025-12-21,8,11.25,4.0,52.0,2,True
3168051,Taparuba,31,Minas Gerais,Sudeste,418,8,78,0.18660287081339713,6,2018-11-25,2025-01-26,10,7.8,6.5,19.0,1,True
3168101,Tapira,31,Minas Gerais,Sudeste,418,8,52,0.12440191387559808,4,2022-01-23,2024-12-29,8,6.5,5.0,17.0,1,True
3168200,Tapiraí,31,Minas Gerais,Sudeste,418,8,28,0.06698564593301436,3,2019-05-26,2024-06-02,3,9.333333333333334,4.0,20.0,0,True
3168309,Taquaraçu de Minas,31,Minas Gerais,Sudeste,418,8,51,0.12200956937799043,5,2019-04-14,2024-12-22,6,8.5,4.0,21.0,1,True
3168408,Tarumirim,31,Minas Gerais,Sudeste,418,8,56,0.1339712918660287,4,2019-09-01,2024-09-22,7,8.0,4.0,23.0,1,True
3168507,Teixeiras,31,Minas Gerais,Sudeste,418,8,62,0.14832535885167464,3,2022-05-15,2024-12-15,8,7.75,5.0,26.0,0,True
3168606,Teófilo Otoni,31,Minas Gerais,Sudeste,418,8,65,0.15550239234449761,6,2019-06-23,2025-12-28,10,6.5,5.0,23.0,0,True
3168705,Timóteo,31,Minas Gerais,Sudeste,418,8,132,0.3157894736842105,7,2018-03-25,2024-03-17,12,11.0,4.0,54.0,1,True
3168804,Tiradentes,31,Minas Gerais,Sudeste,418,8,95,0.22727272727272727,4,2019-03-31,2025-12-28,12,7.916666666666667,4.0,29.0,1,True
3168903,Tiros,31,Minas Gerais,Sudeste,418,8,71,0.16985645933014354,6,2019-06-23,2024-03-17,7,10.142857142857142,9.0,31.0,2,True
3169000,Tocantins,31,Minas Gerais,Sudeste,418,8,82,0.19617224880382775,5,2018-05-06,2024-06-30,7,11.714285714285714,4.0,48.0,1,True
3169059,Tocos do Moji,31,Minas Gerais,Sudeste,418,8,64,0.15311004784688995,4,2022-06-05,2025-12-28,9,7.111111111111111,4.0,18.0,0,True
3169109,Toledo,31,Minas Gerais,Sudeste,418,8,57,0.13636363636363635,5,2019-04-21,2025-12-14,8,7.125,4.0,27.0,1,True
3169208,Tombos,31,Minas Gerais,Sudeste,418,8,61,0.145933014354067,4,2019-06-02,2025-01-26,5,12.2,5.0,27.0,1,True
3169307,Três Corações,31,Minas Gerais,Sudeste,418,8,67,0.16028708133971292,4,2019-06-16,2024-11-03,7,9.571428571428571,4.0,33.0,0,True
3169356,Três Marias,31,Minas Gerais,Sudeste,418,8,109,0.2607655502392344,6,2018-06-24,2025-12-21,8,13.625,4.5,44.0,1,True
3169406,Três Pontas,31,Minas Gerais,Sudeste,418,8,79,0.18899521531100477,4,2018-10-28,2024-10-06,8,9.875,4.5,32.0,0,True
3169505,Tumiritinga,31,Minas Gerais,Sudeste,418,8,64,0.15311004784688995,7,2018-09-23,2025-08-24,12,5.333333333333333,4.0,17.0,1,True
3169604,Tupaciguara,31,Minas Gerais,Sudeste,418,8,114,0.2727272727272727,7,2018-07-01,2025-12-28,19,6.0,4.0,20.0,1,True
3169703,Turmalina,31,Minas Gerais,Sudeste,418,8,37,0.08851674641148326,3,2019-06-16,2024-06-16,3,12.333333333333334,8.0,25.0,0,True
3169802,Turvolândia,31,Minas Gerais,Sudeste,418,8,49,0.11722488038277512,4,2017-12-31,2025-11-09,7,7.0,4.0,26.0,0,True
3169901,Ubá,31,Minas Gerais,Sudeste,418,8,145,0.34688995215311,6,2018-04-01,2025-12-14,9,16.11111111111111,12.0,34.0,0,True
3170008,Ubaí,31,Minas Gerais,Sudeste,418,8,85,0.20334928229665072,4,2018-12-02,2024-12-15,7,12.142857142857142,6.0,34.0,1,True
3170057,Ubaporanga,31,Minas Gerais,Sudeste,418,8,63,0.1507177033492823,5,2019-06-23,2024-04-21,10,6.3,4.0,27.0,1,True
3170107,Uberaba,31,Minas Gerais,Sudeste,418,8,117,0.2799043062200957,7,2018-07-22,2025-05-11,11,10.636363636363637,7.0,29.0,1,True
3170206,Uberlândia,31,Minas Gerais,Sudeste,418,8,163,0.38995215311004783,7,2018-10-21,2025-12-14,11,14.818181818181818,9.0,44.0,2,True
3170305,Umburatiba,31,Minas Gerais,Sudeste,418,8,57,0.13636363636363635,5,2019-02-17,2025-08-17,10,5.7,4.5,13.0,0,True
3170404,Unaí,31,Minas Gerais,Sudeste,418,8,110,0.2631578947368421,6,2018-10-07,2025-10-19,8,13.75,12.5,27.0,1,True
3170438,União de Minas,31,Minas Gerais,Sudeste,418,8,105,0.2511961722488038,8,2018-06-17,2025-03-16,16,6.5625,4.0,21.0,3,True
3170479,Uruana de Minas,31,Minas Gerais,Sudeste,418,8,79,0.18899521531100477,8,2018-11-25,2025-09-07,17,4.647058823529412,4.0,18.0,2,True
3170503,Urucânia,31,Minas Gerais,Sudeste,418,8,88,0.21052631578947367,6,2019-04-07,2024-09-15,10,8.8,4.0,29.0,1,True
3170529,Urucuia,31,Minas Gerais,Sudeste,418,8,92,0.22009569377990432,6,2018-12-09,2024-04-21,7,13.142857142857142,4.0,37.0,2,True
3170578,Vargem Alegre,31,Minas Gerais,Sudeste,418,8,67,0.16028708133971292,6,2018-06-03,2024-02-11,7,9.571428571428571,9.0,20.0,1,True
3170602,Vargem Bonita,31,Minas Gerais,Sudeste,418,8,82,0.19617224880382775,6,2018-12-09,2025-12-07,9,9.11111111111111,7.0,31.0,1,True
3170651,Vargem Grande do Rio Pardo,31,Minas Gerais,Sudeste,418,8,43,0.10287081339712918,5,2019-04-28,2025-12-28,7,6.142857142857143,4.0,16.0,0,True
3170701,Varginha,31,Minas Gerais,Sudeste,418,8,55,0.13157894736842105,2,2023-04-09,2024-10-06,2,27.5,27.5,41.0,0,True
3170750,Varjão de Minas,31,Minas Gerais,Sudeste,418,8,88,0.21052631578947367,5,2019-02-17,2024-06-09,4,22.0,20.5,37.0,1,True
3170800,Várzea da Palma,31,Minas Gerais,Sudeste,418,8,98,0.23444976076555024,6,2018-07-29,2024-12-22,11,8.909090909090908,4.0,52.0,1,True
3170909,Varzelândia,31,Minas Gerais,Sudeste,418,8,65,0.15550239234449761,5,2017-12-31,2024-12-22,14,4.642857142857143,4.0,18.0,0,True
3171006,Vazante,31,Minas Gerais,Sudeste,418,8,132,0.3157894736842105,7,2018-05-20,2025-08-10,17,7.764705882352941,5.0,20.0,0,True
3171030,Verdelândia,31,Minas Gerais,Sudeste,418,8,63,0.1507177033492823,6,2018-04-29,2024-09-01,13,4.846153846153846,4.0,13.0,0,True
3171071,Veredinha,31,Minas Gerais,Sudeste,418,8,84,0.20095693779904306,6,2019-06-09,2025-09-28,11,7.636363636363637,4.0,32.0,1,True
3171105,Veríssimo,31,Minas Gerais,Sudeste,418,8,77,0.18421052631578946,6,2018-01-21,2025-06-22,11,7.0,5.0,32.0,1,True
3171154,Vermelho Novo,31,Minas Gerais,Sudeste,418,8,53,0.12679425837320574,3,2020-05-10,2024-12-15,4,13.25,13.0,23.0,0,True
3171204,Vespasiano,31,Minas Gerais,Sudeste,418,8,73,0.17464114832535885,7,2018-08-05,2025-11-30,8,9.125,6.5,21.0,2,True
3171303,Viçosa,31,Minas Gerais,Sudeste,418,8,80,0.19138755980861244,4,2019-05-26,2025-09-21,6,13.333333333333334,5.5,54.0,1,True
3171402,Vieiras,31,Minas Gerais,Sudeste,418,8,43,0.10287081339712918,5,2019-06-02,2025-03-23,10,4.3,4.0,10.0,1,True
3171501,Mathias Lobato,31,Minas Gerais,Sudeste,418,8,55,0.13157894736842105,6,2019-05-26,2025-08-10,9,6.111111111111111,4.0,13.0,0,True
3171600,Virgem da Lapa,31,Minas Gerais,Sudeste,418,8,105,0.2511961722488038,6,2019-05-05,2024-12-15,9,11.666666666666666,3.0,51.0,1,True
3171709,Virgínia,31,Minas Gerais,Sudeste,418,8,49,0.11722488038277512,3,2020-03-29,2024-12-01,5,9.8,7.0,25.0,0,True
3171808,Virginópolis,31,Minas Gerais,Sudeste,418,8,76,0.18181818181818182,7,2019-06-09,2025-08-17,13,5.846153846153846,4.0,18.0,0,True
3171907,Virgolândia,31,Minas Gerais,Sudeste,418,8,96,0.22966507177033493,8,2018-03-04,2025-05-18,12,8.0,6.5,21.0,0,True
3172004,Visconde do Rio Branco,31,Minas Gerais,Sudeste,418,8,114,0.2727272727272727,6,2018-04-15,2025-03-23,7,16.285714285714285,6.0,58.0,1,True
3172103,Volta Grande,31,Minas Gerais,Sudeste,418,8,80,0.19138755980861244,8,2018-12-09,2025-11-02,12,6.666666666666667,4.0,33.0,1,True
3172202,Wenceslau Braz,31,Minas Gerais,Sudeste,418,8,30,0.07177033492822966,4,2019-05-12,2025-12-28,5,6.0,4.0,15.0,1,True
3200102,Afonso Cláudio,32,Espírito Santo,Sudeste,418,8,137,0.3277511961722488,4,2018-01-21,2024-03-31,8,17.125,17.0,33.0,2,True
3200136,Águia Branca,32,Espírito Santo,Sudeste,418,8,94,0.22488038277511962,6,2018-05-20,2024-12-29,10,9.4,5.0,21.0,3,True
3200169,Água Doce do Norte,32,Espírito Santo,Sudeste,418,8,123,0.2942583732057416,5,2017-12-31,2025-10-26,16,7.6875,4.0,33.0,1,True
3200201,Alegre,32,Espírito Santo,Sudeste,418,8,85,0.20334928229665072,6,2018-07-29,2025-01-19,8,10.625,7.0,28.0,3,True
3200300,Alfredo Chaves,32,Espírito Santo,Sudeste,418,8,67,0.16028708133971292,6,2018-07-29,2025-12-28,12,5.583333333333333,4.0,26.0,0,True
3200359,Alto Rio Novo,32,Espírito Santo,Sudeste,418,8,75,0.17942583732057416,6,2018-08-19,2025-11-23,16,4.6875,3.5,32.0,0,True
3200409,Anchieta,32,Espírito Santo,Sudeste,418,8,102,0.24401913875598086,5,2018-04-08,2024-12-22,9,11.333333333333334,3.0,45.0,1,True
3200508,Apiacá,32,Espírito Santo,Sudeste,418,8,127,0.3038277511961722,6,2019-04-14,2025-09-07,12,10.583333333333334,9.0,39.0,1,True
3200607,Aracruz,32,Espírito Santo,Sudeste,418,8,41,0.09808612440191387,5,2018-06-24,2024-03-10,7,5.857142857142857,5.0,12.0,1,True
3200706,Atílio Vivácqua,32,Espírito Santo,Sudeste,418,8,90,0.215311004784689,5,2018-06-17,2025-01-26,8,11.25,9.5,20.0,1,True
3200805,Baixo Guandu,32,Espírito Santo,Sudeste,418,8,169,0.4043062200956938,7,2018-07-08,2025-12-28,19,8.894736842105264,5.0,47.0,1,True
3200904,Barra de São Francisco,32,Espírito Santo,Sudeste,418,8,117,0.2799043062200957,4,2018-01-07,2024-12-22,10,11.7,7.5,42.0,2,True
3201001,Boa Esperança,32,Espírito Santo,Sudeste,418,8,92,0.22009569377990432,6,2019-01-06,2025-12-28,8,11.5,4.0,37.0,0,True
3201100,Bom Jesus do Norte,32,Espírito Santo,Sudeste,418,8,30,0.07177033492822966,3,2019-04-14,2025-01-26,4,7.5,5.0,18.0,0,True
3201159,Brejetuba,32,Espírito Santo,Sudeste,418,8,106,0.2535885167464115,6,2018-11-25,2025-12-28,16,6.625,4.0,22.0,1,True
3201209,Cachoeiro de Itapemirim,32,Espírito Santo,Sudeste,418,8,74,0.17703349282296652,5,2018-07-01,2025-01-19,6,12.333333333333334,10.5,28.0,2,True
3201308,Cariacica,32,Espírito Santo,Sudeste,418,8,122,0.291866028708134,5,2018-06-03,2025-10-05,9,13.555555555555555,11.0,51.0,1,True
3201407,Castelo,32,Espírito Santo,Sudeste,418,8,105,0.2511961722488038,6,2018-07-22,2025-07-20,8,13.125,7.0,45.0,1,True
3201506,Colatina,32,Espírito Santo,Sudeste,418,8,132,0.3157894736842105,6,2018-04-22,2024-08-04,10,13.2,14.0,33.0,3,True
3201605,Conceição da Barra,32,Espírito Santo,Sudeste,418,8,78,0.18660287081339713,5,2018-10-07,2025-11-02,11,7.090909090909091,4.0,20.0,0,True
3201704,Conceição do Castelo,32,Espírito Santo,Sudeste,418,8,64,0.15311004784688995,6,2019-06-16,2025-12-07,10,6.4,4.5,26.0,2,True
3201803,Divino de São Lourenço,32,Espírito Santo,Sudeste,418,8,72,0.1722488038277512,5,2017-12-31,2025-10-26,10,7.2,6.0,24.0,1,True
3201902,Domingos Martins,32,Espírito Santo,Sudeste,418,8,72,0.1722488038277512,6,2018-07-22,2025-09-28,11,6.545454545454546,4.0,22.0,0,True
3202009,Dores do Rio Preto,32,Espírito Santo,Sudeste,418,8,75,0.17942583732057416,5,2019-06-02,2025-11-02,12,6.25,4.0,29.0,1,True
3202108,Ecoporanga,32,Espírito Santo,Sudeste,418,8,73,0.17464114832535885,3,2019-06-02,2024-06-02,3,24.333333333333332,15.0,45.0,1,True
3202207,Fundão,32,Espírito Santo,Sudeste,418,8,150,0.3588516746411483,7,2018-08-12,2025-07-20,13,11.538461538461538,4.0,46.0,1,True
3202256,Governador Lindenberg,32,Espírito Santo,Sudeste,418,8,92,0.22009569377990432,6,2018-06-03,2025-12-28,14,6.571428571428571,4.0,33.0,0,True
3202306,Guaçuí,32,Espírito Santo,Sudeste,418,8,57,0.13636363636363635,4,2018-06-17,2024-08-25,8,7.125,4.0,23.0,0,True
3202405,Guarapari,32,Espírito Santo,Sudeste,418,8,102,0.24401913875598086,5,2018-10-21,2025-12-21,5,20.4,5.0,55.0,1,True
3202454,Ibatiba,32,Espírito Santo,Sudeste,418,8,101,0.24162679425837322,5,2018-12-02,2024-09-29,14,7.214285714285714,4.0,32.0,0,True
3202504,Ibiraçu,32,Espírito Santo,Sudeste,418,8,51,0.12200956937799043,5,2018-07-01,2024-04-28,7,7.285714285714286,7.0,16.0,0,True
3202553,Ibitirama,32,Espírito Santo,Sudeste,418,8,106,0.2535885167464115,5,2018-12-16,2024-11-03,10,10.6,7.5,24.0,1,True
3202603,Iconha,32,Espírito Santo,Sudeste,418,8,81,0.1937799043062201,5,2018-07-22,2024-12-22,8,10.125,9.0,31.0,1,True
3202652,Irupi,32,Espírito Santo,Sudeste,418,8,77,0.18421052631578946,4,2018-05-06,2024-05-26,7,11.0,6.0,27.0,1,True
3202702,Itaguaçu,32,Espírito Santo,Sudeste,418,8,100,0.23923444976076555,5,2018-10-14,2024-12-22,6,16.666666666666668,11.5,43.0,1,True
3202801,Itapemirim,32,Espírito Santo,Sudeste,418,8,100,0.23923444976076555,4,2018-06-24,2024-04-21,8,12.5,4.0,51.0,1,True
3202900,Itarana,32,Espírito Santo,Sudeste,418,8,120,0.28708133971291866,7,2018-04-29,2025-01-19,20,6.0,4.0,19.0,1,True
3203007,Iúna,32,Espírito Santo,Sudeste,418,8,84,0.20095693779904306,5,2019-01-27,2025-10-05,10,8.4,4.5,40.0,0,True
3203056,Jaguaré,32,Espírito Santo,Sudeste,418,8,117,0.2799043062200957,7,2018-05-06,2025-09-28,12,9.75,4.5,32.0,1,True
3203106,Jerônimo Monteiro,32,Espírito Santo,Sudeste,418,8,74,0.17703349282296652,5,2019-03-31,2025-09-21,8,9.25,7.5,21.0,2,True
3203130,João Neiva,32,Espírito Santo,Sudeste,418,8,102,0.24401913875598086,6,2018-07-15,2025-02-09,10,10.2,4.5,34.0,1,True
3203163,Laranja da Terra,32,Espírito Santo,Sudeste,418,8,94,0.22488038277511962,4,2018-07-01,2024-06-02,8,11.75,8.5,35.0,1,True
3203205,Linhares,32,Espírito Santo,Sudeste,418,8,174,0.41626794258373206,6,2018-03-18,2024-05-12,5,34.8,27.0,94.0,2,True
3203304,Mantenópolis,32,Espírito Santo,Sudeste,418,8,88,0.21052631578947367,4,2019-04-21,2025-12-07,6,14.666666666666666,13.5,28.0,1,True
3203320,Marataízes,32,Espírito Santo,Sudeste,418,8,66,0.15789473684210525,5,2019-05-05,2025-12-07,11,6.0,3.0,24.0,1,True
3203346,Marechal Floriano,32,Espírito Santo,Sudeste,418,8,79,0.18899521531100477,6,2018-10-14,2024-10-06,11,7.181818181818182,4.0,24.0,0,True
3203353,Marilândia,32,Espírito Santo,Sudeste,418,8,127,0.3038277511961722,7,2018-12-16,2025-04-20,11,11.545454545454545,3.0,53.0,2,True
3203403,Mimoso do Sul,32,Espírito Santo,Sudeste,418,8,135,0.3229665071770335,7,2018-11-25,2024-12-29,7,19.285714285714285,6.0,68.0,3,True
3203502,Montanha,32,Espírito Santo,Sudeste,418,8,65,0.15550239234449761,4,2018-06-17,2024-03-31,8,8.125,5.0,34.0,0,True
3203601,Mucurici,32,Espírito Santo,Sudeste,418,8,72,0.1722488038277512,4,2018-07-01,2024-03-10,11,6.545454545454546,2.0,29.0,1,True
3203700,Muniz Freire,32,Espírito Santo,Sudeste,418,8,106,0.2535885167464115,6,2018-08-26,2025-10-12,15,7.066666666666666,2.0,41.0,2,True
3203809,Muqui,32,Espírito Santo,Sudeste,418,8,84,0.20095693779904306,5,2018-06-24,2025-01-05,7,12.0,10.0,28.0,1,True
3203908,Nova Venécia,32,Espírito Santo,Sudeste,418,8,59,0.14114832535885166,3,2019-06-30,2024-05-12,2,29.5,29.5,56.0,1,True
3204005,Pancas,32,Espírito Santo,Sudeste,418,8,114,0.2727272727272727,7,2018-07-01,2025-12-14,16,7.125,3.0,62.0,1,True
3204054,Pedro Canário,32,Espírito Santo,Sudeste,418,8,88,0.21052631578947367,4,2018-07-08,2024-12-01,7,12.571428571428571,6.0,40.0,0,True
3204104,Pinheiros,32,Espírito Santo,Sudeste,418,8,125,0.29904306220095694,6,2017-12-31,2024-08-25,12,10.416666666666666,5.5,36.0,1,True
3204203,Piúma,32,Espírito Santo,Sudeste,418,8,68,0.16267942583732056,5,2018-10-21,2024-11-24,8,8.5,7.5,19.0,1,True
3204252,Ponto Belo,32,Espírito Santo,Sudeste,418,8,69,0.16507177033492823,5,2018-06-03,2025-10-19,8,8.625,4.5,32.0,1,True
3204302,Presidente Kennedy,32,Espírito Santo,Sudeste,418,8,108,0.2583732057416268,5,2018-03-11,2025-01-05,13,8.307692307692308,3.0,28.0,0,True
3204351,Rio Bananal,32,Espírito Santo,Sudeste,418,8,121,0.2894736842105263,7,2017-12-31,2025-08-17,17,7.117647058823529,4.0,32.0,1,True
3204401,Rio Novo do Sul,32,Espírito Santo,Sudeste,418,8,105,0.2511961722488038,5,2019-05-12,2025-12-14,9,11.666666666666666,15.0,24.0,1,True
3204500,Santa Leopoldina,32,Espírito Santo,Sudeste,418,8,100,0.23923444976076555,7,2018-08-12,2025-01-26,10,10.0,7.5,30.0,2,True
3204559,Santa Maria de Jetibá,32,Espírito Santo,Sudeste,418,8,97,0.23205741626794257,6,2018-08-26,2025-01-19,14,6.928571428571429,3.5,26.0,1,True
3204609,Santa Teresa,32,Espírito Santo,Sudeste,418,8,83,0.19856459330143542,4,2019-04-07,2024-08-04,4,20.75,22.0,34.0,1,True
3204658,São Domingos do Norte,32,Espírito Santo,Sudeste,418,8,106,0.2535885167464115,4,2019-06-09,2024-06-09,4,26.5,13.0,76.0,1,True
3204708,São Gabriel da Palha,32,Espírito Santo,Sudeste,418,8,116,0.27751196172248804,6,2018-10-28,2024-05-26,5,23.2,16.0,72.0,2,True
3204807,São José do Calçado,32,Espírito Santo,Sudeste,418,8,62,0.14832535885167464,5,2018-12-23,2025-11-02,12,5.166666666666667,4.0,14.0,2,True
3204906,São Mateus,32,Espírito Santo,Sudeste,418,8,128,0.3062200956937799,4,2018-07-15,2024-10-27,6,21.333333333333332,6.5,57.0,2,True
3204955,São Roque do Canaã,32,Espírito Santo,Sudeste,418,8,113,0.2703349282296651,7,2018-06-24,2025-08-03,15,7.533333333333333,4.0,34.0,1,True
3205002,Serra,32,Espírito Santo,Sudeste,418,8,132,0.3157894736842105,5,2018-07-01,2025-01-05,8,16.5,8.5,55.0,2,True
3205010,Sooretama,32,Espírito Santo,Sudeste,418,8,91,0.21770334928229665,4,2018-07-22,2024-07-14,9,10.11111111111111,5.0,34.0,1,True
3205036,Vargem Alta,32,Espírito Santo,Sudeste,418,8,77,0.18421052631578946,6,2018-09-23,2025-01-26,10,7.7,5.5,15.0,1,True
3205069,Venda Nova do Imigrante,32,Espírito Santo,Sudeste,418,8,77,0.18421052631578946,5,2018-06-24,2024-11-03,13,5.923076923076923,4.0,28.0,0,True
3205101,Viana,32,Espírito Santo,Sudeste,418,8,79,0.18899521531100477,4,2018-07-08,2024-10-06,11,7.181818181818182,3.0,29.0,1,True
3205150,Vila Pavão,32,Espírito Santo,Sudeste,418,8,53,0.12679425837320574,4,2018-05-13,2024-05-12,6,8.833333333333334,9.5,15.0,1,True
3205176,Vila Valério,32,Espírito Santo,Sudeste,418,8,120,0.28708133971291866,7,2018-05-06,2024-12-15,14,8.571428571428571,5.0,30.0,2,True
3205200,Vila Velha,32,Espírito Santo,Sudeste,418,8,137,0.3277511961722488,4,2018-06-24,2024-12-22,6,22.833333333333332,23.0,51.0,0,True
3205309,Vitória,32,Espírito Santo,Sudeste,418,8,137,0.3277511961722488,5,2018-06-24,2024-12-22,6,22.833333333333332,15.0,52.0,2,True
3300100,Angra dos Reis,33,Rio de Janeiro,Sudeste,418,8,96,0.22966507177033493,5,2019-05-05,2025-05-18,5,19.2,4.0,79.0,1,True
3300159,Aperibé,33,Rio de Janeiro,Sudeste,418,8,89,0.21291866028708134,6,2018-04-08,2025-02-09,10,8.9,8.5,20.0,1,True
3300209,Araruama,33,Rio de Janeiro,Sudeste,418,8,103,0.24641148325358853,5,2018-08-26,2024-12-22,10,10.3,4.0,57.0,1,True
3300225,Areal,33,Rio de Janeiro,Sudeste,418,8,31,0.07416267942583732,3,2022-06-19,2024-06-30,3,10.333333333333334,5.0,25.0,0,True
3300233,Armação dos Búzios,33,Rio de Janeiro,Sudeste,418,8,125,0.29904306220095694,7,2018-08-05,2025-09-21,14,8.928571428571429,4.0,54.0,1,True
3300258,Arraial do Cabo,33,Rio de Janeiro,Sudeste,418,8,72,0.1722488038277512,6,2018-07-15,2025-10-19,8,9.0,7.5,24.0,0,True
3300308,Barra do Piraí,33,Rio de Janeiro,Sudeste,418,8,58,0.13875598086124402,4,2018-11-18,2024-09-08,5,11.6,2.0,39.0,1,True
3300407,Barra Mansa,33,Rio de Janeiro,Sudeste,418,8,91,0.21770334928229665,6,2019-04-28,2025-10-19,11,8.272727272727273,5.0,38.0,1,True
3300456,Belford Roxo,33,Rio de Janeiro,Sudeste,418,8,91,0.21770334928229665,5,2018-07-15,2024-03-31,15,6.066666666666666,7.0,11.0,2,True
3300506,Bom Jardim,33,Rio de Janeiro,Sudeste,418,8,76,0.18181818181818182,5,2019-04-28,2025-09-21,10,7.6,4.0,38.0,0,True
3300605,Bom Jesus do Itabapoana,33,Rio de Janeiro,Sudeste,418,8,66,0.15789473684210525,5,2018-08-05,2025-10-05,5,13.2,10.0,24.0,1,True
3300704,Cabo Frio,33,Rio de Janeiro,Sudeste,418,8,93,0.22248803827751196,7,2018-07-22,2025-09-28,14,6.642857142857143,2.5,25.0,0,True
3300803,Cachoeiras de Macacu,33,Rio de Janeiro,Sudeste,418,8,115,0.2751196172248804,6,2018-08-19,2024-12-15,10,11.5,3.0,69.0,2,True
3300902,Cambuci,33,Rio de Janeiro,Sudeste,418,8,82,0.19617224880382775,6,2018-04-29,2025-05-25,11,7.454545454545454,4.0,26.0,1,True
3300936,Carapebus,33,Rio de Janeiro,Sudeste,418,8,112,0.2679425837320574,4,2019-04-21,2024-07-21,15,7.466666666666667,4.0,34.0,0,True
3300951,Comendador Levy Gasparian,33,Rio de Janeiro,Sudeste,418,8,86,0.20574162679425836,4,2019-04-14,2025-11-02,10,8.6,4.0,43.0,1,True
3301009,Campos dos Goytacazes,33,Rio de Janeiro,Sudeste,418,8,142,0.3397129186602871,5,2018-05-20,2024-11-17,5,28.4,12.0,99.0,1,True
3301108,Cantagalo,33,Rio de Janeiro,Sudeste,418,8,74,0.17703349282296652,6,2018-09-09,2025-10-26,10,7.4,4.0,47.0,1,True
3301157,Cardoso Moreira,33,Rio de Janeiro,Sudeste,418,8,66,0.15789473684210525,7,2018-06-10,2025-11-09,12,5.5,3.5,18.0,0,True
3301207,Carmo,33,Rio de Janeiro,Sudeste,418,8,111,0.26555023923444976,6,2018-08-26,2025-06-15,10,11.1,6.0,38.0,1,True
3301306,Casimiro de Abreu,33,Rio de Janeiro,Sudeste,418,8,77,0.18421052631578946,4,2019-08-11,2024-09-29,12,6.416666666666667,4.5,26.0,1,True
3301405,Conceição de Macabu,33,Rio de Janeiro,Sudeste,418,8,62,0.14832535885167464,3,2022-09-18,2024-12-15,7,8.857142857142858,5.0,26.0,0,True
3301504,Cordeiro,33,Rio de Janeiro,Sudeste,418,8,76,0.18181818181818182,6,2018-08-12,2025-10-12,12,6.333333333333333,3.5,39.0,1,True
3301603,Duas Barras,33,Rio de Janeiro,Sudeste,418,8,47,0.11244019138755981,3,2023-06-04,2025-12-14,7,6.714285714285714,4.0,23.0,0,True
3301702,Duque de Caxias,33,Rio de Janeiro,Sudeste,418,8,113,0.2703349282296651,6,2018-07-22,2025-02-02,13,8.692307692307692,4.0,60.0,1,True
3301801,Engenheiro Paulo de Frontin,33,Rio de Janeiro,Sudeste,418,8,72,0.1722488038277512,7,2018-06-24,2025-11-23,14,5.142857142857143,3.5,32.0,2,True
3301850,Guapimirim,33,Rio de Janeiro,Sudeste,418,8,109,0.2607655502392344,6,2018-10-21,2025-10-12,12,9.083333333333334,5.0,36.0,2,True
3301876,Iguaba Grande,33,Rio de Janeiro,Sudeste,418,8,179,0.42822966507177035,6,2019-06-30,2025-02-02,11,16.272727272727273,8.0,100.0,2,True
3301900,Itaboraí,33,Rio de Janeiro,Sudeste,418,8,81,0.1937799043062201,4,2018-02-04,2024-12-15,8,10.125,3.5,40.0,0,True
3302007,Itaguaí,33,Rio de Janeiro,Sudeste,418,8,107,0.25598086124401914,5,2018-09-16,2024-04-07,4,26.75,26.0,54.0,2,True
3302056,Italva,33,Rio de Janeiro,Sudeste,418,8,89,0.21291866028708134,4,2018-07-08,2024-04-21,5,17.8,17.0,34.0,2,True
3302106,Itaocara,33,Rio de Janeiro,Sudeste,418,8,87,0.20813397129186603,8,2018-04-01,2025-06-08,17,5.117647058823529,4.0,15.0,2,True
3302205,Itaperuna,33,Rio de Janeiro,Sudeste,418,8,70,0.1674641148325359,5,2018-07-01,2024-05-19,8,8.75,4.0,23.0,0,True
3302254,Itatiaia,33,Rio de Janeiro,Sudeste,418,8,100,0.23923444976076555,6,2019-05-26,2024-12-15,10,10.0,2.5,63.0,1,True
3302270,Japeri,33,Rio de Janeiro,Sudeste,418,8,61,0.145933014354067,5,2019-06-02,2025-05-25,8,7.625,4.0,23.0,1,True
3302304,Laje do Muriaé,33,Rio de Janeiro,Sudeste,418,8,87,0.20813397129186603,6,2018-09-30,2025-09-28,14,6.214285714285714,4.0,31.0,1,True
3302403,Macaé,33,Rio de Janeiro,Sudeste,418,8,98,0.23444976076555024,3,2022-01-09,2024-12-22,3,32.666666666666664,41.0,54.0,2,True
3302452,Macuco,33,Rio de Janeiro,Sudeste,418,8,46,0.11004784688995216,4,2019-07-07,2024-11-03,6,7.666666666666667,4.5,16.0,0,True
3302502,Magé,33,Rio de Janeiro,Sudeste,418,8,120,0.28708133971291866,6,2018-05-20,2025-09-07,13,9.23076923076923,4.0,58.0,1,True
3302601,Mangaratiba,33,Rio de Janeiro,Sudeste,418,8,92,0.22009569377990432,4,2019-04-21,2024-09-15,8,11.5,7.5,39.0,1,True
3302700,Maricá,33,Rio de Janeiro,Sudeste,418,8,63,0.1507177033492823,4,2017-12-31,2025-11-02,7,9.0,5.0,21.0,0,True
3302809,Mendes,33,Rio de Janeiro,Sudeste,418,8,60,0.14354066985645933,4,2019-06-09,2025-12-07,7,8.571428571428571,6.0,31.0,1,True
3302858,Mesquita,33,Rio de Janeiro,Sudeste,418,8,81,0.1937799043062201,3,2022-01-09,2024-10-27,7,11.571428571428571,4.0,53.0,2,True
3302908,Miguel Pereira,33,Rio de Janeiro,Sudeste,418,8,55,0.13157894736842105,4,2019-06-09,2025-06-08,6,9.166666666666666,6.0,26.0,0,True
3303005,Miracema,33,Rio de Janeiro,Sudeste,418,8,79,0.18899521531100477,7,2018-04-29,2025-07-13,14,5.642857142857143,3.5,24.0,1,True
3303104,Natividade,33,Rio de Janeiro,Sudeste,418,8,76,0.18181818181818182,4,2018-09-23,2024-04-14,4,19.0,8.0,57.0,1,True
3303203,Nilópolis,33,Rio de Janeiro,Sudeste,418,8,96,0.22966507177033493,7,2018-09-09,2025-08-24,13,7.384615384615385,5.0,43.0,2,True
3303302,Niterói,33,Rio de Janeiro,Sudeste,418,8,3,0.007177033492822967,1,2024-02-25,2024-03-10,1,3.0,3.0,3.0,0,False
3303401,Nova Friburgo,33,Rio de Janeiro,Sudeste,418,8,62,0.14832535885167464,4,2022-09-11,2025-11-23,7,8.857142857142858,4.0,30.0,1,True
3303500,Nova Iguaçu,33,Rio de Janeiro,Sudeste,418,8,71,0.16985645933014354,3,2022-09-04,2024-12-22,5,14.2,4.0,58.0,1,True
3303609,Paracambi,33,Rio de Janeiro,Sudeste,418,8,136,0.3253588516746411,7,2018-01-28,2025-12-07,20,6.8,4.0,61.0,1,True
3303708,Paraíba do Sul,33,Rio de Janeiro,Sudeste,418,8,92,0.22009569377990432,7,2019-05-12,2025-10-26,17,5.411764705882353,3.0,36.0,2,True
3303807,Paraty,33,Rio de Janeiro,Sudeste,418,8,123,0.2942583732057416,5,2019-05-19,2024-12-29,4,30.75,26.5,60.0,2,True
3303856,Paty do Alferes,33,Rio de Janeiro,Sudeste,418,8,76,0.18181818181818182,6,2019-05-12,2025-12-07,9,8.444444444444445,4.0,29.0,2,True
3303906,Petrópolis,33,Rio de Janeiro,Sudeste,418,8,47,0.11244019138755981,2,2023-06-25,2024-08-11,3,15.666666666666666,5.0,41.0,1,True
3303955,Pinheiral,33,Rio de Janeiro,Sudeste,418,8,83,0.19856459330143542,5,2019-04-14,2025-11-30,12,6.916666666666667,4.5,26.0,1,True
3304003,Piraí,33,Rio de Janeiro,Sudeste,418,8,62,0.14832535885167464,4,2018-07-01,2024-08-11,5,12.4,10.0,36.0,1,True
3304102,Porciúncula,33,Rio de Janeiro,Sudeste,418,8,83,0.19856459330143542,6,2018-09-30,2024-03-03,6,13.833333333333334,11.0,28.0,2,True
3304110,Porto Real,33,Rio de Janeiro,Sudeste,418,8,144,0.3444976076555024,7,2018-06-10,2024-10-20,14,10.285714285714286,4.5,58.0,3,True
3304128,Quatis,33,Rio de Janeiro,Sudeste,418,8,142,0.3397129186602871,6,2019-04-07,2025-11-30,15,9.466666666666667,5.0,37.0,2,True
3304144,Queimados,33,Rio de Janeiro,Sudeste,418,8,84,0.20095693779904306,6,2018-06-24,2024-12-01,14,6.0,3.0,26.0,1,True
3304151,Quissamã,33,Rio de Janeiro,Sudeste,418,8,122,0.291866028708134,6,2018-12-16,2024-11-17,10,12.2,3.5,56.0,2,True
3304201,Resende,33,Rio de Janeiro,Sudeste,418,8,100,0.23923444976076555,4,2018-12-30,2024-09-29,7,14.285714285714286,9.0,61.0,1,True
3304300,Rio Bonito,33,Rio de Janeiro,Sudeste,418,8,102,0.24401913875598086,7,2018-04-29,2025-06-01,12,8.5,5.0,29.0,1,True
3304409,Rio Claro,33,Rio de Janeiro,Sudeste,418,8,75,0.17942583732057416,8,2017-12-31,2025-10-19,15,5.0,4.0,30.0,1,True
3304508,Rio das Flores,33,Rio de Janeiro,Sudeste,418,8,99,0.23684210526315788,5,2019-03-03,2025-12-07,9,11.0,4.0,33.0,0,True
3304524,Rio das Ostras,33,Rio de Janeiro,Sudeste,418,8,108,0.2583732057416268,5,2018-07-22,2024-06-02,8,13.5,7.5,64.0,1,True
3304557,Rio de Janeiro,33,Rio de Janeiro,Sudeste,418,8,77,0.18421052631578946,5,2018-09-30,2024-12-15,8,9.625,3.0,50.0,1,True
3304607,Santa Maria Madalena,33,Rio de Janeiro,Sudeste,418,8,30,0.07177033492822966,4,2018-07-29,2025-04-20,9,3.3333333333333335,4.0,5.0,0,True
3304706,Santo Antônio de Pádua,33,Rio de Janeiro,Sudeste,418,8,103,0.24641148325358853,8,2018-04-01,2025-09-21,17,6.0588235294117645,3.0,28.0,0,True
3304755,São Francisco de Itabapoana,33,Rio de Janeiro,Sudeste,418,8,108,0.2583732057416268,5,2018-02-18,2024-05-26,7,15.428571428571429,18.0,29.0,2,True
3304805,São Fidélis,33,Rio de Janeiro,Sudeste,418,8,41,0.09808612440191387,4,2018-06-03,2024-09-08,7,5.857142857142857,1.0,29.0,1,True
3304904,São Gonçalo,33,Rio de Janeiro,Sudeste,418,8,7,0.01674641148325359,2,2019-09-22,2024-03-17,3,2.3333333333333335,2.0,4.0,0,True
3305000,São João da Barra,33,Rio de Janeiro,Sudeste,418,8,103,0.24641148325358853,5,2018-06-10,2024-06-30,11,9.363636363636363,4.0,31.0,0,True
3305109,São João de Meriti,33,Rio de Janeiro,Sudeste,418,8,135,0.3229665071770335,7,2018-06-03,2024-06-30,13,10.384615384615385,2.0,80.0,1,True
3305133,São José de Ubá,33,Rio de Janeiro,Sudeste,418,8,81,0.1937799043062201,6,2018-11-04,2024-08-18,13,6.230769230769231,4.0,23.0,0,True
3305158,São José do Vale do Rio Preto,33,Rio de Janeiro,Sudeste,418,8,47,0.11244019138755981,3,2023-12-24,2025-10-05,4,11.75,5.5,32.0,1,True
3305208,São Pedro da Aldeia,33,Rio de Janeiro,Sudeste,418,8,80,0.19138755980861244,6,2018-06-17,2024-02-04,7,11.428571428571429,11.0,29.0,1,True
3305307,São Sebastião do Alto,33,Rio de Janeiro,Sudeste,418,8,49,0.11722488038277512,6,2018-11-11,2025-06-08,6,8.166666666666666,4.0,17.0,1,True
3305406,Sapucaia,33,Rio de Janeiro,Sudeste,418,8,70,0.1674641148325359,5,2018-09-30,2024-09-22,7,10.0,4.0,42.0,1,True
3305505,Saquarema,33,Rio de Janeiro,Sudeste,418,8,5,0.011961722488038277,1,2024-01-21,2024-03-17,2,2.5,2.5,3.0,0,False
3305554,Seropédica,33,Rio de Janeiro,Sudeste,418,8,48,0.11483253588516747,5,2018-01-28,2024-03-24,8,6.0,5.0,12.0,0,True
3305604,Silva Jardim,33,Rio de Janeiro,Sudeste,418,8,61,0.145933014354067,6,2018-10-14,2025-02-16,9,6.777777777777778,4.0,25.0,2,True
3305703,Sumidouro,33,Rio de Janeiro,Sudeste,418,8,68,0.16267942583732056,5,2018-09-16,2025-07-27,10,6.8,4.0,31.0,1,True
3305752,Tanguá,33,Rio de Janeiro,Sudeste,418,8,56,0.1339712918660287,5,2018-03-18,2025-11-09,12,4.666666666666667,4.0,9.0,0,True
3305802,Teresópolis,33,Rio de Janeiro,Sudeste,418,8,85,0.20334928229665072,6,2018-12-30,2025-11-02,11,7.7272727272727275,3.0,56.0,1,True
3305901,Trajano de Moraes,33,Rio de Janeiro,Sudeste,418,8,58,0.13875598086124402,5,2021-08-01,2025-05-18,10,5.8,4.0,17.0,0,True
3306008,Três Rios,33,Rio de Janeiro,Sudeste,418,8,80,0.19138755980861244,6,2018-11-25,2024-05-19,7,11.428571428571429,4.0,58.0,2,True
3306107,Valença,33,Rio de Janeiro,Sudeste,418,8,99,0.23684210526315788,6,2019-06-09,2025-11-30,14,7.071428571428571,4.0,42.0,1,True
3306156,Varre-Sai,33,Rio de Janeiro,Sudeste,418,8,43,0.10287081339712918,4,2019-06-23,2024-02-11,6,7.166666666666667,4.0,20.0,1,True
3306206,Vassouras,33,Rio de Janeiro,Sudeste,418,8,77,0.18421052631578946,4,2018-09-16,2024-09-29,6,12.833333333333334,7.5,33.0,0,True
3306305,Volta Redonda,33,Rio de Janeiro,Sudeste,418,8,79,0.18899521531100477,3,2019-05-05,2024-12-22,4,19.75,12.5,49.0,1,True
3500105,Adamantina,35,São Paulo,Sudeste,418,8,93,0.22248803827751196,5,2019-03-10,2024-11-10,4,23.25,17.0,57.0,2,True
3500204,Adolfo,35,São Paulo,Sudeste,418,8,91,0.21770334928229665,6,2018-04-22,2025-03-02,12,7.583333333333333,7.0,27.0,2,True
3500303,Aguaí,35,São Paulo,Sudeste,418,8,99,0.23684210526315788,5,2017-12-31,2025-05-18,7,14.142857142857142,10.0,33.0,1,True
3500402,Águas da Prata,35,São Paulo,Sudeste,418,8,83,0.19856459330143542,5,2019-02-17,2025-10-19,15,5.533333333333333,4.0,26.0,0,True
3500501,Águas de Lindóia,35,São Paulo,Sudeste,418,8,76,0.18181818181818182,4,2019-03-24,2025-11-02,7,10.857142857142858,8.0,37.0,1,True
3500550,Águas de Santa Bárbara,35,São Paulo,Sudeste,418,8,120,0.28708133971291866,5,2019-03-24,2025-12-28,8,15.0,12.0,40.0,0,True
3500600,Águas de São Pedro,35,São Paulo,Sudeste,418,8,108,0.2583732057416268,6,2019-04-28,2025-04-13,12,9.0,6.0,32.0,0,True
3500709,Agudos,35,São Paulo,Sudeste,418,8,128,0.3062200956937799,7,2018-10-28,2025-10-26,11,11.636363636363637,8.0,44.0,1,True
3500758,Alambari,35,São Paulo,Sudeste,418,8,62,0.14832535885167464,7,2018-07-22,2025-07-20,8,7.75,4.0,21.0,1,True
3500808,Alfredo Marcondes,35,São Paulo,Sudeste,418,8,103,0.24641148325358853,5,2019-05-05,2025-10-26,9,11.444444444444445,6.0,30.0,1,True
3500907,Altair,35,São Paulo,Sudeste,418,8,107,0.25598086124401914,7,2018-04-15,2025-03-16,16,6.6875,4.0,30.0,2,True
3501004,Altinópolis,35,São Paulo,Sudeste,418,8,118,0.2822966507177033,6,2019-04-21,2025-11-30,19,6.2105263157894735,3.0,33.0,2,True
3501103,Alto Alegre,35,São Paulo,Sudeste,418,8,115,0.2751196172248804,6,2019-03-10,2025-07-27,10,11.5,6.0,38.0,1,True
3501152,Alumínio,35,São Paulo,Sudeste,418,8,94,0.22488038277511962,5,2019-04-14,2025-12-28,13,7.230769230769231,4.0,35.0,1,True
3501202,Álvares Florence,35,São Paulo,Sudeste,418,8,146,0.3492822966507177,7,2018-08-19,2025-02-09,12,12.166666666666666,6.0,43.0,2,True
3501301,Álvares Machado,35,São Paulo,Sudeste,418,8,95,0.22727272727272727,7,2018-12-23,2025-06-01,9,10.555555555555555,8.0,41.0,2,True
3501400,Álvaro de Carvalho,35,São Paulo,Sudeste,418,8,94,0.22488038277511962,7,2019-02-24,2025-11-09,13,7.230769230769231,5.0,21.0,0,True
3501509,Alvinlândia,35,São Paulo,Sudeste,418,8,101,0.24162679425837322,8,2018-05-27,2025-03-16,15,6.733333333333333,4.0,25.0,1,True
3501608,Americana,35,São Paulo,Sudeste,418,8,143,0.34210526315789475,7,2019-03-17,2025-11-02,10,14.3,10.0,47.0,3,True
3501707,Américo Brasiliense,35,São Paulo,Sudeste,418,8,115,0.2751196172248804,6,2018-10-14,2025-10-05,8,14.375,3.5,52.0,1,True
3501806,Américo de Campos,35,São Paulo,Sudeste,418,8,93,0.22248803827751196,5,2018-05-27,2024-08-04,6,15.5,7.0,58.0,1,True
3501905,Amparo,35,São Paulo,Sudeste,418,8,185,0.44258373205741625,6,2018-01-07,2025-12-28,15,12.333333333333334,4.0,79.0,1,True
3502002,Analândia,35,São Paulo,Sudeste,418,8,112,0.2679425837320574,6,2019-03-03,2025-01-26,13,8.615384615384615,4.0,33.0,1,True
3502101,Andradina,35,São Paulo,Sudeste,418,8,77,0.18421052631578946,6,2018-07-22,2023-05-07,5,15.4,6.0,53.0,1,True
3502200,Angatuba,35,São Paulo,Sudeste,418,8,81,0.1937799043062201,6,2019-06-09,2025-10-26,10,8.1,5.0,30.0,0,True
3502309,Anhembi,35,São Paulo,Sudeste,418,8,139,0.33253588516746413,6,2019-03-03,2025-12-07,19,7.315789473684211,4.0,34.0,0,True
3502408,Anhumas,35,São Paulo,Sudeste,418,8,78,0.18660287081339713,5,2019-05-26,2025-04-20,6,13.0,8.5,25.0,1,True
3502507,Aparecida,35,São Paulo,Sudeste,418,8,114,0.2727272727272727,8,2018-12-09,2025-11-30,13,8.76923076923077,3.0,52.0,2,True
3502606,Aparecida d'Oeste,35,São Paulo,Sudeste,418,8,98,0.23444976076555024,7,2018-12-09,2025-12-14,15,6.533333333333333,4.0,32.0,3,True
3502705,Apiaí,35,São Paulo,Sudeste,418,8,74,0.17703349282296652,6,2019-04-14,2025-10-26,13,5.6923076923076925,4.0,31.0,0,True
3502754,Araçariguama,35,São Paulo,Sudeste,418,8,119,0.284688995215311,4,2019-04-28,2025-11-30,7,17.0,14.0,41.0,1,True
3502804,Araçatuba,35,São Paulo,Sudeste,418,8,123,0.2942583732057416,5,2019-02-03,2025-12-28,7,17.571428571428573,7.0,48.0,2,True
3502903,Araçoiaba da Serra,35,São Paulo,Sudeste,418,8,132,0.3157894736842105,7,2017-12-31,2025-03-30,17,7.764705882352941,3.0,65.0,2,True
3503000,Aramina,35,São Paulo,Sudeste,418,8,55,0.13157894736842105,4,2018-04-15,2025-08-03,6,9.166666666666666,5.0,22.0,1,True
3503109,Arandu,35,São Paulo,Sudeste,418,8,62,0.14832535885167464,4,2019-04-21,2025-03-16,5,12.4,10.0,23.0,0,True
3503158,Arapeí,35,São Paulo,Sudeste,418,8,32,0.07655502392344497,2,2020-01-19,2024-06-09,3,10.666666666666666,6.0,22.0,0,True
3503208,Araraquara,35,São Paulo,Sudeste,418,8,97,0.23205741626794257,6,2018-06-10,2025-05-25,9,10.777777777777779,4.0,36.0,1,True
3503307,Araras,35,São Paulo,Sudeste,418,8,127,0.3038277511961722,6,2019-04-14,2025-05-04,10,12.7,4.0,53.0,2,True
3503356,Arco-Íris,35,São Paulo,Sudeste,418,8,95,0.22727272727272727,6,2019-03-31,2024-11-24,9,10.555555555555555,3.0,53.0,1,True
3503406,Arealva,35,São Paulo,Sudeste,418,8,101,0.24162679425837322,4,2019-02-17,2024-12-15,8,12.625,9.0,29.0,1,True
3503505,Areias,35,São Paulo,Sudeste,418,8,84,0.20095693779904306,7,2018-04-08,2025-12-21,13,6.461538461538462,4.0,26.0,0,True
3503604,Areiópolis,35,São Paulo,Sudeste,418,8,125,0.29904306220095694,6,2019-03-17,2025-12-28,17,7.352941176470588,4.0,38.0,1,True
3503703,Ariranha,35,São Paulo,Sudeste,418,8,140,0.3349282296650718,8,2018-06-03,2025-05-25,15,9.333333333333334,4.0,61.0,2,True
3503802,Artur Nogueira,35,São Paulo,Sudeste,418,8,148,0.35406698564593303,7,2018-05-06,2025-06-15,18,8.222222222222221,4.0,35.0,0,True
3503901,Arujá,35,São Paulo,Sudeste,418,8,56,0.1339712918660287,3,2018-07-15,2024-09-22,4,14.0,14.0,27.0,0,True
3503950,Aspásia,35,São Paulo,Sudeste,418,8,121,0.2894736842105263,7,2018-01-28,2025-12-14,19,6.368421052631579,4.0,27.0,3,True
3504008,Assis,35,São Paulo,Sudeste,418,8,183,0.43779904306220097,7,2019-01-20,2025-12-07,13,14.076923076923077,4.0,57.0,3,True
3504107,Atibaia,35,São Paulo,Sudeste,418,8,185,0.44258373205741625,7,2018-01-07,2025-12-28,14,13.214285714285714,4.0,77.0,1,True
3504206,Auriflama,35,São Paulo,Sudeste,418,8,95,0.22727272727272727,6,2019-03-10,2025-03-02,10,9.5,7.5,26.0,2,True
3504305,Avaí,35,São Paulo,Sudeste,418,8,86,0.20574162679425836,7,2019-01-13,2025-06-08,13,6.615384615384615,3.0,26.0,0,True
3504404,Avanhandava,35,São Paulo,Sudeste,418,8,118,0.2822966507177033,7,2018-05-06,2025-04-20,13,9.076923076923077,5.0,28.0,0,True
3504503,Avaré,35,São Paulo,Sudeste,418,8,156,0.37320574162679426,8,2018-05-27,2025-12-21,11,14.181818181818182,5.0,71.0,1,True
3504602,Bady Bassitt,35,São Paulo,Sudeste,418,8,126,0.3014354066985646,7,2018-12-02,2025-03-16,7,18.0,16.0,41.0,2,True
3504701,Balbinos,35,São Paulo,Sudeste,418,8,78,0.18660287081339713,5,2019-03-10,2025-11-23,11,7.090909090909091,4.0,23.0,0,True
3504800,Bálsamo,35,São Paulo,Sudeste,418,8,123,0.2942583732057416,7,2018-11-25,2025-12-28,12,10.25,5.0,46.0,2,True
3504909,Bananal,35,São Paulo,Sudeste,418,8,83,0.19856459330143542,7,2019-04-28,2025-10-26,14,5.928571428571429,4.0,30.0,0,True
3505005,Barão de Antonina,35,São Paulo,Sudeste,418,8,95,0.22727272727272727,6,2020-03-08,2025-04-13,9,10.555555555555555,10.0,25.0,0,True
3505104,Barbosa,35,São Paulo,Sudeste,418,8,127,0.3038277511961722,8,2018-06-17,2025-02-16,11,11.545454545454545,5.0,39.0,3,True
3505203,Bariri,35,São Paulo,Sudeste,418,8,114,0.2727272727272727,6,2017-12-31,2025-10-26,12,9.5,3.5,41.0,1,True
3505302,Barra Bonita,35,São Paulo,Sudeste,418,8,130,0.31100478468899523,7,2018-12-02,2025-03-23,13,10.0,4.0,48.0,1,True
3505351,Barra do Chapéu,35,São Paulo,Sudeste,418,8,41,0.09808612440191387,4,2019-12-29,2025-01-12,6,6.833333333333333,4.0,21.0,1,True
3505401,Barra do Turvo,35,São Paulo,Sudeste,418,8,52,0.12440191387559808,5,2019-09-01,2025-10-12,6,8.666666666666666,6.5,21.0,0,True
3505500,Barretos,35,São Paulo,Sudeste,418,8,129,0.30861244019138756,6,2018-06-03,2025-10-19,10,12.9,7.5,34.0,1,True
3505609,Barrinha,35,São Paulo,Sudeste,418,8,91,0.21770334928229665,6,2018-06-10,2025-12-21,10,9.1,6.0,25.0,0,True
3505708,Barueri,35,São Paulo,Sudeste,418,8,129,0.30861244019138756,8,2018-06-10,2025-03-30,16,8.0625,4.0,37.0,0,True
3505807,Bastos,35,São Paulo,Sudeste,418,8,117,0.2799043062200957,6,2019-04-14,2025-12-28,11,10.636363636363637,12.0,24.0,1,True
3505906,Batatais,35,São Paulo,Sudeste,418,8,129,0.30861244019138756,6,2019-06-30,2025-11-30,11,11.727272727272727,5.0,43.0,2,True
3506003,Bauru,35,São Paulo,Sudeste,418,8,128,0.3062200956937799,5,2018-11-04,2024-12-15,6,21.333333333333332,14.5,57.0,1,True
3506102,Bebedouro,35,São Paulo,Sudeste,418,8,115,0.2751196172248804,7,2018-04-15,2025-01-12,7,16.428571428571427,8.0,41.0,2,True
3506201,Bento de Abreu,35,São Paulo,Sudeste,418,8,135,0.3229665071770335,7,2019-04-21,2025-12-07,15,9.0,5.0,22.0,1,True
3506300,Bernardino de Campos,35,São Paulo,Sudeste,418,8,120,0.28708133971291866,8,2018-04-15,2025-04-13,12,10.0,4.0,31.0,1,True
3506359,Bertioga,35,São Paulo,Sudeste,418,8,82,0.19617224880382775,6,2019-07-21,2024-04-28,6,13.666666666666666,5.5,57.0,1,True
3506409,Bilac,35,São Paulo,Sudeste,418,8,77,0.18421052631578946,8,2018-10-21,2025-02-09,12,6.416666666666667,3.5,24.0,2,True
3506508,Birigui,35,São Paulo,Sudeste,418,8,122,0.291866028708134,6,2018-12-30,2025-12-28,8,15.25,14.5,33.0,1,True
3506607,Biritiba Mirim,35,São Paulo,Sudeste,418,8,94,0.22488038277511962,6,2019-04-21,2025-03-09,8,11.75,3.5,59.0,2,True
3506706,Boa Esperança do Sul,35,São Paulo,Sudeste,418,8,127,0.3038277511961722,7,2018-07-22,2025-06-15,10,12.7,4.5,57.0,1,True
3506805,Bocaina,35,São Paulo,Sudeste,418,8,112,0.2679425837320574,6,2018-06-10,2025-01-26,15,7.466666666666667,4.0,19.0,0,True
3506904,Bofete,35,São Paulo,Sudeste,418,8,123,0.2942583732057416,6,2019-06-09,2025-12-07,12,10.25,6.5,32.0,1,True
3507001,Boituva,35,São Paulo,Sudeste,418,8,157,0.37559808612440193,7,2018-12-30,2025-12-07,15,10.466666666666667,5.0,41.0,2,True
3507100,Bom Jesus dos Perdões,35,São Paulo,Sudeste,418,8,133,0.3181818181818182,7,2017-12-31,2025-12-28,22,6.045454545454546,3.0,28.0,1,True
3507159,Bom Sucesso de Itararé,35,São Paulo,Sudeste,418,8,28,0.06698564593301436,4,2021-05-16,2025-04-06,4,7.0,5.0,14.0,0,True
3507209,Borá,35,São Paulo,Sudeste,418,8,94,0.22488038277511962,7,2018-08-26,2025-08-24,10,9.4,11.0,16.0,0,True
3507308,Boracéia,35,São Paulo,Sudeste,418,8,92,0.22009569377990432,5,2019-05-12,2024-11-03,12,7.666666666666667,4.0,32.0,1,True
3507407,Borborema,35,São Paulo,Sudeste,418,8,135,0.3229665071770335,8,2018-07-01,2025-11-02,20,6.75,4.0,21.0,2,True
3507456,Borebi,35,São Paulo,Sudeste,418,8,92,0.22009569377990432,7,2018-10-07,2025-10-05,16,5.75,4.0,21.0,0,True
3507506,Botucatu,35,São Paulo,Sudeste,418,8,134,0.32057416267942584,6,2019-05-05,2024-12-22,14,9.571428571428571,3.5,66.0,3,True
3507605,Bragança Paulista,35,São Paulo,Sudeste,418,8,114,0.2727272727272727,6,2018-08-05,2024-12-22,13,8.76923076923077,7.0,56.0,1,True
3507704,Braúna,35,São Paulo,Sudeste,418,8,84,0.20095693779904306,7,2018-06-10,2024-11-24,11,7.636363636363637,4.0,34.0,1,True
3507753,Brejo Alegre,35,São Paulo,Sudeste,418,8,122,0.291866028708134,8,2018-11-11,2025-11-16,15,8.133333333333333,6.0,22.0,0,True
3507803,Brodowski,35,São Paulo,Sudeste,418,8,80,0.19138755980861244,6,2018-12-02,2024-03-31,5,16.0,6.0,36.0,2,True
3507902,Brotas,35,São Paulo,Sudeste,418,8,123,0.2942583732057416,7,2018-06-10,2025-12-28,13,9.461538461538462,4.0,35.0,0,True
3508009,Buri,35,São Paulo,Sudeste,418,8,92,0.22009569377990432,6,2019-02-03,2025-03-30,10,9.2,6.0,26.0,0,True
3508108,Buritama,35,São Paulo,Sudeste,418,8,96,0.22966507177033493,6,2019-05-05,2025-03-23,8,12.0,5.5,36.0,2,True
3508207,Buritizal,35,São Paulo,Sudeste,418,8,70,0.1674641148325359,6,2018-06-03,2025-08-17,13,5.384615384615385,4.0,16.0,1,True
3508306,Cabrália Paulista,35,São Paulo,Sudeste,418,8,92,0.22009569377990432,6,2019-02-03,2025-11-16,11,8.363636363636363,4.0,19.0,0,True
3508405,Cabreúva,35,São Paulo,Sudeste,418,8,109,0.2607655502392344,8,2018-12-16,2025-12-14,14,7.785714285714286,5.0,29.0,2,True
3508504,Caçapava,35,São Paulo,Sudeste,418,8,120,0.28708133971291866,8,2018-06-17,2025-01-26,13,9.23076923076923,4.0,54.0,1,True
3508603,Cachoeira Paulista,35,São Paulo,Sudeste,418,8,106,0.2535885167464115,4,2018-06-10,2024-12-22,7,15.142857142857142,11.0,40.0,1,True
3508702,Caconde,35,São Paulo,Sudeste,418,8,119,0.284688995215311,8,2018-03-04,2025-08-03,16,7.4375,4.0,63.0,2,True
3508801,Cafelândia,35,São Paulo,Sudeste,418,8,88,0.21052631578947367,6,2019-03-24,2024-12-01,10,8.8,5.0,25.0,1,True
3508900,Caiabu,35,São Paulo,Sudeste,418,8,72,0.1722488038277512,6,2019-04-14,2025-08-03,10,7.2,4.5,24.0,0,True
3509007,Caieiras,35,São Paulo,Sudeste,418,8,94,0.22488038277511962,5,2019-04-07,2025-12-07,9,10.444444444444445,4.0,36.0,1,True
3509106,Caiuá,35,São Paulo,Sudeste,418,8,78,0.18660287081339713,5,2018-09-09,2023-05-28,6,13.0,13.5,23.0,1,True
3509205,Cajamar,35,São Paulo,Sudeste,418,8,54,0.1291866028708134,3,2019-04-21,2025-12-14,5,10.8,7.0,22.0,0,True
3509254,Cajati,35,São Paulo,Sudeste,418,8,83,0.19856459330143542,5,2019-05-05,2025-11-23,12,6.916666666666667,4.0,25.0,1,True
3509304,Cajobi,35,São Paulo,Sudeste,418,8,117,0.2799043062200957,6,2019-04-07,2025-12-07,12,9.75,6.5,23.0,1,True
3509403,Cajuru,35,São Paulo,Sudeste,418,8,167,0.39952153110047844,8,2018-05-27,2025-06-29,18,9.277777777777779,5.5,41.0,1,True
3509452,Campina do Monte Alegre,35,São Paulo,Sudeste,418,8,82,0.19617224880382775,6,2019-06-23,2025-12-07,13,6.3076923076923075,4.0,26.0,0,True
3509502,Campinas,35,São Paulo,Sudeste,418,8,151,0.361244019138756,5,2019-03-10,2025-12-07,5,30.2,23.0,79.0,1,True
3509601,Campo Limpo Paulista,35,São Paulo,Sudeste,418,8,137,0.3277511961722488,7,2018-01-07,2025-12-07,14,9.785714285714286,5.0,33.0,1,True
3509700,Campos do Jordão,35,São Paulo,Sudeste,418,8,64,0.15311004784688995,5,2019-07-28,2025-12-28,9,7.111111111111111,4.0,32.0,1,True
3509809,Campos Novos Paulista,35,São Paulo,Sudeste,418,8,114,0.2727272727272727,6,2019-02-24,2025-12-14,12,9.5,6.0,22.0,1,True
3509908,Cananéia,35,São Paulo,Sudeste,418,8,76,0.18181818181818182,5,2019-05-12,2025-07-20,9,8.444444444444445,4.0,25.0,2,True
3509957,Canas,35,São Paulo,Sudeste,418,8,66,0.15789473684210525,6,2019-08-04,2024-10-06,9,7.333333333333333,2.0,25.0,1,True
3510005,Cândido Mota,35,São Paulo,Sudeste,418,8,150,0.3588516746411483,7,2019-04-21,2025-12-07,13,11.538461538461538,2.0,68.0,2,True
3510104,Cândido Rodrigues,35,São Paulo,Sudeste,418,8,97,0.23205741626794257,6,2018-09-09,2025-04-20,10,9.7,7.5,30.0,1,True
3510153,Canitar,35,São Paulo,Sudeste,418,8,108,0.2583732057416268,6,2019-02-17,2025-04-06,15,7.2,7.0,20.0,0,True
3510203,Capão Bonito,35,São Paulo,Sudeste,418,8,114,0.2727272727272727,7,2019-03-03,2025-02-02,17,6.705882352941177,4.0,25.0,0,True
3510302,Capela do Alto,35,São Paulo,Sudeste,418,8,112,0.2679425837320574,6,2019-05-19,2024-12-15,11,10.181818181818182,5.0,44.0,0,True
3510401,Capivari,35,São Paulo,Sudeste,418,8,91,0.21770334928229665,7,2019-04-28,2025-12-14,13,7.0,2.0,37.0,1,True
3510500,Caraguatatuba,35,São Paulo,Sudeste,418,8,130,0.31100478468899523,7,2018-11-25,2024-12-29,7,18.571428571428573,2.0,60.0,2,True
3510609,Carapicuíba,35,São Paulo,Sudeste,418,8,104,0.24880382775119617,5,2018-07-29,2025-12-28,8,13.0,8.0,36.0,1,True
3510708,Cardoso,35,São Paulo,Sudeste,418,8,123,0.2942583732057416,8,2018-01-21,2025-03-02,14,8.785714285714286,4.0,44.0,1,True
3510807,Casa Branca,35,São Paulo,Sudeste,418,8,117,0.2799043062200957,6,2018-01-07,2024-12-29,7,16.714285714285715,13.0,51.0,2,True
3510906,Cássia dos Coqueiros,35,São Paulo,Sudeste,418,8,80,0.19138755980861244,8,2017-12-31,2025-08-10,17,4.705882352941177,4.0,20.0,0,True
3511003,Castilho,35,São Paulo,Sudeste,418,8,84,0.20095693779904306,5,2018-07-22,2022-10-02,9,9.333333333333334,8.0,19.0,1,True
3511102,Catanduva,35,São Paulo,Sudeste,418,8,162,0.3875598086124402,6,2018-08-19,2025-04-06,7,23.142857142857142,11.0,69.0,2,True
3511201,Catiguá,35,São Paulo,Sudeste,418,8,144,0.3444976076555024,8,2018-12-23,2025-12-07,17,8.470588235294118,4.0,25.0,3,True
3511300,Cedral,35,São Paulo,Sudeste,418,8,122,0.291866028708134,8,2018-04-29,2025-12-28,14,8.714285714285714,5.0,34.0,2,True
3511409,Cerqueira César,35,São Paulo,Sudeste,418,8,103,0.24641148325358853,6,2019-03-31,2025-11-09,14,7.357142857142857,4.0,23.0,0,True
3511508,Cerquilho,35,São Paulo,Sudeste,418,8,191,0.4569377990430622,7,2019-03-31,2025-12-28,21,9.095238095238095,4.0,43.0,2,True
3511607,Cesário Lange,35,São Paulo,Sudeste,418,8,92,0.22009569377990432,5,2018-10-28,2025-03-16,10,9.2,4.0,34.0,0,True
3511706,Charqueada,35,São Paulo,Sudeste,418,8,177,0.423444976076555,7,2019-02-24,2025-11-30,16,11.0625,5.5,49.0,1,True
3511904,Clementina,35,São Paulo,Sudeste,418,8,139,0.33253588516746413,7,2018-11-25,2025-10-19,18,7.722222222222222,4.0,30.0,2,True
3512001,Colina,35,São Paulo,Sudeste,418,8,99,0.23684210526315788,5,2018-06-17,2024-12-22,12,8.25,5.0,37.0,1,True
3512100,Colômbia,35,São Paulo,Sudeste,418,8,72,0.1722488038277512,4,2018-06-24,2023-09-03,8,9.0,5.0,32.0,0,True
3512209,Conchal,35,São Paulo,Sudeste,418,8,83,0.19856459330143542,6,2018-06-24,2025-11-16,10,8.3,4.0,27.0,1,True
3512308,Conchas,35,São Paulo,Sudeste,418,8,155,0.3708133971291866,7,2018-04-29,2025-11-16,14,11.071428571428571,4.0,46.0,2,True
3512407,Cordeirópolis,35,São Paulo,Sudeste,418,8,159,0.3803827751196172,7,2018-07-01,2025-05-04,15,10.6,4.0,40.0,0,True
3512506,Coroados,35,São Paulo,Sudeste,418,8,103,0.24641148325358853,6,2019-04-14,2025-03-02,11,9.363636363636363,4.0,29.0,1,True
3512605,Coronel Macedo,35,São Paulo,Sudeste,418,8,70,0.1674641148325359,5,2019-03-31,2025-02-23,9,7.777777777777778,4.0,29.0,1,True
3512704,Corumbataí,35,São Paulo,Sudeste,418,8,97,0.23205741626794257,7,2019-06-02,2025-11-23,17,5.705882352941177,4.0,19.0,0,True
3512803,Cosmópolis,35,São Paulo,Sudeste,418,8,153,0.3660287081339713,6,2019-04-07,2025-09-28,12,12.75,6.5,45.0,1,True
3512902,Cosmorama,35,São Paulo,Sudeste,418,8,124,0.2966507177033493,8,2018-04-29,2025-04-20,17,7.294117647058823,4.0,38.0,1,True
3513009,Cotia,35,São Paulo,Sudeste,418,8,91,0.21770334928229665,6,2018-07-29,2025-11-09,11,8.272727272727273,2.0,39.0,0,True
3513108,Cravinhos,35,São Paulo,Sudeste,418,8,140,0.3349282296650718,7,2019-03-31,2025-11-09,16,8.75,3.0,39.0,2,True
3513207,Cristais Paulista,35,São Paulo,Sudeste,418,8,59,0.14114832535885166,4,2019-01-20,2024-06-23,6,9.833333333333334,7.5,24.0,0,True
3513306,Cruzália,35,São Paulo,Sudeste,418,8,101,0.24162679425837322,7,2018-07-01,2024-12-08,14,7.214285714285714,5.0,18.0,0,True
3513405,Cruzeiro,35,São Paulo,Sudeste,418,8,77,0.18421052631578946,5,2018-07-15,2024-10-20,11,7.0,2.0,30.0,1,True
3513504,Cubatão,35,São Paulo,Sudeste,418,8,117,0.2799043062200957,4,2019-06-02,2024-12-15,8,14.625,4.0,76.0,1,True
3513603,Cunha,35,São Paulo,Sudeste,418,8,94,0.22488038277511962,7,2018-06-24,2025-01-26,15,6.266666666666667,4.0,33.0,0,True
3513702,Descalvado,35,São Paulo,Sudeste,418,8,107,0.25598086124401914,6,2019-05-26,2025-04-20,6,17.833333333333332,7.0,63.0,1,True
3513801,Diadema,35,São Paulo,Sudeste,418,8,111,0.26555023923444976,6,2019-04-14,2025-12-07,9,12.333333333333334,2.0,67.0,2,True
3513850,Dirce Reis,35,São Paulo,Sudeste,418,8,75,0.17942583732057416,7,2019-05-12,2025-08-31,11,6.818181818181818,2.0,26.0,1,True
3513900,Divinolândia,35,São Paulo,Sudeste,418,8,86,0.20574162679425836,7,2017-12-31,2025-04-13,13,6.615384615384615,4.0,21.0,0,True
3514007,Dobrada,35,São Paulo,Sudeste,418,8,84,0.20095693779904306,5,2019-03-10,2025-04-06,10,8.4,6.0,23.0,2,True
3514106,Dois Córregos,35,São Paulo,Sudeste,418,8,127,0.3038277511961722,5,2019-02-24,2024-06-30,11,11.545454545454545,7.0,38.0,1,True
3514205,Dolcinópolis,35,São Paulo,Sudeste,418,8,97,0.23205741626794257,7,2019-04-07,2025-01-19,14,6.928571428571429,4.0,18.0,1,True
3514304,Dourado,35,São Paulo,Sudeste,418,8,131,0.3133971291866029,6,2018-09-23,2024-06-16,13,10.076923076923077,4.0,31.0,1,True
3514403,Dracena,35,São Paulo,Sudeste,418,8,127,0.3038277511961722,7,2018-07-01,2025-12-14,13,9.76923076923077,4.0,68.0,2,True
3514502,Duartina,35,São Paulo,Sudeste,418,8,96,0.22966507177033493,6,2019-01-13,2025-07-20,13,7.384615384615385,4.0,26.0,0,True
3514601,Dumont,35,São Paulo,Sudeste,418,8,104,0.24880382775119617,6,2019-04-21,2025-11-09,13,8.0,3.0,34.0,2,True
3514700,Echaporã,35,São Paulo,Sudeste,418,8,110,0.2631578947368421,7,2019-02-03,2025-04-27,16,6.875,4.0,19.0,2,True
3514809,Eldorado,35,São Paulo,Sudeste,418,8,63,0.1507177033492823,6,2018-05-13,2025-12-14,9,7.0,4.0,21.0,0,True
3514908,Elias Fausto,35,São Paulo,Sudeste,418,8,108,0.2583732057416268,7,2019-04-07,2025-11-09,9,12.0,3.0,70.0,1,True
3514924,Elisiário,35,São Paulo,Sudeste,418,8,114,0.2727272727272727,8,2018-07-29,2025-11-23,18,6.333333333333333,3.0,22.0,2,True
3514957,Embaúba,35,São Paulo,Sudeste,418,8,113,0.2703349282296651,8,2018-01-21,2025-09-21,21,5.380952380952381,4.0,20.0,0,True
3515004,Embu das Artes,35,São Paulo,Sudeste,418,8,90,0.215311004784689,4,2019-04-28,2024-12-22,5,18.0,8.0,52.0,0,True
3515103,Embu-Guaçu,35,São Paulo,Sudeste,418,8,81,0.1937799043062201,6,2017-12-31,2025-09-28,12,6.75,2.5,38.0,0,True
3515129,Emilianópolis,35,São Paulo,Sudeste,418,8,96,0.22966507177033493,6,2019-05-12,2025-11-09,12,8.0,7.0,22.0,1,True
3515152,Engenheiro Coelho,35,São Paulo,Sudeste,418,8,131,0.3133971291866029,8,2018-06-03,2025-05-04,13,10.076923076923077,5.0,27.0,2,True
3515186,Espírito Santo do Pinhal,35,São Paulo,Sudeste,418,8,135,0.3229665071770335,7,2018-05-20,2025-12-28,14,9.642857142857142,3.5,45.0,2,True
3515194,Espírito Santo do Turvo,35,São Paulo,Sudeste,418,8,89,0.21291866028708134,6,2018-09-23,2025-09-07,9,9.88888888888889,5.0,22.0,0,True
3515202,Estrela d'Oeste,35,São Paulo,Sudeste,418,8,123,0.2942583732057416,6,2017-12-31,2025-03-09,6,20.5,20.0,44.0,2,True
3515301,Estrela do Norte,35,São Paulo,Sudeste,418,8,83,0.19856459330143542,5,2020-04-05,2025-11-16,12,6.916666666666667,4.0,26.0,1,True
3515350,Euclides da Cunha Paulista,35,São Paulo,Sudeste,418,8,97,0.23205741626794257,5,2018-07-08,2023-04-16,9,10.777777777777779,4.0,42.0,1,True
3515400,Fartura,35,São Paulo,Sudeste,418,8,97,0.23205741626794257,6,2019-03-17,2025-11-09,15,6.466666666666667,4.0,25.0,1,True
3515509,Fernandópolis,35,São Paulo,Sudeste,418,8,97,0.23205741626794257,5,2018-11-18,2025-03-02,3,32.333333333333336,41.0,52.0,2,True
3515608,Fernando Prestes,35,São Paulo,Sudeste,418,8,117,0.2799043062200957,7,2018-05-06,2025-02-09,14,8.357142857142858,5.5,24.0,2,True
3515657,Fernão,35,São Paulo,Sudeste,418,8,75,0.17942583732057416,7,2019-02-10,2025-04-06,14,5.357142857142857,4.0,12.0,0,True
3515707,Ferraz de Vasconcelos,35,São Paulo,Sudeste,418,8,124,0.2966507177033493,8,2018-10-28,2025-12-14,13,9.538461538461538,5.0,37.0,1,True
3515806,Flora Rica,35,São Paulo,Sudeste,418,8,55,0.13157894736842105,4,2019-06-16,2024-10-13,6,9.166666666666666,6.0,23.0,0,True
3515905,Floreal,35,São Paulo,Sudeste,418,8,110,0.2631578947368421,8,2018-12-02,2025-05-25,18,6.111111111111111,3.5,22.0,1,True
3516002,Flórida Paulista,35,São Paulo,Sudeste,418,8,104,0.24880382775119617,6,2019-01-13,2025-11-16,7,14.857142857142858,6.0,35.0,2,True
3516101,Florínea,35,São Paulo,Sudeste,418,8,126,0.3014354066985646,7,2019-02-10,2025-12-28,19,6.631578947368421,4.0,22.0,1,True
3516200,Franca,35,São Paulo,Sudeste,418,8,138,0.33014354066985646,6,2018-08-05,2025-11-23,11,12.545454545454545,10.0,38.0,2,True
3516309,Francisco Morato,35,São Paulo,Sudeste,418,8,89,0.21291866028708134,5,2018-08-12,2025-12-14,6,14.833333333333334,4.0,43.0,1,True
3516408,Franco da Rocha,35,São Paulo,Sudeste,418,8,119,0.284688995215311,5,2019-04-28,2024-12-22,8,14.875,4.5,63.0,2,True
3516507,Gabriel Monteiro,35,São Paulo,Sudeste,418,8,98,0.23444976076555024,7,2019-04-14,2025-09-21,12,8.166666666666666,4.5,26.0,1,True
3516606,Gália,35,São Paulo,Sudeste,418,8,118,0.2822966507177033,7,2018-05-06,2025-11-30,15,7.866666666666666,4.0,27.0,1,True
3516705,Garça,35,São Paulo,Sudeste,418,8,167,0.39952153110047844,6,2019-01-27,2025-12-14,11,15.181818181818182,13.0,45.0,3,True
3516804,Gastão Vidigal,35,São Paulo,Sudeste,418,8,96,0.22966507177033493,6,2019-01-20,2025-12-07,11,8.727272727272727,7.0,33.0,1,True
3516853,Gavião Peixoto,35,São Paulo,Sudeste,418,8,102,0.24401913875598086,6,2018-11-18,2024-11-03,11,9.272727272727273,4.0,40.0,1,True
3516903,General Salgado,35,São Paulo,Sudeste,418,8,136,0.3253588516746411,8,2018-06-17,2025-03-16,15,9.066666666666666,5.0,38.0,3,True
3517000,Getulina,35,São Paulo,Sudeste,418,8,101,0.24162679425837322,7,2018-07-01,2025-07-06,13,7.769230769230769,4.0,25.0,1,True
3517109,Glicério,35,São Paulo,Sudeste,418,8,86,0.20574162679425836,6,2018-11-11,2025-04-06,7,12.285714285714286,5.0,31.0,1,True
3517208,Guaiçara,35,São Paulo,Sudeste,418,8,113,0.2703349282296651,8,2018-12-09,2025-03-30,17,6.647058823529412,4.0,33.0,3,True
3517307,Guaimbê,35,São Paulo,Sudeste,418,8,103,0.24641148325358853,7,2018-02-18,2025-09-14,9,11.444444444444445,8.0,37.0,1,True
3517406,Guaíra,35,São Paulo,Sudeste,418,8,132,0.3157894736842105,8,2018-07-01,2025-12-07,16,8.25,2.0,38.0,2,True
3517505,Guapiaçu,35,São Paulo,Sudeste,418,8,107,0.25598086124401914,6,2019-02-17,2025-11-09,13,8.23076923076923,2.0,46.0,2,True
3517604,Guapiara,35,São Paulo,Sudeste,418,8,74,0.17703349282296652,7,2017-12-31,2025-03-09,9,8.222222222222221,6.0,27.0,1,True
3517703,Guará,35,São Paulo,Sudeste,418,8,61,0.145933014354067,4,2018-03-04,2024-03-03,7,8.714285714285714,4.0,26.0,0,True
3517802,Guaraçaí,35,São Paulo,Sudeste,418,8,112,0.2679425837320574,6,2018-07-22,2025-02-16,10,11.2,5.5,39.0,2,True
3517901,Guaraci,35,São Paulo,Sudeste,418,8,110,0.2631578947368421,6,2018-07-01,2024-12-01,11,10.0,4.0,39.0,2,True
3518008,Guarani d'Oeste,35,São Paulo,Sudeste,418,8,123,0.2942583732057416,7,2019-03-03,2025-02-23,12,10.25,6.0,37.0,2,True
3518107,Guarantã,35,São Paulo,Sudeste,418,8,86,0.20574162679425836,8,2018-08-12,2025-11-02,11,7.818181818181818,4.0,24.0,0,True
3518206,Guararapes,35,São Paulo,Sudeste,418,8,163,0.38995215311004783,7,2018-05-13,2025-04-06,7,23.285714285714285,10.0,65.0,2,True
3518305,Guararema,35,São Paulo,Sudeste,418,8,125,0.29904306220095694,7,2018-08-12,2024-07-07,13,9.615384615384615,4.0,33.0,1,True
3518404,Guaratinguetá,35,São Paulo,Sudeste,418,8,133,0.3181818181818182,5,2019-04-07,2024-10-13,6,22.166666666666668,4.5,63.0,2,True
3518503,Guareí,35,São Paulo,Sudeste,418,8,93,0.22248803827751196,7,2019-03-10,2025-12-21,15,6.2,4.0,30.0,0,True
3518602,Guariba,35,São Paulo,Sudeste,418,8,120,0.28708133971291866,7,2018-10-21,2025-10-26,17,7.0588235294117645,4.0,24.0,0,True
3518701,Guarujá,35,São Paulo,Sudeste,418,8,189,0.45215311004784686,8,2018-08-19,2025-12-07,10,18.9,10.0,58.0,1,True
3518800,Guarulhos,35,São Paulo,Sudeste,418,8,93,0.22248803827751196,4,2019-03-24,2025-12-07,8,11.625,4.0,44.0,1,True
3518859,Guatapará,35,São Paulo,Sudeste,418,8,106,0.2535885167464115,8,2018-12-02,2025-09-14,13,8.153846153846153,4.0,22.0,1,True
3518909,Guzolândia,35,São Paulo,Sudeste,418,8,113,0.2703349282296651,8,2018-08-19,2025-02-23,12,9.416666666666666,4.0,35.0,2,True
3519006,Herculândia,35,São Paulo,Sudeste,418,8,101,0.24162679425837322,5,2017-12-31,2023-04-30,14,7.214285714285714,4.0,29.0,0,True
3519055,Holambra,35,São Paulo,Sudeste,418,8,132,0.3157894736842105,7,2018-04-01,2025-04-06,12,11.0,7.0,39.0,1,True
3519071,Hortolândia,35,São Paulo,Sudeste,418,8,100,0.23923444976076555,5,2019-04-28,2025-12-07,12,8.333333333333334,3.5,37.0,0,True
3519105,Iacanga,35,São Paulo,Sudeste,418,8,129,0.30861244019138756,7,2018-12-02,2025-02-09,8,16.125,12.5,48.0,2,True
3519204,Iacri,35,São Paulo,Sudeste,418,8,135,0.3229665071770335,7,2019-04-14,2025-03-02,11,12.272727272727273,8.0,24.0,1,True
3519253,Iaras,35,São Paulo,Sudeste,418,8,112,0.2679425837320574,7,2018-02-11,2025-06-01,14,8.0,5.0,21.0,1,True
3519303,Ibaté,35,São Paulo,Sudeste,418,8,131,0.3133971291866029,7,2018-07-29,2025-11-23,16,8.1875,4.0,31.0,1,True
3519402,Ibirá,35,São Paulo,Sudeste,418,8,110,0.2631578947368421,6,2018-08-12,2025-03-09,6,18.333333333333332,16.0,40.0,2,True
3519501,Ibirarema,35,São Paulo,Sudeste,418,8,116,0.27751196172248804,8,2018-08-26,2025-04-13,11,10.545454545454545,9.0,32.0,1,True
3519600,Ibitinga,35,São Paulo,Sudeste,418,8,122,0.291866028708134,6,2019-05-12,2025-04-06,8,15.25,12.0,49.0,1,True
3519709,Ibiúna,35,São Paulo,Sudeste,418,8,103,0.24641148325358853,7,2018-10-21,2025-12-28,11,9.363636363636363,4.0,52.0,1,True
3519808,Icém,35,São Paulo,Sudeste,418,8,88,0.21052631578947367,7,2018-01-07,2025-08-24,12,7.333333333333333,4.0,27.0,2,True
3519907,Iepê,35,São Paulo,Sudeste,418,8,113,0.2703349282296651,6,2018-04-22,2025-08-03,13,8.692307692307692,5.0,36.0,2,True
3520004,Igaraçu do Tietê,35,São Paulo,Sudeste,418,8,137,0.3277511961722488,7,2019-02-17,2025-12-28,13,10.538461538461538,7.0,42.0,2,True
3520103,Igarapava,35,São Paulo,Sudeste,418,8,79,0.18899521531100477,6,2018-10-21,2025-11-16,7,11.285714285714286,5.0,36.0,1,True
3520202,Igaratá,35,São Paulo,Sudeste,418,8,47,0.11244019138755981,6,2019-05-05,2025-12-28,9,5.222222222222222,4.0,25.0,0,True
3520301,Iguape,35,São Paulo,Sudeste,418,8,119,0.284688995215311,8,2018-12-09,2025-12-07,15,7.933333333333334,4.0,34.0,1,True
3520400,Ilhabela,35,São Paulo,Sudeste,418,8,154,0.3684210526315789,6,2018-07-01,2024-11-24,14,11.0,8.5,29.0,1,True
3520426,Ilha Comprida,35,São Paulo,Sudeste,418,8,96,0.22966507177033493,6,2018-06-10,2025-10-19,12,8.0,4.0,30.0,0,True
3520442,Ilha Solteira,35,São Paulo,Sudeste,418,8,91,0.21770334928229665,7,2018-09-02,2025-06-08,9,10.11111111111111,6.0,26.0,1,True
3520509,Indaiatuba,35,São Paulo,Sudeste,418,8,137,0.3277511961722488,6,2019-05-19,2025-12-14,12,11.416666666666666,3.5,72.0,1,True
3520608,Indiana,35,São Paulo,Sudeste,418,8,112,0.2679425837320574,7,2018-11-25,2025-11-09,13,8.615384615384615,7.0,23.0,2,True
3520707,Indiaporã,35,São Paulo,Sudeste,418,8,114,0.2727272727272727,6,2018-05-20,2025-02-16,13,8.76923076923077,4.0,33.0,3,True
3520806,Inúbia Paulista,35,São Paulo,Sudeste,418,8,100,0.23923444976076555,5,2018-02-25,2023-02-26,6,16.666666666666668,20.5,27.0,2,True
3520905,Ipaussu,35,São Paulo,Sudeste,418,8,153,0.3660287081339713,7,2019-03-03,2025-04-27,14,10.928571428571429,10.5,36.0,3,True
3521002,Iperó,35,São Paulo,Sudeste,418,8,87,0.20813397129186603,5,2019-05-05,2024-08-18,5,17.4,11.0,53.0,1,True
3521101,Ipeúna,35,São Paulo,Sudeste,418,8,143,0.34210526315789475,7,2019-03-10,2025-11-09,16,8.9375,4.0,41.0,2,True
3521150,Ipiguá,35,São Paulo,Sudeste,418,8,93,0.22248803827751196,5,2018-07-08,2025-07-13,9,10.333333333333334,10.0,29.0,1,True
3521200,Iporanga,35,São Paulo,Sudeste,418,8,74,0.17703349282296652,5,2019-03-31,2025-09-21,8,9.25,5.5,24.0,1,True
3521309,Ipuã,35,São Paulo,Sudeste,418,8,87,0.20813397129186603,5,2018-06-17,2025-06-08,9,9.666666666666666,9.0,25.0,1,True
3521408,Iracemápolis,35,São Paulo,Sudeste,418,8,139,0.33253588516746413,6,2018-01-28,2025-10-19,10,13.9,10.5,39.0,0,True
3521507,Irapuã,35,São Paulo,Sudeste,418,8,158,0.37799043062200954,7,2018-12-09,2025-12-28,20,7.9,4.5,20.0,3,True
3521606,Irapuru,35,São Paulo,Sudeste,418,8,106,0.2535885167464115,5,2018-12-30,2023-10-29,9,11.777777777777779,4.0,40.0,2,True
3521705,Itaberá,35,São Paulo,Sudeste,418,8,106,0.2535885167464115,8,2018-09-09,2025-12-28,14,7.571428571428571,4.0,36.0,0,True
3521804,Itaí,35,São Paulo,Sudeste,418,8,144,0.3444976076555024,7,2019-01-20,2025-09-21,15,9.6,4.0,59.0,1,True
3521903,Itajobi,35,São Paulo,Sudeste,418,8,129,0.30861244019138756,7,2018-05-06,2025-03-23,10,12.9,9.5,48.0,1,True
3522000,Itaju,35,São Paulo,Sudeste,418,8,124,0.2966507177033493,7,2019-03-10,2025-11-16,15,8.266666666666667,4.0,42.0,1,True
3522109,Itanhaém,35,São Paulo,Sudeste,418,8,164,0.3923444976076555,6,2019-03-03,2025-12-28,14,11.714285714285714,6.0,37.0,0,True
3522158,Itaoca,35,São Paulo,Sudeste,418,8,26,0.06220095693779904,4,2022-04-24,2025-03-16,5,5.2,4.0,11.0,0,True
3522208,Itapecerica da Serra,35,São Paulo,Sudeste,418,8,77,0.18421052631578946,6,2019-06-16,2025-12-21,14,5.5,3.0,36.0,1,True
3522307,Itapetininga,35,São Paulo,Sudeste,418,8,138,0.33014354066985646,6,2019-04-07,2024-12-08,15,9.2,4.0,53.0,1,True
3522406,Itapeva,35,São Paulo,Sudeste,418,8,161,0.38516746411483255,7,2019-03-31,2025-12-28,17,9.470588235294118,5.0,37.0,2,True
3522505,Itapevi,35,São Paulo,Sudeste,418,8,124,0.2966507177033493,7,2018-07-29,2025-11-16,14,8.857142857142858,4.0,39.0,1,True
3522604,Itapira,35,São Paulo,Sudeste,418,8,111,0.26555023923444976,5,2019-03-03,2025-03-02,11,10.090909090909092,4.0,41.0,2,True
3522653,Itapirapuã Paulista,35,São Paulo,Sudeste,418,8,40,0.09569377990430622,4,2019-04-07,2025-06-22,5,8.0,4.0,15.0,0,True
3522703,Itápolis,35,São Paulo,Sudeste,418,8,88,0.21052631578947367,6,2018-07-22,2024-10-06,8,11.0,9.5,27.0,2,True
3522802,Itaporanga,35,São Paulo,Sudeste,418,8,136,0.3253588516746411,7,2018-01-14,2025-11-30,20,6.8,4.0,24.0,0,True
3522901,Itapuí,35,São Paulo,Sudeste,418,8,106,0.2535885167464115,7,2018-03-18,2025-12-28,16,6.625,4.0,26.0,1,True
3523008,Itapura,35,São Paulo,Sudeste,418,8,87,0.20813397129186603,7,2018-11-18,2024-07-14,14,6.214285714285714,4.0,30.0,1,True
3523107,Itaquaquecetuba,35,São Paulo,Sudeste,418,8,112,0.2679425837320574,7,2018-06-17,2025-01-05,12,9.333333333333334,4.0,53.0,1,True
3523206,Itararé,35,São Paulo,Sudeste,418,8,160,0.3827751196172249,7,2019-06-16,2025-12-28,15,10.666666666666666,5.0,32.0,0,True
3523305,Itariri,35,São Paulo,Sudeste,418,8,68,0.16267942583732056,8,2018-08-05,2025-06-08,11,6.181818181818182,4.0,28.0,0,True
3523404,Itatiba,35,São Paulo,Sudeste,418,8,105,0.2511961722488038,6,2019-04-14,2025-11-30,11,9.545454545454545,4.0,53.0,1,True
3523503,Itatinga,35,São Paulo,Sudeste,418,8,113,0.2703349282296651,6,2019-02-24,2025-06-08,10,11.3,4.0,40.0,2,True
3523602,Itirapina,35,São Paulo,Sudeste,418,8,126,0.3014354066985646,7,2019-02-03,2025-10-05,16,7.875,4.0,39.0,0,True
3523701,Itirapuã,35,São Paulo,Sudeste,418,8,50,0.11961722488038277,5,2018-07-01,2024-06-16,9,5.555555555555555,4.0,14.0,1,True
3523800,Itobi,35,São Paulo,Sudeste,418,8,92,0.22009569377990432,7,2018-06-24,2025-04-20,15,6.133333333333334,3.0,27.0,0,True
3523909,Itu,35,São Paulo,Sudeste,418,8,131,0.3133971291866029,6,2019-08-18,2025-03-23,11,11.909090909090908,4.0,81.0,2,True
3524006,Itupeva,35,São Paulo,Sudeste,418,8,123,0.2942583732057416,6,2019-02-10,2025-02-02,15,8.2,4.0,28.0,1,True
3524105,Ituverava,35,São Paulo,Sudeste,418,8,62,0.14832535885167464,4,2018-06-10,2023-04-09,7,8.857142857142858,6.0,31.0,1,True
3524204,Jaborandi,35,São Paulo,Sudeste,418,8,77,0.18421052631578946,7,2019-03-17,2025-12-14,12,6.416666666666667,4.0,20.0,1,True
3524303,Jaboticabal,35,São Paulo,Sudeste,418,8,113,0.2703349282296651,8,2018-07-01,2025-03-23,9,12.555555555555555,7.0,39.0,2,True
3524402,Jacareí,35,São Paulo,Sudeste,418,8,170,0.40669856459330145,6,2019-04-14,2025-12-28,17,10.0,4.0,61.0,1,True
3524501,Jaci,35,São Paulo,Sudeste,418,8,111,0.26555023923444976,7,2018-06-24,2025-03-30,11,10.090909090909092,8.0,36.0,2,True
3524600,Jacupiranga,35,São Paulo,Sudeste,418,8,91,0.21770334928229665,6,2018-08-12,2024-11-10,14,6.5,4.0,32.0,1,True
3524709,Jaguariúna,35,São Paulo,Sudeste,418,8,139,0.33253588516746413,6,2018-03-11,2025-04-06,9,15.444444444444445,8.0,69.0,1,True
3524808,Jales,35,São Paulo,Sudeste,418,8,106,0.2535885167464115,6,2018-11-25,2025-03-16,4,26.5,31.0,38.0,3,True
3524907,Jambeiro,35,São Paulo,Sudeste,418,8,72,0.1722488038277512,7,2018-10-21,2025-12-07,13,5.538461538461538,3.0,33.0,0,True
3525003,Jandira,35,São Paulo,Sudeste,418,8,93,0.22248803827751196,5,2018-06-17,2025-06-29,9,10.333333333333334,4.0,41.0,0,True
3525102,Jardinópolis,35,São Paulo,Sudeste,418,8,126,0.3014354066985646,7,2019-05-19,2025-12-21,14,9.0,6.0,43.0,2,True
3525201,Jarinu,35,São Paulo,Sudeste,418,8,158,0.37799043062200954,8,2018-11-04,2025-04-06,20,7.9,2.5,70.0,1,True
3525300,Jaú,35,São Paulo,Sudeste,418,8,126,0.3014354066985646,7,2018-09-16,2025-03-23,10,12.6,4.0,50.0,1,True
3525409,Jeriquara,35,São Paulo,Sudeste,418,8,76,0.18181818181818182,5,2018-03-04,2024-05-19,10,7.6,4.0,25.0,0,True
3525508,Joanópolis,35,São Paulo,Sudeste,418,8,120,0.28708133971291866,6,2019-05-19,2025-12-28,21,5.714285714285714,4.0,32.0,1,True
3525607,João Ramalho,35,São Paulo,Sudeste,418,8,93,0.22248803827751196,6,2018-01-14,2025-08-24,13,7.153846153846154,4.0,16.0,0,True
3525706,José Bonifácio,35,São Paulo,Sudeste,418,8,100,0.23923444976076555,7,2018-10-28,2025-03-02,8,12.5,8.0,38.0,1,True
3525805,Júlio Mesquita,35,São Paulo,Sudeste,418,8,105,0.2511961722488038,7,2019-03-31,2025-04-06,11,9.545454545454545,6.0,23.0,1,True
3525854,Jumirim,35,São Paulo,Sudeste,418,8,71,0.16985645933014354,8,2018-07-29,2025-03-30,13,5.461538461538462,4.0,13.0,0,True
3525904,Jundiaí,35,São Paulo,Sudeste,418,8,162,0.3875598086124402,8,2018-12-23,2025-12-28,15,10.8,5.0,49.0,2,True
3526001,Junqueirópolis,35,São Paulo,Sudeste,418,8,142,0.3397129186602871,7,2019-01-27,2025-12-28,15,9.466666666666667,5.0,37.0,0,True
3526100,Juquiá,35,São Paulo,Sudeste,418,8,59,0.14114832535885166,6,2019-05-19,2025-12-07,11,5.363636363636363,6.0,8.0,0,True
3526209,Juquitiba,35,São Paulo,Sudeste,418,8,64,0.15311004784688995,6,2018-06-17,2025-10-12,8,8.0,3.5,30.0,0,True
3526308,Lagoinha,35,São Paulo,Sudeste,418,8,95,0.22727272727272727,8,2017-12-31,2025-10-19,17,5.588235294117647,4.0,31.0,1,True
3526407,Laranjal Paulista,35,São Paulo,Sudeste,418,8,154,0.3684210526315789,7,2018-12-30,2025-11-02,15,10.266666666666667,4.0,43.0,2,True
3526506,Lavínia,35,São Paulo,Sudeste,418,8,133,0.3181818181818182,7,2018-12-30,2025-04-27,21,6.333333333333333,4.0,29.0,1,True
3526605,Lavrinhas,35,São Paulo,Sudeste,418,8,72,0.1722488038277512,5,2019-03-10,2024-06-16,7,10.285714285714286,6.0,29.0,0,True
3526704,Leme,35,São Paulo,Sudeste,418,8,154,0.3684210526315789,6,2017-12-31,2025-04-13,8,19.25,19.5,47.0,1,True
3526803,Lençóis Paulista,35,São Paulo,Sudeste,418,8,189,0.45215311004784686,8,2018-07-01,2025-12-28,15,12.6,5.0,84.0,1,True
3526902,Limeira,35,São Paulo,Sudeste,418,8,153,0.3660287081339713,7,2018-08-12,2025-11-16,14,10.928571428571429,5.5,57.0,2,True
3527009,Lindóia,35,São Paulo,Sudeste,418,8,86,0.20574162679425836,7,2018-01-07,2025-10-26,15,5.733333333333333,3.0,22.0,0,True
3527108,Lins,35,São Paulo,Sudeste,418,8,146,0.3492822966507177,8,2018-06-24,2025-02-16,9,16.22222222222222,15.0,45.0,2,True
3527207,Lorena,35,São Paulo,Sudeste,418,8,114,0.2727272727272727,5,2018-07-15,2024-12-22,8,14.25,3.0,44.0,1,True
3527256,Lourdes,35,São Paulo,Sudeste,418,8,111,0.26555023923444976,7,2018-10-21,2025-02-09,15,7.4,4.0,32.0,3,True
3527306,Louveira,35,São Paulo,Sudeste,418,8,136,0.3253588516746411,7,2019-03-17,2025-11-23,19,7.157894736842105,4.0,57.0,1,True
3527405,Lucélia,35,São Paulo,Sudeste,418,8,75,0.17942583732057416,4,2019-03-31,2023-05-28,4,18.75,9.5,54.0,1,True
3527504,Lucianópolis,35,São Paulo,Sudeste,418,8,96,0.22966507177033493,5,2019-02-03,2025-07-27,11,8.727272727272727,8.0,21.0,1,True
3527603,Luís Antônio,35,São Paulo,Sudeste,418,8,140,0.3349282296650718,7,2018-08-19,2025-12-28,15,9.333333333333334,5.0,39.0,1,True
3527702,Luiziânia,35,São Paulo,Sudeste,418,8,98,0.23444976076555024,7,2019-04-07,2025-06-08,13,7.538461538461538,5.0,19.0,0,True
3527801,Lupércio,35,São Paulo,Sudeste,418,8,106,0.2535885167464115,6,2019-03-10,2024-11-24,11,9.636363636363637,6.0,26.0,1,True
3527900,Lutécia,35,São Paulo,Sudeste,418,8,111,0.26555023923444976,7,2019-05-12,2025-04-06,20,5.55,4.0,24.0,0,True
3528007,Macatuba,35,São Paulo,Sudeste,418,8,130,0.31100478468899523,7,2019-01-27,2025-10-19,14,9.285714285714286,4.0,38.0,0,True
3528106,Macaubal,35,São Paulo,Sudeste,418,8,93,0.22248803827751196,6,2018-08-26,2025-01-26,5,18.6,15.0,43.0,2,True
3528205,Macedônia,35,São Paulo,Sudeste,418,8,105,0.2511961722488038,7,2018-08-05,2025-02-23,11,9.545454545454545,7.0,39.0,3,True
3528304,Magda,35,São Paulo,Sudeste,418,8,106,0.2535885167464115,6,2019-03-03,2025-11-30,14,7.571428571428571,4.0,22.0,1,True
3528403,Mairinque,35,São Paulo,Sudeste,418,8,133,0.3181818181818182,7,2019-03-03,2025-12-28,17,7.823529411764706,5.0,49.0,1,True
3528502,Mairiporã,35,São Paulo,Sudeste,418,8,124,0.2966507177033493,5,2019-03-31,2024-12-22,12,10.333333333333334,4.5,60.0,1,True
3528601,Manduri,35,São Paulo,Sudeste,418,8,73,0.17464114832535885,5,2019-04-21,2025-10-26,10,7.3,4.0,34.0,1,True
3528700,Marabá Paulista,35,São Paulo,Sudeste,418,8,94,0.22488038277511962,7,2019-02-17,2025-12-28,18,5.222222222222222,3.0,26.0,0,True
3528809,Maracaí,35,São Paulo,Sudeste,418,8,122,0.291866028708134,6,2018-06-17,2024-12-01,9,13.555555555555555,8.0,29.0,2,True
3528858,Marapoama,35,São Paulo,Sudeste,418,8,108,0.2583732057416268,7,2019-02-10,2025-12-14,14,7.714285714285714,5.5,21.0,1,True
3528908,Mariápolis,35,São Paulo,Sudeste,418,8,111,0.26555023923444976,6,2019-01-13,2025-09-14,9,12.333333333333334,7.0,32.0,2,True
3529005,Marília,35,São Paulo,Sudeste,418,8,177,0.423444976076555,7,2018-07-22,2025-10-05,9,19.666666666666668,16.0,87.0,2,True
3529104,Marinópolis,35,São Paulo,Sudeste,418,8,127,0.3038277511961722,7,2018-06-03,2025-12-28,18,7.055555555555555,4.0,25.0,2,True
3529203,Martinópolis,35,São Paulo,Sudeste,418,8,118,0.2822966507177033,8,2018-08-05,2025-09-21,17,6.9411764705882355,4.0,23.0,1,True
3529302,Matão,35,São Paulo,Sudeste,418,8,109,0.2607655502392344,6,2018-10-21,2025-12-14,11,9.909090909090908,5.0,48.0,2,True
3529401,Mauá,35,São Paulo,Sudeste,418,8,109,0.2607655502392344,5,2018-07-15,2025-09-14,6,18.166666666666668,6.5,57.0,1,True
3529500,Mendonça,35,São Paulo,Sudeste,418,8,116,0.27751196172248804,6,2018-07-22,2025-12-07,12,9.666666666666666,5.0,46.0,2,True
3529609,Meridiano,35,São Paulo,Sudeste,418,8,144,0.3444976076555024,7,2018-05-27,2025-02-09,12,12.0,8.5,38.0,2,True
3529658,Mesópolis,35,São Paulo,Sudeste,418,8,99,0.23684210526315788,6,2019-04-07,2025-02-23,7,14.142857142857142,8.0,41.0,1,True
3529708,Miguelópolis,35,São Paulo,Sudeste,418,8,71,0.16985645933014354,6,2018-05-20,2025-11-30,20,3.55,4.0,8.0,1,True
3529807,Mineiros do Tietê,35,São Paulo,Sudeste,418,8,103,0.24641148325358853,7,2019-02-10,2025-01-12,12,8.583333333333334,5.0,25.0,3,True
3529906,Miracatu,35,São Paulo,Sudeste,418,8,101,0.24162679425837322,6,2018-10-21,2024-06-02,11,9.181818181818182,5.0,24.0,1,True
3530003,Mira Estrela,35,São Paulo,Sudeste,418,8,122,0.291866028708134,7,2018-05-27,2025-02-02,12,10.166666666666666,8.0,27.0,2,True
3530102,Mirandópolis,35,São Paulo,Sudeste,418,8,116,0.27751196172248804,7,2018-07-15,2025-12-14,17,6.823529411764706,3.0,44.0,1,True
3530201,Mirante do Paranapanema,35,São Paulo,Sudeste,418,8,75,0.17942583732057416,4,2020-05-24,2025-06-22,8,9.375,7.0,29.0,1,True
3530300,Mirassol,35,São Paulo,Sudeste,418,8,130,0.31100478468899523,6,2018-05-06,2025-06-01,8,16.25,5.5,56.0,2,True
3530409,Mirassolândia,35,São Paulo,Sudeste,418,8,145,0.34688995215311,8,2018-07-29,2025-12-28,16,9.0625,4.0,45.0,1,True
3530508,Mococa,35,São Paulo,Sudeste,418,8,88,0.21052631578947367,4,2018-06-24,2024-08-18,7,12.571428571428571,7.0,30.0,1,True
3530607,Mogi das Cruzes,35,São Paulo,Sudeste,418,8,85,0.20334928229665072,5,2019-06-02,2025-02-02,7,12.142857142857142,3.0,58.0,1,True
3530706,Mogi Guaçu,35,São Paulo,Sudeste,418,8,123,0.2942583732057416,6,2018-06-03,2025-04-13,9,13.666666666666666,4.0,51.0,1,True
3530805,Mogi Mirim,35,São Paulo,Sudeste,418,8,124,0.2966507177033493,6,2018-06-10,2025-05-04,4,31.0,30.0,63.0,2,True
3530904,Mombuca,35,São Paulo,Sudeste,418,8,88,0.21052631578947367,6,2019-04-14,2025-12-21,13,6.769230769230769,4.0,22.0,1,True
3531001,Monções,35,São Paulo,Sudeste,418,8,69,0.16507177033492823,7,2018-07-01,2025-03-02,11,6.2727272727272725,4.0,15.0,2,True
3531100,Mongaguá,35,São Paulo,Sudeste,418,8,92,0.22009569377990432,6,2018-07-01,2024-09-08,10,9.2,4.5,26.0,1,True
3531209,Monte Alegre do Sul,35,São Paulo,Sudeste,418,8,94,0.22488038277511962,7,2018-02-25,2025-10-12,17,5.529411764705882,4.0,22.0,1,True
3531308,Monte Alto,35,São Paulo,Sudeste,418,8,149,0.35645933014354064,7,2018-04-22,2025-03-30,9,16.555555555555557,14.0,55.0,2,True
3531407,Monte Aprazível,35,São Paulo,Sudeste,418,8,99,0.23684210526315788,8,2018-08-26,2025-03-16,12,8.25,4.0,28.0,1,True
3531506,Monte Azul Paulista,35,São Paulo,Sudeste,418,8,76,0.18181818181818182,5,2018-12-09,2024-12-22,8,9.5,4.0,31.0,2,True
3531605,Monte Castelo,35,São Paulo,Sudeste,418,8,111,0.26555023923444976,5,2018-07-22,2023-01-29,9,12.333333333333334,7.0,27.0,1,True
3531704,Monteiro Lobato,35,São Paulo,Sudeste,418,8,99,0.23684210526315788,7,2018-02-25,2025-12-28,18,5.5,4.0,25.0,0,True
3531803,Monte Mor,35,São Paulo,Sudeste,418,8,117,0.2799043062200957,7,2019-03-10,2025-11-30,11,10.636363636363637,5.0,42.0,1,True
3531902,Morro Agudo,35,São Paulo,Sudeste,418,8,157,0.37559808612440193,6,2018-12-23,2025-07-06,10,15.7,10.5,42.0,2,True
3532009,Morungaba,35,São Paulo,Sudeste,418,8,128,0.3062200956937799,8,2018-01-07,2025-09-21,19,6.7368421052631575,4.0,33.0,0,True
3532058,Motuca,35,São Paulo,Sudeste,418,8,89,0.21291866028708134,7,2018-03-18,2025-12-28,14,6.357142857142857,4.0,21.0,0,True
3532108,Murutinga do Sul,35,São Paulo,Sudeste,418,8,90,0.215311004784689,5,2018-06-24,2025-11-09,14,6.428571428571429,5.0,18.0,1,True
3532157,Nantes,35,São Paulo,Sudeste,418,8,104,0.24880382775119617,6,2019-06-30,2025-11-16,14,7.428571428571429,4.5,21.0,0,True
3532207,Narandiba,35,São Paulo,Sudeste,418,8,108,0.2583732057416268,6,2019-04-21,2025-12-28,15,7.2,4.0,22.0,0,True
3532306,Natividade da Serra,35,São Paulo,Sudeste,418,8,113,0.2703349282296651,6,2017-12-31,2024-12-22,16,7.0625,5.0,29.0,2,True
3532405,Nazaré Paulista,35,São Paulo,Sudeste,418,8,88,0.21052631578947367,7,2018-11-11,2025-01-12,9,9.777777777777779,6.0,28.0,3,True
3532504,Neves Paulista,35,São Paulo,Sudeste,418,8,107,0.25598086124401914,7,2018-04-29,2025-02-23,9,11.88888888888889,4.0,36.0,2,True
3532603,Nhandeara,35,São Paulo,Sudeste,418,8,119,0.284688995215311,7,2018-12-16,2025-10-26,8,14.875,12.0,39.0,4,True
3532702,Nipoã,35,São Paulo,Sudeste,418,8,151,0.361244019138756,7,2019-02-10,2025-06-29,14,10.785714285714286,8.0,33.0,1,True
3532801,Nova Aliança,35,São Paulo,Sudeste,418,8,122,0.291866028708134,7,2018-12-23,2025-02-09,9,13.555555555555555,9.0,38.0,2,True
3532827,Nova Campina,35,São Paulo,Sudeste,418,8,43,0.10287081339712918,4,2020-03-01,2025-03-23,5,8.6,4.0,26.0,0,True
3532843,Nova Canaã Paulista,35,São Paulo,Sudeste,418,8,71,0.16985645933014354,5,2019-02-24,2025-06-22,12,5.916666666666667,5.0,14.0,1,True
3532868,Nova Castilho,35,São Paulo,Sudeste,418,8,56,0.1339712918660287,6,2019-01-20,2025-06-15,10,5.6,3.5,22.0,2,True
3532900,Nova Europa,35,São Paulo,Sudeste,418,8,98,0.23444976076555024,7,2018-07-01,2025-10-19,13,7.538461538461538,4.0,24.0,1,True
3533007,Nova Granada,35,São Paulo,Sudeste,418,8,93,0.22248803827751196,7,2018-11-04,2025-10-05,10,9.3,4.0,29.0,2,True
3533106,Nova Guataporanga,35,São Paulo,Sudeste,418,8,119,0.284688995215311,7,2019-01-27,2025-12-28,13,9.153846153846153,9.0,34.0,1,True
3533205,Nova Independência,35,São Paulo,Sudeste,418,8,92,0.22009569377990432,7,2018-12-09,2024-12-01,14,6.571428571428571,4.0,18.0,1,True
3533254,Novais,35,São Paulo,Sudeste,418,8,143,0.34210526315789475,6,2019-01-13,2025-12-14,16,8.9375,3.0,47.0,2,True
3533304,Nova Luzitânia,35,São Paulo,Sudeste,418,8,118,0.2822966507177033,7,2018-05-20,2025-02-16,13,9.076923076923077,4.0,28.0,2,True
3533403,Nova Odessa,35,São Paulo,Sudeste,418,8,151,0.361244019138756,7,2019-03-24,2025-12-28,16,9.4375,5.0,39.0,3,True
3533502,Novo Horizonte,35,São Paulo,Sudeste,418,8,141,0.3373205741626794,7,2019-01-06,2025-03-23,13,10.846153846153847,4.0,48.0,1,True
3533601,Nuporanga,35,São Paulo,Sudeste,418,8,129,0.30861244019138756,7,2018-12-02,2025-03-02,10,12.9,8.5,34.0,2,True
3533700,Ocauçu,35,São Paulo,Sudeste,418,8,104,0.24880382775119617,7,2019-05-05,2025-05-11,15,6.933333333333334,4.0,22.0,1,True
3533809,Óleo,35,São Paulo,Sudeste,418,8,60,0.14354066985645933,6,2019-03-10,2025-02-09,8,7.5,4.5,29.0,0,True
3533908,Olímpia,35,São Paulo,Sudeste,418,8,133,0.3181818181818182,7,2018-06-17,2025-12-07,13,10.23076923076923,6.0,30.0,2,True
3534005,Onda Verde,35,São Paulo,Sudeste,418,8,126,0.3014354066985646,8,2018-07-29,2025-03-23,18,7.0,5.0,23.0,2,True
3534104,Oriente,35,São Paulo,Sudeste,418,8,89,0.21291866028708134,6,2018-04-01,2024-06-02,7,12.714285714285714,9.0,36.0,1,True
3534203,Orindiúva,35,São Paulo,Sudeste,418,8,130,0.31100478468899523,7,2018-03-04,2025-07-27,15,8.666666666666666,4.0,32.0,2,True
3534302,Orlândia,35,São Paulo,Sudeste,418,8,87,0.20813397129186603,6,2018-06-24,2024-07-21,6,14.5,6.0,53.0,1,True
3534401,Osasco,35,São Paulo,Sudeste,418,8,185,0.44258373205741625,7,2018-07-15,2025-12-28,10,18.5,12.0,85.0,1,True
3534500,Oscar Bressane,35,São Paulo,Sudeste,418,8,124,0.2966507177033493,8,2018-08-26,2025-10-05,17,7.294117647058823,6.0,17.0,1,True
3534609,Osvaldo Cruz,35,São Paulo,Sudeste,418,8,105,0.2511961722488038,4,2019-03-31,2023-10-29,4,26.25,24.5,53.0,2,True
3534708,Ourinhos,35,São Paulo,Sudeste,418,8,178,0.4258373205741627,7,2018-06-17,2025-05-25,10,17.8,12.5,63.0,1,True
3534757,Ouroeste,35,São Paulo,Sudeste,418,8,85,0.20334928229665072,6,2019-03-17,2025-03-23,11,7.7272727272727275,5.0,22.0,1,True
3534807,Ouro Verde,35,São Paulo,Sudeste,418,8,106,0.2535885167464115,4,2019-04-07,2023-10-15,7,15.142857142857142,13.0,29.0,2,True
3534906,Pacaembu,35,São Paulo,Sudeste,418,8,110,0.2631578947368421,6,2019-02-17,2025-11-23,12,9.166666666666666,4.5,32.0,1,True
3535002,Palestina,35,São Paulo,Sudeste,418,8,97,0.23205741626794257,5,2018-11-11,2024-11-03,4,24.25,25.0,43.0,2,True
3535101,Palmares Paulista,35,São Paulo,Sudeste,418,8,129,0.30861244019138756,6,2018-05-27,2024-08-18,9,14.333333333333334,8.0,42.0,2,True
3535200,Palmeira d'Oeste,35,São Paulo,Sudeste,418,8,146,0.3492822966507177,7,2018-04-22,2025-03-09,14,10.428571428571429,4.0,44.0,1,True
3535309,Palmital,35,São Paulo,Sudeste,418,8,152,0.36363636363636365,7,2018-11-18,2025-11-09,16,9.5,6.5,29.0,1,True
3535408,Panorama,35,São Paulo,Sudeste,418,8,106,0.2535885167464115,5,2018-08-26,2023-05-14,8,13.25,9.0,49.0,1,True
3535507,Paraguaçu Paulista,35,São Paulo,Sudeste,418,8,124,0.2966507177033493,7,2018-07-15,2025-11-09,8,15.5,4.0,48.0,1,True
3535606,Paraibuna,35,São Paulo,Sudeste,418,8,146,0.3492822966507177,8,2018-07-15,2025-12-28,23,6.3478260869565215,4.0,63.0,1,True
3535705,Paraíso,35,São Paulo,Sudeste,418,8,173,0.4138755980861244,7,2018-09-16,2025-09-21,11,15.727272727272727,11.0,40.0,2,True
3535804,Paranapanema,35,São Paulo,Sudeste,418,8,87,0.20813397129186603,7,2018-12-16,2025-12-28,8,10.875,4.0,31.0,1,True
3535903,Paranapuã,35,São Paulo,Sudeste,418,8,96,0.22966507177033493,7,2018-05-06,2025-04-20,11,8.727272727272727,4.0,20.0,1,True
3536000,Parapuã,35,São Paulo,Sudeste,418,8,102,0.24401913875598086,7,2018-10-14,2025-11-30,10,10.2,4.5,55.0,1,True
3536109,Pardinho,35,São Paulo,Sudeste,418,8,84,0.20095693779904306,6,2018-03-11,2025-12-28,16,5.25,4.0,27.0,0,True
3536208,Pariquera-Açu,35,São Paulo,Sudeste,418,8,88,0.21052631578947367,7,2018-09-16,2025-09-07,13,6.769230769230769,4.0,27.0,0,True
3536257,Parisi,35,São Paulo,Sudeste,418,8,100,0.23923444976076555,6,2018-08-12,2024-11-03,8,12.5,3.0,36.0,1,True
3536307,Patrocínio Paulista,35,São Paulo,Sudeste,418,8,77,0.18421052631578946,6,2018-12-23,2025-07-27,13,5.923076923076923,4.0,21.0,1,True
3536406,Paulicéia,35,São Paulo,Sudeste,418,8,142,0.3397129186602871,6,2018-12-23,2023-05-21,7,20.285714285714285,9.0,59.0,3,True
3536505,Paulínia,35,São Paulo,Sudeste,418,8,183,0.43779904306220097,8,2018-11-11,2025-11-23,14,13.071428571428571,6.0,44.0,2,True
3536570,Paulistânia,35,São Paulo,Sudeste,418,8,92,0.22009569377990432,5,2019-02-17,2025-12-28,12,7.666666666666667,4.0,23.0,1,True
3536604,Paulo de Faria,35,São Paulo,Sudeste,418,8,66,0.15789473684210525,5,2019-02-03,2025-02-23,10,6.6,3.0,31.0,1,True
3536703,Pederneiras,35,São Paulo,Sudeste,418,8,107,0.25598086124401914,7,2018-09-23,2025-11-02,12,8.916666666666666,4.0,37.0,2,True
3536802,Pedra Bela,35,São Paulo,Sudeste,418,8,49,0.11722488038277512,5,2018-07-08,2025-11-09,11,4.454545454545454,4.0,20.0,0,True
3536901,Pedranópolis,35,São Paulo,Sudeste,418,8,130,0.31100478468899523,7,2018-05-27,2025-02-09,12,10.833333333333334,6.5,39.0,1,True
3537008,Pedregulho,35,São Paulo,Sudeste,418,8,130,0.31100478468899523,6,2018-11-18,2025-10-19,11,11.818181818181818,6.0,24.0,1,True
3537107,Pedreira,35,São Paulo,Sudeste,418,8,140,0.3349282296650718,8,2017-12-31,2025-12-14,17,8.235294117647058,4.0,39.0,2,True
3537156,Pedrinhas Paulista,35,São Paulo,Sudeste,418,8,135,0.3229665071770335,8,2017-12-31,2025-11-30,20,6.75,4.0,24.0,1,True
3537206,Pedro de Toledo,35,São Paulo,Sudeste,418,8,78,0.18660287081339713,6,2019-04-21,2025-11-30,15,5.2,4.0,11.0,0,True
3537305,Penápolis,35,São Paulo,Sudeste,418,8,94,0.22488038277511962,6,2019-02-10,2025-10-05,10,9.4,3.0,27.0,2,True
3537404,Pereira Barreto,35,São Paulo,Sudeste,418,8,118,0.2822966507177033,8,2018-06-17,2025-02-09,14,8.428571428571429,4.0,40.0,1,True
3537503,Pereiras,35,São Paulo,Sudeste,418,8,107,0.25598086124401914,6,2019-01-27,2025-12-28,11,9.727272727272727,5.0,27.0,0,True
3537602,Peruíbe,35,São Paulo,Sudeste,418,8,112,0.2679425837320574,5,2019-04-21,2025-10-26,13,8.615384615384615,4.0,26.0,1,True
3537701,Piacatu,35,São Paulo,Sudeste,418,8,103,0.24641148325358853,6,2019-03-24,2025-06-08,7,14.714285714285714,6.0,52.0,1,True
3537800,Piedade,35,São Paulo,Sudeste,418,8,106,0.2535885167464115,6,2019-04-28,2025-12-28,16,6.625,4.0,39.0,2,True
3537909,Pilar do Sul,35,São Paulo,Sudeste,418,8,126,0.3014354066985646,6,2019-05-05,2025-12-07,13,9.692307692307692,6.0,35.0,1,True
3538006,Pindamonhangaba,35,São Paulo,Sudeste,418,8,143,0.34210526315789475,7,2018-07-22,2024-09-08,10,14.3,5.5,71.0,2,True
3538105,Pindorama,35,São Paulo,Sudeste,418,8,123,0.2942583732057416,6,2018-05-27,2024-07-07,11,11.181818181818182,7.0,35.0,1,True
3538204,Pinhalzinho,35,São Paulo,Sudeste,418,8,78,0.18660287081339713,7,2018-11-04,2025-12-28,14,5.571428571428571,3.5,28.0,0,True
3538303,Piquerobi,35,São Paulo,Sudeste,418,8,94,0.22488038277511962,6,2019-05-05,2025-12-14,11,8.545454545454545,7.0,22.0,1,True
3538501,Piquete,35,São Paulo,Sudeste,418,8,130,0.31100478468899523,7,2018-09-23,2024-12-15,17,7.647058823529412,4.0,30.0,1,True
3538600,Piracaia,35,São Paulo,Sudeste,418,8,119,0.284688995215311,8,2018-03-11,2025-12-28,19,6.2631578947368425,4.0,26.0,1,True
3538709,Piracicaba,35,São Paulo,Sudeste,418,8,127,0.3038277511961722,7,2019-03-31,2025-10-12,8,15.875,5.0,56.0,3,True
3538808,Piraju,35,São Paulo,Sudeste,418,8,125,0.29904306220095694,7,2018-06-24,2025-12-28,14,8.928571428571429,4.0,43.0,1,True
3538907,Pirajuí,35,São Paulo,Sudeste,418,8,99,0.23684210526315788,7,2018-07-08,2025-12-07,10,9.9,4.0,29.0,1,True
3539004,Pirangi,35,São Paulo,Sudeste,418,8,159,0.3803827751196172,7,2018-06-10,2025-03-02,14,11.357142857142858,5.5,35.0,1,True
3539103,Pirapora do Bom Jesus,35,São Paulo,Sudeste,418,8,89,0.21291866028708134,6,2019-06-09,2025-12-28,20,4.45,2.0,24.0,0,True
3539202,Pirapozinho,35,São Paulo,Sudeste,418,8,153,0.3660287081339713,5,2018-12-30,2025-12-28,15,10.2,5.0,46.0,1,True
3539301,Pirassununga,35,São Paulo,Sudeste,418,8,175,0.41866028708133973,7,2018-07-01,2025-10-19,17,10.294117647058824,5.0,52.0,2,True
3539400,Piratininga,35,São Paulo,Sudeste,418,8,93,0.22248803827751196,6,2018-09-09,2025-10-05,12,7.75,3.5,28.0,2,True
3539509,Pitangueiras,35,São Paulo,Sudeste,418,8,100,0.23923444976076555,7,2018-03-18,2025-07-27,13,7.6923076923076925,3.0,27.0,0,True
3539608,Planalto,35,São Paulo,Sudeste,418,8,124,0.2966507177033493,7,2019-03-24,2025-03-09,15,8.266666666666667,5.0,22.0,2,True
3539707,Platina,35,São Paulo,Sudeste,418,8,126,0.3014354066985646,7,2018-01-07,2025-12-14,15,8.4,7.0,29.0,1,True
3539806,Poá,35,São Paulo,Sudeste,418,8,70,0.1674641148325359,3,2019-04-28,2024-11-24,5,14.0,4.0,44.0,1,True
3539905,Poloni,35,São Paulo,Sudeste,418,8,100,0.23923444976076555,6,2018-08-05,2025-11-02,12,8.333333333333334,4.5,26.0,2,True
3540002,Pompéia,35,São Paulo,Sudeste,418,8,152,0.36363636363636365,6,2019-01-20,2025-12-21,14,10.857142857142858,4.0,56.0,1,True
3540101,Pongaí,35,São Paulo,Sudeste,418,8,101,0.24162679425837322,7,2019-01-27,2025-08-24,10,10.1,6.5,27.0,1,True
3540200,Pontal,35,São Paulo,Sudeste,418,8,132,0.3157894736842105,5,2019-05-12,2025-05-04,12,11.0,6.0,35.0,1,True
3540259,Pontalinda,35,São Paulo,Sudeste,418,8,89,0.21291866028708134,4,2019-03-24,2025-03-23,3,29.666666666666668,27.0,50.0,1,True
3540309,Pontes Gestal,35,São Paulo,Sudeste,418,8,119,0.284688995215311,8,2018-05-20,2025-12-14,19,6.2631578947368425,4.0,23.0,2,True
3540408,Populina,35,São Paulo,Sudeste,418,8,87,0.20813397129186603,7,2018-05-27,2025-08-03,10,8.7,4.5,33.0,2,True
3540507,Porangaba,35,São Paulo,Sudeste,418,8,81,0.1937799043062201,4,2021-02-07,2025-12-28,8,10.125,4.5,28.0,0,True
3540606,Porto Feliz,35,São Paulo,Sudeste,418,8,151,0.361244019138756,7,2018-03-11,2024-11-03,16,9.4375,5.5,27.0,1,True
3540705,Porto Ferreira,35,São Paulo,Sudeste,418,8,95,0.22727272727272727,6,2019-05-05,2025-12-28,11,8.636363636363637,3.0,64.0,1,True
3540754,Potim,35,São Paulo,Sudeste,418,8,121,0.2894736842105263,5,2018-07-01,2024-10-27,10,12.1,3.0,53.0,2,True
3540804,Potirendaba,35,São Paulo,Sudeste,418,8,120,0.28708133971291866,7,2018-12-02,2025-12-14,11,10.909090909090908,5.0,42.0,2,True
3540853,Pracinha,35,São Paulo,Sudeste,418,8,78,0.18660287081339713,5,2019-03-24,2025-06-22,6,13.0,13.0,30.0,0,True
3540903,Pradópolis,35,São Paulo,Sudeste,418,8,113,0.2703349282296651,7,2019-03-17,2025-05-04,12,9.416666666666666,5.5,26.0,1,True
3541000,Praia Grande,35,São Paulo,Sudeste,418,8,94,0.22488038277511962,6,2019-03-31,2025-09-21,12,7.833333333333333,3.5,24.0,0,True
3541059,Pratânia,35,São Paulo,Sudeste,418,8,55,0.13157894736842105,5,2018-03-11,2025-10-19,9,6.111111111111111,4.0,22.0,1,True
3541109,Presidente Alves,35,São Paulo,Sudeste,418,8,83,0.19856459330143542,7,2019-01-20,2025-11-16,13,6.384615384615385,4.0,24.0,1,True
3541208,Presidente Bernardes,35,São Paulo,Sudeste,418,8,124,0.2966507177033493,5,2019-04-28,2025-11-09,10,12.4,6.5,57.0,2,True
3541307,Presidente Epitácio,35,São Paulo,Sudeste,418,8,72,0.1722488038277512,5,2018-11-25,2023-04-30,5,14.4,7.0,45.0,2,True
3541406,Presidente Prudente,35,São Paulo,Sudeste,418,8,127,0.3038277511961722,6,2019-05-05,2025-12-28,8,15.875,14.5,36.0,3,True
3541505,Presidente Venceslau,35,São Paulo,Sudeste,418,8,112,0.2679425837320574,6,2018-08-12,2025-08-17,11,10.181818181818182,6.0,57.0,2,True
3541604,Promissão,35,São Paulo,Sudeste,418,8,108,0.2583732057416268,8,2018-06-10,2025-04-20,15,7.2,4.0,28.0,2,True
3541653,Quadra,35,São Paulo,Sudeste,418,8,60,0.14354066985645933,7,2018-01-07,2025-04-27,10,6.0,4.0,18.0,0,True
3541703,Quatá,35,São Paulo,Sudeste,418,8,116,0.27751196172248804,6,2019-02-24,2025-10-05,11,10.545454545454545,9.0,26.0,1,True
3541802,Queiroz,35,São Paulo,Sudeste,418,8,83,0.19856459330143542,4,2018-12-30,2022-07-31,5,16.6,6.0,58.0,1,True
3541901,Queluz,35,São Paulo,Sudeste,418,8,94,0.22488038277511962,6,2019-04-21,2025-11-09,15,6.266666666666667,5.0,16.0,0,True
3542008,Quintana,35,São Paulo,Sudeste,418,8,112,0.2679425837320574,6,2019-01-20,2025-10-26,13,8.615384615384615,4.0,52.0,1,True
3542107,Rafard,35,São Paulo,Sudeste,418,8,88,0.21052631578947367,7,2019-05-05,2025-11-30,13,6.769230769230769,4.0,26.0,0,True
3542206,Rancharia,35,São Paulo,Sudeste,418,8,94,0.22488038277511962,6,2019-05-05,2025-09-28,8,11.75,6.0,53.0,1,True
3542305,Redenção da Serra,35,São Paulo,Sudeste,418,8,74,0.17703349282296652,7,2018-11-04,2024-10-06,12,6.166666666666667,4.5,23.0,0,True
3542404,Regente Feijó,35,São Paulo,Sudeste,418,8,128,0.3062200956937799,7,2018-10-14,2025-12-14,12,10.666666666666666,7.0,45.0,0,True
3542503,Reginópolis,35,São Paulo,Sudeste,418,8,123,0.2942583732057416,5,2019-01-06,2025-10-05,8,15.375,12.5,42.0,1,True
3542602,Registro,35,São Paulo,Sudeste,418,8,67,0.16028708133971292,4,2019-04-28,2025-10-05,6,11.166666666666666,10.0,26.0,0,True
3542701,Restinga,35,São Paulo,Sudeste,418,8,85,0.20334928229665072,7,2018-11-04,2025-08-17,10,8.5,4.0,23.0,1,True
3542800,Ribeira,35,São Paulo,Sudeste,418,8,65,0.15550239234449761,5,2019-04-21,2025-07-13,6,10.833333333333334,4.0,34.0,1,True
3542909,Ribeirão Bonito,35,São Paulo,Sudeste,418,8,122,0.291866028708134,5,2019-02-24,2025-11-30,12,10.166666666666666,3.5,38.0,0,True
3543006,Ribeirão Branco,35,São Paulo,Sudeste,418,8,58,0.13875598086124402,3,2022-04-24,2025-12-14,8,7.25,5.0,15.0,0,True
3543105,Ribeirão Corrente,35,São Paulo,Sudeste,418,8,91,0.21770334928229665,6,2019-01-13,2025-07-27,11,8.272727272727273,7.0,22.0,1,True
3543204,Ribeirão do Sul,35,São Paulo,Sudeste,418,8,145,0.34688995215311,7,2018-04-08,2025-12-28,21,6.904761904761905,4.0,22.0,1,True
3543238,Ribeirão dos Índios,35,São Paulo,Sudeste,418,8,69,0.16507177033492823,6,2019-04-14,2025-07-20,8,8.625,9.0,17.0,0,True
3543253,Ribeirão Grande,35,São Paulo,Sudeste,418,8,66,0.15789473684210525,6,2018-03-25,2025-01-12,9,7.333333333333333,4.0,26.0,1,True
3543303,Ribeirão Pires,35,São Paulo,Sudeste,418,8,125,0.29904306220095694,6,2019-05-05,2024-12-22,16,7.8125,5.0,45.0,0,True
3543402,Ribeirão Preto,35,São Paulo,Sudeste,418,8,114,0.2727272727272727,6,2018-12-30,2024-12-29,6,19.0,17.0,43.0,3,True
3543501,Riversul,35,São Paulo,Sudeste,418,8,60,0.14354066985645933,4,2019-03-24,2025-02-09,4,15.0,14.5,27.0,0,True
3543600,Rifaina,35,São Paulo,Sudeste,418,8,115,0.2751196172248804,7,2018-01-07,2025-06-29,13,8.846153846153847,4.0,44.0,1,True
3543709,Rincão,35,São Paulo,Sudeste,418,8,95,0.22727272727272727,8,2018-05-20,2025-07-13,16,5.9375,4.0,24.0,0,True
3543808,Rinópolis,35,São Paulo,Sudeste,418,8,75,0.17942583732057416,5,2018-06-17,2024-09-15,7,10.714285714285714,7.0,29.0,1,True
3543907,Rio Claro,35,São Paulo,Sudeste,418,8,123,0.2942583732057416,4,2019-02-10,2025-04-20,4,30.75,29.0,63.0,2,True
3544004,Rio das Pedras,35,São Paulo,Sudeste,418,8,97,0.23205741626794257,7,2019-06-02,2025-12-28,12,8.083333333333334,5.0,28.0,1,True
3544103,Rio Grande da Serra,35,São Paulo,Sudeste,418,8,124,0.2966507177033493,8,2018-10-07,2025-12-28,16,7.75,3.0,39.0,1,True
3544202,Riolândia,35,São Paulo,Sudeste,418,8,118,0.2822966507177033,6,2018-05-20,2025-11-30,12,9.833333333333334,4.5,38.0,1,True
3544251,Rosana,35,São Paulo,Sudeste,418,8,134,0.32057416267942584,6,2018-05-13,2023-05-28,8,16.75,13.0,45.0,2,True
3544301,Roseira,35,São Paulo,Sudeste,418,8,130,0.31100478468899523,6,2018-07-01,2024-06-30,16,8.125,4.0,29.0,1,True
3544400,Rubiácea,35,São Paulo,Sudeste,418,8,133,0.3181818181818182,8,2018-04-08,2025-10-26,14,9.5,7.5,25.0,2,True
3544509,Rubinéia,35,São Paulo,Sudeste,418,8,111,0.26555023923444976,7,2018-01-21,2025-02-23,9,12.333333333333334,5.0,36.0,2,True
3544608,Sabino,35,São Paulo,Sudeste,418,8,93,0.22248803827751196,8,2018-10-28,2025-12-14,12,7.75,5.5,22.0,2,True
3544707,Sagres,35,São Paulo,Sudeste,418,8,99,0.23684210526315788,6,2019-03-17,2025-12-07,11,9.0,5.0,23.0,1,True
3544806,Sales,35,São Paulo,Sudeste,418,8,80,0.19138755980861244,6,2018-07-08,2024-12-22,7,11.428571428571429,4.0,38.0,1,True
3544905,Sales Oliveira,35,São Paulo,Sudeste,418,8,106,0.2535885167464115,6,2019-03-31,2025-03-16,10,10.6,8.5,25.0,2,True
3545001,Salesópolis,35,São Paulo,Sudeste,418,8,100,0.23923444976076555,5,2018-07-01,2025-12-14,7,14.285714285714286,5.0,61.0,2,True
3545100,Salmourão,35,São Paulo,Sudeste,418,8,101,0.24162679425837322,6,2018-02-04,2025-12-07,7,14.428571428571429,19.0,25.0,1,True
3545159,Saltinho,35,São Paulo,Sudeste,418,8,106,0.2535885167464115,7,2019-05-05,2025-11-23,19,5.578947368421052,3.0,31.0,0,True
3545209,Salto,35,São Paulo,Sudeste,418,8,158,0.37799043062200954,7,2019-05-05,2025-04-27,13,12.153846153846153,3.0,75.0,1,True
3545308,Salto de Pirapora,35,São Paulo,Sudeste,418,8,118,0.2822966507177033,8,2018-11-04,2025-04-06,14,8.428571428571429,5.0,37.0,2,True
3545407,Salto Grande,35,São Paulo,Sudeste,418,8,129,0.30861244019138756,6,2019-01-06,2025-11-09,13,9.923076923076923,7.0,33.0,2,True
3545506,Sandovalina,35,São Paulo,Sudeste,418,8,95,0.22727272727272727,6,2018-09-09,2025-12-28,14,6.785714285714286,3.0,19.0,1,True
3545605,Santa Adélia,35,São Paulo,Sudeste,418,8,154,0.3684210526315789,7,2018-06-03,2025-03-23,10,15.4,11.0,46.0,3,True
3545704,Santa Albertina,35,São Paulo,Sudeste,418,8,110,0.2631578947368421,7,2019-02-24,2025-03-30,11,10.0,5.0,30.0,1,True
3545803,Santa Bárbara d'Oeste,35,São Paulo,Sudeste,418,8,174,0.41626794258373206,7,2018-12-09,2025-12-28,9,19.333333333333332,12.0,47.0,4,True
3546009,Santa Branca,35,São Paulo,Sudeste,418,8,83,0.19856459330143542,5,2019-05-05,2025-11-16,8,10.375,7.5,27.0,1,True
3546108,Santa Clara d'Oeste,35,São Paulo,Sudeste,418,8,115,0.2751196172248804,7,2018-09-23,2025-11-09,16,7.1875,6.0,18.0,1,True
3546207,Santa Cruz da Conceição,35,São Paulo,Sudeste,418,8,101,0.24162679425837322,4,2019-02-17,2025-11-09,9,11.222222222222221,4.0,33.0,1,True
3546256,Santa Cruz da Esperança,35,São Paulo,Sudeste,418,8,96,0.22966507177033493,6,2019-03-24,2024-10-27,13,7.384615384615385,5.0,22.0,1,True
3546306,Santa Cruz das Palmeiras,35,São Paulo,Sudeste,418,8,101,0.24162679425837322,6,2018-09-16,2024-10-13,10,10.1,3.5,38.0,2,True
3546405,Santa Cruz do Rio Pardo,35,São Paulo,Sudeste,418,8,145,0.34688995215311,7,2018-06-17,2025-12-28,14,10.357142857142858,5.0,29.0,1,True
3546504,Santa Ernestina,35,São Paulo,Sudeste,418,8,101,0.24162679425837322,7,2018-07-01,2025-03-09,10,10.1,6.5,30.0,2,True
3546603,Santa Fé do Sul,35,São Paulo,Sudeste,418,8,106,0.2535885167464115,6,2018-07-29,2025-02-23,6,17.666666666666668,11.5,39.0,2,True
3546702,Santa Gertrudes,35,São Paulo,Sudeste,418,8,170,0.40669856459330145,7,2019-02-03,2025-11-30,20,8.5,4.5,42.0,1,True
3546801,Santa Isabel,35,São Paulo,Sudeste,418,8,82,0.19617224880382775,7,2017-12-31,2025-12-28,13,6.3076923076923075,1.0,59.0,1,True
3546900,Santa Lúcia,35,São Paulo,Sudeste,418,8,109,0.2607655502392344,7,2018-06-03,2025-12-14,14,7.785714285714286,4.0,34.0,0,True
3547007,Santa Maria da Serra,35,São Paulo,Sudeste,418,8,96,0.22966507177033493,7,2019-02-10,2025-04-06,14,6.857142857142857,4.0,26.0,0,True
3547106,Santa Mercedes,35,São Paulo,Sudeste,418,8,121,0.2894736842105263,6,2018-05-27,2023-06-11,13,9.307692307692308,6.0,27.0,0,True
3547205,Santana da Ponte Pensa,35,São Paulo,Sudeste,418,8,92,0.22009569377990432,8,2018-12-16,2025-03-09,9,10.222222222222221,6.0,30.0,2,True
3547304,Santana de Parnaíba,35,São Paulo,Sudeste,418,8,107,0.25598086124401914,5,2019-05-26,2025-12-28,10,10.7,6.5,44.0,0,True
3547403,Santa Rita d'Oeste,35,São Paulo,Sudeste,418,8,100,0.23923444976076555,6,2019-03-03,2025-10-05,11,9.090909090909092,5.0,24.0,2,True
3547502,Santa Rita do Passa Quatro,35,São Paulo,Sudeste,418,8,130,0.31100478468899523,7,2018-06-24,2025-12-21,9,14.444444444444445,7.0,53.0,2,True
3547601,Santa Rosa de Viterbo,35,São Paulo,Sudeste,418,8,110,0.2631578947368421,7,2018-07-22,2025-04-13,12,9.166666666666666,7.5,31.0,2,True
3547650,Santa Salete,35,São Paulo,Sudeste,418,8,96,0.22966507177033493,7,2018-07-22,2025-12-07,11,8.727272727272727,5.0,24.0,2,True
3547700,Santo Anastácio,35,São Paulo,Sudeste,418,8,103,0.24641148325358853,5,2019-05-05,2025-12-14,10,10.3,9.0,32.0,1,True
3547809,Santo André,35,São Paulo,Sudeste,418,8,109,0.2607655502392344,5,2019-05-05,2025-12-28,9,12.11111111111111,7.0,56.0,1,True
3547908,Santo Antônio da Alegria,35,São Paulo,Sudeste,418,8,87,0.20813397129186603,6,2019-06-02,2025-10-05,12,7.25,3.5,29.0,1,True
3548005,Santo Antônio de Posse,35,São Paulo,Sudeste,418,8,111,0.26555023923444976,6,2018-01-21,2025-12-07,11,10.090909090909092,6.0,27.0,1,True
3548054,Santo Antônio do Aracanguá,35,São Paulo,Sudeste,418,8,92,0.22009569377990432,6,2019-01-20,2025-02-16,10,9.2,5.5,39.0,1,True
3548104,Santo Antônio do Jardim,35,São Paulo,Sudeste,418,8,78,0.18660287081339713,7,2018-05-20,2025-11-30,13,6.0,4.0,32.0,0,True
3548203,Santo Antônio do Pinhal,35,São Paulo,Sudeste,418,8,52,0.12440191387559808,4,2018-07-22,2024-07-28,8,6.5,4.0,26.0,0,True
3548302,Santo Expedito,35,São Paulo,Sudeste,418,8,89,0.21291866028708134,6,2019-03-17,2025-11-02,12,7.416666666666667,1.5,27.0,2,True
3548401,Santópolis do Aguapeí,35,São Paulo,Sudeste,418,8,119,0.284688995215311,7,2019-03-03,2025-06-22,10,11.9,8.0,57.0,1,True
3548500,Santos,35,São Paulo,Sudeste,418,8,138,0.33014354066985646,6,2019-06-09,2025-12-14,10,13.8,6.0,36.0,1,True
3548609,São Bento do Sapucaí,35,São Paulo,Sudeste,418,8,74,0.17703349282296652,5,2017-12-31,2024-12-22,13,5.6923076923076925,4.0,28.0,0,True
3548708,São Bernardo do Campo,35,São Paulo,Sudeste,418,8,72,0.1722488038277512,6,2018-10-14,2025-03-30,8,9.0,3.0,54.0,1,True
3548807,São Caetano do Sul,35,São Paulo,Sudeste,418,8,97,0.23205741626794257,7,2019-05-12,2025-11-16,13,7.461538461538462,4.0,56.0,1,True
3548906,São Carlos,35,São Paulo,Sudeste,418,8,158,0.37799043062200954,6,2019-01-20,2025-12-28,7,22.571428571428573,10.0,67.0,1,True
3549003,São Francisco,35,São Paulo,Sudeste,418,8,109,0.2607655502392344,8,2018-06-03,2025-02-09,10,10.9,5.5,30.0,2,True
3549102,São João da Boa Vista,35,São Paulo,Sudeste,418,8,160,0.3827751196172249,6,2019-03-24,2025-11-09,11,14.545454545454545,7.0,50.0,1,True
3549201,São João das Duas Pontes,35,São Paulo,Sudeste,418,8,110,0.2631578947368421,7,2019-02-03,2025-03-16,13,8.461538461538462,4.0,28.0,1,True
3549250,São João de Iracema,35,São Paulo,Sudeste,418,8,102,0.24401913875598086,7,2018-04-01,2025-11-09,14,7.285714285714286,8.5,14.0,1,True
3549300,São João do Pau d'Alho,35,São Paulo,Sudeste,418,8,107,0.25598086124401914,7,2018-10-14,2025-12-28,12,8.916666666666666,7.5,21.0,0,True
3549409,São Joaquim da Barra,35,São Paulo,Sudeste,418,8,78,0.18660287081339713,4,2018-05-13,2024-08-25,5,15.6,10.0,48.0,1,True
3549508,São José da Bela Vista,35,São Paulo,Sudeste,418,8,60,0.14354066985645933,7,2018-12-02,2025-10-12,10,6.0,5.0,14.0,1,True
3549607,São José do Barreiro,35,São Paulo,Sudeste,418,8,73,0.17464114832535885,7,2018-02-18,2025-11-09,10,7.3,4.0,32.0,1,True
3549706,São José do Rio Pardo,35,São Paulo,Sudeste,418,8,132,0.3157894736842105,7,2018-06-24,2025-12-28,11,12.0,13.0,35.0,1,True
3549805,São José do Rio Preto,35,São Paulo,Sudeste,418,8,137,0.3277511961722488,7,2018-11-18,2025-12-07,8,17.125,13.5,41.0,2,True
3549904,São José dos Campos,35,São Paulo,Sudeste,418,8,108,0.2583732057416268,5,2019-05-26,2025-12-28,5,21.6,16.0,47.0,1,True
3549953,São Lourenço da Serra,35,São Paulo,Sudeste,418,8,48,0.11483253588516747,6,2018-07-29,2024-09-08,8,6.0,1.5,34.0,0,True
3550001,São Luiz do Paraitinga,35,São Paulo,Sudeste,418,8,91,0.21770334928229665,7,2018-12-02,2025-12-28,19,4.7894736842105265,4.0,31.0,1,True
3550100,São Manuel,35,São Paulo,Sudeste,418,8,130,0.31100478468899523,6,2018-06-17,2025-12-07,9,14.444444444444445,7.0,57.0,1,True
3550209,São Miguel Arcanjo,35,São Paulo,Sudeste,418,8,95,0.22727272727272727,7,2019-04-21,2025-12-28,14,6.785714285714286,3.5,34.0,0,True
3550308,São Paulo,35,São Paulo,Sudeste,418,8,134,0.32057416267942584,5,2019-04-21,2025-12-28,9,14.88888888888889,3.0,76.0,1,True
3550407,São Pedro,35,São Paulo,Sudeste,418,8,137,0.3277511961722488,6,2018-07-01,2025-12-28,9,15.222222222222221,7.0,56.0,2,True
3550506,São Pedro do Turvo,35,São Paulo,Sudeste,418,8,148,0.35406698564593303,7,2019-05-19,2025-12-28,11,13.454545454545455,6.0,54.0,2,True
3550605,São Roque,35,São Paulo,Sudeste,418,8,112,0.2679425837320574,6,2018-12-02,2025-12-21,13,8.615384615384615,4.0,51.0,0,True
3550704,São Sebastião,35,São Paulo,Sudeste,418,8,120,0.28708133971291866,6,2018-04-29,2025-02-16,10,12.0,5.5,48.0,0,True
3550803,São Sebastião da Grama,35,São Paulo,Sudeste,418,8,93,0.22248803827751196,6,2018-03-11,2025-11-23,15,6.2,4.0,26.0,0,True
3550902,São Simão,35,São Paulo,Sudeste,418,8,42,0.10047846889952153,6,2018-07-22,2024-07-28,7,6.0,4.0,17.0,1,True
3551009,São Vicente,35,São Paulo,Sudeste,418,8,126,0.3014354066985646,6,2019-06-23,2025-12-07,7,18.0,11.0,62.0,1,True
3551108,Sarapuí,35,São Paulo,Sudeste,418,8,80,0.19138755980861244,6,2018-01-14,2025-04-13,13,6.153846153846154,4.0,29.0,0,True
3551207,Sarutaiá,35,São Paulo,Sudeste,418,8,115,0.2751196172248804,5,2019-04-28,2025-12-28,13,8.846153846153847,5.0,29.0,0,True
3551306,Sebastianópolis do Sul,35,São Paulo,Sudeste,418,8,142,0.3397129186602871,8,2018-03-11,2025-10-12,26,5.461538461538462,4.0,12.0,1,True
3551405,Serra Azul,35,São Paulo,Sudeste,418,8,89,0.21291866028708134,6,2019-03-24,2025-09-21,21,4.238095238095238,4.0,19.0,1,True
3551504,Serrana,35,São Paulo,Sudeste,418,8,112,0.2679425837320574,8,2018-12-16,2025-01-12,9,12.444444444444445,10.0,28.0,4,True
3551603,Serra Negra,35,São Paulo,Sudeste,418,8,98,0.23444976076555024,7,2019-05-19,2025-10-12,12,8.166666666666666,4.5,30.0,2,True
3551702,Sertãozinho,35,São Paulo,Sudeste,418,8,107,0.25598086124401914,7,2018-08-26,2025-04-27,9,11.88888888888889,2.0,47.0,2,True
3551801,Sete Barras,35,São Paulo,Sudeste,418,8,95,0.22727272727272727,6,2018-11-25,2025-05-25,8,11.875,9.5,24.0,1,True
3551900,Severínia,35,São Paulo,Sudeste,418,8,84,0.20095693779904306,6,2019-02-03,2025-12-28,11,7.636363636363637,5.0,27.0,1,True
3552007,Silveiras,35,São Paulo,Sudeste,418,8,77,0.18421052631578946,7,2018-08-12,2025-12-28,8,9.625,5.0,33.0,0,True
3552106,Socorro,35,São Paulo,Sudeste,418,8,105,0.2511961722488038,7,2018-05-13,2024-12-29,10,10.5,4.5,52.0,1,True
3552205,Sorocaba,35,São Paulo,Sudeste,418,8,160,0.3827751196172249,8,2018-12-09,2025-04-06,9,17.77777777777778,5.0,73.0,2,True
3552304,Sud Mennucci,35,São Paulo,Sudeste,418,8,100,0.23923444976076555,7,2018-07-01,2025-06-29,10,10.0,2.0,38.0,2,True
3552403,Sumaré,35,São Paulo,Sudeste,418,8,126,0.3014354066985646,7,2019-03-17,2025-12-07,15,8.4,4.0,42.0,2,True
3552502,Suzano,35,São Paulo,Sudeste,418,8,105,0.2511961722488038,5,2019-04-21,2024-12-01,6,17.5,14.0,51.0,2,True
3552551,Suzanápolis,35,São Paulo,Sudeste,418,8,86,0.20574162679425836,8,2018-12-16,2025-07-20,10,8.6,3.5,26.0,1,True
3552601,Tabapuã,35,São Paulo,Sudeste,418,8,117,0.2799043062200957,6,2017-12-31,2025-10-12,15,7.8,2.0,30.0,1,True
3552700,Tabatinga,35,São Paulo,Sudeste,418,8,107,0.25598086124401914,6,2019-02-17,2025-04-13,15,7.133333333333334,3.0,28.0,1,True
3552809,Taboão da Serra,35,São Paulo,Sudeste,418,8,67,0.16028708133971292,4,2019-04-28,2024-11-10,4,16.75,7.5,51.0,1,True
3552908,Taciba,35,São Paulo,Sudeste,418,8,105,0.2511961722488038,7,2018-09-09,2025-12-14,12,8.75,4.0,34.0,1,True
3553005,Taguaí,35,São Paulo,Sudeste,418,8,113,0.2703349282296651,7,2019-01-20,2025-12-28,15,7.533333333333333,4.0,30.0,0,True
3553104,Taiaçu,35,São Paulo,Sudeste,418,8,77,0.18421052631578946,6,2018-09-30,2025-12-14,10,7.7,6.5,21.0,1,True
3553203,Taiúva,35,São Paulo,Sudeste,418,8,71,0.16985645933014354,6,2018-06-24,2025-09-14,11,6.454545454545454,4.0,18.0,1,True
3553302,Tambaú,35,São Paulo,Sudeste,418,8,110,0.2631578947368421,6,2018-06-10,2025-10-26,14,7.857142857142857,4.5,30.0,0,True
3553401,Tanabi,35,São Paulo,Sudeste,418,8,103,0.24641148325358853,7,2018-12-02,2025-01-26,11,9.363636363636363,4.0,33.0,2,True
3553500,Tapiraí,35,São Paulo,Sudeste,418,8,71,0.16985645933014354,7,2017-12-31,2025-05-04,12,5.916666666666667,4.0,17.0,0,True
3553609,Tapiratiba,35,São Paulo,Sudeste,418,8,91,0.21770334928229665,6,2017-12-31,2025-06-29,11,8.272727272727273,4.0,29.0,2,True
3553658,Taquaral,35,São Paulo,Sudeste,418,8,64,0.15311004784688995,4,2019-04-07,2024-07-28,5,12.8,14.0,19.0,0,True
3553708,Taquaritinga,35,São Paulo,Sudeste,418,8,71,0.16985645933014354,5,2018-07-15,2025-02-09,5,14.2,20.0,25.0,1,True
3553807,Taquarituba,35,São Paulo,Sudeste,418,8,90,0.215311004784689,6,2019-02-10,2024-12-01,12,7.5,4.0,29.0,1,True
3553856,Taquarivaí,35,São Paulo,Sudeste,418,8,66,0.15789473684210525,6,2019-05-05,2025-11-30,10,6.6,4.0,16.0,0,True
3553906,Tarabai,35,São Paulo,Sudeste,418,8,128,0.3062200956937799,7,2019-05-05,2025-10-19,11,11.636363636363637,5.0,54.0,1,True
3553955,Tarumã,35,São Paulo,Sudeste,418,8,158,0.37799043062200954,8,2018-08-05,2025-04-27,13,12.153846153846153,10.0,31.0,3,True
3554003,Tatuí,35,São Paulo,Sudeste,418,8,109,0.2607655502392344,5,2019-06-09,2025-02-23,8,13.625,5.5,65.0,2,True
3554102,Taubaté,35,São Paulo,Sudeste,418,8,103,0.24641148325358853,7,2018-09-09,2025-11-30,16,6.4375,2.5,47.0,2,True
3554201,Tejupá,35,São Paulo,Sudeste,418,8,55,0.13157894736842105,5,2019-04-14,2025-04-27,8,6.875,4.0,19.0,0,True
3554300,Teodoro Sampaio,35,São Paulo,Sudeste,418,8,123,0.2942583732057416,7,2018-06-10,2025-12-28,17,7.235294117647059,5.0,29.0,0,True
3554409,Terra Roxa,35,São Paulo,Sudeste,418,8,87,0.20813397129186603,6,2018-12-30,2025-11-30,10,8.7,6.5,22.0,0,True
3554508,Tietê,35,São Paulo,Sudeste,418,8,128,0.3062200956937799,8,2018-07-08,2025-11-09,21,6.095238095238095,4.0,30.0,0,True
3554607,Timburi,35,São Paulo,Sudeste,418,8,70,0.1674641148325359,7,2019-04-07,2025-03-02,14,5.0,4.0,15.0,0,True
3554656,Torre de Pedra,35,São Paulo,Sudeste,418,8,78,0.18660287081339713,5,2018-04-15,2025-05-04,7,11.142857142857142,11.0,23.0,1,True
3554706,Torrinha,35,São Paulo,Sudeste,418,8,118,0.2822966507177033,6,2019-02-17,2025-09-21,10,11.8,7.0,38.0,1,True
3554755,Trabiju,35,São Paulo,Sudeste,418,8,93,0.22248803827751196,6,2018-07-01,2025-06-29,9,10.333333333333334,9.0,24.0,1,True
3554805,Tremembé,35,São Paulo,Sudeste,418,8,109,0.2607655502392344,7,2018-09-02,2025-09-28,16,6.8125,4.0,54.0,2,True
3554904,Três Fronteiras,35,São Paulo,Sudeste,418,8,81,0.1937799043062201,6,2019-02-17,2025-02-09,9,9.0,3.0,26.0,2,True
3554953,Tuiuti,35,São Paulo,Sudeste,418,8,111,0.26555023923444976,6,2019-01-13,2025-11-30,14,7.928571428571429,4.0,38.0,0,True
3555000,Tupã,35,São Paulo,Sudeste,418,8,146,0.3492822966507177,7,2018-08-19,2025-11-09,13,11.23076923076923,10.0,44.0,1,True
3555109,Tupi Paulista,35,São Paulo,Sudeste,418,8,123,0.2942583732057416,6,2018-11-25,2023-10-15,9,13.666666666666666,6.0,47.0,2,True
3555208,Turiúba,35,São Paulo,Sudeste,418,8,99,0.23684210526315788,6,2019-03-24,2025-08-24,11,9.0,7.0,29.0,1,True
3555307,Turmalina,35,São Paulo,Sudeste,418,8,104,0.24880382775119617,7,2018-06-24,2025-04-20,9,11.555555555555555,10.0,39.0,1,True
3555356,Ubarana,35,São Paulo,Sudeste,418,8,118,0.2822966507177033,8,2018-07-01,2025-12-21,16,7.375,4.0,35.0,1,True
3555406,Ubatuba,35,São Paulo,Sudeste,418,8,124,0.2966507177033493,8,2018-09-23,2025-12-28,11,11.272727272727273,2.0,49.0,1,True
3555505,Ubirajara,35,São Paulo,Sudeste,418,8,114,0.2727272727272727,5,2019-02-03,2025-11-23,14,8.142857142857142,4.0,27.0,0,True
3555604,Uchoa,35,São Paulo,Sudeste,418,8,85,0.20334928229665072,5,2018-07-08,2025-04-06,9,9.444444444444445,10.0,25.0,0,True
3555703,União Paulista,35,São Paulo,Sudeste,418,8,72,0.1722488038277512,7,2018-12-09,2024-11-10,10,7.2,4.0,32.0,2,True
3555802,Urânia,35,São Paulo,Sudeste,418,8,102,0.24401913875598086,7,2018-07-01,2025-02-09,8,12.75,10.0,33.0,2,True
3555901,Uru,35,São Paulo,Sudeste,418,8,54,0.1291866028708134,6,2019-03-03,2025-10-19,8,6.75,4.5,17.0,1,True
3556008,Urupês,35,São Paulo,Sudeste,418,8,132,0.3157894736842105,7,2018-05-13,2025-11-16,12,11.0,6.0,56.0,2,True
3556107,Valentim Gentil,35,São Paulo,Sudeste,418,8,137,0.3277511961722488,7,2018-03-18,2025-03-16,17,8.058823529411764,4.0,48.0,2,True
3556206,Valinhos,35,São Paulo,Sudeste,418,8,93,0.22248803827751196,5,2019-03-17,2025-01-26,7,13.285714285714286,8.0,40.0,2,True
3556305,Valparaíso,35,São Paulo,Sudeste,418,8,103,0.24641148325358853,6,2019-03-17,2025-04-13,5,20.6,10.0,62.0,2,True
3556354,Vargem,35,São Paulo,Sudeste,418,8,106,0.2535885167464115,8,2018-05-20,2025-02-09,18,5.888888888888889,4.0,25.0,1,True
3556404,Vargem Grande do Sul,35,São Paulo,Sudeste,418,8,122,0.291866028708134,6,2019-03-31,2025-12-14,18,6.777777777777778,3.5,28.0,1,True
3556453,Vargem Grande Paulista,35,São Paulo,Sudeste,418,8,94,0.22488038277511962,6,2019-04-21,2025-12-14,7,13.428571428571429,10.0,49.0,0,True
3556503,Várzea Paulista,35,São Paulo,Sudeste,418,8,154,0.3684210526315789,7,2019-03-03,2025-03-30,16,9.625,4.0,37.0,2,True
3556602,Vera Cruz,35,São Paulo,Sudeste,418,8,184,0.44019138755980863,7,2018-06-03,2025-12-28,15,12.266666666666667,10.0,24.0,2,True
3556701,Vinhedo,35,São Paulo,Sudeste,418,8,134,0.32057416267942584,7,2019-03-24,2025-05-18,13,10.307692307692308,2.0,72.0,1,True
3556800,Viradouro,35,São Paulo,Sudeste,418,8,97,0.23205741626794257,5,2019-03-31,2024-07-21,5,19.4,15.0,55.0,1,True
3556909,Vista Alegre do Alto,35,São Paulo,Sudeste,418,8,143,0.34210526315789475,7,2019-04-07,2025-12-28,13,11.0,4.0,43.0,1,True
3556958,Vitória Brasil,35,São Paulo,Sudeste,418,8,97,0.23205741626794257,6,2018-05-13,2025-04-06,10,9.7,8.0,32.0,1,True
3557006,Votorantim,35,São Paulo,Sudeste,418,8,178,0.4258373205741627,6,2019-03-10,2024-11-10,13,13.692307692307692,5.0,61.0,2,True
3557105,Votuporanga,35,São Paulo,Sudeste,418,8,118,0.2822966507177033,6,2018-06-24,2025-01-26,4,29.5,26.5,55.0,2,True
3557154,Zacarias,35,São Paulo,Sudeste,418,8,86,0.20574162679425836,6,2018-12-02,2025-12-28,15,5.733333333333333,3.0,21.0,1,True
3557204,Chavantes,35,São Paulo,Sudeste,418,8,128,0.3062200956937799,7,2018-02-04,2025-04-20,20,6.4,4.0,24.0,1,True
3557303,Estiva Gerbi,35,São Paulo,Sudeste,418,8,89,0.21291866028708134,6,2019-02-03,2025-04-06,10,8.9,6.0,26.0,2,True
4100103,Abatiá,41,Paraná,Sul,418,8,98,0.23444976076555024,6,2018-04-15,2024-12-08,13,7.538461538461538,4.0,28.0,1,True
4100202,Adrianópolis,41,Paraná,Sul,418,8,72,0.1722488038277512,5,2019-06-09,2025-12-28,8,9.0,4.0,25.0,0,True
4100301,Agudos do Sul,41,Paraná,Sul,418,8,33,0.07894736842105263,4,2019-05-05,2024-09-15,6,5.5,4.0,15.0,0,True
4100400,Almirante Tamandaré,41,Paraná,Sul,418,8,80,0.19138755980861244,6,2019-07-21,2025-11-09,9,8.88888888888889,4.0,46.0,0,True
4100459,Altamira do Paraná,41,Paraná,Sul,418,8,88,0.21052631578947367,5,2019-12-29,2025-11-16,7,12.571428571428571,4.0,51.0,1,True
4100509,Altônia,41,Paraná,Sul,418,8,124,0.2966507177033493,4,2019-04-14,2023-06-18,9,13.777777777777779,11.0,37.0,2,True
4100608,Alto Paraná,41,Paraná,Sul,418,8,117,0.2799043062200957,5,2019-04-28,2025-06-15,7,16.714285714285715,14.0,38.0,1,True
4100707,Alto Piquiri,41,Paraná,Sul,418,8,144,0.3444976076555024,7,2018-06-17,2025-06-08,12,12.0,12.0,24.0,1,True
4100806,Alvorada do Sul,41,Paraná,Sul,418,8,63,0.1507177033492823,5,2019-03-10,2025-12-28,8,7.875,5.5,20.0,0,True
4100905,Amaporã,41,Paraná,Sul,418,8,106,0.2535885167464115,7,2018-02-18,2025-11-23,17,6.235294117647059,4.0,19.0,1,True
4101002,Ampére,41,Paraná,Sul,418,8,104,0.24880382775119617,6,2020-05-17,2025-11-16,12,8.666666666666666,4.0,34.0,2,True
4101051,Anahy,41,Paraná,Sul,418,8,130,0.31100478468899523,6,2018-01-28,2024-11-24,13,10.0,10.0,22.0,1,True
4101101,Andirá,41,Paraná,Sul,418,8,158,0.37799043062200954,5,2019-03-03,2025-12-28,8,19.75,13.5,58.0,1,True
4101150,Ângulo,41,Paraná,Sul,418,8,108,0.2583732057416268,6,2018-01-07,2024-08-04,12,9.0,7.0,23.0,0,True
4101200,Antonina,41,Paraná,Sul,418,8,105,0.2511961722488038,6,2019-06-23,2024-12-15,11,9.545454545454545,4.0,54.0,1,True
4101309,Antônio Olinto,41,Paraná,Sul,418,8,32,0.07655502392344497,4,2019-02-24,2025-12-28,8,4.0,4.0,7.0,0,True
4101408,Apucarana,41,Paraná,Sul,418,8,151,0.361244019138756,6,2019-04-14,2025-06-01,15,10.066666666666666,5.0,47.0,2,True
4101507,Arapongas,41,Paraná,Sul,418,8,164,0.3923444976076555,8,2018-11-11,2025-12-07,21,7.809523809523809,4.0,32.0,2,True
4101606,Arapoti,41,Paraná,Sul,418,8,79,0.18899521531100477,4,2020-01-19,2025-12-28,7,11.285714285714286,4.0,32.0,0,True
4101655,Arapuã,41,Paraná,Sul,418,8,71,0.16985645933014354,5,2019-04-07,2025-12-07,5,14.2,12.0,37.0,1,True
4101705,Araruna,41,Paraná,Sul,418,8,105,0.2511961722488038,5,2019-04-07,2024-09-08,10,10.5,5.5,32.0,1,True
4101804,Araucária,41,Paraná,Sul,418,8,93,0.22248803827751196,6,2018-12-09,2025-11-16,12,7.75,4.5,34.0,1,True
4101853,Ariranha do Ivaí,41,Paraná,Sul,418,8,82,0.19617224880382775,6,2019-05-26,2025-12-28,7,11.714285714285714,5.0,28.0,1,True
4101903,Assaí,41,Paraná,Sul,418,8,122,0.291866028708134,7,2018-10-14,2025-11-30,12,10.166666666666666,8.5,24.0,2,True
4102000,Assis Chateaubriand,41,Paraná,Sul,418,8,125,0.29904306220095694,7,2018-10-21,2025-12-28,12,10.416666666666666,9.5,29.0,1,True
4102109,Astorga,41,Paraná,Sul,418,8,116,0.27751196172248804,7,2018-10-28,2025-05-11,11,10.545454545454545,4.0,65.0,1,True
4102208,Atalaia,41,Paraná,Sul,418,8,117,0.2799043062200957,6,2019-05-19,2025-06-01,16,7.3125,5.5,25.0,3,True
4102307,Balsa Nova,41,Paraná,Sul,418,8,37,0.08851674641148326,5,2018-05-06,2025-07-06,9,4.111111111111111,4.0,9.0,0,True
4102406,Bandeirantes,41,Paraná,Sul,418,8,124,0.2966507177033493,6,2019-02-10,2025-12-28,7,17.714285714285715,13.0,65.0,2,True
4102505,Barbosa Ferraz,41,Paraná,Sul,418,8,123,0.2942583732057416,5,2018-12-30,2024-09-15,9,13.666666666666666,13.0,40.0,1,True
4102604,Barracão,41,Paraná,Sul,418,8,76,0.18181818181818182,5,2020-03-22,2024-10-27,11,6.909090909090909,4.0,31.0,0,True
4102703,Barra do Jacaré,41,Paraná,Sul,418,8,144,0.3444976076555024,6,2019-02-03,2025-12-21,11,13.090909090909092,9.0,58.0,1,True
4102752,Bela Vista da Caroba,41,Paraná,Sul,418,8,93,0.22248803827751196,6,2020-04-19,2025-12-28,9,10.333333333333334,4.0,30.0,0,True
4102802,Bela Vista do Paraíso,41,Paraná,Sul,418,8,109,0.2607655502392344,7,2019-12-15,2025-12-28,14,7.785714285714286,3.0,34.0,0,True
4102901,Bituruna,41,Paraná,Sul,418,8,37,0.08851674641148326,6,2018-01-28,2025-12-28,9,4.111111111111111,4.0,16.0,0,True
4103008,Boa Esperança,41,Paraná,Sul,418,8,112,0.2679425837320574,7,2019-02-24,2025-12-28,15,7.466666666666667,4.0,22.0,0,True
4103024,Boa Esperança do Iguaçu,41,Paraná,Sul,418,8,80,0.19138755980861244,7,2019-01-20,2025-12-14,10,8.0,4.0,26.0,0,True
4103040,Boa Ventura de São Roque,41,Paraná,Sul,418,8,49,0.11722488038277512,5,2020-02-02,2025-05-11,8,6.125,5.0,17.0,0,True
4103057,Boa Vista da Aparecida,41,Paraná,Sul,418,8,112,0.2679425837320574,6,2019-06-09,2025-11-30,9,12.444444444444445,8.0,42.0,1,True
4103107,Bocaiúva do Sul,41,Paraná,Sul,418,8,40,0.09569377990430622,3,2019-11-24,2025-04-20,4,10.0,7.0,24.0,0,True
4103156,Bom Jesus do Sul,41,Paraná,Sul,418,8,65,0.15550239234449761,6,2019-01-13,2025-06-22,13,5.0,4.0,16.0,0,True
4103206,Bom Sucesso,41,Paraná,Sul,418,8,136,0.3253588516746411,7,2019-04-14,2025-09-28,16,8.5,5.5,19.0,2,True
4103222,Bom Sucesso do Sul,41,Paraná,Sul,418,8,68,0.16267942583732056,5,2020-01-05,2025-12-28,8,8.5,4.0,20.0,0,True
4103305,Borrazópolis,41,Paraná,Sul,418,8,97,0.23205741626794257,4,2020-01-26,2024-06-23,5,19.4,10.0,52.0,1,True
4103354,Braganey,41,Paraná,Sul,418,8,81,0.1937799043062201,7,2017-12-31,2025-09-28,7,11.571428571428571,6.0,33.0,1,True
4103370,Brasilândia do Sul,41,Paraná,Sul,418,8,112,0.2679425837320574,6,2019-03-24,2025-12-14,16,7.0,4.0,24.0,0,True
4103404,Cafeara,41,Paraná,Sul,418,8,112,0.2679425837320574,6,2019-01-27,2025-12-28,13,8.615384615384615,7.0,27.0,1,True
4103453,Cafelândia,41,Paraná,Sul,418,8,132,0.3157894736842105,7,2019-04-28,2025-12-28,15,8.8,5.0,26.0,0,True
4103479,Cafezal do Sul,41,Paraná,Sul,418,8,122,0.291866028708134,8,2017-12-31,2025-10-19,15,8.133333333333333,4.0,25.0,2,True
4103503,Califórnia,41,Paraná,Sul,418,8,126,0.3014354066985646,8,2017-12-31,2025-11-23,20,6.3,4.0,37.0,1,True
4103602,Cambará,41,Paraná,Sul,418,8,114,0.2727272727272727,6,2019-05-12,2025-12-28,18,6.333333333333333,4.0,16.0,1,True
4103701,Cambé,41,Paraná,Sul,418,8,141,0.3373205741626794,6,2019-04-28,2024-12-15,9,15.666666666666666,7.0,72.0,2,True
4103800,Cambira,41,Paraná,Sul,418,8,121,0.2894736842105263,6,2019-01-27,2024-11-24,13,9.307692307692308,4.0,42.0,1,True
4103909,Campina da Lagoa,41,Paraná,Sul,418,8,106,0.2535885167464115,5,2018-09-23,2024-10-06,13,8.153846153846153,4.0,27.0,1,True
4103958,Campina do Simão,41,Paraná,Sul,418,8,34,0.08133971291866028,3,2023-05-14,2025-05-18,4,8.5,5.5,22.0,0,True
4104006,Campina Grande do Sul,41,Paraná,Sul,418,8,74,0.17703349282296652,5,2019-06-09,2024-12-22,10,7.4,4.0,30.0,0,True
4104055,Campo Bonito,41,Paraná,Sul,418,8,76,0.18181818181818182,6,2020-01-12,2025-11-30,10,7.6,4.5,25.0,0,True
4104105,Campo do Tenente,41,Paraná,Sul,418,8,17,0.04066985645933014,2,2023-04-30,2024-05-12,2,8.5,8.5,13.0,0,True
4104204,Campo Largo,41,Paraná,Sul,418,8,102,0.24401913875598086,7,2019-05-12,2025-12-21,18,5.666666666666667,3.5,41.0,1,True
4104253,Campo Magro,41,Paraná,Sul,418,8,61,0.145933014354067,5,2019-10-13,2025-07-27,10,6.1,3.5,30.0,1,True
4104303,Campo Mourão,41,Paraná,Sul,418,8,130,0.31100478468899523,5,2019-03-17,2024-11-17,9,14.444444444444445,12.0,40.0,2,True
4104402,Cândido de Abreu,41,Paraná,Sul,418,8,58,0.13875598086124402,5,2019-07-21,2025-01-19,5,11.6,4.0,29.0,0,True
4104428,Candói,41,Paraná,Sul,418,8,78,0.18660287081339713,5,2018-03-11,2025-12-28,11,7.090909090909091,4.0,24.0,1,True
4104451,Cantagalo,41,Paraná,Sul,418,8,65,0.15550239234449761,3,2021-01-10,2024-12-15,6,10.833333333333334,4.5,38.0,0,True
4104501,Capanema,41,Paraná,Sul,418,8,138,0.33014354066985646,7,2019-05-19,2025-01-05,12,11.5,9.5,33.0,2,True
4104600,Capitão Leônidas Marques,41,Paraná,Sul,418,8,109,0.2607655502392344,5,2019-04-14,2024-12-22,6,18.166666666666668,20.0,39.0,1,True
4104659,Carambeí,41,Paraná,Sul,418,8,85,0.20334928229665072,6,2018-12-30,2025-12-28,12,7.083333333333333,4.0,28.0,1,True
4104709,Carlópolis,41,Paraná,Sul,418,8,86,0.20574162679425836,7,2018-01-14,2025-08-03,9,9.555555555555555,4.0,26.0,1,True
4104808,Cascavel,41,Paraná,Sul,418,8,134,0.32057416267942584,6,2019-05-12,2025-12-14,5,26.8,15.0,75.0,1,True
4104907,Castro,41,Paraná,Sul,418,8,114,0.2727272727272727,8,2018-11-04,2025-12-28,17,6.705882352941177,4.0,38.0,0,True
4105003,Catanduvas,41,Paraná,Sul,418,8,83,0.19856459330143542,6,2018-06-24,2025-11-16,13,6.384615384615385,4.0,25.0,0,True
4105102,Centenário do Sul,41,Paraná,Sul,418,8,68,0.16267942583732056,4,2019-04-28,2023-05-28,6,11.333333333333334,9.5,24.0,1,True
4105201,Cerro Azul,41,Paraná,Sul,418,8,41,0.09808612440191387,4,2020-01-19,2025-12-28,7,5.857142857142857,4.0,13.0,0,True
4105300,Céu Azul,41,Paraná,Sul,418,8,92,0.22009569377990432,7,2018-09-23,2024-07-21,13,7.076923076923077,4.0,24.0,0,True
4105409,Chopinzinho,41,Paraná,Sul,418,8,95,0.22727272727272727,5,2020-01-19,2025-12-14,14,6.785714285714286,4.0,27.0,0,True
4105508,Cianorte,41,Paraná,Sul,418,8,147,0.35167464114832536,6,2019-03-03,2025-11-09,9,16.333333333333332,13.0,35.0,2,True
4105607,Cidade Gaúcha,41,Paraná,Sul,418,8,107,0.25598086124401914,6,2019-04-07,2025-12-07,9,11.88888888888889,5.0,46.0,2,True
4105706,Clevelândia,41,Paraná,Sul,418,8,53,0.12679425837320574,4,2020-02-23,2025-12-28,6,8.833333333333334,4.0,23.0,0,True
4105805,Colombo,41,Paraná,Sul,418,8,118,0.2822966507177033,7,2018-09-02,2025-12-28,13,9.076923076923077,4.0,46.0,1,True
4105904,Colorado,41,Paraná,Sul,418,8,68,0.16267942583732056,5,2018-07-29,2023-04-30,5,13.6,4.0,52.0,2,True
4106001,Congonhinhas,41,Paraná,Sul,418,8,92,0.22009569377990432,4,2020-01-19,2024-12-22,10,9.2,4.5,28.0,0,True
4106100,Conselheiro Mairinck,41,Paraná,Sul,418,8,53,0.12679425837320574,3,2020-02-02,2024-07-14,5,10.6,5.0,23.0,0,True
4106209,Contenda,41,Paraná,Sul,418,8,42,0.10047846889952153,6,2017-12-31,2025-12-28,8,5.25,4.0,17.0,0,True
4106308,Corbélia,41,Paraná,Sul,418,8,98,0.23444976076555024,7,2019-05-26,2024-12-29,12,8.166666666666666,3.5,32.0,2,True
4106407,Cornélio Procópio,41,Paraná,Sul,418,8,134,0.32057416267942584,7,2018-07-22,2024-09-29,16,8.375,3.5,51.0,1,True
4106456,Coronel Domingos Soares,41,Paraná,Sul,418,8,21,0.050239234449760764,3,2022-03-20,2024-05-05,3,7.0,8.0,9.0,0,True
4106506,Coronel Vivida,41,Paraná,Sul,418,8,92,0.22009569377990432,5,2020-02-16,2025-12-28,9,10.222222222222221,7.0,27.0,0,True
4106555,Corumbataí do Sul,41,Paraná,Sul,418,8,79,0.18899521531100477,4,2019-05-05,2024-05-19,9,8.777777777777779,6.0,19.0,1,True
4106571,Cruzeiro do Iguaçu,41,Paraná,Sul,418,8,95,0.22727272727272727,6,2018-04-15,2025-12-28,12,7.916666666666667,5.0,30.0,0,True
4106605,Cruzeiro do Oeste,41,Paraná,Sul,418,8,111,0.26555023923444976,7,2018-08-26,2024-07-28,13,8.538461538461538,5.0,26.0,1,True
4106704,Cruzeiro do Sul,41,Paraná,Sul,418,8,71,0.16985645933014354,6,2019-03-17,2024-07-07,12,5.916666666666667,4.0,20.0,1,True
4106803,Cruz Machado,41,Paraná,Sul,418,8,34,0.08133971291866028,3,2019-01-27,2025-05-25,6,5.666666666666667,4.0,14.0,0,True
4106852,Cruzmaltina,41,Paraná,Sul,418,8,82,0.19617224880382775,4,2020-02-02,2024-07-07,5,16.4,17.0,27.0,1,True
4106902,Curitiba,41,Paraná,Sul,418,8,125,0.29904306220095694,6,2019-06-09,2024-12-29,10,12.5,6.0,58.0,1,True
4107009,Curiúva,41,Paraná,Sul,418,8,133,0.3181818181818182,6,2018-12-30,2025-11-02,15,8.866666666666667,5.0,25.0,2,True
4107108,Diamante do Norte,41,Paraná,Sul,418,8,129,0.30861244019138756,7,2018-04-22,2025-04-13,12,10.75,5.0,36.0,1,True
4107124,Diamante do Sul,41,Paraná,Sul,418,8,76,0.18181818181818182,6,2020-06-07,2025-12-28,10,7.6,5.0,29.0,1,True
4107157,Diamante D'Oeste,41,Paraná,Sul,418,8,109,0.2607655502392344,6,2018-12-02,2025-12-28,12,9.083333333333334,4.0,26.0,0,True
4107207,Dois Vizinhos,41,Paraná,Sul,418,8,105,0.2511961722488038,4,2020-03-22,2024-12-22,11,9.545454545454545,5.0,33.0,1,True
4107256,Douradina,41,Paraná,Sul,418,8,96,0.22966507177033493,7,2019-05-12,2025-05-18,8,12.0,9.0,29.0,1,True
4107306,Doutor Camargo,41,Paraná,Sul,418,8,74,0.17703349282296652,5,2019-05-12,2025-11-02,7,10.571428571428571,12.0,26.0,1,True
4107405,Enéas Marques,41,Paraná,Sul,418,8,70,0.1674641148325359,4,2019-05-26,2024-07-21,6,11.666666666666666,9.0,29.0,0,True
4107504,Engenheiro Beltrão,41,Paraná,Sul,418,8,98,0.23444976076555024,6,2018-07-15,2024-09-01,8,12.25,9.5,33.0,1,True
4107520,Esperança Nova,41,Paraná,Sul,418,8,80,0.19138755980861244,5,2019-12-29,2025-03-23,8,10.0,3.5,29.0,0,True
4107538,Entre Rios do Oeste,41,Paraná,Sul,418,8,64,0.15311004784688995,6,2019-05-12,2024-05-26,9,7.111111111111111,6.0,21.0,0,True
4107546,Espigão Alto do Iguaçu,41,Paraná,Sul,418,8,40,0.09569377990430622,5,2019-05-26,2024-04-07,5,8.0,4.0,19.0,1,True
4107553,Farol,41,Paraná,Sul,418,8,78,0.18660287081339713,6,2019-04-07,2025-12-21,7,11.142857142857142,7.0,29.0,1,True
4107603,Faxinal,41,Paraná,Sul,418,8,143,0.34210526315789475,7,2018-03-04,2025-11-02,15,9.533333333333333,6.0,29.0,2,True
4107652,Fazenda Rio Grande,41,Paraná,Sul,418,8,99,0.23684210526315788,8,2018-04-29,2025-01-12,16,6.1875,4.0,28.0,1,True
4107702,Fênix,41,Paraná,Sul,418,8,131,0.3133971291866029,7,2018-04-08,2025-12-21,17,7.705882352941177,6.0,24.0,1,True
4107736,Fernandes Pinheiro,41,Paraná,Sul,418,8,24,0.05741626794258373,3,2022-05-15,2024-11-17,7,3.4285714285714284,2.0,10.0,0,True
4107751,Figueira,41,Paraná,Sul,418,8,88,0.21052631578947367,5,2018-09-16,2024-08-25,8,11.0,4.0,32.0,1,True
4107801,Floraí,41,Paraná,Sul,418,8,73,0.17464114832535885,5,2019-05-12,2025-10-05,5,14.6,3.0,51.0,1,True
4107850,Flor da Serra do Sul,41,Paraná,Sul,418,8,52,0.12440191387559808,4,2021-08-15,2025-11-02,6,8.666666666666666,4.0,27.0,0,True
4107900,Floresta,41,Paraná,Sul,418,8,94,0.22488038277511962,7,2019-04-14,2025-09-21,15,6.266666666666667,2.0,25.0,2,True
4108007,Florestópolis,41,Paraná,Sul,418,8,96,0.22966507177033493,5,2019-05-05,2025-06-01,6,16.0,10.0,47.0,1,True
4108106,Flórida,41,Paraná,Sul,418,8,94,0.22488038277511962,5,2019-03-17,2025-11-23,13,7.230769230769231,4.0,25.0,1,True
4108205,Formosa do Oeste,41,Paraná,Sul,418,8,85,0.20334928229665072,4,2019-04-28,2024-07-07,10,8.5,5.5,24.0,0,True
4108304,Foz do Iguaçu,41,Paraná,Sul,418,8,108,0.2583732057416268,6,2019-05-05,2024-05-19,9,12.0,12.0,36.0,1,True
4108320,Francisco Alves,41,Paraná,Sul,418,8,80,0.19138755980861244,7,2018-07-08,2025-12-28,15,5.333333333333333,2.0,24.0,0,True
4108403,Francisco Beltrão,41,Paraná,Sul,418,8,124,0.2966507177033493,8,2018-11-18,2025-11-23,14,8.857142857142858,4.0,34.0,1,True
4108452,Foz do Jordão,41,Paraná,Sul,418,8,97,0.23205741626794257,7,2019-04-21,2025-06-15,15,6.466666666666667,5.0,20.0,0,True
4108502,General Carneiro,41,Paraná,Sul,418,8,48,0.11483253588516747,5,2019-03-31,2025-09-07,7,6.857142857142857,5.0,17.0,0,True
4108551,Godoy Moreira,41,Paraná,Sul,418,8,74,0.17703349282296652,5,2019-05-12,2025-10-26,7,10.571428571428571,6.0,28.0,2,True
4108601,Goioerê,41,Paraná,Sul,418,8,130,0.31100478468899523,7,2018-06-24,2025-10-05,8,16.25,8.0,46.0,2,True
4108650,Goioxim,41,Paraná,Sul,418,8,32,0.07655502392344497,2,2023-01-29,2024-06-30,4,8.0,4.0,20.0,0,True
4108700,Grandes Rios,41,Paraná,Sul,418,8,141,0.3373205741626794,7,2019-02-03,2025-12-28,17,8.294117647058824,4.0,32.0,2,True
4108809,Guaíra,41,Paraná,Sul,418,8,95,0.22727272727272727,6,2018-05-06,2025-11-02,12,7.916666666666667,4.0,24.0,1,True
4108908,Guairaçá,41,Paraná,Sul,418,8,99,0.23684210526315788,7,2019-01-06,2025-06-08,11,9.0,5.0,23.0,1,True
4108957,Guamiranga,41,Paraná,Sul,418,8,87,0.20813397129186603,5,2020-02-16,2024-07-21,10,8.7,6.0,28.0,0,True
4109005,Guapirama,41,Paraná,Sul,418,8,76,0.18181818181818182,6,2019-03-24,2025-12-28,12,6.333333333333333,4.0,25.0,0,True
4109104,Guaporema,41,Paraná,Sul,418,8,107,0.25598086124401914,5,2019-04-28,2024-06-30,14,7.642857142857143,4.0,25.0,1,True
4109203,Guaraci,41,Paraná,Sul,418,8,97,0.23205741626794257,5,2019-05-26,2025-12-28,8,12.125,11.0,28.0,1,True
4109302,Guaraniaçu,41,Paraná,Sul,418,8,104,0.24880382775119617,6,2019-05-26,2025-10-19,16,6.5,4.0,31.0,0,True
4109401,Guarapuava,41,Paraná,Sul,418,8,103,0.24641148325358853,4,2022-05-08,2025-12-28,9,11.444444444444445,5.0,64.0,1,True
4109500,Guaraqueçaba,41,Paraná,Sul,418,8,67,0.16028708133971292,7,2019-06-09,2025-06-22,15,4.466666666666667,4.0,12.0,0,True
4109609,Guaratuba,41,Paraná,Sul,418,8,147,0.35167464114832536,7,2019-04-21,2025-11-16,13,11.307692307692308,4.0,66.0,2,True
4109658,Honório Serpa,41,Paraná,Sul,418,8,40,0.09569377990430622,4,2020-06-14,2025-08-31,4,10.0,9.5,17.0,0,True
4109708,Ibaiti,41,Paraná,Sul,418,8,118,0.2822966507177033,6,2019-05-19,2024-10-20,15,7.866666666666666,4.0,43.0,0,True
4109757,Ibema,41,Paraná,Sul,418,8,131,0.3133971291866029,7,2018-04-08,2025-01-05,12,10.916666666666666,6.5,50.0,2,True
4109807,Ibiporã,41,Paraná,Sul,418,8,87,0.20813397129186603,6,2019-04-28,2025-11-09,8,10.875,3.5,52.0,1,True
4109906,Icaraíma,41,Paraná,Sul,418,8,133,0.3181818181818182,5,2019-03-10,2024-10-13,11,12.090909090909092,8.0,26.0,0,True
4110003,Iguaraçu,41,Paraná,Sul,418,8,78,0.18660287081339713,5,2019-08-18,2025-11-09,6,13.0,9.0,37.0,1,True
4110052,Iguatu,41,Paraná,Sul,418,8,86,0.20574162679425836,6,2018-11-25,2024-11-10,12,7.166666666666667,4.0,27.0,0,True
4110078,Imbaú,41,Paraná,Sul,418,8,98,0.23444976076555024,6,2019-05-05,2025-12-21,15,6.533333333333333,4.0,22.0,0,True
4110102,Imbituva,41,Paraná,Sul,418,8,79,0.18899521531100477,7,2019-12-01,2025-10-26,10,7.9,4.0,39.0,0,True
4110201,Inácio Martins,41,Paraná,Sul,418,8,55,0.13157894736842105,4,2019-05-19,2025-11-02,8,6.875,4.0,21.0,0,True
4110300,Inajá,41,Paraná,Sul,418,8,95,0.22727272727272727,6,2018-12-30,2024-04-14,10,9.5,7.0,33.0,1,True
4110409,Indianópolis,41,Paraná,Sul,418,8,79,0.18899521531100477,5,2019-03-17,2024-06-09,8,9.875,7.0,28.0,0,True
4110508,Ipiranga,41,Paraná,Sul,418,8,62,0.14832535885167464,5,2020-01-19,2025-12-07,12,5.166666666666667,4.0,12.0,1,True
4110607,Iporã,41,Paraná,Sul,418,8,92,0.22009569377990432,7,2018-09-16,2025-01-05,12,7.666666666666667,4.0,33.0,1,True
4110656,Iracema do Oeste,41,Paraná,Sul,418,8,89,0.21291866028708134,7,2018-02-11,2025-11-16,13,6.846153846153846,4.0,30.0,2,True
4110706,Irati,41,Paraná,Sul,418,8,111,0.26555023923444976,7,2018-12-02,2025-11-09,15,7.4,4.0,30.0,1,True
4110805,Iretama,41,Paraná,Sul,418,8,90,0.215311004784689,4,2019-02-03,2024-07-07,6,15.0,11.0,37.0,1,True
4110904,Itaguajé,41,Paraná,Sul,418,8,70,0.1674641148325359,4,2019-05-12,2023-12-03,8,8.75,6.0,26.0,1,True
4110953,Itaipulândia,41,Paraná,Sul,418,8,99,0.23684210526315788,6,2018-06-17,2024-07-07,12,8.25,4.0,22.0,0,True
4111001,Itambaracá,41,Paraná,Sul,418,8,91,0.21770334928229665,7,2018-12-16,2024-09-01,13,7.0,4.0,30.0,1,True
4111100,Itambé,41,Paraná,Sul,418,8,109,0.2607655502392344,7,2018-06-17,2025-06-08,15,7.266666666666667,4.0,32.0,1,True
4111209,Itapejara d'Oeste,41,Paraná,Sul,418,8,66,0.15789473684210525,4,2022-01-23,2025-11-23,8,8.25,6.0,24.0,1,True
4111258,Itaperuçu,41,Paraná,Sul,418,8,32,0.07655502392344497,4,2019-05-19,2025-12-28,12,2.6666666666666665,2.5,4.0,1,True
4111308,Itaúna do Sul,41,Paraná,Sul,418,8,108,0.2583732057416268,8,2017-12-31,2025-12-28,25,4.32,3.0,24.0,2,True
4111407,Ivaí,41,Paraná,Sul,418,8,58,0.13875598086124402,3,2023-04-16,2025-02-02,7,8.285714285714286,4.0,26.0,1,True
4111506,Ivaiporã,41,Paraná,Sul,418,8,101,0.24162679425837322,6,2019-05-12,2025-09-28,13,7.769230769230769,4.0,36.0,2,True
4111555,Ivaté,41,Paraná,Sul,418,8,110,0.2631578947368421,5,2019-04-28,2025-02-23,9,12.222222222222221,11.0,28.0,1,True
4111605,Ivatuba,41,Paraná,Sul,418,8,111,0.26555023923444976,8,2018-05-20,2025-12-21,15,7.4,4.0,24.0,2,True
4111704,Jaboti,41,Paraná,Sul,418,8,91,0.21770334928229665,6,2020-03-01,2025-01-26,12,7.583333333333333,4.5,26.0,0,True
4111803,Jacarezinho,41,Paraná,Sul,418,8,120,0.28708133971291866,6,2018-07-01,2024-09-01,5,24.0,20.0,58.0,2,True
4111902,Jaguapitã,41,Paraná,Sul,418,8,200,0.4784688995215311,8,2018-09-09,2025-12-28,18,11.11111111111111,9.0,41.0,2,True
4112009,Jaguariaíva,41,Paraná,Sul,418,8,113,0.2703349282296651,6,2019-06-23,2025-11-30,15,7.533333333333333,4.0,34.0,0,True
4112108,Jandaia do Sul,41,Paraná,Sul,418,8,120,0.28708133971291866,5,2018-12-30,2024-12-15,8,15.0,11.0,34.0,2,True
4112207,Janiópolis,41,Paraná,Sul,418,8,117,0.2799043062200957,7,2018-01-28,2025-12-14,21,5.571428571428571,4.0,35.0,1,True
4112306,Japira,41,Paraná,Sul,418,8,48,0.11483253588516747,4,2020-03-08,2025-10-12,4,12.0,10.0,24.0,0,True
4112405,Japurá,41,Paraná,Sul,418,8,90,0.215311004784689,5,2019-01-20,2024-12-08,15,6.0,4.0,23.0,0,True
4112504,Jardim Alegre,41,Paraná,Sul,418,8,118,0.2822966507177033,5,2019-05-19,2025-12-07,9,13.11111111111111,11.0,39.0,2,True
4112603,Jardim Olinda,41,Paraná,Sul,418,8,80,0.19138755980861244,7,2019-03-17,2025-12-28,13,6.153846153846154,4.0,26.0,0,True
4112702,Jataizinho,41,Paraná,Sul,418,8,88,0.21052631578947367,5,2019-04-07,2025-04-20,13,6.769230769230769,4.0,24.0,2,True
4112751,Jesuítas,41,Paraná,Sul,418,8,75,0.17942583732057416,4,2019-04-28,2024-05-26,5,15.0,12.0,28.0,1,True
4112801,Joaquim Távora,41,Paraná,Sul,418,8,135,0.3229665071770335,6,2019-03-24,2025-10-26,14,9.642857142857142,4.5,34.0,0,True
4112900,Jundiaí do Sul,41,Paraná,Sul,418,8,62,0.14832535885167464,4,2020-02-09,2024-08-25,10,6.2,4.0,15.0,1,True
4112959,Juranda,41,Paraná,Sul,418,8,78,0.18660287081339713,6,2018-01-21,2024-06-02,6,13.0,3.5,50.0,1,True
4113007,Jussara,41,Paraná,Sul,418,8,127,0.3038277511961722,7,2018-11-11,2025-12-07,13,9.76923076923077,4.0,41.0,1,True
4113106,Kaloré,41,Paraná,Sul,418,8,113,0.2703349282296651,7,2019-04-14,2025-11-30,14,8.071428571428571,5.0,22.0,0,True
4113205,Lapa,41,Paraná,Sul,418,8,72,0.1722488038277512,5,2020-01-26,2025-12-28,9,8.0,4.0,29.0,0,True
4113254,Laranjal,41,Paraná,Sul,418,8,98,0.23444976076555024,5,2020-04-12,2025-06-01,9,10.88888888888889,5.0,26.0,0,True
4113304,Laranjeiras do Sul,41,Paraná,Sul,418,8,126,0.3014354066985646,6,2019-05-19,2025-12-28,21,6.0,4.0,37.0,0,True
4113403,Leópolis,41,Paraná,Sul,418,8,103,0.24641148325358853,6,2019-03-24,2025-12-28,12,8.583333333333334,4.5,38.0,0,True
4113429,Lidianópolis,41,Paraná,Sul,418,8,106,0.2535885167464115,6,2018-04-22,2024-04-28,8,13.25,7.5,37.0,1,True
4113452,Lindoeste,41,Paraná,Sul,418,8,113,0.2703349282296651,7,2018-06-10,2024-12-22,12,9.416666666666666,5.5,29.0,2,True
4113502,Loanda,41,Paraná,Sul,418,8,121,0.2894736842105263,6,2019-02-17,2025-04-06,10,12.1,11.0,34.0,1,True
4113601,Lobato,41,Paraná,Sul,418,8,85,0.20334928229665072,5,2018-01-14,2023-12-24,13,6.538461538461538,4.0,22.0,0,True
4113700,Londrina,41,Paraná,Sul,418,8,163,0.38995215311004783,5,2018-12-23,2024-11-10,4,40.75,37.5,86.0,3,True
4113734,Luiziana,41,Paraná,Sul,418,8,119,0.284688995215311,8,2018-06-10,2025-08-31,13,9.153846153846153,4.0,39.0,1,True
4113759,Lunardelli,41,Paraná,Sul,418,8,106,0.2535885167464115,5,2019-04-07,2024-07-28,6,17.666666666666668,18.5,36.0,1,True
4113809,Lupionópolis,41,Paraná,Sul,418,8,121,0.2894736842105263,6,2019-01-06,2024-06-23,8,15.125,11.0,36.0,3,True
4113908,Mallet,41,Paraná,Sul,418,8,55,0.13157894736842105,5,2020-02-09,2025-12-28,8,6.875,4.0,19.0,0,True
4114005,Mamborê,41,Paraná,Sul,418,8,76,0.18181818181818182,5,2019-06-23,2024-07-07,11,6.909090909090909,4.0,18.0,0,True
4114104,Mandaguaçu,41,Paraná,Sul,418,8,162,0.3875598086124402,8,2018-11-11,2025-10-12,14,11.571428571428571,6.5,34.0,1,True
4114203,Mandaguari,41,Paraná,Sul,418,8,140,0.3349282296650718,6,2019-05-05,2025-12-28,10,14.0,9.5,39.0,2,True
4114302,Mandirituba,41,Paraná,Sul,418,8,32,0.07655502392344497,4,2019-12-29,2024-11-03,5,6.4,4.0,18.0,0,True
4114351,Manfrinópolis,41,Paraná,Sul,418,8,71,0.16985645933014354,7,2019-01-13,2025-11-02,12,5.916666666666667,4.0,18.0,0,True
4114401,Mangueirinha,41,Paraná,Sul,418,8,78,0.18660287081339713,5,2020-01-12,2025-12-21,9,8.666666666666666,4.0,34.0,0,True
4114500,Manoel Ribas,41,Paraná,Sul,418,8,78,0.18660287081339713,4,2020-01-12,2024-07-21,9,8.666666666666666,4.0,32.0,1,True
4114609,Marechal Cândido Rondon,41,Paraná,Sul,418,8,117,0.2799043062200957,6,2019-05-05,2025-12-07,10,11.7,10.0,28.0,0,True
4114708,Maria Helena,41,Paraná,Sul,418,8,121,0.2894736842105263,7,2019-04-28,2025-05-18,13,9.307692307692308,4.0,32.0,2,True
4114807,Marialva,41,Paraná,Sul,418,8,100,0.23923444976076555,5,2019-06-23,2024-09-29,10,10.0,6.5,30.0,2,True
4114906,Marilândia do Sul,41,Paraná,Sul,418,8,144,0.3444976076555024,7,2018-11-25,2025-12-07,17,8.470588235294118,6.0,36.0,1,True
4115002,Marilena,41,Paraná,Sul,418,8,164,0.3923444976076555,8,2018-07-22,2025-04-27,20,8.2,4.0,59.0,2,True
4115101,Mariluz,41,Paraná,Sul,418,8,153,0.3660287081339713,6,2019-04-21,2024-10-20,16,9.5625,5.0,40.0,2,True
4115200,Maringá,41,Paraná,Sul,418,8,121,0.2894736842105263,5,2019-05-19,2024-08-18,6,20.166666666666668,18.0,54.0,2,True
4115309,Mariópolis,41,Paraná,Sul,418,8,71,0.16985645933014354,6,2019-10-27,2025-12-21,14,5.071428571428571,4.0,16.0,2,True
4115358,Maripá,41,Paraná,Sul,418,8,94,0.22488038277511962,5,2019-04-21,2024-08-18,7,13.428571428571429,14.0,28.0,1,True
4115408,Marmeleiro,41,Paraná,Sul,418,8,122,0.291866028708134,6,2019-04-07,2025-11-30,13,9.384615384615385,8.0,27.0,2,True
4115457,Marquinho,41,Paraná,Sul,418,8,59,0.14114832535885166,6,2020-02-09,2025-02-23,9,6.555555555555555,4.0,23.0,0,True
4115507,Marumbi,41,Paraná,Sul,418,8,109,0.2607655502392344,6,2019-03-17,2024-10-06,15,7.266666666666667,4.0,21.0,2,True
4115606,Matelândia,41,Paraná,Sul,418,8,99,0.23684210526315788,8,2018-08-12,2025-12-28,14,7.071428571428571,4.0,26.0,0,True
4115705,Matinhos,41,Paraná,Sul,418,8,120,0.28708133971291866,5,2019-04-28,2024-12-22,13,9.23076923076923,5.0,28.0,1,True
4115739,Mato Rico,41,Paraná,Sul,418,8,39,0.09330143540669857,5,2019-03-31,2025-09-28,6,6.5,4.0,21.0,0,True
4115754,Mauá da Serra,41,Paraná,Sul,418,8,130,0.31100478468899523,7,2019-04-14,2025-12-14,12,10.833333333333334,4.0,33.0,1,True
4115804,Medianeira,41,Paraná,Sul,418,8,63,0.1507177033492823,6,2018-07-08,2024-07-14,14,4.5,5.0,10.0,0,True
4115853,Mercedes,41,Paraná,Sul,418,8,96,0.22966507177033493,6,2019-03-31,2024-07-21,11,8.727272727272727,7.0,18.0,1,True
4115903,Mirador,41,Paraná,Sul,418,8,121,0.2894736842105263,6,2019-01-06,2025-06-29,10,12.1,4.0,51.0,2,True
4116000,Miraselva,41,Paraná,Sul,418,8,75,0.17942583732057416,5,2019-12-08,2024-08-11,8,9.375,9.0,19.0,1,True
4116059,Missal,41,Paraná,Sul,418,8,140,0.3349282296650718,7,2018-06-17,2024-07-21,18,7.777777777777778,6.0,21.0,1,True
4116109,Moreira Sales,41,Paraná,Sul,418,8,129,0.30861244019138756,6,2019-01-20,2025-11-30,13,9.923076923076923,6.0,34.0,1,True
4116208,Morretes,41,Paraná,Sul,418,8,107,0.25598086124401914,6,2019-06-09,2025-11-09,12,8.916666666666666,8.5,19.0,1,True
4116307,Munhoz de Melo,41,Paraná,Sul,418,8,92,0.22009569377990432,5,2019-05-12,2025-10-19,10,9.2,8.0,26.0,0,True
4116406,Nossa Senhora das Graças,41,Paraná,Sul,418,8,93,0.22248803827751196,5,2019-06-16,2025-11-02,9,10.333333333333334,5.0,31.0,2,True
4116505,Nova Aliança do Ivaí,41,Paraná,Sul,418,8,98,0.23444976076555024,6,2019-04-14,2025-12-21,17,5.764705882352941,4.0,21.0,1,True
4116604,Nova América da Colina,41,Paraná,Sul,418,8,106,0.2535885167464115,7,2019-05-19,2025-12-07,15,7.066666666666666,4.0,31.0,1,True
4116703,Nova Aurora,41,Paraná,Sul,418,8,139,0.33253588516746413,7,2017-12-31,2024-12-15,15,9.266666666666667,4.0,40.0,1,True
4116802,Nova Cantu,41,Paraná,Sul,418,8,72,0.1722488038277512,4,2019-05-26,2024-08-11,4,18.0,18.5,31.0,0,True
4116901,Nova Esperança,41,Paraná,Sul,418,8,92,0.22009569377990432,6,2018-06-17,2024-07-14,5,18.4,4.0,65.0,1,True
4116950,Nova Esperança do Sudoeste,41,Paraná,Sul,418,8,96,0.22966507177033493,5,2020-06-07,2025-12-21,11,8.727272727272727,8.0,26.0,0,True
4117008,Nova Fátima,41,Paraná,Sul,418,8,122,0.291866028708134,7,2018-12-16,2025-11-30,18,6.777777777777778,4.0,30.0,2,True
4117057,Nova Laranjeiras,41,Paraná,Sul,418,8,80,0.19138755980861244,5,2019-09-08,2024-12-22,10,8.0,4.0,31.0,0,True
4117107,Nova Londrina,41,Paraná,Sul,418,8,129,0.30861244019138756,7,2018-06-17,2025-10-05,15,8.6,4.0,30.0,1,True
4117206,Nova Olímpia,41,Paraná,Sul,418,8,116,0.27751196172248804,7,2019-03-10,2025-03-30,9,12.88888888888889,5.0,31.0,3,True
4117214,Nova Santa Bárbara,41,Paraná,Sul,418,8,83,0.19856459330143542,6,2018-04-01,2025-01-19,11,7.545454545454546,4.0,23.0,0,True
4117222,Nova Santa Rosa,41,Paraná,Sul,418,8,75,0.17942583732057416,6,2020-02-23,2025-12-21,12,6.25,3.0,20.0,0,True
4117255,Nova Prata do Iguaçu,41,Paraná,Sul,418,8,80,0.19138755980861244,6,2019-12-08,2025-10-05,9,8.88888888888889,4.0,21.0,1,True
4117271,Nova Tebas,41,Paraná,Sul,418,8,102,0.24401913875598086,7,2019-04-28,2025-10-12,11,9.272727272727273,4.0,37.0,1,True
4117297,Novo Itacolomi,41,Paraná,Sul,418,8,86,0.20574162679425836,8,2018-12-02,2025-01-26,10,8.6,4.0,31.0,1,True
4117305,Ortigueira,41,Paraná,Sul,418,8,147,0.35167464114832536,8,2018-10-14,2025-11-30,19,7.7368421052631575,5.0,32.0,1,True
4117404,Ourizona,41,Paraná,Sul,418,8,110,0.2631578947368421,6,2019-07-21,2025-12-14,16,6.875,4.0,32.0,0,True
4117453,Ouro Verde do Oeste,41,Paraná,Sul,418,8,116,0.27751196172248804,7,2019-06-09,2025-12-28,16,7.25,4.5,26.0,1,True
4117503,Paiçandu,41,Paraná,Sul,418,8,57,0.13636363636363635,5,2019-04-21,2025-12-21,8,7.125,3.0,23.0,1,True
4117602,Palmas,41,Paraná,Sul,418,8,56,0.1339712918660287,4,2019-09-15,2024-08-04,7,8.0,5.0,16.0,0,True
4117701,Palmeira,41,Paraná,Sul,418,8,107,0.25598086124401914,7,2018-12-23,2025-12-28,14,7.642857142857143,6.0,29.0,1,True
4117800,Palmital,41,Paraná,Sul,418,8,113,0.2703349282296651,5,2020-02-16,2025-10-12,9,12.555555555555555,6.0,32.0,1,True
4117909,Palotina,41,Paraná,Sul,418,8,105,0.2511961722488038,5,2019-04-07,2024-06-02,5,21.0,17.0,45.0,2,True
4118006,Paraíso do Norte,41,Paraná,Sul,418,8,132,0.3157894736842105,6,2018-12-09,2024-07-07,11,12.0,8.0,35.0,2,True
4118105,Paranacity,41,Paraná,Sul,418,8,81,0.1937799043062201,3,2019-03-10,2022-10-23,5,16.2,21.0,26.0,1,True
4118204,Paranaguá,41,Paraná,Sul,418,8,85,0.20334928229665072,6,2018-12-16,2024-12-15,10,8.5,5.5,24.0,1,True
4118303,Paranapoema,41,Paraná,Sul,418,8,107,0.25598086124401914,8,2018-05-06,2025-12-28,14,7.642857142857143,6.0,22.0,2,True
4118402,Paranavaí,41,Paraná,Sul,418,8,114,0.2727272727272727,7,2018-06-24,2025-09-28,9,12.666666666666666,7.0,58.0,1,True
4118451,Pato Bragado,41,Paraná,Sul,418,8,68,0.16267942583732056,6,2018-07-15,2024-07-07,11,6.181818181818182,4.0,18.0,0,True
4118501,Pato Branco,41,Paraná,Sul,418,8,118,0.2822966507177033,7,2019-06-30,2025-12-28,14,8.428571428571429,4.0,31.0,0,True
4118600,Paula Freitas,41,Paraná,Sul,418,8,26,0.06220095693779904,3,2022-03-13,2025-04-06,6,4.333333333333333,4.0,6.0,0,True
4118709,Paulo Frontin,41,Paraná,Sul,418,8,27,0.0645933014354067,2,2023-05-07,2024-07-14,2,13.5,13.5,23.0,0,True
4118808,Peabiru,41,Paraná,Sul,418,8,97,0.23205741626794257,5,2019-03-31,2025-11-09,6,16.166666666666668,16.5,32.0,2,True
4118857,Perobal,41,Paraná,Sul,418,8,129,0.30861244019138756,5,2019-04-28,2024-12-22,9,14.333333333333334,13.0,30.0,2,True
4118907,Pérola,41,Paraná,Sul,418,8,99,0.23684210526315788,6,2019-06-16,2025-01-05,10,9.9,4.0,39.0,1,True
4119004,Pérola d'Oeste,41,Paraná,Sul,418,8,138,0.33014354066985646,7,2018-12-02,2025-12-28,14,9.857142857142858,5.0,34.0,1,True
4119103,Piên,41,Paraná,Sul,418,8,38,0.09090909090909091,5,2018-01-14,2025-04-06,7,5.428571428571429,4.0,13.0,0,True
4119152,Pinhais,41,Paraná,Sul,418,8,130,0.31100478468899523,7,2019-03-10,2025-12-21,19,6.842105263157895,3.0,51.0,0,True
4119202,Pinhalão,41,Paraná,Sul,418,8,59,0.14114832535885166,4,2020-02-02,2025-07-20,7,8.428571428571429,4.0,24.0,0,True
4119251,Pinhal de São Bento,41,Paraná,Sul,418,8,60,0.14354066985645933,5,2021-03-21,2025-06-22,8,7.5,4.0,23.0,0,True
4119301,Pinhão,41,Paraná,Sul,418,8,103,0.24641148325358853,6,2017-12-31,2025-12-14,22,4.681818181818182,4.0,23.0,0,True
4119400,Piraí do Sul,41,Paraná,Sul,418,8,95,0.22727272727272727,7,2019-11-17,2025-11-02,13,7.3076923076923075,4.0,23.0,2,True
4119509,Piraquara,41,Paraná,Sul,418,8,93,0.22248803827751196,6,2019-05-19,2025-09-14,17,5.470588235294118,4.0,29.0,0,True
4119608,Pitanga,41,Paraná,Sul,418,8,117,0.2799043062200957,6,2019-05-05,2025-01-05,9,13.0,14.0,30.0,2,True
4119657,Pitangueiras,41,Paraná,Sul,418,8,69,0.16507177033492823,6,2019-06-02,2024-10-13,11,6.2727272727272725,4.0,22.0,0,True
4119707,Planaltina do Paraná,41,Paraná,Sul,418,8,143,0.34210526315789475,7,2018-03-25,2025-11-09,16,8.9375,6.5,34.0,2,True
4119806,Planalto,41,Paraná,Sul,418,8,104,0.24880382775119617,6,2019-06-02,2024-07-14,13,8.0,4.0,27.0,1,True
4119905,Ponta Grossa,41,Paraná,Sul,418,8,142,0.3397129186602871,8,2018-11-11,2025-12-14,18,7.888888888888889,4.0,54.0,2,True
4119954,Pontal do Paraná,41,Paraná,Sul,418,8,125,0.29904306220095694,7,2019-05-19,2025-12-07,15,8.333333333333334,5.0,24.0,1,True
4120002,Porecatu,41,Paraná,Sul,418,8,117,0.2799043062200957,6,2019-05-26,2025-04-20,10,11.7,7.0,41.0,2,True
4120101,Porto Amazonas,41,Paraná,Sul,418,8,33,0.07894736842105263,5,2019-07-21,2025-06-22,7,4.714285714285714,4.0,9.0,0,True
4120150,Porto Barreiro,41,Paraná,Sul,418,8,45,0.1076555023923445,4,2020-02-09,2025-08-10,6,7.5,4.0,25.0,0,True
4120200,Porto Rico,41,Paraná,Sul,418,8,89,0.21291866028708134,7,2018-12-09,2025-11-02,14,6.357142857142857,4.0,20.0,2,True
4120309,Porto Vitória,41,Paraná,Sul,418,8,24,0.05741626794258373,2,2024-02-11,2025-04-13,3,8.0,4.0,16.0,0,True
4120333,Prado Ferreira,41,Paraná,Sul,418,8,112,0.2679425837320574,7,2019-04-21,2025-01-26,11,10.181818181818182,5.0,39.0,1,True
4120358,Pranchita,41,Paraná,Sul,418,8,86,0.20574162679425836,5,2020-04-19,2025-12-07,10,8.6,4.0,39.0,1,True
4120408,Presidente Castelo Branco,41,Paraná,Sul,418,8,105,0.2511961722488038,6,2019-05-05,2025-12-14,17,6.176470588235294,4.0,29.0,1,True
4120507,Primeiro de Maio,41,Paraná,Sul,418,8,117,0.2799043062200957,6,2019-03-24,2025-09-14,11,10.636363636363637,7.0,46.0,1,True
4120606,Prudentópolis,41,Paraná,Sul,418,8,97,0.23205741626794257,7,2019-04-28,2025-12-07,15,6.466666666666667,4.0,45.0,1,True
4120655,Quarto Centenário,41,Paraná,Sul,418,8,112,0.2679425837320574,6,2019-05-19,2025-12-28,12,9.333333333333334,4.5,31.0,2,True
4120705,Quatiguá,41,Paraná,Sul,418,8,85,0.20334928229665072,5,2020-02-09,2025-11-16,9,9.444444444444445,4.0,29.0,1,True
4120804,Quatro Barras,41,Paraná,Sul,418,8,59,0.14114832535885166,3,2022-04-17,2024-12-01,9,6.555555555555555,4.0,34.0,0,True
4120853,Quatro Pontes,41,Paraná,Sul,418,8,114,0.2727272727272727,6,2019-03-31,2025-12-28,10,11.4,9.5,27.0,2,True
4120903,Quedas do Iguaçu,41,Paraná,Sul,418,8,88,0.21052631578947367,5,2020-01-05,2025-09-28,9,9.777777777777779,6.0,25.0,1,True
4121000,Querência do Norte,41,Paraná,Sul,418,8,124,0.2966507177033493,7,2019-03-31,2025-05-25,8,15.5,12.5,40.0,2,True
4121109,Quinta do Sol,41,Paraná,Sul,418,8,90,0.215311004784689,4,2019-03-17,2024-06-30,3,30.0,24.0,57.0,1,True
4121208,Quitandinha,41,Paraná,Sul,418,8,32,0.07655502392344497,3,2020-04-05,2024-06-23,5,6.4,4.0,17.0,0,True
4121257,Ramilândia,41,Paraná,Sul,418,8,89,0.21291866028708134,8,2018-09-02,2025-11-16,14,6.357142857142857,4.0,41.0,1,True
4121307,Rancho Alegre,41,Paraná,Sul,418,8,123,0.2942583732057416,8,2018-12-16,2025-12-28,17,7.235294117647059,4.0,21.0,2,True
4121356,Rancho Alegre D'Oeste,41,Paraná,Sul,418,8,81,0.1937799043062201,6,2019-04-14,2025-01-05,10,8.1,7.5,15.0,1,True
4121406,Realeza,41,Paraná,Sul,418,8,117,0.2799043062200957,6,2018-08-12,2024-12-08,16,7.3125,4.0,26.0,2,True
4121505,Rebouças,41,Paraná,Sul,418,8,54,0.1291866028708134,3,2022-03-27,2024-07-28,7,7.714285714285714,5.0,24.0,1,True
4121604,Renascença,41,Paraná,Sul,418,8,63,0.1507177033492823,5,2020-02-23,2025-12-07,6,10.5,8.0,25.0,0,True
4121703,Reserva,41,Paraná,Sul,418,8,108,0.2583732057416268,5,2020-02-02,2025-12-21,10,10.8,9.0,33.0,1,True
4121752,Reserva do Iguaçu,41,Paraná,Sul,418,8,51,0.12200956937799043,3,2022-03-27,2025-12-28,8,6.375,4.0,21.0,0,True
4121802,Ribeirão Claro,41,Paraná,Sul,418,8,117,0.2799043062200957,6,2019-06-02,2025-12-07,12,9.75,4.0,39.0,1,True
4121901,Ribeirão do Pinhal,41,Paraná,Sul,418,8,133,0.3181818181818182,6,2019-04-21,2025-12-07,14,9.5,8.0,24.0,0,True
4122008,Rio Azul,41,Paraná,Sul,418,8,31,0.07416267942583732,2,2019-02-17,2024-08-11,3,10.333333333333334,4.0,23.0,0,True
4122107,Rio Bom,41,Paraná,Sul,418,8,87,0.20813397129186603,5,2020-01-05,2025-11-30,9,9.666666666666666,5.0,38.0,0,True
4122156,Rio Bonito do Iguaçu,41,Paraná,Sul,418,8,119,0.284688995215311,7,2019-05-12,2025-10-19,16,7.4375,4.5,25.0,0,True
4122172,Rio Branco do Ivaí,41,Paraná,Sul,418,8,75,0.17942583732057416,4,2022-03-20,2025-09-07,12,6.25,4.0,20.0,0,True
4122206,Rio Branco do Sul,41,Paraná,Sul,418,8,49,0.11722488038277512,6,2018-07-29,2025-09-07,9,5.444444444444445,4.0,19.0,0,True
4122305,Rio Negro,41,Paraná,Sul,418,8,73,0.17464114832535885,6,2019-05-26,2025-10-19,12,6.083333333333333,4.0,22.0,0,True
4122404,Rolândia,41,Paraná,Sul,418,8,89,0.21291866028708134,4,2019-04-28,2024-07-07,5,17.8,14.0,41.0,0,True
4122503,Roncador,41,Paraná,Sul,418,8,112,0.2679425837320574,8,2018-06-24,2025-10-12,12,9.333333333333334,4.0,39.0,2,True
4122602,Rondon,41,Paraná,Sul,418,8,127,0.3038277511961722,5,2019-03-17,2024-01-21,10,12.7,10.0,39.0,1,True
4122651,Rosário do Ivaí,41,Paraná,Sul,418,8,62,0.14832535885167464,6,2019-04-28,2025-09-14,7,8.857142857142858,4.0,29.0,0,True
4122701,Sabáudia,41,Paraná,Sul,418,8,88,0.21052631578947367,7,2018-06-24,2025-09-14,14,6.285714285714286,4.0,23.0,2,True
4122800,Salgado Filho,41,Paraná,Sul,418,8,78,0.18660287081339713,6,2018-11-18,2024-10-27,11,7.090909090909091,4.0,23.0,0,True
4122909,Salto do Itararé,41,Paraná,Sul,418,8,72,0.1722488038277512,7,2019-06-16,2025-03-16,11,6.545454545454546,4.0,25.0,1,True
4123006,Salto do Lontra,41,Paraná,Sul,418,8,103,0.24641148325358853,6,2019-05-26,2025-12-14,9,11.444444444444445,4.0,32.0,1,True
4123105,Santa Amélia,41,Paraná,Sul,418,8,118,0.2822966507177033,6,2019-03-31,2025-10-19,12,9.833333333333334,6.5,28.0,1,True
4123204,Santa Cecília do Pavão,41,Paraná,Sul,418,8,99,0.23684210526315788,7,2019-06-23,2025-04-13,10,9.9,4.0,27.0,1,True
4123303,Santa Cruz de Monte Castelo,41,Paraná,Sul,418,8,131,0.3133971291866029,7,2019-04-07,2025-05-11,16,8.1875,5.0,36.0,1,True
4123402,Santa Fé,41,Paraná,Sul,418,8,82,0.19617224880382775,6,2018-10-28,2025-11-09,9,9.11111111111111,8.0,24.0,1,True
4123501,Santa Helena,41,Paraná,Sul,418,8,98,0.23444976076555024,7,2019-06-02,2025-10-26,9,10.88888888888889,7.0,26.0,1,True
4123600,Santa Inês,41,Paraná,Sul,418,8,86,0.20574162679425836,5,2019-05-12,2025-11-02,12,7.166666666666667,5.0,21.0,1,True
4123709,Santa Isabel do Ivaí,41,Paraná,Sul,418,8,121,0.2894736842105263,6,2017-12-31,2025-08-17,13,9.307692307692308,3.0,54.0,1,True
4123808,Santa Izabel do Oeste,41,Paraná,Sul,418,8,100,0.23923444976076555,4,2020-01-19,2024-05-05,6,16.666666666666668,19.0,34.0,2,True
4123824,Santa Lúcia,41,Paraná,Sul,418,8,99,0.23684210526315788,7,2017-12-31,2025-06-08,15,6.6,4.0,34.0,2,True
4123857,Santa Maria do Oeste,41,Paraná,Sul,418,8,53,0.12679425837320574,4,2022-05-08,2025-12-28,6,8.833333333333334,4.0,36.0,2,True
4123907,Santa Mariana,41,Paraná,Sul,418,8,159,0.3803827751196172,7,2019-01-20,2025-04-13,15,10.6,6.0,31.0,3,True
4123956,Santa Mônica,41,Paraná,Sul,418,8,95,0.22727272727272727,5,2019-05-05,2025-12-21,8,11.875,12.5,28.0,1,True
4124004,Santana do Itararé,41,Paraná,Sul,418,8,71,0.16985645933014354,6,2019-02-17,2025-06-22,8,8.875,8.5,16.0,0,True
4124020,Santa Tereza do Oeste,41,Paraná,Sul,418,8,148,0.35406698564593303,7,2019-03-17,2025-12-28,21,7.0476190476190474,4.0,29.0,1,True
4124053,Santa Terezinha de Itaipu,41,Paraná,Sul,418,8,88,0.21052631578947367,5,2018-07-15,2024-08-11,12,7.333333333333333,3.0,19.0,0,True
4124103,Santo Antônio da Platina,41,Paraná,Sul,418,8,112,0.2679425837320574,8,2018-10-21,2025-09-07,11,10.181818181818182,4.0,30.0,2,True
4124202,Santo Antônio do Caiuá,41,Paraná,Sul,418,8,104,0.24880382775119617,8,2018-07-08,2025-10-19,14,7.428571428571429,4.0,32.0,1,True
4124301,Santo Antônio do Paraíso,41,Paraná,Sul,418,8,52,0.12440191387559808,5,2019-03-03,2025-11-09,7,7.428571428571429,4.0,23.0,0,True
4124400,Santo Antônio do Sudoeste,41,Paraná,Sul,418,8,93,0.22248803827751196,5,2020-01-05,2025-12-28,14,6.642857142857143,3.5,28.0,0,True
4124509,Santo Inácio,41,Paraná,Sul,418,8,94,0.22488038277511962,5,2019-03-31,2025-12-28,10,9.4,5.5,27.0,1,True
4124608,São Carlos do Ivaí,41,Paraná,Sul,418,8,97,0.23205741626794257,5,2019-03-24,2024-06-30,6,16.166666666666668,14.5,32.0,2,True
4124707,São Jerônimo da Serra,41,Paraná,Sul,418,8,73,0.17464114832535885,6,2020-05-17,2024-12-29,10,7.3,4.0,31.0,1,True
4124806,São João,41,Paraná,Sul,418,8,97,0.23205741626794257,6,2019-06-09,2025-11-30,9,10.777777777777779,6.0,27.0,0,True
4124905,São João do Caiuá,41,Paraná,Sul,418,8,175,0.41866028708133973,8,2018-10-14,2025-01-26,18,9.722222222222221,5.0,34.0,2,True
4125001,São João do Ivaí,41,Paraná,Sul,418,8,117,0.2799043062200957,7,2018-03-11,2025-10-12,13,9.0,4.0,27.0,1,True
4125100,São João do Triunfo,41,Paraná,Sul,418,8,49,0.11722488038277512,4,2019-02-10,2025-10-05,8,6.125,4.0,16.0,1,True
4125209,São Jorge d'Oeste,41,Paraná,Sul,418,8,129,0.30861244019138756,7,2019-01-27,2025-12-28,16,8.0625,4.0,26.0,1,True
4125308,São Jorge do Ivaí,41,Paraná,Sul,418,8,123,0.2942583732057416,6,2019-05-19,2025-12-28,15,8.2,4.0,24.0,1,True
4125357,São Jorge do Patrocínio,41,Paraná,Sul,418,8,96,0.22966507177033493,6,2019-09-15,2025-06-15,8,12.0,5.5,36.0,0,True
4125407,São José da Boa Vista,41,Paraná,Sul,418,8,100,0.23923444976076555,5,2018-02-11,2025-12-28,10,10.0,5.0,36.0,1,True
4125456,São José das Palmeiras,41,Paraná,Sul,418,8,121,0.2894736842105263,7,2018-11-04,2025-12-14,16,7.5625,4.5,25.0,0,True
4125506,São José dos Pinhais,41,Paraná,Sul,418,8,87,0.20813397129186603,7,2018-08-19,2025-12-07,12,7.25,3.5,36.0,1,True
4125555,São Manoel do Paraná,41,Paraná,Sul,418,8,96,0.22966507177033493,7,2019-04-14,2025-10-05,10,9.6,8.0,22.0,1,True
4125605,São Mateus do Sul,41,Paraná,Sul,418,8,56,0.1339712918660287,4,2022-05-29,2025-12-07,9,6.222222222222222,4.0,28.0,0,True
4125704,São Miguel do Iguaçu,41,Paraná,Sul,418,8,115,0.2751196172248804,6,2018-07-29,2024-12-22,13,8.846153846153847,7.0,20.0,1,True
4125753,São Pedro do Iguaçu,41,Paraná,Sul,418,8,74,0.17703349282296652,5,2018-12-30,2025-12-28,9,8.222222222222221,5.0,28.0,0,True
4125803,São Pedro do Ivaí,41,Paraná,Sul,418,8,158,0.37799043062200954,8,2018-05-06,2025-12-07,14,11.285714285714286,5.0,34.0,0,True
4125902,São Pedro do Paraná,41,Paraná,Sul,418,8,113,0.2703349282296651,6,2019-01-20,2025-08-17,12,9.416666666666666,4.0,33.0,2,True
4126009,São Sebastião da Amoreira,41,Paraná,Sul,418,8,120,0.28708133971291866,6,2019-07-14,2025-12-28,16,7.5,4.5,25.0,0,True
4126108,São Tomé,41,Paraná,Sul,418,8,107,0.25598086124401914,5,2019-03-24,2024-09-01,8,13.375,12.0,24.0,1,True
4126207,Sapopema,41,Paraná,Sul,418,8,116,0.27751196172248804,6,2020-03-01,2025-12-07,13,8.923076923076923,4.0,44.0,1,True
4126256,Sarandi,41,Paraná,Sul,418,8,80,0.19138755980861244,5,2019-05-12,2024-08-11,7,11.428571428571429,14.0,20.0,1,True
4126272,Saudade do Iguaçu,41,Paraná,Sul,418,8,96,0.22966507177033493,6,2020-03-15,2025-11-23,12,8.0,4.0,27.0,0,True
4126306,Sengés,41,Paraná,Sul,418,8,79,0.18899521531100477,3,2020-02-23,2024-07-28,5,15.8,20.0,29.0,1,True
4126355,Serranópolis do Iguaçu,41,Paraná,Sul,418,8,104,0.24880382775119617,8,2018-08-05,2025-10-26,12,8.666666666666666,4.0,28.0,1,True
4126405,Sertaneja,41,Paraná,Sul,418,8,139,0.33253588516746413,7,2018-12-30,2025-12-21,12,11.583333333333334,10.0,29.0,1,True
4126504,Sertanópolis,41,Paraná,Sul,418,8,81,0.1937799043062201,5,2019-04-07,2025-12-28,8,10.125,8.5,21.0,1,True
4126603,Siqueira Campos,41,Paraná,Sul,418,8,80,0.19138755980861244,7,2018-03-11,2025-12-07,15,5.333333333333333,3.0,36.0,1,True
4126652,Sulina,41,Paraná,Sul,418,8,57,0.13636363636363635,4,2020-05-24,2025-01-12,7,8.142857142857142,4.0,22.0,1,True
4126678,Tamarana,41,Paraná,Sul,418,8,107,0.25598086124401914,6,2018-12-23,2025-01-19,10,10.7,6.5,34.0,2,True
4126702,Tamboara,41,Paraná,Sul,418,8,104,0.24880382775119617,6,2019-06-02,2025-09-07,9,11.555555555555555,4.0,48.0,2,True
4126801,Tapejara,41,Paraná,Sul,418,8,104,0.24880382775119617,6,2018-12-02,2024-10-13,9,11.555555555555555,7.0,25.0,2,True
4126900,Tapira,41,Paraná,Sul,418,8,131,0.3133971291866029,7,2018-12-30,2025-03-02,11,11.909090909090908,4.0,47.0,2,True
4127007,Teixeira Soares,41,Paraná,Sul,418,8,41,0.09808612440191387,4,2022-01-09,2025-03-02,6,6.833333333333333,4.0,20.0,0,True
4127106,Telêmaco Borba,41,Paraná,Sul,418,8,123,0.2942583732057416,6,2019-07-14,2025-09-28,10,12.3,4.0,44.0,2,True
4127205,Terra Boa,41,Paraná,Sul,418,8,75,0.17942583732057416,4,2019-04-14,2024-07-28,9,8.333333333333334,5.0,30.0,1,True
4127304,Terra Rica,41,Paraná,Sul,418,8,112,0.2679425837320574,7,2018-05-13,2025-11-02,14,8.0,4.0,26.0,1,True
4127403,Terra Roxa,41,Paraná,Sul,418,8,93,0.22248803827751196,6,2019-03-10,2025-11-02,8,11.625,8.5,36.0,1,True
4127502,Tibagi,41,Paraná,Sul,418,8,74,0.17703349282296652,4,2020-01-26,2025-01-26,11,6.7272727272727275,4.0,23.0,0,True
4127601,Tijucas do Sul,41,Paraná,Sul,418,8,52,0.12440191387559808,5,2019-05-05,2024-12-22,14,3.7142857142857144,4.0,8.0,0,True
4127700,Toledo,41,Paraná,Sul,418,8,128,0.3062200956937799,5,2019-06-09,2024-09-22,11,11.636363636363637,4.0,59.0,1,True
4127809,Tomazina,41,Paraná,Sul,418,8,104,0.24880382775119617,8,2018-01-21,2025-09-28,14,7.428571428571429,4.0,30.0,0,True
4127858,Três Barras do Paraná,41,Paraná,Sul,418,8,95,0.22727272727272727,6,2019-05-19,2024-05-19,8,11.875,11.5,24.0,1,True
4127882,Tunas do Paraná,41,Paraná,Sul,418,8,13,0.03110047846889952,2,2019-05-19,2025-06-22,3,4.333333333333333,4.0,5.0,0,True
4127908,Tuneiras do Oeste,41,Paraná,Sul,418,8,114,0.2727272727272727,7,2018-05-13,2024-06-30,12,9.5,4.0,44.0,1,True
4127957,Tupãssi,41,Paraná,Sul,418,8,134,0.32057416267942584,6,2019-04-07,2025-12-28,14,9.571428571428571,6.0,32.0,0,True
4127965,Turvo,41,Paraná,Sul,418,8,73,0.17464114832535885,5,2020-03-01,2025-12-28,12,6.083333333333333,4.5,21.0,1,True
4128005,Ubiratã,41,Paraná,Sul,418,8,96,0.22966507177033493,6,2019-06-09,2024-09-08,11,8.727272727272727,4.0,40.0,2,True
4128104,Umuarama,41,Paraná,Sul,418,8,91,0.21770334928229665,4,2019-03-10,2024-06-30,6,15.166666666666666,12.5,26.0,1,True
4128203,União da Vitória,41,Paraná,Sul,418,8,63,0.1507177033492823,4,2022-05-08,2025-12-28,9,7.0,4.0,29.0,0,True
4128302,Uniflor,41,Paraná,Sul,418,8,84,0.20095693779904306,6,2019-04-07,2025-05-25,7,12.0,7.0,53.0,1,True
4128401,Uraí,41,Paraná,Sul,418,8,85,0.20334928229665072,4,2018-06-10,2024-08-11,7,12.142857142857142,5.0,39.0,0,True
4128500,Wenceslau Braz,41,Paraná,Sul,418,8,91,0.21770334928229665,6,2019-06-02,2025-11-16,11,8.272727272727273,7.0,30.0,0,True
4128534,Ventania,41,Paraná,Sul,418,8,62,0.14832535885167464,5,2020-02-09,2025-10-05,8,7.75,6.0,24.0,1,True
4128559,Vera Cruz do Oeste,41,Paraná,Sul,418,8,145,0.34688995215311,6,2018-05-06,2025-11-23,17,8.529411764705882,4.0,23.0,0,True
4128609,Verê,41,Paraná,Sul,418,8,116,0.27751196172248804,8,2017-12-31,2025-12-28,17,6.823529411764706,4.0,22.0,0,True
4128625,Alto Paraíso,41,Paraná,Sul,418,8,70,0.1674641148325359,7,2018-09-30,2025-06-15,15,4.666666666666667,4.0,22.0,0,True
4128633,Doutor Ulysses,41,Paraná,Sul,418,8,16,0.03827751196172249,3,2022-03-20,2024-06-23,4,4.0,4.0,4.0,0,True
4128658,Virmond,41,Paraná,Sul,418,8,56,0.1339712918660287,5,2020-03-08,2025-12-21,10,5.6,4.0,22.0,0,True
4128708,Vitorino,41,Paraná,Sul,418,8,75,0.17942583732057416,6,2020-11-08,2025-12-28,9,8.333333333333334,4.0,27.0,1,True
4128807,Xambrê,41,Paraná,Sul,418,8,139,0.33253588516746413,5,2019-03-17,2024-07-28,12,11.583333333333334,8.0,32.0,2,True
4200051,Abdon Batista,42,Santa Catarina,Sul,418,8,12,0.028708133971291867,3,2018-04-15,2024-04-21,3,4.0,4.0,4.0,0,True
4200101,Abelardo Luz,42,Santa Catarina,Sul,418,8,76,0.18181818181818182,5,2020-04-12,2025-11-23,9,8.444444444444445,4.0,19.0,0,True
4200200,Agrolândia,42,Santa Catarina,Sul,418,8,35,0.08373205741626795,4,2022-04-17,2025-02-16,6,5.833333333333333,5.0,13.0,0,True
4200309,Agronômica,42,Santa Catarina,Sul,418,8,41,0.09808612440191387,4,2020-02-16,2025-06-22,5,8.2,4.0,21.0,0,True
4200408,Água Doce,42,Santa Catarina,Sul,418,8,25,0.05980861244019139,3,2020-03-22,2024-06-09,4,6.25,4.5,12.0,0,True
4200507,Águas de Chapecó,42,Santa Catarina,Sul,418,8,84,0.20095693779904306,4,2020-02-02,2024-07-21,4,21.0,19.5,29.0,0,True
4200556,Águas Frias,42,Santa Catarina,Sul,418,8,56,0.1339712918660287,5,2020-02-23,2025-12-28,6,9.333333333333334,7.5,22.0,0,True
4200606,Águas Mornas,42,Santa Catarina,Sul,418,8,65,0.15550239234449761,4,2022-05-08,2025-12-14,10,6.5,4.0,19.0,0,True
4200705,Alfredo Wagner,42,Santa Catarina,Sul,418,8,28,0.06698564593301436,4,2020-01-19,2024-07-07,9,3.111111111111111,3.0,6.0,0,True
4200754,Alto Bela Vista,42,Santa Catarina,Sul,418,8,29,0.06937799043062201,4,2021-04-11,2024-06-09,5,5.8,4.0,16.0,0,True
4200804,Anchieta,42,Santa Catarina,Sul,418,8,68,0.16267942583732056,7,2019-05-05,2025-11-23,10,6.8,4.0,18.0,0,True
4200903,Angelina,42,Santa Catarina,Sul,418,8,39,0.09330143540669857,5,2019-11-10,2024-10-27,7,5.571428571428571,4.0,10.0,0,True
4201000,Anita Garibaldi,42,Santa Catarina,Sul,418,8,15,0.03588516746411483,2,2020-05-03,2024-05-12,2,7.5,7.5,11.0,0,True
4201109,Anitápolis,42,Santa Catarina,Sul,418,8,33,0.07894736842105263,3,2022-03-27,2024-10-06,6,5.5,4.0,10.0,0,True
4201208,Antônio Carlos,42,Santa Catarina,Sul,418,8,93,0.22248803827751196,7,2019-12-15,2025-09-14,17,5.470588235294118,4.0,18.0,2,True
4201257,Apiúna,42,Santa Catarina,Sul,418,8,72,0.1722488038277512,3,2022-03-27,2024-10-06,10,7.2,4.0,30.0,2,True
4201273,Arabutã,42,Santa Catarina,Sul,418,8,28,0.06698564593301436,4,2022-02-13,2025-05-25,4,7.0,5.5,16.0,0,True
4201307,Araquari,42,Santa Catarina,Sul,418,8,174,0.41626794258373206,5,2020-01-26,2024-08-18,11,15.818181818181818,6.0,81.0,2,True
4201406,Araranguá,42,Santa Catarina,Sul,418,8,81,0.1937799043062201,5,2020-11-29,2025-12-28,13,6.230769230769231,4.0,24.0,0,True
4201505,Armazém,42,Santa Catarina,Sul,418,8,24,0.05741626794258373,5,2021-09-05,2025-11-09,6,4.0,4.0,4.0,0,True
4201604,Arroio Trinta,42,Santa Catarina,Sul,418,8,22,0.05263157894736842,2,2023-04-02,2024-06-02,3,7.333333333333333,4.0,14.0,0,True
4201653,Arvoredo,42,Santa Catarina,Sul,418,8,31,0.07416267942583732,5,2018-12-09,2025-06-08,4,7.75,6.5,17.0,1,True
4201703,Ascurra,42,Santa Catarina,Sul,418,8,62,0.14832535885167464,4,2018-03-04,2024-11-24,9,6.888888888888889,4.0,20.0,1,True
4201802,Atalanta,42,Santa Catarina,Sul,418,8,30,0.07177033492822966,2,2023-04-02,2024-07-14,4,7.5,4.0,18.0,0,True
4201901,Aurora,42,Santa Catarina,Sul,418,8,45,0.1076555023923445,3,2022-03-20,2024-12-01,7,6.428571428571429,4.0,17.0,1,True
4201950,Balneário Arroio do Silva,42,Santa Catarina,Sul,418,8,38,0.09090909090909091,5,2021-04-04,2025-06-08,8,4.75,4.0,13.0,0,True
4202008,Balneário Camboriú,42,Santa Catarina,Sul,418,8,132,0.3157894736842105,7,2018-06-24,2024-11-03,16,8.25,2.0,39.0,2,True
4202057,Balneário Barra do Sul,42,Santa Catarina,Sul,418,8,143,0.34210526315789475,7,2018-03-04,2025-01-12,15,9.533333333333333,4.0,28.0,2,True
4202073,Balneário Gaivota,42,Santa Catarina,Sul,418,8,68,0.16267942583732056,5,2020-03-08,2025-10-12,10,6.8,4.5,16.0,1,True
4202081,Bandeirante,42,Santa Catarina,Sul,418,8,46,0.11004784688995216,5,2020-03-01,2025-07-06,7,6.571428571428571,4.0,17.0,0,True
4202099,Barra Bonita,42,Santa Catarina,Sul,418,8,32,0.07655502392344497,3,2022-03-27,2025-12-28,3,10.666666666666666,14.0,15.0,0,True
4202107,Barra Velha,42,Santa Catarina,Sul,418,8,152,0.36363636363636365,7,2018-06-17,2024-11-03,18,8.444444444444445,4.0,75.0,1,True
4202131,Bela Vista do Toldo,42,Santa Catarina,Sul,418,8,12,0.028708133971291867,2,2023-04-16,2024-05-26,3,4.0,4.0,4.0,0,True
4202156,Belmonte,42,Santa Catarina,Sul,418,8,49,0.11722488038277512,5,2019-03-24,2025-12-28,7,7.0,4.0,25.0,0,True
4202206,Benedito Novo,42,Santa Catarina,Sul,418,8,54,0.1291866028708134,5,2019-10-06,2024-12-29,8,6.75,4.0,16.0,1,True
4202305,Biguaçu,42,Santa Catarina,Sul,418,8,121,0.2894736842105263,7,2019-07-07,2025-12-28,11,11.0,4.0,62.0,1,True
4202404,Blumenau,42,Santa Catarina,Sul,418,8,144,0.3444976076555024,7,2018-06-24,2024-08-11,15,9.6,3.0,52.0,3,True
4202438,Bocaina do Sul,42,Santa Catarina,Sul,418,8,4,0.009569377990430622,1,2023-11-12,2023-12-03,1,4.0,4.0,4.0,0,False
4202453,Bombinhas,42,Santa Catarina,Sul,418,8,114,0.2727272727272727,7,2019-05-05,2025-12-28,11,10.363636363636363,13.0,20.0,0,True
4202503,Bom Jardim da Serra,42,Santa Catarina,Sul,418,8,4,0.009569377990430622,1,2023-04-16,2023-05-07,1,4.0,4.0,4.0,0,False
4202537,Bom Jesus,42,Santa Catarina,Sul,418,8,33,0.07894736842105263,2,2022-05-01,2024-07-14,4,8.25,7.0,17.0,0,True
4202578,Bom Jesus do Oeste,42,Santa Catarina,Sul,418,8,30,0.07177033492822966,4,2019-03-17,2024-07-07,7,4.285714285714286,4.0,13.0,0,True
4202602,Bom Retiro,42,Santa Catarina,Sul,418,8,29,0.06937799043062201,3,2022-03-06,2024-08-04,5,5.8,4.0,9.0,0,True
4202701,Botuverá,42,Santa Catarina,Sul,418,8,52,0.12440191387559808,7,2019-06-16,2025-01-05,10,5.2,4.0,15.0,0,True
4202800,Braço do Norte,42,Santa Catarina,Sul,418,8,76,0.18181818181818182,4,2022-05-15,2025-11-02,8,9.5,6.5,25.0,1,True
4202859,Braço do Trombudo,42,Santa Catarina,Sul,418,8,13,0.03110047846889952,2,2024-03-24,2025-04-20,3,4.333333333333333,4.0,8.0,0,True
4202875,Brunópolis,42,Santa Catarina,Sul,418,8,12,0.028708133971291867,3,2019-12-22,2024-05-05,2,6.0,6.0,8.0,1,True
4202909,Brusque,42,Santa Catarina,Sul,418,8,149,0.35645933014354064,7,2018-12-09,2024-12-08,21,7.095238095238095,4.0,28.0,3,True
4203006,Caçador,42,Santa Catarina,Sul,418,8,100,0.23923444976076555,7,2019-12-22,2025-11-16,10,10.0,5.5,25.0,3,True
4203105,Caibi,42,Santa Catarina,Sul,418,8,79,0.18899521531100477,5,2018-05-13,2024-07-14,11,7.181818181818182,4.0,18.0,0,True
4203154,Calmon,42,Santa Catarina,Sul,418,8,0,0.0,0,,,0,,,,0,False
4203204,Camboriú,42,Santa Catarina,Sul,418,8,170,0.40669856459330145,8,2018-05-20,2025-12-28,14,12.142857142857142,3.5,95.0,1,True
4203253,Capão Alto,42,Santa Catarina,Sul,418,8,8,0.019138755980861243,2,2023-04-16,2024-03-17,2,4.0,4.0,4.0,0,True
4203303,Campo Alegre,42,Santa Catarina,Sul,418,8,79,0.18899521531100477,6,2019-12-15,2024-11-24,15,5.266666666666667,4.0,12.0,1,True
4203402,Campo Belo do Sul,42,Santa Catarina,Sul,418,8,8,0.019138755980861243,1,2024-05-19,2024-08-04,2,4.0,4.0,4.0,0,False
4203501,Campo Erê,42,Santa Catarina,Sul,418,8,78,0.18660287081339713,6,2018-12-02,2024-07-14,8,9.75,5.5,26.0,0,True
4203600,Campos Novos,42,Santa Catarina,Sul,418,8,45,0.1076555023923445,4,2022-05-22,2025-12-14,7,6.428571428571429,4.0,23.0,0,True
4203709,Canelinha,42,Santa Catarina,Sul,418,8,126,0.3014354066985646,7,2018-07-08,2025-12-07,17,7.411764705882353,4.0,28.0,1,True
4203808,Canoinhas,42,Santa Catarina,Sul,418,8,68,0.16267942583732056,6,2018-04-01,2025-07-27,12,5.666666666666667,4.0,25.0,0,True
4203907,Capinzal,42,Santa Catarina,Sul,418,8,53,0.12679425837320574,3,2022-03-20,2025-09-21,5,10.6,6.0,27.0,0,True
4203956,Capivari de Baixo,42,Santa Catarina,Sul,418,8,60,0.14354066985645933,5,2018-12-30,2025-11-23,10,6.0,4.5,16.0,0,True
4204004,Catanduvas,42,Santa Catarina,Sul,418,8,54,0.1291866028708134,5,2018-03-11,2025-12-07,8,6.75,5.5,12.0,0,True
4204103,Caxambu do Sul,42,Santa Catarina,Sul,418,8,59,0.14114832535885166,4,2020-04-26,2025-10-26,5,11.8,5.0,24.0,0,True
4204152,Celso Ramos,42,Santa Catarina,Sul,418,8,11,0.02631578947368421,1,2024-03-10,2024-05-19,1,11.0,11.0,11.0,0,False
4204178,Cerro Negro,42,Santa Catarina,Sul,418,8,4,0.009569377990430622,1,2024-04-07,2024-04-28,1,4.0,4.0,4.0,0,False
4204194,Chapadão do Lageado,42,Santa Catarina,Sul,418,8,29,0.06937799043062201,4,2022-11-13,2025-11-02,7,4.142857142857143,4.0,5.0,0,True
4204202,Chapecó,42,Santa Catarina,Sul,418,8,110,0.2631578947368421,6,2019-06-30,2025-12-28,9,12.222222222222221,5.0,29.0,1,True
4204251,Cocal do Sul,42,Santa Catarina,Sul,418,8,45,0.1076555023923445,3,2022-05-15,2024-11-17,7,6.428571428571429,5.0,16.0,0,True
4204301,Concórdia,42,Santa Catarina,Sul,418,8,97,0.23205741626794257,7,2018-11-25,2024-12-08,15,6.466666666666667,4.0,39.0,1,True
4204350,Cordilheira Alta,42,Santa Catarina,Sul,418,8,66,0.15789473684210525,6,2020-04-05,2025-12-28,10,6.6,4.0,18.0,1,True
4204400,Coronel Freitas,42,Santa Catarina,Sul,418,8,83,0.19856459330143542,8,2018-10-28,2025-11-02,14,5.928571428571429,4.0,26.0,1,True
4204459,Coronel Martins,42,Santa Catarina,Sul,418,8,15,0.03588516746411483,1,2024-01-14,2024-06-16,2,7.5,7.5,9.0,0,False
4204509,Corupá,42,Santa Catarina,Sul,418,8,80,0.19138755980861244,4,2022-12-18,2025-12-07,10,8.0,6.5,24.0,1,True
4204558,Correia Pinto,42,Santa Catarina,Sul,418,8,26,0.06220095693779904,2,2023-04-02,2024-05-19,3,8.666666666666666,4.0,18.0,0,True
4204608,Criciúma,42,Santa Catarina,Sul,418,8,77,0.18421052631578946,6,2019-07-14,2025-12-28,11,7.0,4.0,26.0,1,True
4204707,Cunha Porã,42,Santa Catarina,Sul,418,8,71,0.16985645933014354,7,2017-12-31,2024-07-28,11,6.454545454545454,4.0,18.0,0,True
4204756,Cunhataí,42,Santa Catarina,Sul,418,8,54,0.1291866028708134,5,2020-03-22,2025-11-23,6,9.0,4.5,24.0,0,True
4204806,Curitibanos,42,Santa Catarina,Sul,418,8,36,0.0861244019138756,3,2022-03-13,2024-07-14,5,7.2,5.0,15.0,0,True
4204905,Descanso,42,Santa Catarina,Sul,418,8,55,0.13157894736842105,5,2021-10-31,2025-01-19,9,6.111111111111111,4.0,15.0,0,True
4205001,Dionísio Cerqueira,42,Santa Catarina,Sul,418,8,101,0.24162679425837322,5,2020-01-19,2025-12-28,16,6.3125,4.0,27.0,0,True
4205100,Dona Emma,42,Santa Catarina,Sul,418,8,34,0.08133971291866028,4,2021-03-21,2025-05-25,7,4.857142857142857,4.0,8.0,0,True
4205159,Doutor Pedrinho,42,Santa Catarina,Sul,418,8,31,0.07416267942583732,3,2022-07-03,2024-06-02,3,10.333333333333334,4.0,23.0,0,True
4205175,Entre Rios,42,Santa Catarina,Sul,418,8,55,0.13157894736842105,5,2020-05-17,2025-01-26,7,7.857142857142857,4.0,23.0,0,True
4205191,Ermo,42,Santa Catarina,Sul,418,8,16,0.03827751196172249,3,2022-04-03,2025-06-01,4,4.0,4.0,4.0,0,True
4205209,Erval Velho,42,Santa Catarina,Sul,418,8,16,0.03827751196172249,2,2024-03-24,2025-12-14,3,5.333333333333333,4.0,8.0,0,True
4205308,Faxinal dos Guedes,42,Santa Catarina,Sul,418,8,32,0.07655502392344497,2,2022-03-13,2024-06-30,2,16.0,16.0,17.0,0,True
4205357,Flor do Sertão,42,Santa Catarina,Sul,418,8,50,0.11961722488038277,5,2018-11-04,2024-07-07,7,7.142857142857143,4.0,19.0,0,True
4205407,Florianópolis,42,Santa Catarina,Sul,418,8,172,0.41148325358851673,7,2019-05-26,2025-11-30,8,21.5,8.5,110.0,2,True
4205431,Formosa do Sul,42,Santa Catarina,Sul,418,8,53,0.12679425837320574,4,2020-03-22,2024-12-01,6,8.833333333333334,4.5,20.0,0,True
4205456,Forquilhinha,42,Santa Catarina,Sul,418,8,53,0.12679425837320574,6,2019-04-21,2025-06-08,11,4.818181818181818,4.0,17.0,0,True
4205506,Fraiburgo,42,Santa Catarina,Sul,418,8,55,0.13157894736842105,6,2020-01-26,2025-12-28,11,5.0,4.0,18.0,0,True
4205555,Frei Rogério,42,Santa Catarina,Sul,418,8,8,0.019138755980861243,2,2019-12-01,2024-04-21,2,4.0,4.0,4.0,0,True
4205605,Galvão,42,Santa Catarina,Sul,418,8,31,0.07416267942583732,3,2022-04-10,2025-02-23,3,10.333333333333334,5.0,22.0,0,True
4205704,Garopaba,42,Santa Catarina,Sul,418,8,90,0.215311004784689,7,2018-11-04,2025-10-19,15,6.0,4.0,26.0,1,True
4205803,Garuva,42,Santa Catarina,Sul,418,8,163,0.38995215311004783,7,2018-01-28,2024-11-10,21,7.761904761904762,4.0,32.0,2,True
4205902,Gaspar,42,Santa Catarina,Sul,418,8,129,0.30861244019138756,6,2019-05-19,2024-12-22,16,8.0625,4.0,41.0,2,True
4206009,Governador Celso Ramos,42,Santa Catarina,Sul,418,8,108,0.2583732057416268,5,2019-01-13,2025-12-28,17,6.352941176470588,5.0,20.0,2,True
4206108,Grão-Pará,42,Santa Catarina,Sul,418,8,27,0.0645933014354067,5,2018-04-22,2025-10-05,5,5.4,4.0,11.0,0,True
4206207,Gravatal,42,Santa Catarina,Sul,418,8,56,0.1339712918660287,6,2019-12-15,2025-11-30,12,4.666666666666667,4.0,13.0,2,True
4206306,Guabiruba,42,Santa Catarina,Sul,418,8,97,0.23205741626794257,8,2018-01-14,2025-10-12,17,5.705882352941177,4.0,21.0,1,True
4206405,Guaraciaba,42,Santa Catarina,Sul,418,8,78,0.18660287081339713,6,2019-06-23,2025-11-30,14,5.571428571428571,4.0,25.0,0,True
4206504,Guaramirim,42,Santa Catarina,Sul,418,8,115,0.2751196172248804,5,2019-12-29,2024-11-24,16,7.1875,4.0,31.0,0,True
4206603,Guarujá do Sul,42,Santa Catarina,Sul,418,8,61,0.145933014354067,5,2020-04-19,2025-12-28,6,10.166666666666666,5.0,24.0,1,True
4206652,Guatambú,42,Santa Catarina,Sul,418,8,65,0.15550239234449761,4,2020-03-08,2025-02-02,8,8.125,4.0,23.0,0,True
4206702,Herval d'Oeste,42,Santa Catarina,Sul,418,8,71,0.16985645933014354,5,2021-06-20,2025-12-28,10,7.1,4.0,24.0,0,True
4206751,Ibiam,42,Santa Catarina,Sul,418,8,8,0.019138755980861243,1,2024-05-12,2024-07-14,2,4.0,4.0,4.0,0,False
4206801,Ibicaré,42,Santa Catarina,Sul,418,8,21,0.050239234449760764,2,2022-03-13,2024-04-28,3,7.0,7.0,10.0,0,True
4206900,Ibirama,42,Santa Catarina,Sul,418,8,82,0.19617224880382775,5,2020-10-18,2025-10-05,11,7.454545454545454,5.0,19.0,1,True
4207007,Içara,42,Santa Catarina,Sul,418,8,56,0.1339712918660287,6,2017-12-31,2025-12-07,10,5.6,4.0,12.0,0,True
4207106,Ilhota,42,Santa Catarina,Sul,418,8,72,0.1722488038277512,6,2019-06-23,2025-08-03,11,6.545454545454546,4.0,24.0,1,True
4207205,Imaruí,42,Santa Catarina,Sul,418,8,53,0.12679425837320574,6,2018-10-21,2025-02-09,11,4.818181818181818,4.0,9.0,0,True
4207304,Imbituba,42,Santa Catarina,Sul,418,8,84,0.20095693779904306,8,2018-09-02,2025-12-28,16,5.25,4.0,15.0,1,True
4207403,Imbuia,42,Santa Catarina,Sul,418,8,31,0.07416267942583732,2,2023-02-26,2024-07-28,5,6.2,6.0,12.0,0,True
4207502,Indaial,42,Santa Catarina,Sul,418,8,141,0.3373205741626794,7,2019-03-31,2025-01-26,17,8.294117647058824,4.0,57.0,2,True
4207577,Iomerê,42,Santa Catarina,Sul,418,8,25,0.05980861244019139,2,2024-01-21,2025-06-15,5,5.0,5.0,7.0,0,True
4207601,Ipira,42,Santa Catarina,Sul,418,8,58,0.13875598086124402,6,2019-02-17,2025-12-28,8,7.25,4.0,19.0,0,True
4207650,Iporã do Oeste,42,Santa Catarina,Sul,418,8,55,0.13157894736842105,3,2019-09-22,2024-12-22,9,6.111111111111111,4.0,20.0,0,True
4207684,Ipuaçu,42,Santa Catarina,Sul,418,8,68,0.16267942583732056,6,2020-03-29,2025-02-16,6,11.333333333333334,10.0,24.0,0,True
4207700,Ipumirim,42,Santa Catarina,Sul,418,8,41,0.09808612440191387,3,2022-02-06,2025-11-23,5,8.2,4.0,21.0,0,True
4207759,Iraceminha,42,Santa Catarina,Sul,418,8,41,0.09808612440191387,3,2022-02-13,2024-09-01,4,10.25,9.0,18.0,0,True
4207809,Irani,42,Santa Catarina,Sul,418,8,39,0.09330143540669857,4,2022-04-03,2025-06-22,5,7.8,4.0,20.0,0,True
4207858,Irati,42,Santa Catarina,Sul,418,8,62,0.14832535885167464,5,2020-04-19,2024-07-07,7,8.857142857142858,8.0,18.0,0,True
4207908,Irineópolis,42,Santa Catarina,Sul,418,8,35,0.08373205741626795,2,2023-03-26,2024-06-16,4,8.75,6.5,18.0,0,True
4208005,Itá,42,Santa Catarina,Sul,418,8,55,0.13157894736842105,5,2021-04-18,2025-07-13,9,6.111111111111111,4.0,22.0,0,True
4208104,Itaiópolis,42,Santa Catarina,Sul,418,8,41,0.09808612440191387,4,2020-03-15,2024-12-22,8,5.125,4.0,19.0,1,True
4208203,Itajaí,42,Santa Catarina,Sul,418,8,168,0.4019138755980861,8,2018-10-07,2025-01-19,15,11.2,4.0,94.0,2,True
4208302,Itapema,42,Santa Catarina,Sul,418,8,145,0.34688995215311,8,2018-04-01,2025-11-09,15,9.666666666666666,5.0,30.0,2,True
4208401,Itapiranga,42,Santa Catarina,Sul,418,8,131,0.3133971291866029,6,2018-03-11,2024-12-08,13,10.076923076923077,7.0,37.0,1,True
4208450,Itapoá,42,Santa Catarina,Sul,418,8,132,0.3157894736842105,7,2019-05-12,2025-11-09,13,10.153846153846153,3.0,45.0,3,True
4208500,Ituporanga,42,Santa Catarina,Sul,418,8,67,0.16028708133971292,4,2019-03-10,2025-10-05,9,7.444444444444445,6.0,15.0,0,True
4208609,Jaborá,42,Santa Catarina,Sul,418,8,29,0.06937799043062201,6,2020-12-20,2025-06-08,5,5.8,6.0,8.0,1,True
4208708,Jacinto Machado,42,Santa Catarina,Sul,418,8,20,0.04784688995215311,3,2022-04-17,2025-06-01,5,4.0,4.0,8.0,0,True
4208807,Jaguaruna,42,Santa Catarina,Sul,418,8,34,0.08133971291866028,3,2022-05-29,2024-11-03,8,4.25,4.0,8.0,1,True
4208906,Jaraguá do Sul,42,Santa Catarina,Sul,418,8,156,0.37320574162679426,7,2019-06-09,2025-10-19,16,9.75,5.0,52.0,0,True
4208955,Jardinópolis,42,Santa Catarina,Sul,418,8,62,0.14832535885167464,5,2021-11-28,2025-05-25,5,12.4,12.0,18.0,0,True
4209003,Joaçaba,42,Santa Catarina,Sul,418,8,79,0.18899521531100477,7,2018-02-25,2025-12-28,15,5.266666666666667,4.0,17.0,1,True
4209102,Joinville,42,Santa Catarina,Sul,418,8,217,0.5191387559808612,6,2019-04-28,2024-09-01,15,14.466666666666667,6.0,67.0,1,True
4209151,José Boiteux,42,Santa Catarina,Sul,418,8,23,0.05502392344497608,3,2022-04-24,2024-04-14,3,7.666666666666667,8.0,8.0,0,True
4209177,Jupiá,42,Santa Catarina,Sul,418,8,30,0.07177033492822966,3,2023-08-20,2025-12-14,3,10.0,4.0,22.0,0,True
4209201,Lacerdópolis,42,Santa Catarina,Sul,418,8,12,0.028708133971291867,2,2024-04-21,2025-04-13,2,6.0,6.0,7.0,0,True
4209300,Lages,42,Santa Catarina,Sul,418,8,92,0.22009569377990432,6,2019-04-07,2025-01-12,12,7.666666666666667,6.5,21.0,1,True
4209409,Laguna,42,Santa Catarina,Sul,418,8,58,0.13875598086124402,7,2018-09-23,2025-08-10,8,7.25,6.5,13.0,1,True
4209458,Lajeado Grande,42,Santa Catarina,Sul,418,8,36,0.0861244019138756,3,2022-03-27,2025-03-02,4,9.0,5.5,21.0,0,True
4209508,Laurentino,42,Santa Catarina,Sul,418,8,24,0.05741626794258373,4,2022-04-24,2025-05-04,4,6.0,6.0,8.0,0,True
4209607,Lauro Müller,42,Santa Catarina,Sul,418,8,34,0.08133971291866028,3,2023-03-19,2025-03-09,6,5.666666666666667,4.0,10.0,0,True
4209706,Lebon Régis,42,Santa Catarina,Sul,418,8,15,0.03588516746411483,1,2023-12-31,2024-05-19,3,5.0,4.0,7.0,0,False
4209805,Leoberto Leal,42,Santa Catarina,Sul,418,8,4,0.009569377990430622,1,2025-04-13,2025-05-04,1,4.0,4.0,4.0,0,False
4209854,Lindóia do Sul,42,Santa Catarina,Sul,418,8,63,0.1507177033492823,5,2017-12-31,2025-11-23,11,5.7272727272727275,4.0,13.0,0,True
4209904,Lontras,42,Santa Catarina,Sul,418,8,50,0.11961722488038277,5,2021-03-07,2025-02-16,9,5.555555555555555,4.0,14.0,1,True
4210001,Luiz Alves,42,Santa Catarina,Sul,418,8,96,0.22966507177033493,7,2018-08-19,2025-12-28,15,6.4,4.0,29.0,1,True
4210035,Luzerna,42,Santa Catarina,Sul,418,8,49,0.11722488038277512,3,2022-03-13,2024-08-04,7,7.0,4.0,21.0,0,True
4210050,Macieira,42,Santa Catarina,Sul,418,8,0,0.0,0,,,0,,,,0,False
4210100,Mafra,42,Santa Catarina,Sul,418,8,74,0.17703349282296652,7,2019-07-14,2025-10-12,11,6.7272727272727275,4.0,23.0,0,True
4210209,Major Gercino,42,Santa Catarina,Sul,418,8,33,0.07894736842105263,5,2018-07-22,2025-06-08,5,6.6,4.0,13.0,0,True
4210308,Major Vieira,42,Santa Catarina,Sul,418,8,20,0.04784688995215311,3,2023-03-19,2025-07-20,4,5.0,4.0,8.0,0,True
4210407,Maracajá,42,Santa Catarina,Sul,418,8,34,0.08133971291866028,4,2018-11-11,2025-03-09,5,6.8,4.0,19.0,0,True
4210506,Maravilha,42,Santa Catarina,Sul,418,8,104,0.24880382775119617,7,2019-03-31,2025-12-28,15,6.933333333333334,4.0,28.0,1,True
4210555,Marema,42,Santa Catarina,Sul,418,8,30,0.07177033492822966,2,2022-03-27,2024-06-09,3,10.0,11.0,15.0,0,True
4210605,Massaranduba,42,Santa Catarina,Sul,418,8,83,0.19856459330143542,7,2019-03-10,2025-10-12,12,6.916666666666667,4.0,25.0,0,True
4210704,Matos Costa,42,Santa Catarina,Sul,418,8,4,0.009569377990430622,1,2024-02-25,2024-03-17,1,4.0,4.0,4.0,0,False
4210803,Meleiro,42,Santa Catarina,Sul,418,8,9,0.0215311004784689,2,2023-10-15,2024-04-28,2,4.5,4.5,5.0,0,True
4210852,Mirim Doce,42,Santa Catarina,Sul,418,8,12,0.028708133971291867,3,2022-04-17,2025-06-01,3,4.0,4.0,4.0,0,True
4210902,Modelo,42,Santa Catarina,Sul,418,8,31,0.07416267942583732,4,2022-04-17,2025-12-07,5,6.2,4.0,14.0,0,True
4211009,Mondaí,42,Santa Catarina,Sul,418,8,92,0.22009569377990432,6,2020-05-31,2025-01-26,14,6.571428571428571,4.0,21.0,0,True
4211058,Monte Carlo,42,Santa Catarina,Sul,418,8,18,0.0430622009569378,2,2024-03-17,2025-05-04,2,9.0,9.0,14.0,0,True
4211108,Monte Castelo,42,Santa Catarina,Sul,418,8,26,0.06220095693779904,3,2019-05-12,2024-05-19,5,5.2,4.0,10.0,0,True
4211207,Morro da Fumaça,42,Santa Catarina,Sul,418,8,36,0.0861244019138756,5,2020-02-02,2025-08-24,7,5.142857142857143,4.0,12.0,0,True
4211256,Morro Grande,42,Santa Catarina,Sul,418,8,8,0.019138755980861243,2,2023-06-04,2025-02-16,2,4.0,4.0,4.0,0,True
4211306,Navegantes,42,Santa Catarina,Sul,418,8,143,0.34210526315789475,7,2019-04-28,2024-12-29,13,11.0,7.0,30.0,2,True
4211405,Nova Erechim,42,Santa Catarina,Sul,418,8,58,0.13875598086124402,5,2020-05-24,2025-12-28,7,8.285714285714286,4.0,28.0,0,True
4211454,Nova Itaberaba,42,Santa Catarina,Sul,418,8,72,0.1722488038277512,6,2019-05-19,2025-12-28,10,7.2,5.5,16.0,1,True
4211504,Nova Trento,42,Santa Catarina,Sul,418,8,101,0.24162679425837322,5,2019-04-28,2024-07-14,12,8.416666666666666,4.0,27.0,1,True
4211603,Nova Veneza,42,Santa Catarina,Sul,418,8,24,0.05741626794258373,3,2022-05-01,2025-03-23,5,4.8,4.0,7.0,0,True
4211652,Novo Horizonte,42,Santa Catarina,Sul,418,8,34,0.08133971291866028,2,2022-04-24,2024-07-07,3,11.333333333333334,7.0,23.0,0,True
4211702,Orleans,42,Santa Catarina,Sul,418,8,57,0.13636363636363635,5,2019-03-10,2025-02-09,11,5.181818181818182,4.0,20.0,0,True
4211751,Otacílio Costa,42,Santa Catarina,Sul,418,8,32,0.07655502392344497,4,2022-03-27,2025-01-26,4,8.0,4.0,20.0,0,True
4211801,Ouro,42,Santa Catarina,Sul,418,8,38,0.09090909090909091,3,2018-07-22,2025-12-28,4,9.5,5.5,23.0,0,True
4211850,Ouro Verde,42,Santa Catarina,Sul,418,8,26,0.06220095693779904,2,2022-03-06,2024-07-07,4,6.5,4.5,13.0,0,True
4211876,Paial,42,Santa Catarina,Sul,418,8,34,0.08133971291866028,3,2022-03-20,2025-06-15,5,6.8,5.0,13.0,0,True
4211892,Painel,42,Santa Catarina,Sul,418,8,12,0.028708133971291867,3,2019-05-19,2024-03-10,3,4.0,4.0,4.0,0,True
4211900,Palhoça,42,Santa Catarina,Sul,418,8,136,0.3253588516746411,7,2019-05-12,2025-01-12,10,13.6,5.0,60.0,2,True
4212007,Palma Sola,42,Santa Catarina,Sul,418,8,90,0.215311004784689,7,2018-02-04,2025-04-13,14,6.428571428571429,4.0,26.0,0,True
4212056,Palmeira,42,Santa Catarina,Sul,418,8,10,0.023923444976076555,2,2023-04-09,2024-02-25,2,5.0,5.0,6.0,0,True
4212106,Palmitos,42,Santa Catarina,Sul,418,8,83,0.19856459330143542,6,2019-02-03,2025-12-14,11,7.545454545454546,4.0,28.0,2,True
4212205,Papanduva,42,Santa Catarina,Sul,418,8,37,0.08851674641148326,6,2019-03-24,2024-11-24,9,4.111111111111111,4.0,9.0,0,True
4212239,Paraíso,42,Santa Catarina,Sul,418,8,45,0.1076555023923445,2,2022-01-23,2024-06-30,5,9.0,4.0,18.0,0,True
4212254,Passo de Torres,42,Santa Catarina,Sul,418,8,50,0.11961722488038277,3,2023-02-26,2025-08-31,7,7.142857142857143,4.0,23.0,0,True
4212270,Passos Maia,42,Santa Catarina,Sul,418,8,37,0.08851674641148326,3,2022-03-13,2025-10-05,6,6.166666666666667,4.0,17.0,0,True
4212304,Paulo Lopes,42,Santa Catarina,Sul,418,8,74,0.17703349282296652,5,2019-04-28,2025-02-02,12,6.166666666666667,4.0,23.0,1,True
4212403,Pedras Grandes,42,Santa Catarina,Sul,418,8,11,0.02631578947368421,2,2019-12-01,2024-05-19,2,5.5,5.5,7.0,0,True
4212502,Penha,42,Santa Catarina,Sul,418,8,153,0.3660287081339713,7,2019-09-29,2025-12-28,16,9.5625,4.0,67.0,1,True
4212601,Peritiba,42,Santa Catarina,Sul,418,8,32,0.07655502392344497,3,2022-02-27,2024-05-26,5,6.4,4.0,17.0,1,True
4212650,Pescaria Brava,42,Santa Catarina,Sul,418,8,30,0.07177033492822966,4,2021-06-20,2024-10-06,6,5.0,4.0,7.0,0,True
4212700,Petrolândia,42,Santa Catarina,Sul,418,8,26,0.06220095693779904,3,2023-03-19,2025-05-11,3,8.666666666666666,4.0,21.0,0,True
4212809,Balneário Piçarras,42,Santa Catarina,Sul,418,8,162,0.3875598086124402,6,2020-01-05,2025-12-28,18,9.0,5.0,27.0,3,True
4212908,Pinhalzinho,42,Santa Catarina,Sul,418,8,41,0.09808612440191387,5,2020-11-15,2025-11-16,8,5.125,3.5,18.0,0,True
4213005,Pinheiro Preto,42,Santa Catarina,Sul,418,8,8,0.019138755980861243,2,2024-05-19,2025-04-13,2,4.0,4.0,4.0,0,True
4213104,Piratuba,42,Santa Catarina,Sul,418,8,50,0.11961722488038277,3,2022-03-20,2025-12-28,6,8.333333333333334,4.0,19.0,0,True
4213153,Planalto Alegre,42,Santa Catarina,Sul,418,8,57,0.13636363636363635,5,2019-04-21,2025-06-29,6,9.5,5.0,20.0,0,True
4213203,Pomerode,42,Santa Catarina,Sul,418,8,104,0.24880382775119617,7,2019-06-23,2025-11-02,15,6.933333333333334,4.0,33.0,0,True
4213302,Ponte Alta,42,Santa Catarina,Sul,418,8,23,0.05502392344497608,3,2022-10-09,2025-05-25,5,4.6,4.0,7.0,0,True
4213351,Ponte Alta do Norte,42,Santa Catarina,Sul,418,8,0,0.0,0,,,0,,,,0,False
4213401,Ponte Serrada,42,Santa Catarina,Sul,418,8,40,0.09569377990430622,3,2022-03-13,2025-11-16,4,10.0,8.0,21.0,0,True
4213500,Porto Belo,42,Santa Catarina,Sul,418,8,137,0.3277511961722488,7,2018-05-06,2025-12-14,15,9.133333333333333,6.0,22.0,1,True
4213609,Porto União,42,Santa Catarina,Sul,418,8,74,0.17703349282296652,4,2022-02-27,2025-11-30,13,5.6923076923076925,4.0,30.0,1,True
4213708,Pouso Redondo,42,Santa Catarina,Sul,418,8,60,0.14354066985645933,5,2021-04-18,2025-06-29,11,5.454545454545454,4.0,21.0,0,True
4213807,Praia Grande,42,Santa Catarina,Sul,418,8,11,0.02631578947368421,2,2023-04-30,2024-05-19,2,5.5,5.5,6.0,0,True
4213906,Presidente Castello Branco,42,Santa Catarina,Sul,418,8,20,0.04784688995215311,6,2018-12-09,2025-02-16,5,4.0,4.0,4.0,1,True
4214003,Presidente Getúlio,42,Santa Catarina,Sul,418,8,61,0.145933014354067,5,2020-09-06,2025-06-22,7,8.714285714285714,4.0,30.0,0,True
4214102,Presidente Nereu,42,Santa Catarina,Sul,418,8,17,0.04066985645933014,2,2024-02-11,2025-05-11,3,5.666666666666667,4.0,9.0,0,True
4214151,Princesa,42,Santa Catarina,Sul,418,8,45,0.1076555023923445,4,2019-11-17,2024-07-28,4,11.25,11.0,19.0,0,True
4214201,Quilombo,42,Santa Catarina,Sul,418,8,80,0.19138755980861244,5,2020-04-26,2024-12-01,10,8.0,5.0,19.0,1,True
4214300,Rancho Queimado,42,Santa Catarina,Sul,418,8,34,0.08133971291866028,4,2022-12-18,2025-12-28,7,4.857142857142857,4.0,8.0,1,True
4214409,Rio das Antas,42,Santa Catarina,Sul,418,8,10,0.023923444976076555,2,2024-03-31,2025-05-11,2,5.0,5.0,6.0,0,True
4214508,Rio do Campo,42,Santa Catarina,Sul,418,8,23,0.05502392344497608,5,2021-12-05,2025-05-04,6,3.8333333333333335,4.0,4.0,0,True
4214607,Rio do Oeste,42,Santa Catarina,Sul,418,8,36,0.0861244019138756,4,2022-06-12,2025-03-16,5,7.2,4.0,19.0,0,True
4214706,Rio dos Cedros,42,Santa Catarina,Sul,418,8,73,0.17464114832535885,7,2019-09-29,2025-12-28,11,6.636363636363637,4.0,28.0,1,True
4214805,Rio do Sul,42,Santa Catarina,Sul,418,8,99,0.23684210526315788,6,2020-03-01,2025-12-28,12,8.25,4.0,24.0,1,True
4214904,Rio Fortuna,42,Santa Catarina,Sul,418,8,30,0.07177033492822966,5,2018-03-25,2024-06-02,6,5.0,4.5,7.0,0,True
4215000,Rio Negrinho,42,Santa Catarina,Sul,418,8,72,0.1722488038277512,4,2022-04-10,2025-11-30,9,8.0,4.0,24.0,0,True
4215059,Rio Rufino,42,Santa Catarina,Sul,418,8,9,0.0215311004784689,1,2024-04-21,2024-07-07,2,4.5,4.5,5.0,0,False
4215075,Riqueza,42,Santa Catarina,Sul,418,8,77,0.18421052631578946,6,2019-04-07,2024-07-21,8,9.625,4.0,20.0,0,True
4215109,Rodeio,42,Santa Catarina,Sul,418,8,75,0.17942583732057416,4,2022-03-06,2025-09-28,9,8.333333333333334,4.0,29.0,0,True
4215208,Romelândia,42,Santa Catarina,Sul,418,8,43,0.10287081339712918,5,2018-02-18,2025-07-06,7,6.142857142857143,4.0,16.0,0,True
4215307,Salete,42,Santa Catarina,Sul,418,8,40,0.09569377990430622,3,2020-02-02,2024-11-24,9,4.444444444444445,4.0,10.0,0,True
4215356,Saltinho,42,Santa Catarina,Sul,418,8,35,0.08373205741626795,4,2020-04-19,2025-11-09,5,7.0,4.0,18.0,0,True
4215406,Salto Veloso,42,Santa Catarina,Sul,418,8,15,0.03588516746411483,2,2024-03-31,2025-01-26,2,7.5,7.5,11.0,0,True
4215455,Sangão,42,Santa Catarina,Sul,418,8,38,0.09090909090909091,5,2018-12-30,2025-08-17,10,3.8,4.0,10.0,0,True
4215505,Santa Cecília,42,Santa Catarina,Sul,418,8,25,0.05980861244019139,3,2023-03-26,2025-10-05,4,6.25,4.0,13.0,0,True
4215554,Santa Helena,42,Santa Catarina,Sul,418,8,74,0.17703349282296652,4,2021-03-14,2025-12-28,11,6.7272727272727275,4.0,22.0,0,True
4215604,Santa Rosa de Lima,42,Santa Catarina,Sul,418,8,14,0.03349282296650718,3,2019-01-06,2024-03-31,3,4.666666666666667,4.0,6.0,0,True
4215653,Santa Rosa do Sul,42,Santa Catarina,Sul,418,8,18,0.0430622009569378,2,2023-05-14,2024-06-09,3,6.0,5.0,9.0,0,True
4215679,Santa Terezinha,42,Santa Catarina,Sul,418,8,20,0.04784688995215311,4,2019-12-01,2024-06-30,5,4.0,4.0,4.0,0,True
4215687,Santa Terezinha do Progresso,42,Santa Catarina,Sul,418,8,35,0.08373205741626795,3,2020-03-08,2024-07-14,3,11.666666666666666,8.0,23.0,0,True
4215695,Santiago do Sul,42,Santa Catarina,Sul,418,8,46,0.11004784688995216,4,2022-02-20,2025-11-30,6,7.666666666666667,5.0,20.0,0,True
4215703,Santo Amaro da Imperatriz,42,Santa Catarina,Sul,418,8,113,0.2703349282296651,5,2019-11-17,2025-12-21,16,7.0625,4.5,29.0,2,True
4215752,São Bernardino,42,Santa Catarina,Sul,418,8,47,0.11244019138755981,5,2020-02-16,2025-11-23,6,7.833333333333333,4.0,22.0,0,True
4215802,São Bento do Sul,42,Santa Catarina,Sul,418,8,98,0.23444976076555024,7,2019-03-17,2025-12-21,13,7.538461538461538,4.0,27.0,0,True
4215901,São Bonifácio,42,Santa Catarina,Sul,418,8,36,0.0861244019138756,6,2019-05-05,2025-01-26,7,5.142857142857143,4.0,10.0,0,True
4216008,São Carlos,42,Santa Catarina,Sul,418,8,88,0.21052631578947367,7,2019-06-30,2025-01-19,10,8.8,5.0,26.0,0,True
4216057,São Cristóvão do Sul,42,Santa Catarina,Sul,418,8,8,0.019138755980861243,2,2023-03-05,2024-04-21,2,4.0,4.0,4.0,0,True
4216107,São Domingos,42,Santa Catarina,Sul,418,8,43,0.10287081339712918,4,2022-03-20,2025-12-07,6,7.166666666666667,4.5,20.0,0,True
4216206,São Francisco do Sul,42,Santa Catarina,Sul,418,8,151,0.361244019138756,5,2020-03-15,2024-07-14,6,25.166666666666668,12.0,92.0,1,True
4216255,São João do Oeste,42,Santa Catarina,Sul,418,8,74,0.17703349282296652,4,2022-01-23,2024-12-29,5,14.8,11.0,27.0,1,True
4216305,São João Batista,42,Santa Catarina,Sul,418,8,139,0.33253588516746413,6,2019-04-14,2024-08-25,13,10.692307692307692,7.0,25.0,1,True
4216354,São João do Itaperiú,42,Santa Catarina,Sul,418,8,56,0.1339712918660287,4,2020-05-03,2024-06-09,8,7.0,5.0,24.0,0,True
4216404,São João do Sul,42,Santa Catarina,Sul,418,8,21,0.050239234449760764,3,2022-06-05,2024-04-28,4,5.25,4.0,9.0,0,True
4216503,São Joaquim,42,Santa Catarina,Sul,418,8,32,0.07655502392344497,4,2022-05-15,2025-01-19,8,4.0,4.0,4.0,0,True
4216602,São José,42,Santa Catarina,Sul,418,8,161,0.38516746411483255,7,2019-05-05,2025-01-05,11,14.636363636363637,6.0,70.0,2,True
4216701,São José do Cedro,42,Santa Catarina,Sul,418,8,64,0.15311004784688995,6,2018-12-23,2024-12-08,11,5.818181818181818,4.0,18.0,1,True
4216800,São José do Cerrito,42,Santa Catarina,Sul,418,8,9,0.0215311004784689,1,2024-03-03,2024-04-28,1,9.0,9.0,9.0,0,False
4216909,São Lourenço do Oeste,42,Santa Catarina,Sul,418,8,78,0.18660287081339713,7,2019-06-02,2025-10-05,11,7.090909090909091,4.0,29.0,0,True
4217006,São Ludgero,42,Santa Catarina,Sul,418,8,46,0.11004784688995216,5,2019-06-16,2025-01-05,7,6.571428571428571,4.0,20.0,1,True
4217105,São Martinho,42,Santa Catarina,Sul,418,8,23,0.05502392344497608,4,2020-05-31,2024-05-19,5,4.6,4.0,7.0,0,True
4217154,São Miguel da Boa Vista,42,Santa Catarina,Sul,418,8,30,0.07177033492822966,2,2022-02-20,2025-12-28,4,7.5,4.0,20.0,0,True
4217204,São Miguel do Oeste,42,Santa Catarina,Sul,418,8,86,0.20574162679425836,4,2020-03-01,2025-11-23,10,8.6,3.5,24.0,0,True
4217253,São Pedro de Alcântara,42,Santa Catarina,Sul,418,8,78,0.18660287081339713,5,2018-02-18,2025-12-28,7,11.142857142857142,4.0,45.0,1,True
4217303,Saudades,42,Santa Catarina,Sul,418,8,83,0.19856459330143542,5,2020-01-05,2025-12-28,8,10.375,8.5,21.0,0,True
4217402,Schroeder,42,Santa Catarina,Sul,418,8,88,0.21052631578947367,7,2019-04-14,2025-10-12,14,6.285714285714286,4.0,28.0,0,True
4217501,Seara,42,Santa Catarina,Sul,418,8,88,0.21052631578947367,7,2018-04-22,2025-11-23,18,4.888888888888889,3.0,29.0,0,True
4217550,Serra Alta,42,Santa Catarina,Sul,418,8,24,0.05741626794258373,3,2020-06-28,2024-06-30,3,8.0,9.0,11.0,0,True
4217600,Siderópolis,42,Santa Catarina,Sul,418,8,25,0.05980861244019139,4,2022-04-17,2025-01-26,6,4.166666666666667,4.0,5.0,0,True
4217709,Sombrio,42,Santa Catarina,Sul,418,8,46,0.11004784688995216,6,2019-04-28,2024-12-22,9,5.111111111111111,4.0,14.0,0,True
4217758,Sul Brasil,42,Santa Catarina,Sul,418,8,28,0.06698564593301436,3,2020-02-02,2024-06-30,4,7.0,6.5,11.0,0,True
4217808,Taió,42,Santa Catarina,Sul,418,8,53,0.12679425837320574,6,2019-12-22,2024-10-06,8,6.625,4.5,19.0,1,True
4217907,Tangará,42,Santa Catarina,Sul,418,8,29,0.06937799043062201,3,2023-04-02,2025-01-19,5,5.8,4.0,13.0,0,True
4217956,Tigrinhos,42,Santa Catarina,Sul,418,8,33,0.07894736842105263,2,2022-01-23,2024-09-08,5,6.6,4.0,20.0,0,True
4218004,Tijucas,42,Santa Catarina,Sul,418,8,143,0.34210526315789475,8,2018-07-29,2025-11-09,18,7.944444444444445,3.5,30.0,2,True
4218103,Timbé do Sul,42,Santa Catarina,Sul,418,8,8,0.019138755980861243,2,2021-10-03,2025-10-12,2,4.0,4.0,4.0,0,True
4218202,Timbó,42,Santa Catarina,Sul,418,8,128,0.3062200956937799,6,2019-04-21,2024-12-01,18,7.111111111111111,4.0,37.0,1,True
4218251,Timbó Grande,42,Santa Catarina,Sul,418,8,8,0.019138755980861243,1,2024-03-17,2024-05-26,2,4.0,4.0,4.0,0,False
4218301,Três Barras,42,Santa Catarina,Sul,418,8,20,0.04784688995215311,3,2022-03-13,2024-05-26,5,4.0,4.0,4.0,0,True
4218350,Treviso,42,Santa Catarina,Sul,418,8,5,0.011961722488038277,1,2025-04-20,2025-12-28,2,2.5,2.5,4.0,0,False
4218400,Treze de Maio,42,Santa Catarina,Sul,418,8,8,0.019138755980861243,2,2022-05-15,2024-06-02,2,4.0,4.0,4.0,0,True
4218509,Treze Tílias,42,Santa Catarina,Sul,418,8,39,0.09330143540669857,5,2020-03-15,2025-06-15,7,5.571428571428571,4.0,21.0,0,True
4218608,Trombudo Central,42,Santa Catarina,Sul,418,8,48,0.11483253588516747,6,2018-03-04,2025-12-28,11,4.363636363636363,4.0,15.0,0,True
4218707,Tubarão,42,Santa Catarina,Sul,418,8,69,0.16507177033492823,8,2018-12-09,2025-12-14,17,4.0588235294117645,2.0,24.0,0,True
4218756,Tunápolis,42,Santa Catarina,Sul,418,8,79,0.18899521531100477,6,2018-03-11,2024-08-18,12,6.583333333333333,4.0,17.0,0,True
4218806,Turvo,42,Santa Catarina,Sul,418,8,25,0.05980861244019139,5,2020-09-06,2025-03-30,6,4.166666666666667,4.0,8.0,0,True
4218855,União do Oeste,42,Santa Catarina,Sul,418,8,31,0.07416267942583732,4,2022-03-20,2025-06-29,6,5.166666666666667,4.0,15.0,0,True
4218905,Urubici,42,Santa Catarina,Sul,418,8,16,0.03827751196172249,2,2023-04-23,2024-04-14,4,4.0,4.0,4.0,0,True
4218954,Urupema,42,Santa Catarina,Sul,418,8,0,0.0,0,,,0,,,,0,False
4219002,Urussanga,42,Santa Catarina,Sul,418,8,33,0.07894736842105263,4,2018-02-04,2024-08-04,7,4.714285714285714,4.0,9.0,0,True
4219101,Vargeão,42,Santa Catarina,Sul,418,8,18,0.0430622009569378,3,2020-01-26,2024-06-02,3,6.0,5.0,11.0,0,True
4219150,Vargem,42,Santa Catarina,Sul,418,8,14,0.03349282296650718,2,2024-03-10,2025-04-20,2,7.0,7.0,10.0,0,True
4219176,Vargem Bonita,42,Santa Catarina,Sul,418,8,18,0.0430622009569378,2,2022-04-03,2024-07-07,2,9.0,9.0,14.0,0,True
4219200,Vidal Ramos,42,Santa Catarina,Sul,418,8,49,0.11722488038277512,5,2021-08-08,2025-09-07,8,6.125,4.0,16.0,0,True
4219309,Videira,42,Santa Catarina,Sul,418,8,86,0.20574162679425836,7,2019-03-31,2025-09-21,14,6.142857142857143,4.0,24.0,0,True
4219358,Vitor Meireles,42,Santa Catarina,Sul,418,8,10,0.023923444976076555,2,2022-04-24,2025-04-27,2,5.0,5.0,5.0,0,True
4219408,Witmarsum,42,Santa Catarina,Sul,418,8,4,0.009569377990430622,1,2022-05-22,2022-06-12,1,4.0,4.0,4.0,0,False
4219507,Xanxerê,42,Santa Catarina,Sul,418,8,63,0.1507177033492823,3,2022-01-30,2024-09-08,5,12.6,9.0,27.0,0,True
4219606,Xavantina,42,Santa Catarina,Sul,418,8,28,0.06698564593301436,3,2022-03-13,2025-12-21,4,7.0,5.5,14.0,0,True
4219705,Xaxim,42,Santa Catarina,Sul,418,8,84,0.20095693779904306,7,2019-04-21,2025-11-02,15,5.6,3.0,27.0,0,True
4219853,Zortéa,42,Santa Catarina,Sul,418,8,18,0.0430622009569378,1,2024-03-03,2024-06-30,1,18.0,18.0,18.0,0,False
4220000,Balneário Rincão,42,Santa Catarina,Sul,418,8,39,0.09330143540669857,3,2023-01-08,2025-06-08,4,9.75,9.0,18.0,0,True
4300034,Aceguá,43,Rio Grande do Sul,Sul,418,8,8,0.019138755980861243,2,2020-03-15,2024-04-07,2,4.0,4.0,4.0,0,True
4300059,Água Santa,43,Rio Grande do Sul,Sul,418,8,26,0.06220095693779904,4,2021-04-04,2024-09-08,6,4.333333333333333,4.0,6.0,0,True
4300109,Agudo,43,Rio Grande do Sul,Sul,418,8,73,0.17464114832535885,7,2018-01-07,2025-12-21,14,5.214285714285714,4.0,15.0,0,True
4300208,Ajuricaba,43,Rio Grande do Sul,Sul,418,8,98,0.23444976076555024,7,2019-05-12,2025-09-14,16,6.125,4.0,29.0,1,True
4300307,Alecrim,43,Rio Grande do Sul,Sul,418,8,91,0.21770334928229665,5,2020-03-01,2024-10-27,13,7.0,4.0,32.0,0,True
4300406,Alegrete,43,Rio Grande do Sul,Sul,418,8,82,0.19617224880382775,7,2019-05-05,2025-12-21,14,5.857142857142857,4.0,22.0,2,True
4300455,Alegria,43,Rio Grande do Sul,Sul,418,8,57,0.13636363636363635,4,2019-11-03,2025-11-16,6,9.5,4.5,30.0,0,True
4300471,Almirante Tamandaré do Sul,43,Rio Grande do Sul,Sul,418,8,17,0.04066985645933014,3,2022-03-06,2025-05-25,4,4.25,4.0,5.0,0,True
4300505,Alpestre,43,Rio Grande do Sul,Sul,418,8,41,0.09808612440191387,4,2022-05-29,2025-06-01,5,8.2,4.0,21.0,0,True
4300554,Alto Alegre,43,Rio Grande do Sul,Sul,418,8,18,0.0430622009569378,2,2023-05-14,2024-05-19,3,6.0,6.0,8.0,0,True
4300570,Alto Feliz,43,Rio Grande do Sul,Sul,418,8,19,0.045454545454545456,3,2022-08-21,2024-07-21,4,4.75,4.0,7.0,0,True
4300604,Alvorada,43,Rio Grande do Sul,Sul,418,8,141,0.3373205741626794,4,2022-02-06,2025-12-28,10,14.1,6.5,51.0,0,True
4300638,Amaral Ferrador,43,Rio Grande do Sul,Sul,418,8,4,0.009569377990430622,1,2024-02-25,2024-03-17,1,4.0,4.0,4.0,0,False
4300646,Ametista do Sul,43,Rio Grande do Sul,Sul,418,8,71,0.16985645933014354,5,2021-04-04,2025-11-16,11,6.454545454545454,4.0,24.0,0,True
4300661,André da Rocha,43,Rio Grande do Sul,Sul,418,8,10,0.023923444976076555,1,2024-03-17,2024-05-19,1,10.0,10.0,10.0,0,False
4300703,Anta Gorda,43,Rio Grande do Sul,Sul,418,8,27,0.0645933014354067,3,2022-03-13,2024-05-19,4,6.75,4.0,18.0,0,True
4300802,Antônio Prado,43,Rio Grande do Sul,Sul,418,8,29,0.06937799043062201,3,2021-03-07,2024-06-23,3,9.666666666666666,6.0,19.0,0,True
4300851,Arambaré,43,Rio Grande do Sul,Sul,418,8,9,0.0215311004784689,3,2021-12-19,2024-05-05,2,4.5,4.5,5.0,1,True
4300877,Araricá,43,Rio Grande do Sul,Sul,418,8,61,0.145933014354067,3,2022-01-30,2024-08-18,8,7.625,4.0,24.0,1,True
4300901,Aratiba,43,Rio Grande do Sul,Sul,418,8,44,0.10526315789473684,5,2021-01-17,2025-07-13,7,6.285714285714286,4.0,24.0,1,True
4301008,Arroio do Meio,43,Rio Grande do Sul,Sul,418,8,35,0.08373205741626795,3,2022-01-30,2024-06-30,6,5.833333333333333,3.0,19.0,0,True
4301057,Arroio do Sal,43,Rio Grande do Sul,Sul,418,8,29,0.06937799043062201,4,2022-04-17,2025-05-25,5,5.8,4.0,13.0,0,True
4301073,Arroio do Padre,43,Rio Grande do Sul,Sul,418,8,0,0.0,0,,,0,,,,0,False
4301107,Arroio dos Ratos,43,Rio Grande do Sul,Sul,418,8,54,0.1291866028708134,4,2019-11-24,2025-12-28,7,7.714285714285714,6.0,20.0,1,True
4301206,Arroio do Tigre,43,Rio Grande do Sul,Sul,418,8,49,0.11722488038277512,3,2022-03-27,2025-07-13,6,8.166666666666666,6.0,22.0,0,True
4301305,Arroio Grande,43,Rio Grande do Sul,Sul,418,8,24,0.05741626794258373,4,2022-05-15,2025-12-21,5,4.8,4.0,7.0,0,True
4301404,Arvorezinha,43,Rio Grande do Sul,Sul,418,8,49,0.11722488038277512,5,2021-04-04,2025-09-07,7,7.0,6.0,14.0,0,True
4301503,Augusto Pestana,43,Rio Grande do Sul,Sul,418,8,36,0.0861244019138756,5,2018-11-18,2025-10-19,6,6.0,4.0,17.0,0,True
4301552,Áurea,43,Rio Grande do Sul,Sul,418,8,63,0.1507177033492823,4,2021-03-07,2025-12-28,9,7.0,4.0,17.0,1,True
4301602,Bagé,43,Rio Grande do Sul,Sul,418,8,63,0.1507177033492823,7,2018-12-23,2025-12-21,13,4.846153846153846,4.0,17.0,1,True
4301636,Balneário Pinhal,43,Rio Grande do Sul,Sul,418,8,46,0.11004784688995216,4,2021-05-23,2025-06-08,6,7.666666666666667,4.0,19.0,0,True
4301651,Barão,43,Rio Grande do Sul,Sul,418,8,16,0.03827751196172249,2,2024-02-04,2025-09-07,4,4.0,4.0,4.0,0,True
4301701,Barão de Cotegipe,43,Rio Grande do Sul,Sul,418,8,63,0.1507177033492823,4,2021-02-21,2024-07-07,10,6.3,5.5,16.0,1,True
4301750,Barão do Triunfo,43,Rio Grande do Sul,Sul,418,8,19,0.045454545454545456,2,2022-11-13,2024-05-12,3,6.333333333333333,4.0,11.0,0,True
4301800,Barracão,43,Rio Grande do Sul,Sul,418,8,11,0.02631578947368421,1,2024-04-07,2024-06-16,1,11.0,11.0,11.0,0,False
4301859,Barra do Guarita,43,Rio Grande do Sul,Sul,418,8,80,0.19138755980861244,5,2019-03-17,2025-10-26,10,8.0,4.0,25.0,1,True
4301875,Barra do Quaraí,43,Rio Grande do Sul,Sul,418,8,11,0.02631578947368421,2,2024-03-17,2025-05-04,2,5.5,5.5,7.0,0,True
4301909,Barra do Ribeiro,43,Rio Grande do Sul,Sul,418,8,80,0.19138755980861244,5,2018-09-30,2025-12-14,12,6.666666666666667,4.0,23.0,0,True
4301925,Barra do Rio Azul,43,Rio Grande do Sul,Sul,418,8,8,0.019138755980861243,2,2023-01-22,2024-01-07,2,4.0,4.0,4.0,1,True
4301958,Barra Funda,43,Rio Grande do Sul,Sul,418,8,55,0.13157894736842105,4,2019-04-28,2024-12-01,7,7.857142857142857,5.0,17.0,0,True
4302006,Barros Cassal,43,Rio Grande do Sul,Sul,418,8,31,0.07416267942583732,5,2021-05-02,2025-09-14,8,3.875,4.0,6.0,1,True
4302055,Benjamin Constant do Sul,43,Rio Grande do Sul,Sul,418,8,20,0.04784688995215311,5,2021-04-18,2025-12-14,5,4.0,4.0,4.0,0,True
4302105,Bento Gonçalves,43,Rio Grande do Sul,Sul,418,8,100,0.23923444976076555,7,2018-02-04,2025-12-28,17,5.882352941176471,4.0,22.0,0,True
4302154,Boa Vista das Missões,43,Rio Grande do Sul,Sul,418,8,37,0.08851674641148326,3,2020-01-12,2024-11-17,6,6.166666666666667,5.5,10.0,0,True
4302204,Boa Vista do Buricá,43,Rio Grande do Sul,Sul,418,8,61,0.145933014354067,4,2020-02-09,2024-07-14,8,7.625,4.0,25.0,0,True
4302220,Boa Vista do Cadeado,43,Rio Grande do Sul,Sul,418,8,54,0.1291866028708134,5,2019-03-03,2025-03-30,9,6.0,4.0,18.0,0,True
4302238,Boa Vista do Incra,43,Rio Grande do Sul,Sul,418,8,17,0.04066985645933014,1,2024-04-14,2024-09-22,2,8.5,8.5,13.0,0,False
4302253,Boa Vista do Sul,43,Rio Grande do Sul,Sul,418,8,22,0.05263157894736842,3,2019-02-24,2024-06-02,3,7.333333333333333,8.0,10.0,0,True
4302303,Bom Jesus,43,Rio Grande do Sul,Sul,418,8,16,0.03827751196172249,3,2021-04-11,2024-03-03,4,4.0,4.0,4.0,0,True
4302352,Bom Princípio,43,Rio Grande do Sul,Sul,418,8,60,0.14354066985645933,5,2019-03-31,2025-11-02,9,6.666666666666667,4.0,20.0,0,True
4302378,Bom Progresso,43,Rio Grande do Sul,Sul,418,8,46,0.11004784688995216,4,2019-04-14,2025-02-02,4,11.5,10.5,23.0,0,True
4302402,Bom Retiro do Sul,43,Rio Grande do Sul,Sul,418,8,35,0.08373205741626795,4,2021-03-21,2024-03-03,6,5.833333333333333,4.0,17.0,0,True
4302451,Boqueirão do Leão,43,Rio Grande do Sul,Sul,418,8,17,0.04066985645933014,3,2021-04-04,2024-05-05,4,4.25,4.0,5.0,0,True
4302501,Bossoroca,43,Rio Grande do Sul,Sul,418,8,40,0.09569377990430622,5,2018-05-27,2024-06-23,6,6.666666666666667,4.0,19.0,0,True
4302584,Bozano,43,Rio Grande do Sul,Sul,418,8,37,0.08851674641148326,4,2020-03-15,2025-06-01,5,7.4,4.0,14.0,0,True
4302600,Braga,43,Rio Grande do Sul,Sul,418,8,37,0.08851674641148326,3,2022-03-27,2025-01-26,3,12.333333333333334,4.0,30.0,0,True
4302659,Brochier,43,Rio Grande do Sul,Sul,418,8,21,0.050239234449760764,3,2022-03-13,2024-06-30,4,5.25,4.0,9.0,0,True
4302709,Butiá,43,Rio Grande do Sul,Sul,418,8,59,0.14114832535885166,5,2019-03-17,2025-12-28,9,6.555555555555555,4.0,20.0,0,True
4302808,Caçapava do Sul,43,Rio Grande do Sul,Sul,418,8,60,0.14354066985645933,5,2020-05-03,2025-12-28,13,4.615384615384615,4.0,12.0,0,True
4302907,Cacequi,43,Rio Grande do Sul,Sul,418,8,31,0.07416267942583732,4,2021-05-16,2025-05-25,6,5.166666666666667,4.0,11.0,0,True
4303004,Cachoeira do Sul,43,Rio Grande do Sul,Sul,418,8,139,0.33253588516746413,6,2018-11-25,2025-10-26,12,11.583333333333334,7.0,42.0,1,True
4303103,Cachoeirinha,43,Rio Grande do Sul,Sul,418,8,136,0.3253588516746411,8,2018-01-21,2025-12-28,19,7.157894736842105,4.0,32.0,0,True
4303202,Cacique Doble,43,Rio Grande do Sul,Sul,418,8,33,0.07894736842105263,4,2019-02-24,2025-06-15,6,5.5,5.5,8.0,0,True
4303301,Caibaté,43,Rio Grande do Sul,Sul,418,8,31,0.07416267942583732,3,2022-03-27,2025-06-08,3,10.333333333333334,8.0,21.0,0,True
4303400,Caiçara,43,Rio Grande do Sul,Sul,418,8,57,0.13636363636363635,5,2020-03-29,2025-01-26,5,11.4,7.0,26.0,0,True
4303509,Camaquã,43,Rio Grande do Sul,Sul,418,8,56,0.1339712918660287,5,2019-05-19,2025-12-21,10,5.6,4.0,23.0,0,True
4303558,Camargo,43,Rio Grande do Sul,Sul,418,8,28,0.06698564593301436,3,2022-02-27,2024-06-09,5,5.6,4.0,12.0,0,True
4303608,Cambará do Sul,43,Rio Grande do Sul,Sul,418,8,17,0.04066985645933014,3,2020-03-01,2025-04-20,3,5.666666666666667,6.0,7.0,0,True
4303673,Campestre da Serra,43,Rio Grande do Sul,Sul,418,8,0,0.0,0,,,0,,,,0,False
4303707,Campina das Missões,43,Rio Grande do Sul,Sul,418,8,64,0.15311004784688995,6,2018-02-11,2025-11-16,7,9.142857142857142,4.0,25.0,0,True
4303806,Campinas do Sul,43,Rio Grande do Sul,Sul,418,8,45,0.1076555023923445,5,2021-02-28,2025-12-28,8,5.625,3.5,16.0,0,True
4303905,Campo Bom,43,Rio Grande do Sul,Sul,418,8,95,0.22727272727272727,4,2022-02-27,2025-10-12,6,15.833333333333334,12.5,37.0,1,True
4304002,Campo Novo,43,Rio Grande do Sul,Sul,418,8,64,0.15311004784688995,6,2019-08-25,2024-06-09,7,9.142857142857142,8.0,20.0,0,True
4304101,Campos Borges,43,Rio Grande do Sul,Sul,418,8,9,0.0215311004784689,1,2024-03-31,2024-06-02,2,4.5,4.5,5.0,0,False
4304200,Candelária,43,Rio Grande do Sul,Sul,418,8,95,0.22727272727272727,6,2019-06-09,2025-12-28,14,6.785714285714286,4.0,27.0,0,True
4304309,Cândido Godói,43,Rio Grande do Sul,Sul,418,8,74,0.17703349282296652,5,2019-01-13,2025-12-28,9,8.222222222222221,4.0,23.0,1,True
4304358,Candiota,43,Rio Grande do Sul,Sul,418,8,15,0.03588516746411483,2,2024-02-11,2025-06-22,2,7.5,7.5,8.0,0,True
4304408,Canela,43,Rio Grande do Sul,Sul,418,8,59,0.14114832535885166,6,2019-03-17,2025-07-13,9,6.555555555555555,4.0,21.0,1,True
4304507,Canguçu,43,Rio Grande do Sul,Sul,418,8,19,0.045454545454545456,3,2023-03-26,2025-11-16,4,4.75,4.0,7.0,0,True
4304606,Canoas,43,Rio Grande do Sul,Sul,418,8,144,0.3444976076555024,7,2018-07-01,2025-12-21,12,12.0,4.5,62.0,1,True
4304614,Canudos do Vale,43,Rio Grande do Sul,Sul,418,8,19,0.045454545454545456,3,2022-04-10,2025-05-11,4,4.75,5.5,7.0,0,True
4304622,Capão Bonito do Sul,43,Rio Grande do Sul,Sul,418,8,12,0.028708133971291867,2,2022-04-24,2024-05-26,3,4.0,4.0,4.0,0,True
4304630,Capão da Canoa,43,Rio Grande do Sul,Sul,418,8,110,0.2631578947368421,5,2020-01-26,2025-12-21,16,6.875,4.0,35.0,0,True
4304655,Capão do Cipó,43,Rio Grande do Sul,Sul,418,8,13,0.03110047846889952,1,2024-02-18,2024-05-12,1,13.0,13.0,13.0,0,False
4304663,Capão do Leão,43,Rio Grande do Sul,Sul,418,8,30,0.07177033492822966,5,2018-08-12,2025-11-30,7,4.285714285714286,4.0,8.0,0,True
4304671,Capivari do Sul,43,Rio Grande do Sul,Sul,418,8,21,0.050239234449760764,3,2023-05-14,2025-08-24,4,5.25,4.0,9.0,1,True
4304689,Capela de Santana,43,Rio Grande do Sul,Sul,418,8,56,0.1339712918660287,5,2019-07-28,2025-12-21,6,9.333333333333334,5.0,26.0,0,True
4304697,Capitão,43,Rio Grande do Sul,Sul,418,8,25,0.05980861244019139,4,2019-06-09,2025-07-06,5,5.0,4.0,11.0,0,True
4304705,Carazinho,43,Rio Grande do Sul,Sul,418,8,95,0.22727272727272727,7,2018-04-22,2024-11-17,17,5.588235294117647,4.0,26.0,0,True
4304713,Caraá,43,Rio Grande do Sul,Sul,418,8,21,0.050239234449760764,3,2022-04-24,2025-06-08,4,5.25,4.0,10.0,0,True
4304804,Carlos Barbosa,43,Rio Grande do Sul,Sul,418,8,57,0.13636363636363635,4,2019-09-01,2025-12-28,8,7.125,4.0,24.0,0,True
4304853,Carlos Gomes,43,Rio Grande do Sul,Sul,418,8,32,0.07655502392344497,2,2024-03-03,2025-11-23,4,8.0,5.5,17.0,0,True
4304903,Casca,43,Rio Grande do Sul,Sul,418,8,38,0.09090909090909091,5,2018-04-22,2025-11-30,5,7.6,4.0,19.0,0,True
4304952,Caseiros,43,Rio Grande do Sul,Sul,418,8,17,0.04066985645933014,2,2023-04-16,2024-05-12,2,8.5,8.5,11.0,0,True
4305009,Catuípe,43,Rio Grande do Sul,Sul,418,8,80,0.19138755980861244,6,2018-01-21,2024-12-15,11,7.2727272727272725,4.0,25.0,1,True
4305108,Caxias do Sul,43,Rio Grande do Sul,Sul,418,8,105,0.2511961722488038,6,2019-07-28,2025-12-28,18,5.833333333333333,3.5,37.0,0,True
4305116,Centenário,43,Rio Grande do Sul,Sul,418,8,26,0.06220095693779904,4,2021-01-17,2025-05-18,6,4.333333333333333,4.0,5.0,0,True
4305124,Cerrito,43,Rio Grande do Sul,Sul,418,8,22,0.05263157894736842,1,2024-03-03,2024-12-01,5,4.4,4.0,6.0,0,False
4305132,Cerro Branco,43,Rio Grande do Sul,Sul,418,8,19,0.045454545454545456,3,2022-04-24,2025-06-01,5,3.8,2.0,11.0,0,True
4305157,Cerro Grande,43,Rio Grande do Sul,Sul,418,8,33,0.07894736842105263,3,2022-03-13,2024-06-23,4,8.25,9.0,11.0,0,True
4305173,Cerro Grande do Sul,43,Rio Grande do Sul,Sul,418,8,29,0.06937799043062201,2,2024-01-21,2025-06-01,5,5.8,4.0,11.0,0,True
4305207,Cerro Largo,43,Rio Grande do Sul,Sul,418,8,99,0.23684210526315788,7,2019-06-02,2025-08-10,11,9.0,4.0,33.0,1,True
4305306,Chapada,43,Rio Grande do Sul,Sul,418,8,60,0.14354066985645933,4,2018-09-30,2024-08-18,7,8.571428571428571,7.0,17.0,0,True
4305355,Charqueadas,43,Rio Grande do Sul,Sul,418,8,79,0.18899521531100477,4,2022-04-24,2025-09-14,10,7.9,5.5,23.0,1,True
4305371,Charrua,43,Rio Grande do Sul,Sul,418,8,20,0.04784688995215311,2,2024-05-19,2025-05-25,2,10.0,10.0,16.0,0,True
4305405,Chiapetta,43,Rio Grande do Sul,Sul,418,8,57,0.13636363636363635,4,2022-03-13,2025-10-05,6,9.5,7.0,25.0,0,True
4305439,Chuí,43,Rio Grande do Sul,Sul,418,8,0,0.0,0,,,0,,,,0,False
4305447,Chuvisca,43,Rio Grande do Sul,Sul,418,8,4,0.009569377990430622,1,2023-03-26,2023-04-16,1,4.0,4.0,4.0,0,False
4305454,Cidreira,43,Rio Grande do Sul,Sul,418,8,46,0.11004784688995216,5,2019-05-05,2025-12-14,11,4.181818181818182,4.0,13.0,0,True
4305504,Ciríaco,43,Rio Grande do Sul,Sul,418,8,22,0.05263157894736842,1,2024-01-28,2024-06-23,1,22.0,22.0,22.0,0,False
4305587,Colinas,43,Rio Grande do Sul,Sul,418,8,26,0.06220095693779904,2,2022-02-27,2024-07-07,3,8.666666666666666,7.0,17.0,0,True
4305603,Colorado,43,Rio Grande do Sul,Sul,418,8,42,0.10047846889952153,5,2021-05-02,2025-06-29,7,6.0,4.0,11.0,0,True
4305702,Condor,43,Rio Grande do Sul,Sul,418,8,72,0.1722488038277512,3,2022-01-30,2024-11-10,9,8.0,4.0,24.0,0,True
4305801,Constantina,43,Rio Grande do Sul,Sul,418,8,87,0.20813397129186603,5,2020-02-09,2025-12-28,10,8.7,6.5,20.0,2,True
4305835,Coqueiro Baixo,43,Rio Grande do Sul,Sul,418,8,0,0.0,0,,,0,,,,0,False
4305850,Coqueiros do Sul,43,Rio Grande do Sul,Sul,418,8,21,0.050239234449760764,3,2022-05-08,2024-05-26,4,5.25,4.0,9.0,0,True
4305871,Coronel Barros,43,Rio Grande do Sul,Sul,418,8,64,0.15311004784688995,5,2019-04-28,2025-11-23,7,9.142857142857142,4.0,26.0,0,True
4305900,Coronel Bicaco,43,Rio Grande do Sul,Sul,418,8,95,0.22727272727272727,5,2020-02-16,2025-12-28,13,7.3076923076923075,4.0,31.0,1,True
4305934,Coronel Pilar,43,Rio Grande do Sul,Sul,418,8,8,0.019138755980861243,1,2024-03-10,2024-06-30,2,4.0,4.0,4.0,0,False
4305959,Cotiporã,43,Rio Grande do Sul,Sul,418,8,12,0.028708133971291867,3,2021-12-05,2025-03-09,3,4.0,4.0,4.0,0,True
4305975,Coxilha,43,Rio Grande do Sul,Sul,418,8,40,0.09569377990430622,3,2023-04-30,2025-09-14,5,8.0,4.0,24.0,0,True
4306007,Crissiumal,43,Rio Grande do Sul,Sul,418,8,116,0.27751196172248804,7,2019-01-27,2025-12-28,14,8.285714285714286,4.5,29.0,1,True
4306056,Cristal,43,Rio Grande do Sul,Sul,418,8,19,0.045454545454545456,3,2022-05-08,2025-05-25,3,6.333333333333333,4.0,11.0,0,True
4306072,Cristal do Sul,43,Rio Grande do Sul,Sul,418,8,36,0.0861244019138756,3,2022-01-23,2024-06-16,4,9.0,5.5,24.0,0,True
4306106,Cruz Alta,43,Rio Grande do Sul,Sul,418,8,141,0.3373205741626794,7,2018-05-06,2025-10-19,13,10.846153846153847,8.0,34.0,0,True
4306130,Cruzaltense,43,Rio Grande do Sul,Sul,418,8,16,0.03827751196172249,2,2021-04-11,2022-05-22,2,8.0,8.0,12.0,0,True
4306205,Cruzeiro do Sul,43,Rio Grande do Sul,Sul,418,8,49,0.11722488038277512,5,2020-08-02,2024-08-04,7,7.0,5.0,19.0,0,True
4306304,David Canabarro,43,Rio Grande do Sul,Sul,418,8,8,0.019138755980861243,1,2024-09-15,2024-11-24,2,4.0,4.0,4.0,0,False
4306320,Derrubadas,43,Rio Grande do Sul,Sul,418,8,34,0.08133971291866028,4,2019-07-07,2024-06-02,4,8.5,4.0,23.0,0,True
4306353,Dezesseis de Novembro,43,Rio Grande do Sul,Sul,418,8,33,0.07894736842105263,5,2017-12-31,2025-06-01,6,5.5,4.0,15.0,1,True
4306379,Dilermando de Aguiar,43,Rio Grande do Sul,Sul,418,8,42,0.10047846889952153,5,2019-03-10,2025-03-23,7,6.0,4.0,17.0,0,True
4306403,Dois Irmãos,43,Rio Grande do Sul,Sul,418,8,90,0.215311004784689,6,2019-06-09,2025-12-28,10,9.0,5.0,31.0,2,True
4306429,Dois Irmãos das Missões,43,Rio Grande do Sul,Sul,418,8,35,0.08373205741626795,3,2022-04-10,2024-12-01,4,8.75,4.0,23.0,0,True
4306452,Dois Lajeados,43,Rio Grande do Sul,Sul,418,8,28,0.06698564593301436,4,2022-06-05,2025-05-18,5,5.6,4.0,14.0,0,True
4306502,Dom Feliciano,43,Rio Grande do Sul,Sul,418,8,12,0.028708133971291867,3,2022-03-27,2025-05-11,3,4.0,4.0,4.0,0,True
4306551,Dom Pedro de Alcântara,43,Rio Grande do Sul,Sul,418,8,18,0.0430622009569378,3,2020-03-15,2025-11-30,4,4.5,4.0,6.0,0,True
4306601,Dom Pedrito,43,Rio Grande do Sul,Sul,418,8,101,0.24162679425837322,8,2018-02-04,2025-07-06,19,5.315789473684211,4.0,13.0,2,True
4306700,Dona Francisca,43,Rio Grande do Sul,Sul,418,8,25,0.05980861244019139,3,2022-06-26,2024-05-19,4,6.25,5.5,10.0,0,True
4306734,Doutor Maurício Cardoso,43,Rio Grande do Sul,Sul,418,8,58,0.13875598086124402,3,2022-02-13,2024-12-08,5,11.6,4.0,27.0,0,True
4306759,Doutor Ricardo,43,Rio Grande do Sul,Sul,418,8,29,0.06937799043062201,3,2022-04-03,2024-05-26,5,5.8,4.0,16.0,0,True
4306767,Eldorado do Sul,43,Rio Grande do Sul,Sul,418,8,88,0.21052631578947367,4,2022-03-27,2025-12-28,12,7.333333333333333,5.5,15.0,0,True
4306809,Encantado,43,Rio Grande do Sul,Sul,418,8,57,0.13636363636363635,5,2021-05-16,2025-12-28,7,8.142857142857142,4.0,31.0,0,True
4306908,Encruzilhada do Sul,43,Rio Grande do Sul,Sul,418,8,72,0.1722488038277512,6,2020-03-01,2025-05-25,13,5.538461538461538,4.0,17.0,2,True
4306924,Engenho Velho,43,Rio Grande do Sul,Sul,418,8,33,0.07894736842105263,4,2020-03-29,2025-07-13,5,6.6,4.0,12.0,0,True
4306932,Entre-Ijuís,43,Rio Grande do Sul,Sul,418,8,102,0.24401913875598086,7,2019-04-07,2025-12-28,16,6.375,4.0,22.0,0,True
4306957,Entre Rios do Sul,43,Rio Grande do Sul,Sul,418,8,33,0.07894736842105263,4,2021-03-28,2025-07-27,8,4.125,4.0,11.0,0,True
4306973,Erebango,43,Rio Grande do Sul,Sul,418,8,35,0.08373205741626795,2,2024-02-18,2025-11-09,5,7.0,4.0,21.0,0,True
4307005,Erechim,43,Rio Grande do Sul,Sul,418,8,104,0.24880382775119617,7,2019-01-06,2025-12-28,16,6.5,4.0,27.0,0,True
4307054,Ernestina,43,Rio Grande do Sul,Sul,418,8,37,0.08851674641148326,3,2022-04-10,2025-12-07,8,4.625,4.0,8.0,0,True
4307104,Herval,43,Rio Grande do Sul,Sul,418,8,8,0.019138755980861243,2,2022-04-10,2024-02-25,2,4.0,4.0,4.0,0,True
4307203,Erval Grande,43,Rio Grande do Sul,Sul,418,8,29,0.06937799043062201,3,2021-04-04,2024-06-16,4,7.25,5.0,15.0,0,True
4307302,Erval Seco,43,Rio Grande do Sul,Sul,418,8,59,0.14114832535885166,4,2019-01-20,2024-07-14,4,14.75,14.0,27.0,0,True
4307401,Esmeralda,43,Rio Grande do Sul,Sul,418,8,11,0.02631578947368421,1,2024-03-10,2024-06-02,2,5.5,5.5,7.0,0,False
4307450,Esperança do Sul,43,Rio Grande do Sul,Sul,418,8,45,0.1076555023923445,4,2020-04-05,2025-12-14,6,7.5,4.0,21.0,0,True
4307500,Espumoso,43,Rio Grande do Sul,Sul,418,8,71,0.16985645933014354,4,2020-02-23,2025-12-07,10,7.1,4.5,27.0,0,True
4307559,Estação,43,Rio Grande do Sul,Sul,418,8,45,0.1076555023923445,6,2020-02-16,2025-05-25,11,4.090909090909091,4.0,6.0,0,True
4307609,Estância Velha,43,Rio Grande do Sul,Sul,418,8,104,0.24880382775119617,4,2020-02-23,2024-07-21,8,13.0,7.5,30.0,0,True
4307708,Esteio,43,Rio Grande do Sul,Sul,418,8,160,0.3827751196172249,8,2018-05-13,2025-12-28,19,8.421052631578947,4.0,51.0,3,True
4307807,Estrela,43,Rio Grande do Sul,Sul,418,8,114,0.2727272727272727,6,2019-03-31,2025-11-02,11,10.363636363636363,4.0,32.0,0,True
4307815,Estrela Velha,43,Rio Grande do Sul,Sul,418,8,26,0.06220095693779904,3,2022-03-27,2025-06-08,3,8.666666666666666,8.0,14.0,0,True
4307831,Eugênio de Castro,43,Rio Grande do Sul,Sul,418,8,36,0.0861244019138756,4,2020-02-16,2024-06-30,6,6.0,4.0,16.0,0,True
4307864,Fagundes Varela,43,Rio Grande do Sul,Sul,418,8,12,0.028708133971291867,1,2024-01-28,2024-05-19,3,4.0,4.0,4.0,0,False
4307906,Farroupilha,43,Rio Grande do Sul,Sul,418,8,73,0.17464114832535885,5,2019-06-30,2025-12-28,12,6.083333333333333,4.0,21.0,0,True
4308003,Faxinal do Soturno,43,Rio Grande do Sul,Sul,418,8,30,0.07177033492822966,3,2023-04-16,2025-06-29,4,7.5,4.5,17.0,0,True
4308052,Faxinalzinho,43,Rio Grande do Sul,Sul,418,8,17,0.04066985645933014,2,2021-03-21,2024-06-02,4,4.25,3.0,10.0,0,True
4308078,Fazenda Vilanova,43,Rio Grande do Sul,Sul,418,8,54,0.1291866028708134,5,2021-05-02,2025-09-07,10,5.4,4.0,17.0,0,True
4308102,Feliz,43,Rio Grande do Sul,Sul,418,8,57,0.13636363636363635,5,2020-03-01,2024-07-21,9,6.333333333333333,4.0,23.0,0,True
4308201,Flores da Cunha,43,Rio Grande do Sul,Sul,418,8,56,0.1339712918660287,7,2018-02-04,2025-10-12,15,3.7333333333333334,4.0,12.0,0,True
4308250,Floriano Peixoto,43,Rio Grande do Sul,Sul,418,8,12,0.028708133971291867,3,2023-04-30,2025-04-27,3,4.0,4.0,4.0,0,True
4308300,Fontoura Xavier,43,Rio Grande do Sul,Sul,418,8,26,0.06220095693779904,4,2021-06-27,2024-05-26,4,6.5,4.0,14.0,0,True
4308409,Formigueiro,43,Rio Grande do Sul,Sul,418,8,26,0.06220095693779904,3,2019-06-30,2024-06-02,4,6.5,5.5,11.0,0,True
4308433,Forquetinha,43,Rio Grande do Sul,Sul,418,8,33,0.07894736842105263,3,2022-03-06,2025-04-20,4,8.25,8.0,11.0,0,True
4308458,Fortaleza dos Valos,43,Rio Grande do Sul,Sul,418,8,41,0.09808612440191387,3,2023-04-02,2025-02-09,4,10.25,8.0,21.0,0,True
4308508,Frederico Westphalen,43,Rio Grande do Sul,Sul,418,8,49,0.11722488038277512,5,2020-07-05,2025-11-16,8,6.125,4.0,23.0,0,True
4308607,Garibaldi,43,Rio Grande do Sul,Sul,418,8,59,0.14114832535885166,5,2019-10-27,2025-12-07,11,5.363636363636363,4.0,17.0,0,True
4308656,Garruchos,43,Rio Grande do Sul,Sul,418,8,16,0.03827751196172249,2,2019-07-28,2024-06-16,2,8.0,8.0,12.0,0,True
4308706,Gaurama,43,Rio Grande do Sul,Sul,418,8,59,0.14114832535885166,4,2021-01-31,2025-12-28,8,7.375,5.0,17.0,1,True
4308805,General Câmara,43,Rio Grande do Sul,Sul,418,8,38,0.09090909090909091,6,2019-09-15,2025-05-25,8,4.75,4.0,10.0,0,True
4308854,Gentil,43,Rio Grande do Sul,Sul,418,8,7,0.01674641148325359,1,2024-03-31,2024-05-12,1,7.0,7.0,7.0,0,False
4308904,Getúlio Vargas,43,Rio Grande do Sul,Sul,418,8,74,0.17703349282296652,6,2019-03-31,2025-07-13,9,8.222222222222221,4.0,19.0,0,True
4309001,Giruá,43,Rio Grande do Sul,Sul,418,8,97,0.23205741626794257,7,2019-02-24,2025-12-28,14,6.928571428571429,4.0,32.0,1,True
4309050,Glorinha,43,Rio Grande do Sul,Sul,418,8,53,0.12679425837320574,4,2018-12-30,2025-12-21,7,7.571428571428571,4.0,19.0,1,True
4309100,Gramado,43,Rio Grande do Sul,Sul,418,8,112,0.2679425837320574,7,2019-04-28,2025-12-28,21,5.333333333333333,4.0,29.0,2,True
4309126,Gramado dos Loureiros,43,Rio Grande do Sul,Sul,418,8,23,0.05502392344497608,2,2022-04-17,2024-07-28,4,5.75,4.0,11.0,0,True
4309159,Gramado Xavier,43,Rio Grande do Sul,Sul,418,8,22,0.05263157894736842,4,2019-07-28,2025-12-28,5,4.4,4.0,6.0,0,True
4309209,Gravataí,43,Rio Grande do Sul,Sul,418,8,131,0.3133971291866029,5,2021-05-16,2025-12-28,9,14.555555555555555,4.0,93.0,1,True
4309258,Guabiju,43,Rio Grande do Sul,Sul,418,8,4,0.009569377990430622,1,2024-02-04,2024-02-25,1,4.0,4.0,4.0,0,False
4309308,Guaíba,43,Rio Grande do Sul,Sul,418,8,143,0.34210526315789475,7,2018-01-28,2025-12-28,20,7.15,4.0,30.0,1,True
4309407,Guaporé,43,Rio Grande do Sul,Sul,418,8,64,0.15311004784688995,6,2019-09-15,2025-12-28,10,6.4,5.5,16.0,0,True
4309506,Guarani das Missões,43,Rio Grande do Sul,Sul,418,8,69,0.16507177033492823,5,2020-03-15,2025-11-02,9,7.666666666666667,4.0,25.0,0,True
4309555,Harmonia,43,Rio Grande do Sul,Sul,418,8,51,0.12200956937799043,5,2021-04-25,2025-06-08,8,6.375,4.0,17.0,0,True
4309571,Herveiras,43,Rio Grande do Sul,Sul,418,8,16,0.03827751196172249,2,2024-01-28,2025-12-07,4,4.0,4.0,4.0,0,True
4309605,Horizontina,43,Rio Grande do Sul,Sul,418,8,96,0.22966507177033493,6,2019-04-14,2025-12-28,15,6.4,4.0,23.0,1,True
4309654,Hulha Negra,43,Rio Grande do Sul,Sul,418,8,13,0.03110047846889952,3,2022-04-10,2025-02-02,3,4.333333333333333,4.0,5.0,0,True
4309704,Humaitá,43,Rio Grande do Sul,Sul,418,8,54,0.1291866028708134,5,2020-02-02,2024-07-07,5,10.8,8.0,25.0,0,True
4309753,Ibarama,43,Rio Grande do Sul,Sul,418,8,16,0.03827751196172249,3,2022-03-27,2025-06-08,3,5.333333333333333,6.0,6.0,0,True
4309803,Ibiaçá,43,Rio Grande do Sul,Sul,418,8,29,0.06937799043062201,5,2021-04-04,2025-11-30,5,5.8,4.0,12.0,0,True
4309902,Ibiraiaras,43,Rio Grande do Sul,Sul,418,8,27,0.0645933014354067,4,2021-04-25,2024-06-09,5,5.4,4.0,10.0,0,True
4309951,Ibirapuitã,43,Rio Grande do Sul,Sul,418,8,22,0.05263157894736842,5,2018-12-30,2025-12-28,6,3.6666666666666665,4.0,4.0,0,True
4310009,Ibirubá,43,Rio Grande do Sul,Sul,418,8,84,0.20095693779904306,6,2018-01-14,2025-03-23,12,7.0,4.0,24.0,0,True
4310108,Igrejinha,43,Rio Grande do Sul,Sul,418,8,65,0.15550239234449761,4,2019-05-12,2024-06-23,6,10.833333333333334,3.0,52.0,1,True
4310207,Ijuí,43,Rio Grande do Sul,Sul,418,8,95,0.22727272727272727,6,2019-05-26,2025-12-21,14,6.785714285714286,4.5,32.0,1,True
4310306,Ilópolis,43,Rio Grande do Sul,Sul,418,8,25,0.05980861244019139,2,2023-02-19,2024-09-01,5,5.0,4.0,9.0,0,True
4310330,Imbé,43,Rio Grande do Sul,Sul,418,8,77,0.18421052631578946,6,2019-04-28,2025-12-28,13,5.923076923076923,4.0,24.0,2,True
4310363,Imigrante,43,Rio Grande do Sul,Sul,418,8,47,0.11244019138755981,5,2019-05-26,2024-08-11,8,5.875,4.5,16.0,0,True
4310405,Independência,43,Rio Grande do Sul,Sul,418,8,67,0.16028708133971292,3,2022-03-06,2024-11-10,4,16.75,19.5,24.0,0,True
4310413,Inhacorá,43,Rio Grande do Sul,Sul,418,8,37,0.08851674641148326,4,2022-03-27,2025-02-23,5,7.4,4.0,21.0,0,True
4310439,Ipê,43,Rio Grande do Sul,Sul,418,8,29,0.06937799043062201,3,2023-04-30,2025-11-23,6,4.833333333333333,4.0,7.0,0,True
4310462,Ipiranga do Sul,43,Rio Grande do Sul,Sul,418,8,19,0.045454545454545456,4,2021-03-07,2025-05-25,4,4.75,4.5,6.0,0,True
4310504,Iraí,43,Rio Grande do Sul,Sul,418,8,64,0.15311004784688995,5,2019-02-03,2025-06-22,8,8.0,4.0,24.0,2,True
4310538,Itaara,43,Rio Grande do Sul,Sul,418,8,52,0.12440191387559808,4,2021-10-17,2024-08-18,6,8.666666666666666,8.5,17.0,0,True
4310553,Itacurubi,43,Rio Grande do Sul,Sul,418,8,11,0.02631578947368421,1,2024-02-11,2024-05-19,2,5.5,5.5,6.0,0,False
4310579,Itapuca,43,Rio Grande do Sul,Sul,418,8,0,0.0,0,,,0,,,,0,False
4310603,Itaqui,43,Rio Grande do Sul,Sul,418,8,45,0.1076555023923445,4,2020-02-16,2025-12-28,7,6.428571428571429,4.0,25.0,0,True
4310652,Itati,43,Rio Grande do Sul,Sul,418,8,4,0.009569377990430622,1,2024-04-07,2024-04-28,1,4.0,4.0,4.0,0,False
4310702,Itatiba do Sul,43,Rio Grande do Sul,Sul,418,8,23,0.05502392344497608,4,2020-02-02,2025-12-28,4,5.75,6.0,10.0,0,True
4310751,Ivorá,43,Rio Grande do Sul,Sul,418,8,16,0.03827751196172249,2,2023-05-21,2024-05-26,3,5.333333333333333,5.0,7.0,0,True
4310801,Ivoti,43,Rio Grande do Sul,Sul,418,8,106,0.2535885167464115,6,2018-01-21,2025-10-19,12,8.833333333333334,4.0,35.0,0,True
4310850,Jaboticaba,43,Rio Grande do Sul,Sul,418,8,43,0.10287081339712918,3,2020-02-02,2024-10-27,6,7.166666666666667,4.0,25.0,0,True
4310876,Jacuizinho,43,Rio Grande do Sul,Sul,418,8,17,0.04066985645933014,2,2024-04-28,2025-06-08,2,8.5,8.5,9.0,0,True
4310900,Jacutinga,43,Rio Grande do Sul,Sul,418,8,55,0.13157894736842105,6,2019-04-21,2024-07-14,8,6.875,5.5,15.0,0,True
4311007,Jaguarão,43,Rio Grande do Sul,Sul,418,8,34,0.08133971291866028,6,2018-01-21,2025-05-25,7,4.857142857142857,4.0,10.0,0,True
4311106,Jaguari,43,Rio Grande do Sul,Sul,418,8,33,0.07894736842105263,3,2022-04-17,2024-08-11,4,8.25,4.5,20.0,0,True
4311122,Jaquirana,43,Rio Grande do Sul,Sul,418,8,4,0.009569377990430622,1,2023-04-09,2023-04-30,1,4.0,4.0,4.0,0,False
4311130,Jari,43,Rio Grande do Sul,Sul,418,8,9,0.0215311004784689,1,2024-04-14,2024-06-23,2,4.5,4.5,5.0,0,False
4311155,Jóia,43,Rio Grande do Sul,Sul,418,8,73,0.17464114832535885,6,2019-06-23,2025-12-28,12,6.083333333333333,4.0,24.0,0,True
4311205,Júlio de Castilhos,43,Rio Grande do Sul,Sul,418,8,51,0.12200956937799043,5,2018-01-28,2025-08-03,8,6.375,4.0,15.0,0,True
4311239,Lagoa Bonita do Sul,43,Rio Grande do Sul,Sul,418,8,26,0.06220095693779904,3,2022-03-06,2024-07-14,6,4.333333333333333,4.0,5.0,0,True
4311254,Lagoão,43,Rio Grande do Sul,Sul,418,8,8,0.019138755980861243,1,2023-04-23,2023-06-11,1,8.0,8.0,8.0,0,False
4311270,Lagoa dos Três Cantos,43,Rio Grande do Sul,Sul,418,8,30,0.07177033492822966,4,2022-03-13,2025-11-16,6,5.0,4.0,11.0,0,True
4311304,Lagoa Vermelha,43,Rio Grande do Sul,Sul,418,8,81,0.1937799043062201,7,2019-01-06,2025-09-21,16,5.0625,4.0,11.0,1,True
4311403,Lajeado,43,Rio Grande do Sul,Sul,418,8,89,0.21291866028708134,7,2019-05-12,2025-11-16,18,4.944444444444445,3.0,28.0,0,True
4311429,Lajeado do Bugre,43,Rio Grande do Sul,Sul,418,8,21,0.050239234449760764,3,2020-03-22,2024-06-30,4,5.25,4.0,11.0,0,True
4311502,Lavras do Sul,43,Rio Grande do Sul,Sul,418,8,18,0.0430622009569378,2,2023-04-09,2024-12-22,3,6.0,4.0,10.0,0,True
4311601,Liberato Salzano,43,Rio Grande do Sul,Sul,418,8,66,0.15789473684210525,5,2020-03-15,2025-12-28,8,8.25,5.0,24.0,1,True
4311627,Lindolfo Collor,43,Rio Grande do Sul,Sul,418,8,54,0.1291866028708134,3,2022-03-06,2024-05-12,5,10.8,7.0,22.0,0,True
4311643,Linha Nova,43,Rio Grande do Sul,Sul,418,8,26,0.06220095693779904,2,2022-03-13,2024-05-12,3,8.666666666666666,9.0,13.0,0,True
4311700,Machadinho,43,Rio Grande do Sul,Sul,418,8,38,0.09090909090909091,5,2021-03-14,2025-09-07,8,4.75,4.0,12.0,0,True
4311718,Maçambará,43,Rio Grande do Sul,Sul,418,8,37,0.08851674641148326,2,2023-02-12,2024-12-08,6,6.166666666666667,4.0,17.0,0,True
4311734,Mampituba,43,Rio Grande do Sul,Sul,418,8,4,0.009569377990430622,1,2024-05-12,2024-06-02,1,4.0,4.0,4.0,0,False
4311759,Manoel Viana,43,Rio Grande do Sul,Sul,418,8,29,0.06937799043062201,2,2023-04-16,2024-09-08,5,5.8,4.0,11.0,0,True
4311775,Maquiné,43,Rio Grande do Sul,Sul,418,8,29,0.06937799043062201,3,2022-03-27,2024-06-02,5,5.8,4.0,13.0,0,True
4311791,Maratá,43,Rio Grande do Sul,Sul,418,8,26,0.06220095693779904,3,2023-03-19,2025-05-18,5,5.2,4.0,10.0,0,True
4311809,Marau,43,Rio Grande do Sul,Sul,418,8,84,0.20095693779904306,7,2018-03-04,2025-11-16,17,4.9411764705882355,4.0,17.0,0,True
4311908,Marcelino Ramos,43,Rio Grande do Sul,Sul,418,8,58,0.13875598086124402,6,2018-10-21,2025-12-28,8,7.25,7.0,15.0,0,True
4311981,Mariana Pimentel,43,Rio Grande do Sul,Sul,418,8,17,0.04066985645933014,2,2024-02-25,2025-12-14,4,4.25,4.0,5.0,0,True
4312005,Mariano Moro,43,Rio Grande do Sul,Sul,418,8,18,0.0430622009569378,1,2021-03-07,2021-07-04,1,18.0,18.0,18.0,0,False
4312054,Marques de Souza,43,Rio Grande do Sul,Sul,418,8,26,0.06220095693779904,3,2022-03-06,2024-09-29,5,5.2,4.0,12.0,0,True
4312104,Mata,43,Rio Grande do Sul,Sul,418,8,27,0.0645933014354067,3,2021-01-31,2024-06-09,5,5.4,4.0,8.0,0,True
4312138,Mato Castelhano,43,Rio Grande do Sul,Sul,418,8,42,0.10047846889952153,5,2019-03-03,2025-09-28,11,3.8181818181818183,4.0,6.0,0,True
4312153,Mato Leitão,43,Rio Grande do Sul,Sul,418,8,79,0.18899521531100477,7,2018-04-22,2025-12-28,11,7.181818181818182,4.0,21.0,0,True
4312179,Mato Queimado,43,Rio Grande do Sul,Sul,418,8,27,0.0645933014354067,4,2019-09-08,2024-05-26,5,5.4,4.0,11.0,0,True
4312203,Maximiliano de Almeida,43,Rio Grande do Sul,Sul,418,8,41,0.09808612440191387,4,2019-06-16,2024-06-09,5,8.2,4.0,15.0,0,True
4312252,Minas do Leão,43,Rio Grande do Sul,Sul,418,8,20,0.04784688995215311,1,2024-01-28,2024-07-28,3,6.666666666666667,4.0,12.0,0,False
4312302,Miraguaí,43,Rio Grande do Sul,Sul,418,8,69,0.16507177033492823,6,2018-01-07,2024-07-07,8,8.625,4.0,30.0,1,True
4312351,Montauri,43,Rio Grande do Sul,Sul,418,8,16,0.03827751196172249,2,2022-01-23,2024-06-23,4,4.0,4.0,4.0,0,True
4312377,Monte Alegre dos Campos,43,Rio Grande do Sul,Sul,418,8,8,0.019138755980861243,2,2021-11-21,2024-04-28,2,4.0,4.0,4.0,0,True
4312385,Monte Belo do Sul,43,Rio Grande do Sul,Sul,418,8,30,0.07177033492822966,4,2019-04-21,2025-12-28,8,3.75,4.0,4.0,0,True
4312401,Montenegro,43,Rio Grande do Sul,Sul,418,8,92,0.22009569377990432,7,2019-01-13,2025-09-28,11,8.363636363636363,4.0,26.0,1,True
4312427,Mormaço,43,Rio Grande do Sul,Sul,418,8,23,0.05502392344497608,3,2023-02-12,2025-12-28,4,5.75,3.5,14.0,0,True
4312443,Morrinhos do Sul,43,Rio Grande do Sul,Sul,418,8,18,0.0430622009569378,3,2023-04-30,2025-07-06,3,6.0,4.0,10.0,0,True
4312450,Morro Redondo,43,Rio Grande do Sul,Sul,418,8,4,0.009569377990430622,1,2024-03-10,2024-03-31,1,4.0,4.0,4.0,0,False
4312476,Morro Reuter,43,Rio Grande do Sul,Sul,418,8,70,0.1674641148325359,6,2018-02-18,2025-01-19,9,7.777777777777778,4.0,24.0,1,True
4312500,Mostardas,43,Rio Grande do Sul,Sul,418,8,24,0.05741626794258373,3,2022-04-24,2024-05-05,6,4.0,4.0,4.0,0,True
4312609,Muçum,43,Rio Grande do Sul,Sul,418,8,55,0.13157894736842105,4,2019-05-12,2024-11-24,8,6.875,4.0,25.0,0,True
4312617,Muitos Capões,43,Rio Grande do Sul,Sul,418,8,0,0.0,0,,,0,,,,0,False
4312625,Muliterno,43,Rio Grande do Sul,Sul,418,8,8,0.019138755980861243,2,2024-04-28,2025-05-11,2,4.0,4.0,4.0,0,True
4312658,Não-Me-Toque,43,Rio Grande do Sul,Sul,418,8,94,0.22488038277511962,7,2019-01-06,2025-12-14,19,4.947368421052632,4.0,30.0,0,True
4312674,Nicolau Vergueiro,43,Rio Grande do Sul,Sul,418,8,30,0.07177033492822966,4,2018-12-30,2024-07-21,7,4.285714285714286,4.0,8.0,0,True
4312708,Nonoai,43,Rio Grande do Sul,Sul,418,8,95,0.22727272727272727,7,2018-10-21,2025-10-19,12,7.916666666666667,4.0,34.0,0,True
4312757,Nova Alvorada,43,Rio Grande do Sul,Sul,418,8,45,0.1076555023923445,5,2019-03-03,2025-12-28,8,5.625,4.0,18.0,0,True
4312807,Nova Araçá,43,Rio Grande do Sul,Sul,418,8,25,0.05980861244019139,4,2019-06-16,2024-04-14,5,5.0,4.0,9.0,0,True
4312906,Nova Bassano,43,Rio Grande do Sul,Sul,418,8,39,0.09330143540669857,4,2021-12-19,2024-05-12,10,3.9,4.0,13.0,1,True
4312955,Nova Boa Vista,43,Rio Grande do Sul,Sul,418,8,28,0.06698564593301436,2,2022-01-30,2024-06-30,2,14.0,14.0,20.0,0,True
4313003,Nova Bréscia,43,Rio Grande do Sul,Sul,418,8,27,0.0645933014354067,2,2023-02-05,2024-02-25,3,9.0,4.0,22.0,0,True
4313011,Nova Candelária,43,Rio Grande do Sul,Sul,418,8,43,0.10287081339712918,3,2022-03-13,2024-07-07,3,14.333333333333334,15.0,24.0,0,True
4313037,Nova Esperança do Sul,43,Rio Grande do Sul,Sul,418,8,25,0.05980861244019139,3,2021-05-02,2024-05-26,4,6.25,6.0,12.0,0,True
4313060,Nova Hartz,43,Rio Grande do Sul,Sul,418,8,73,0.17464114832535885,5,2020-03-08,2025-09-28,9,8.11111111111111,4.0,29.0,2,True
4313086,Nova Pádua,43,Rio Grande do Sul,Sul,418,8,12,0.028708133971291867,3,2022-04-03,2025-05-04,3,4.0,4.0,4.0,0,True
4313102,Nova Palma,43,Rio Grande do Sul,Sul,418,8,53,0.12679425837320574,4,2019-03-17,2025-02-02,4,13.25,13.0,24.0,0,True
4313201,Nova Petrópolis,43,Rio Grande do Sul,Sul,418,8,45,0.1076555023923445,5,2021-05-23,2025-02-09,8,5.625,3.0,17.0,0,True
4313300,Nova Prata,43,Rio Grande do Sul,Sul,418,8,60,0.14354066985645933,7,2018-04-01,2025-05-11,13,4.615384615384615,4.0,15.0,1,True
4313334,Nova Ramada,43,Rio Grande do Sul,Sul,418,8,25,0.05980861244019139,3,2022-03-20,2024-06-02,4,6.25,7.5,9.0,0,True
4313359,Nova Roma do Sul,43,Rio Grande do Sul,Sul,418,8,10,0.023923444976076555,1,2024-03-03,2024-05-05,1,10.0,10.0,10.0,0,False
4313375,Nova Santa Rita,43,Rio Grande do Sul,Sul,418,8,115,0.2751196172248804,6,2019-05-19,2025-12-28,10,11.5,6.0,52.0,0,True
4313391,Novo Cabrais,43,Rio Grande do Sul,Sul,418,8,44,0.10526315789473684,3,2023-03-19,2025-12-28,6,7.333333333333333,6.0,15.0,0,True
4313409,Novo Hamburgo,43,Rio Grande do Sul,Sul,418,8,162,0.3875598086124402,6,2019-05-26,2025-12-21,12,13.5,7.0,60.0,2,True
4313425,Novo Machado,43,Rio Grande do Sul,Sul,418,8,55,0.13157894736842105,5,2020-04-19,2025-11-02,7,7.857142857142857,4.0,17.0,0,True
4313441,Novo Tiradentes,43,Rio Grande do Sul,Sul,418,8,41,0.09808612440191387,3,2022-02-13,2025-02-09,3,13.666666666666666,16.0,21.0,0,True
4313466,Novo Xingu,43,Rio Grande do Sul,Sul,418,8,48,0.11483253588516747,4,2020-03-01,2024-06-09,6,8.0,4.0,18.0,0,True
4313490,Novo Barreiro,43,Rio Grande do Sul,Sul,418,8,86,0.20574162679425836,6,2019-04-21,2024-12-08,10,8.6,5.0,24.0,0,True
4313508,Osório,43,Rio Grande do Sul,Sul,418,8,63,0.1507177033492823,5,2020-09-20,2025-08-17,8,7.875,4.0,25.0,0,True
4313607,Paim Filho,43,Rio Grande do Sul,Sul,418,8,31,0.07416267942583732,3,2023-04-09,2025-06-15,5,6.2,4.0,15.0,0,True
4313656,Palmares do Sul,43,Rio Grande do Sul,Sul,418,8,25,0.05980861244019139,5,2019-03-24,2025-06-01,7,3.5714285714285716,4.0,7.0,0,True
4313706,Palmeira das Missões,43,Rio Grande do Sul,Sul,418,8,119,0.284688995215311,7,2018-12-23,2024-12-15,15,7.933333333333334,5.0,32.0,2,True
4313805,Palmitinho,43,Rio Grande do Sul,Sul,418,8,87,0.20813397129186603,4,2020-01-05,2025-12-21,6,14.5,14.5,30.0,0,True
4313904,Panambi,43,Rio Grande do Sul,Sul,418,8,79,0.18899521531100477,7,2018-12-02,2025-11-16,14,5.642857142857143,4.0,22.0,1,True
4313953,Pantano Grande,43,Rio Grande do Sul,Sul,418,8,31,0.07416267942583732,4,2019-05-26,2025-12-28,7,4.428571428571429,4.0,9.0,0,True
4314001,Paraí,43,Rio Grande do Sul,Sul,418,8,51,0.12200956937799043,5,2018-04-29,2025-09-21,9,5.666666666666667,4.0,18.0,0,True
4314027,Paraíso do Sul,43,Rio Grande do Sul,Sul,418,8,36,0.0861244019138756,4,2022-04-17,2025-08-24,7,5.142857142857143,4.0,12.0,0,True
4314035,Pareci Novo,43,Rio Grande do Sul,Sul,418,8,34,0.08133971291866028,2,2022-04-03,2024-11-10,4,8.5,7.0,16.0,0,True
4314050,Parobé,43,Rio Grande do Sul,Sul,418,8,73,0.17464114832535885,5,2020-08-23,2025-09-28,9,8.11111111111111,4.0,33.0,0,True
4314068,Passa Sete,43,Rio Grande do Sul,Sul,418,8,17,0.04066985645933014,2,2021-04-18,2024-06-09,2,8.5,8.5,13.0,0,True
4314076,Passo do Sobrado,43,Rio Grande do Sul,Sul,418,8,71,0.16985645933014354,6,2019-05-12,2025-12-28,13,5.461538461538462,4.0,12.0,1,True
4314100,Passo Fundo,43,Rio Grande do Sul,Sul,418,8,102,0.24401913875598086,6,2020-05-10,2025-09-14,8,12.75,3.0,77.0,1,True
4314134,Paulo Bento,43,Rio Grande do Sul,Sul,418,8,52,0.12440191387559808,3,2021-03-07,2025-10-12,4,13.0,9.5,27.0,0,True
4314159,Paverama,43,Rio Grande do Sul,Sul,418,8,70,0.1674641148325359,5,2021-05-09,2025-11-23,8,8.75,6.0,19.0,1,True
4314175,Pedras Altas,43,Rio Grande do Sul,Sul,418,8,4,0.009569377990430622,1,2024-02-18,2024-03-10,1,4.0,4.0,4.0,0,False
4314209,Pedro Osório,43,Rio Grande do Sul,Sul,418,8,8,0.019138755980861243,2,2018-05-06,2024-03-31,2,4.0,4.0,4.0,0,True
4314308,Pejuçara,43,Rio Grande do Sul,Sul,418,8,51,0.12200956937799043,4,2020-01-26,2025-12-28,7,7.285714285714286,4.0,15.0,0,True
4314407,Pelotas,43,Rio Grande do Sul,Sul,418,8,118,0.2822966507177033,7,2018-05-27,2025-12-07,14,8.428571428571429,4.0,49.0,1,True
4314423,Picada Café,43,Rio Grande do Sul,Sul,418,8,48,0.11483253588516747,4,2019-04-28,2024-11-10,6,8.0,5.5,19.0,0,True
4314456,Pinhal,43,Rio Grande do Sul,Sul,418,8,28,0.06698564593301436,3,2022-01-16,2024-06-02,3,9.333333333333334,3.0,23.0,0,True
4314464,Pinhal da Serra,43,Rio Grande do Sul,Sul,418,8,12,0.028708133971291867,3,2019-05-12,2025-05-04,3,4.0,4.0,4.0,0,True
4314472,Pinhal Grande,43,Rio Grande do Sul,Sul,418,8,8,0.019138755980861243,1,2024-04-07,2024-05-26,1,8.0,8.0,8.0,0,False
4314498,Pinheirinho do Vale,43,Rio Grande do Sul,Sul,418,8,64,0.15311004784688995,4,2022-03-06,2025-12-28,8,8.0,4.5,24.0,1,True
4314506,Pinheiro Machado,43,Rio Grande do Sul,Sul,418,8,14,0.03349282296650718,2,2019-04-28,2024-03-31,2,7.0,7.0,9.0,0,True
4314548,Pinto Bandeira,43,Rio Grande do Sul,Sul,418,8,20,0.04784688995215311,2,2023-04-16,2024-04-28,3,6.666666666666667,4.0,12.0,0,True
4314555,Pirapó,43,Rio Grande do Sul,Sul,418,8,29,0.06937799043062201,2,2019-03-24,2024-07-28,3,9.666666666666666,6.0,18.0,0,True
4314605,Piratini,43,Rio Grande do Sul,Sul,418,8,25,0.05980861244019139,2,2022-03-06,2024-08-25,3,8.333333333333334,7.0,14.0,0,True
4314704,Planalto,43,Rio Grande do Sul,Sul,418,8,78,0.18660287081339713,4,2021-03-28,2025-12-28,8,9.75,7.5,30.0,0,True
4314753,Poço das Antas,43,Rio Grande do Sul,Sul,418,8,35,0.08373205741626795,4,2022-04-03,2025-02-09,6,5.833333333333333,5.0,10.0,0,True
4314779,Pontão,43,Rio Grande do Sul,Sul,418,8,54,0.1291866028708134,6,2019-04-21,2025-12-14,10,5.4,4.0,13.0,1,True
4314787,Ponte Preta,43,Rio Grande do Sul,Sul,418,8,23,0.05502392344497608,3,2021-02-28,2024-06-16,3,7.666666666666667,4.0,15.0,0,True
4314803,Portão,43,Rio Grande do Sul,Sul,418,8,97,0.23205741626794257,5,2019-07-14,2025-12-28,10,9.7,4.0,31.0,0,True
4314902,Porto Alegre,43,Rio Grande do Sul,Sul,418,8,229,0.5478468899521531,8,2018-11-11,2025-12-28,8,28.625,15.0,107.0,2,True
4315008,Porto Lucena,43,Rio Grande do Sul,Sul,418,8,40,0.09569377990430622,2,2022-03-13,2024-06-02,2,20.0,20.0,23.0,0,True
4315057,Porto Mauá,43,Rio Grande do Sul,Sul,418,8,51,0.12200956937799043,4,2019-03-17,2024-07-21,5,10.2,4.0,22.0,0,True
4315073,Porto Vera Cruz,43,Rio Grande do Sul,Sul,418,8,32,0.07655502392344497,3,2020-03-01,2024-06-16,3,10.666666666666666,9.0,18.0,0,True
4315107,Porto Xavier,43,Rio Grande do Sul,Sul,418,8,56,0.1339712918660287,4,2022-03-13,2025-06-22,5,11.2,9.0,29.0,1,True
4315131,Pouso Novo,43,Rio Grande do Sul,Sul,418,8,20,0.04784688995215311,2,2022-03-06,2024-05-12,4,5.0,4.5,7.0,0,True
4315149,Presidente Lucena,43,Rio Grande do Sul,Sul,418,8,63,0.1507177033492823,5,2019-03-17,2025-12-28,12,5.25,4.5,15.0,0,True
4315156,Progresso,43,Rio Grande do Sul,Sul,418,8,30,0.07177033492822966,4,2021-04-11,2024-03-03,4,7.5,4.0,18.0,0,True
4315172,Protásio Alves,43,Rio Grande do Sul,Sul,418,8,4,0.009569377990430622,1,2024-02-04,2024-02-25,1,4.0,4.0,4.0,0,False
4315206,Putinga,43,Rio Grande do Sul,Sul,418,8,35,0.08373205741626795,3,2022-02-20,2024-02-04,5,7.0,5.0,12.0,0,True
4315305,Quaraí,43,Rio Grande do Sul,Sul,418,8,25,0.05980861244019139,3,2023-10-15,2025-05-11,5,5.0,4.0,15.0,1,True
4315313,Quatro Irmãos,43,Rio Grande do Sul,Sul,418,8,40,0.09569377990430622,5,2021-02-07,2025-04-27,8,5.0,4.0,9.0,0,True
4315321,Quevedos,43,Rio Grande do Sul,Sul,418,8,18,0.0430622009569378,2,2023-04-30,2024-05-19,3,6.0,5.0,11.0,0,True
4315354,Quinze de Novembro,43,Rio Grande do Sul,Sul,418,8,44,0.10526315789473684,5,2020-01-12,2025-11-23,7,6.285714285714286,4.0,19.0,0,True
4315404,Redentora,43,Rio Grande do Sul,Sul,418,8,55,0.13157894736842105,6,2019-12-29,2025-02-02,7,7.857142857142857,4.0,30.0,2,True
4315453,Relvado,43,Rio Grande do Sul,Sul,418,8,4,0.009569377990430622,1,2023-02-05,2023-02-26,1,4.0,4.0,4.0,0,False
4315503,Restinga Sêca,43,Rio Grande do Sul,Sul,418,8,54,0.1291866028708134,4,2022-02-27,2025-01-12,6,9.0,5.0,29.0,1,True
4315552,Rio dos Índios,43,Rio Grande do Sul,Sul,418,8,44,0.10526315789473684,4,2022-03-27,2025-07-20,6,7.333333333333333,4.0,19.0,0,True
4315602,Rio Grande,43,Rio Grande do Sul,Sul,418,8,80,0.19138755980861244,6,2018-06-24,2025-08-17,15,5.333333333333333,4.0,24.0,1,True
4315701,Rio Pardo,43,Rio Grande do Sul,Sul,418,8,83,0.19856459330143542,6,2019-04-28,2025-12-28,12,6.916666666666667,6.0,20.0,0,True
4315750,Riozinho,43,Rio Grande do Sul,Sul,418,8,21,0.050239234449760764,1,2024-01-28,2024-12-22,3,7.0,4.0,13.0,0,False
4315800,Roca Sales,43,Rio Grande do Sul,Sul,418,8,50,0.11961722488038277,4,2021-05-30,2024-07-14,6,8.333333333333334,4.5,22.0,0,True
4315909,Rodeio Bonito,43,Rio Grande do Sul,Sul,418,8,41,0.09808612440191387,3,2021-07-25,2024-07-07,3,13.666666666666666,10.0,27.0,0,True
4315958,Rolador,43,Rio Grande do Sul,Sul,418,8,48,0.11483253588516747,5,2020-02-16,2025-12-28,8,6.0,4.0,21.0,0,True
4316006,Rolante,43,Rio Grande do Sul,Sul,418,8,69,0.16507177033492823,4,2022-03-20,2025-11-09,9,7.666666666666667,4.0,29.0,0,True
4316105,Ronda Alta,43,Rio Grande do Sul,Sul,418,8,60,0.14354066985645933,6,2019-04-21,2025-08-24,10,6.0,4.0,20.0,0,True
4316204,Rondinha,43,Rio Grande do Sul,Sul,418,8,50,0.11961722488038277,4,2020-02-09,2024-11-17,10,5.0,4.0,22.0,1,True
4316303,Roque Gonzales,43,Rio Grande do Sul,Sul,418,8,56,0.1339712918660287,5,2019-11-24,2024-12-08,7,8.0,4.0,25.0,0,True
4316402,Rosário do Sul,43,Rio Grande do Sul,Sul,418,8,57,0.13636363636363635,6,2020-01-12,2025-11-16,12,4.75,4.0,16.0,1,True
4316428,Sagrada Família,43,Rio Grande do Sul,Sul,418,8,81,0.1937799043062201,4,2022-03-06,2025-12-21,11,7.363636363636363,7.0,22.0,0,True
4316436,Saldanha Marinho,43,Rio Grande do Sul,Sul,418,8,36,0.0861244019138756,4,2020-08-16,2025-11-02,5,7.2,5.0,13.0,0,True
4316451,Salto do Jacuí,43,Rio Grande do Sul,Sul,418,8,86,0.20574162679425836,6,2019-02-17,2025-12-28,7,12.285714285714286,5.0,38.0,0,True
4316477,Salvador das Missões,43,Rio Grande do Sul,Sul,418,8,55,0.13157894736842105,6,2018-12-02,2025-11-23,7,7.857142857142857,4.0,23.0,0,True
4316501,Salvador do Sul,43,Rio Grande do Sul,Sul,418,8,39,0.09330143540669857,3,2022-03-20,2025-10-26,6,6.5,4.5,12.0,0,True
4316600,Sananduva,43,Rio Grande do Sul,Sul,418,8,77,0.18421052631578946,6,2018-12-30,2025-12-28,8,9.625,4.0,26.0,0,True
4316709,Santa Bárbara do Sul,43,Rio Grande do Sul,Sul,418,8,59,0.14114832535885166,6,2018-01-14,2024-02-18,8,7.375,5.5,16.0,0,True
4316733,Santa Cecília do Sul,43,Rio Grande do Sul,Sul,418,8,8,0.019138755980861243,2,2023-04-16,2025-04-13,2,4.0,4.0,4.0,0,True
4316758,Santa Clara do Sul,43,Rio Grande do Sul,Sul,418,8,58,0.13875598086124402,5,2019-05-05,2024-06-23,10,5.8,4.0,20.0,0,True
4316808,Santa Cruz do Sul,43,Rio Grande do Sul,Sul,418,8,162,0.3875598086124402,7,2019-04-14,2025-12-28,12,13.5,11.0,32.0,3,True
4316907,Santa Maria,43,Rio Grande do Sul,Sul,418,8,154,0.3684210526315789,5,2019-04-28,2024-12-22,12,12.833333333333334,6.0,62.0,1,True
4316956,Santa Maria do Herval,43,Rio Grande do Sul,Sul,418,8,43,0.10287081339712918,4,2019-12-15,2024-10-13,4,10.75,8.5,22.0,1,True
4316972,Santa Margarida do Sul,43,Rio Grande do Sul,Sul,418,8,27,0.0645933014354067,3,2023-03-19,2025-03-02,6,4.5,4.0,7.0,0,True
4317004,Santana da Boa Vista,43,Rio Grande do Sul,Sul,418,8,29,0.06937799043062201,3,2023-02-26,2025-06-01,4,7.25,4.0,17.0,0,True
4317103,Sant'Ana do Livramento,43,Rio Grande do Sul,Sul,418,8,64,0.15311004784688995,5,2020-02-23,2025-06-15,9,7.111111111111111,4.0,33.0,1,True
4317202,Santa Rosa,43,Rio Grande do Sul,Sul,418,8,110,0.2631578947368421,6,2019-12-08,2025-10-19,15,7.333333333333333,4.0,29.0,0,True
4317251,Santa Tereza,43,Rio Grande do Sul,Sul,418,8,13,0.03110047846889952,2,2024-02-04,2025-12-28,2,6.5,6.5,8.0,0,True
4317301,Santa Vitória do Palmar,43,Rio Grande do Sul,Sul,418,8,29,0.06937799043062201,3,2022-04-03,2025-12-28,7,4.142857142857143,4.0,7.0,0,True
4317400,Santiago,43,Rio Grande do Sul,Sul,418,8,68,0.16267942583732056,6,2018-04-15,2024-12-22,11,6.181818181818182,4.0,20.0,0,True
4317509,Santo Ângelo,43,Rio Grande do Sul,Sul,418,8,138,0.33014354066985646,7,2018-12-02,2024-11-17,14,9.857142857142858,5.0,36.0,1,True
4317558,Santo Antônio do Palma,43,Rio Grande do Sul,Sul,418,8,4,0.009569377990430622,1,2022-05-08,2022-05-29,1,4.0,4.0,4.0,0,False
4317608,Santo Antônio da Patrulha,43,Rio Grande do Sul,Sul,418,8,68,0.16267942583732056,6,2018-05-27,2025-11-02,11,6.181818181818182,4.0,26.0,0,True
4317707,Santo Antônio das Missões,43,Rio Grande do Sul,Sul,418,8,67,0.16028708133971292,4,2018-12-30,2025-11-02,10,6.7,4.5,25.0,1,True
4317756,Santo Antônio do Planalto,43,Rio Grande do Sul,Sul,418,8,25,0.05980861244019139,3,2020-01-12,2024-05-26,3,8.333333333333334,5.0,16.0,0,True
4317806,Santo Augusto,43,Rio Grande do Sul,Sul,418,8,82,0.19617224880382775,8,2018-12-09,2025-11-09,12,6.833333333333333,4.0,28.0,1,True
4317905,Santo Cristo,43,Rio Grande do Sul,Sul,418,8,79,0.18899521531100477,6,2020-01-05,2025-11-09,10,7.9,4.0,28.0,0,True
4317954,Santo Expedito do Sul,43,Rio Grande do Sul,Sul,418,8,0,0.0,0,,,0,,,,0,False
4318002,São Borja,43,Rio Grande do Sul,Sul,418,8,109,0.2607655502392344,7,2019-01-13,2025-12-21,13,8.384615384615385,4.0,34.0,1,True
4318051,São Domingos do Sul,43,Rio Grande do Sul,Sul,418,8,19,0.045454545454545456,3,2018-02-18,2024-03-31,4,4.75,4.0,7.0,0,True
4318101,São Francisco de Assis,43,Rio Grande do Sul,Sul,418,8,90,0.215311004784689,7,2019-03-31,2025-12-28,12,7.5,5.5,21.0,0,True
4318200,São Francisco de Paula,43,Rio Grande do Sul,Sul,418,8,48,0.11483253588516747,4,2021-04-04,2025-11-09,7,6.857142857142857,4.0,14.0,0,True
4318309,São Gabriel,43,Rio Grande do Sul,Sul,418,8,119,0.284688995215311,7,2018-01-21,2025-12-28,13,9.153846153846153,7.0,32.0,1,True
4318408,São Jerônimo,43,Rio Grande do Sul,Sul,418,8,66,0.15789473684210525,5,2018-10-14,2025-12-21,11,6.0,5.0,18.0,0,True
4318424,São João da Urtiga,43,Rio Grande do Sul,Sul,418,8,30,0.07177033492822966,3,2023-03-19,2025-04-06,5,6.0,4.0,13.0,0,True
4318432,São João do Polêsine,43,Rio Grande do Sul,Sul,418,8,20,0.04784688995215311,4,2019-12-01,2025-01-19,5,4.0,4.0,4.0,0,True
4318440,São Jorge,43,Rio Grande do Sul,Sul,418,8,19,0.045454545454545456,2,2022-02-27,2024-05-19,2,9.5,9.5,14.0,0,True
4318457,São José das Missões,43,Rio Grande do Sul,Sul,418,8,19,0.045454545454545456,2,2024-01-28,2025-12-28,3,6.333333333333333,4.0,13.0,0,True
4318465,São José do Herval,43,Rio Grande do Sul,Sul,418,8,4,0.009569377990430622,1,2023-07-02,2023-07-23,1,4.0,4.0,4.0,0,False
4318481,São José do Hortêncio,43,Rio Grande do Sul,Sul,418,8,57,0.13636363636363635,5,2018-02-04,2024-07-07,8,7.125,4.0,21.0,0,True
4318499,São José do Inhacorá,43,Rio Grande do Sul,Sul,418,8,65,0.15550239234449761,5,2020-09-20,2025-02-16,6,10.833333333333334,6.5,25.0,0,True
4318507,São José do Norte,43,Rio Grande do Sul,Sul,418,8,21,0.050239234449760764,3,2021-05-16,2024-07-28,4,5.25,4.0,9.0,0,True
4318606,São José do Ouro,43,Rio Grande do Sul,Sul,418,8,31,0.07416267942583732,3,2022-04-17,2025-12-28,7,4.428571428571429,4.0,14.0,0,True
4318614,São José do Sul,43,Rio Grande do Sul,Sul,418,8,19,0.045454545454545456,2,2024-03-10,2025-07-06,4,4.75,4.5,6.0,0,True
4318622,São José dos Ausentes,43,Rio Grande do Sul,Sul,418,8,4,0.009569377990430622,1,2024-05-05,2024-05-26,1,4.0,4.0,4.0,0,False
4318705,São Leopoldo,43,Rio Grande do Sul,Sul,418,8,135,0.3229665071770335,6,2019-06-02,2024-12-22,15,9.0,4.0,62.0,1,True
4318804,São Lourenço do Sul,43,Rio Grande do Sul,Sul,418,8,41,0.09808612440191387,3,2023-04-30,2025-12-28,6,6.833333333333333,4.0,24.0,0,True
4318903,São Luiz Gonzaga,43,Rio Grande do Sul,Sul,418,8,86,0.20574162679425836,8,2018-09-02,2025-12-21,12,7.166666666666667,4.0,27.0,0,True
4319000,São Marcos,43,Rio Grande do Sul,Sul,418,8,42,0.10047846889952153,6,2019-03-10,2025-06-01,7,6.0,4.0,19.0,1,True
4319109,São Martinho,43,Rio Grande do Sul,Sul,418,8,48,0.11483253588516747,4,2019-05-26,2024-08-25,4,12.0,8.0,30.0,0,True
4319125,São Martinho da Serra,43,Rio Grande do Sul,Sul,418,8,33,0.07894736842105263,5,2020-06-21,2024-07-07,7,4.714285714285714,4.0,8.0,1,True
4319158,São Miguel das Missões,43,Rio Grande do Sul,Sul,418,8,71,0.16985645933014354,6,2020-09-06,2025-11-02,9,7.888888888888889,5.0,25.0,0,True
4319208,São Nicolau,43,Rio Grande do Sul,Sul,418,8,61,0.145933014354067,5,2019-06-16,2024-07-07,6,10.166666666666666,5.5,26.0,2,True
4319307,São Paulo das Missões,43,Rio Grande do Sul,Sul,418,8,68,0.16267942583732056,4,2020-03-08,2024-11-17,6,11.333333333333334,8.5,27.0,1,True
4319356,São Pedro da Serra,43,Rio Grande do Sul,Sul,418,8,27,0.0645933014354067,3,2022-04-24,2024-05-05,4,6.75,6.0,13.0,0,True
4319364,São Pedro das Missões,43,Rio Grande do Sul,Sul,418,8,23,0.05502392344497608,1,2024-01-07,2024-07-07,2,11.5,11.5,19.0,0,False
4319372,São Pedro do Butiá,43,Rio Grande do Sul,Sul,418,8,74,0.17703349282296652,5,2020-03-08,2025-11-02,12,6.166666666666667,4.0,22.0,0,True
4319406,São Pedro do Sul,43,Rio Grande do Sul,Sul,418,8,79,0.18899521531100477,8,2018-10-07,2025-07-27,13,6.076923076923077,4.0,17.0,0,True
4319505,São Sebastião do Caí,43,Rio Grande do Sul,Sul,418,8,80,0.19138755980861244,6,2019-06-30,2025-12-28,11,7.2727272727272725,4.0,26.0,0,True
4319604,São Sepé,43,Rio Grande do Sul,Sul,418,8,86,0.20574162679425836,5,2020-05-03,2025-06-08,7,12.285714285714286,7.0,24.0,0,True
4319703,São Valentim,43,Rio Grande do Sul,Sul,418,8,35,0.08373205741626795,5,2021-03-21,2025-01-12,7,5.0,4.0,14.0,1,True
4319711,São Valentim do Sul,43,Rio Grande do Sul,Sul,418,8,20,0.04784688995215311,3,2022-04-24,2024-05-19,3,6.666666666666667,4.0,12.0,0,True
4319737,São Valério do Sul,43,Rio Grande do Sul,Sul,418,8,46,0.11004784688995216,5,2020-04-26,2025-03-09,7,6.571428571428571,4.0,21.0,0,True
4319752,São Vendelino,43,Rio Grande do Sul,Sul,418,8,16,0.03827751196172249,2,2024-03-03,2025-12-28,2,8.0,8.0,12.0,0,True
4319802,São Vicente do Sul,43,Rio Grande do Sul,Sul,418,8,40,0.09569377990430622,3,2023-04-02,2025-06-01,7,5.714285714285714,4.0,11.0,0,True
4319901,Sapiranga,43,Rio Grande do Sul,Sul,418,8,118,0.2822966507177033,7,2018-04-22,2025-12-28,13,9.076923076923077,4.0,38.0,2,True
4320008,Sapucaia do Sul,43,Rio Grande do Sul,Sul,418,8,174,0.41626794258373206,8,2018-11-25,2025-05-25,12,14.5,4.0,70.0,2,True
4320107,Sarandi,43,Rio Grande do Sul,Sul,418,8,122,0.291866028708134,7,2019-04-07,2025-12-21,19,6.421052631578948,4.0,25.0,1,True
4320206,Seberi,43,Rio Grande do Sul,Sul,418,8,71,0.16985645933014354,5,2020-04-26,2025-11-23,9,7.888888888888889,4.0,20.0,0,True
4320230,Sede Nova,43,Rio Grande do Sul,Sul,418,8,50,0.11961722488038277,4,2020-05-03,2024-07-07,5,10.0,6.0,22.0,0,True
4320263,Segredo,43,Rio Grande do Sul,Sul,418,8,25,0.05980861244019139,3,2022-04-24,2025-12-21,5,5.0,4.0,12.0,0,True
4320305,Selbach,43,Rio Grande do Sul,Sul,418,8,47,0.11244019138755981,3,2020-09-27,2024-12-15,8,5.875,4.0,16.0,0,True
4320321,Senador Salgado Filho,43,Rio Grande do Sul,Sul,418,8,39,0.09330143540669857,4,2021-04-11,2025-01-05,4,9.75,5.5,24.0,1,True
4320354,Sentinela do Sul,43,Rio Grande do Sul,Sul,418,8,17,0.04066985645933014,2,2024-02-25,2025-06-08,4,4.25,4.0,5.0,0,True
4320404,Serafina Corrêa,43,Rio Grande do Sul,Sul,418,8,59,0.14114832535885166,7,2019-04-07,2025-02-02,10,5.9,4.0,22.0,0,True
4320453,Sério,43,Rio Grande do Sul,Sul,418,8,19,0.045454545454545456,3,2022-04-10,2025-02-23,3,6.333333333333333,7.0,8.0,0,True
4320503,Sertão,43,Rio Grande do Sul,Sul,418,8,20,0.04784688995215311,4,2021-09-26,2025-02-02,5,4.0,4.0,6.0,0,True
4320552,Sertão Santana,43,Rio Grande do Sul,Sul,418,8,22,0.05263157894736842,3,2017-12-31,2025-10-12,5,4.4,4.0,7.0,0,True
4320578,Sete de Setembro,43,Rio Grande do Sul,Sul,418,8,34,0.08133971291866028,4,2019-01-06,2025-12-21,5,6.8,4.0,18.0,0,True
4320602,Severiano de Almeida,43,Rio Grande do Sul,Sul,418,8,36,0.0861244019138756,5,2019-06-16,2025-12-28,6,6.0,3.5,17.0,0,True
4320651,Silveira Martins,43,Rio Grande do Sul,Sul,418,8,45,0.1076555023923445,3,2023-04-02,2025-12-21,5,9.0,6.0,18.0,0,True
4320677,Sinimbu,43,Rio Grande do Sul,Sul,418,8,78,0.18660287081339713,6,2019-06-02,2025-12-28,13,6.0,4.0,19.0,1,True
4320701,Sobradinho,43,Rio Grande do Sul,Sul,418,8,56,0.1339712918660287,7,2019-05-12,2025-06-15,12,4.666666666666667,4.0,12.0,0,True
4320800,Soledade,43,Rio Grande do Sul,Sul,418,8,78,0.18660287081339713,7,2018-02-25,2025-12-14,14,5.571428571428571,4.0,22.0,0,True
4320859,Tabaí,43,Rio Grande do Sul,Sul,418,8,34,0.08133971291866028,3,2021-03-21,2024-07-14,5,6.8,4.0,18.0,1,True
4320909,Tapejara,43,Rio Grande do Sul,Sul,418,8,71,0.16985645933014354,5,2021-04-11,2025-12-21,14,5.071428571428571,4.0,18.0,1,True
4321006,Tapera,43,Rio Grande do Sul,Sul,418,8,94,0.22488038277511962,7,2019-04-07,2025-05-18,16,5.875,4.0,24.0,1,True
4321105,Tapes,43,Rio Grande do Sul,Sul,418,8,33,0.07894736842105263,3,2023-02-26,2025-12-28,7,4.714285714285714,4.0,8.0,0,True
4321204,Taquara,43,Rio Grande do Sul,Sul,418,8,93,0.22248803827751196,5,2019-05-05,2025-12-28,10,9.3,4.5,32.0,1,True
4321303,Taquari,43,Rio Grande do Sul,Sul,418,8,62,0.14832535885167464,5,2021-04-18,2025-12-28,9,6.888888888888889,4.0,19.0,0,True
4321329,Taquaruçu do Sul,43,Rio Grande do Sul,Sul,418,8,52,0.12440191387559808,5,2020-02-09,2025-12-28,5,10.4,7.0,22.0,0,True
4321352,Tavares,43,Rio Grande do Sul,Sul,418,8,0,0.0,0,,,0,,,,0,False
4321402,Tenente Portela,43,Rio Grande do Sul,Sul,418,8,78,0.18660287081339713,6,2019-02-17,2025-11-09,7,11.142857142857142,4.0,37.0,1,True
4321436,Terra de Areia,43,Rio Grande do Sul,Sul,418,8,25,0.05980861244019139,2,2024-03-10,2025-06-15,4,6.25,4.5,12.0,0,True
4321451,Teutônia,43,Rio Grande do Sul,Sul,418,8,119,0.284688995215311,6,2019-05-26,2025-12-28,13,9.153846153846153,5.0,24.0,0,True
4321469,Tio Hugo,43,Rio Grande do Sul,Sul,418,8,56,0.1339712918660287,4,2022-03-13,2025-12-14,11,5.090909090909091,4.0,12.0,0,True
4321477,Tiradentes do Sul,43,Rio Grande do Sul,Sul,418,8,64,0.15311004784688995,5,2019-02-24,2024-11-10,12,5.333333333333333,4.0,23.0,0,True
4321493,Toropi,43,Rio Grande do Sul,Sul,418,8,27,0.0645933014354067,2,2023-04-23,2024-09-08,4,6.75,6.0,11.0,0,True
4321501,Torres,43,Rio Grande do Sul,Sul,418,8,113,0.2703349282296651,7,2019-04-21,2025-12-28,11,10.272727272727273,7.0,27.0,0,True
4321600,Tramandaí,43,Rio Grande do Sul,Sul,418,8,75,0.17942583732057416,6,2019-12-15,2025-12-14,8,9.375,6.5,29.0,1,True
4321626,Travesseiro,43,Rio Grande do Sul,Sul,418,8,29,0.06937799043062201,3,2022-02-27,2024-07-07,4,7.25,6.5,12.0,0,True
4321634,Três Arroios,43,Rio Grande do Sul,Sul,418,8,27,0.0645933014354067,2,2021-01-24,2024-05-26,4,6.75,4.5,16.0,0,True
4321667,Três Cachoeiras,43,Rio Grande do Sul,Sul,418,8,36,0.0861244019138756,3,2022-01-23,2025-05-04,4,9.0,8.5,16.0,0,True
4321709,Três Coroas,43,Rio Grande do Sul,Sul,418,8,102,0.24401913875598086,5,2019-07-21,2024-11-24,10,10.2,4.0,35.0,0,True
4321808,Três de Maio,43,Rio Grande do Sul,Sul,418,8,109,0.2607655502392344,6,2019-03-03,2024-12-22,9,12.11111111111111,4.0,27.0,0,True
4321832,Três Forquilhas,43,Rio Grande do Sul,Sul,418,8,13,0.03110047846889952,1,2024-02-04,2024-05-19,2,6.5,6.5,9.0,0,False
4321857,Três Palmeiras,43,Rio Grande do Sul,Sul,418,8,19,0.045454545454545456,3,2022-03-06,2025-12-28,5,3.8,4.0,8.0,0,True
4321907,Três Passos,43,Rio Grande do Sul,Sul,418,8,78,0.18660287081339713,6,2019-03-17,2025-01-05,8,9.75,4.5,24.0,1,True
4321956,Trindade do Sul,43,Rio Grande do Sul,Sul,418,8,34,0.08133971291866028,3,2022-03-20,2024-07-21,3,11.333333333333334,9.0,23.0,0,True
4322004,Triunfo,43,Rio Grande do Sul,Sul,418,8,87,0.20813397129186603,5,2019-04-28,2025-10-05,14,6.214285714285714,4.0,22.0,0,True
4322103,Tucunduva,43,Rio Grande do Sul,Sul,418,8,63,0.1507177033492823,4,2020-03-08,2024-07-07,6,10.5,5.5,27.0,0,True
4322152,Tunas,43,Rio Grande do Sul,Sul,418,8,21,0.050239234449760764,2,2023-05-21,2024-08-04,5,4.2,4.0,5.0,0,True
4322186,Tupanci do Sul,43,Rio Grande do Sul,Sul,418,8,4,0.009569377990430622,1,2024-05-05,2024-05-26,1,4.0,4.0,4.0,0,False
4322202,Tupanciretã,43,Rio Grande do Sul,Sul,418,8,58,0.13875598086124402,7,2019-04-21,2025-12-28,10,5.8,3.5,20.0,0,True
4322251,Tupandi,43,Rio Grande do Sul,Sul,418,8,46,0.11004784688995216,4,2021-09-26,2025-12-28,5,9.2,4.0,21.0,0,True
4322301,Tuparendi,43,Rio Grande do Sul,Sul,418,8,64,0.15311004784688995,6,2019-06-16,2025-12-28,9,7.111111111111111,4.0,21.0,1,True
4322327,Turuçu,43,Rio Grande do Sul,Sul,418,8,4,0.009569377990430622,1,2023-04-30,2023-05-21,1,4.0,4.0,4.0,0,False
4322343,Ubiretama,43,Rio Grande do Sul,Sul,418,8,44,0.10526315789473684,5,2018-02-04,2025-05-18,6,7.333333333333333,4.0,17.0,0,True
4322350,União da Serra,43,Rio Grande do Sul,Sul,418,8,16,0.03827751196172249,2,2022-04-03,2024-04-07,2,8.0,8.0,8.0,0,True
4322376,Unistalda,43,Rio Grande do Sul,Sul,418,8,4,0.009569377990430622,1,2023-05-28,2023-06-18,1,4.0,4.0,4.0,0,False
4322400,Uruguaiana,43,Rio Grande do Sul,Sul,418,8,152,0.36363636363636365,6,2019-03-03,2025-12-28,14,10.857142857142858,6.0,33.0,2,True
4322509,Vacaria,43,Rio Grande do Sul,Sul,418,8,41,0.09808612440191387,5,2018-06-03,2025-05-25,10,4.1,2.5,13.0,0,True
4322525,Vale Verde,43,Rio Grande do Sul,Sul,418,8,15,0.03588516746411483,2,2024-03-17,2025-11-09,3,5.0,4.0,7.0,0,True
4322533,Vale do Sol,43,Rio Grande do Sul,Sul,418,8,62,0.14832535885167464,6,2019-02-17,2025-07-13,12,5.166666666666667,4.0,14.0,1,True
4322541,Vale Real,43,Rio Grande do Sul,Sul,418,8,29,0.06937799043062201,3,2022-04-03,2025-12-28,4,7.25,6.0,13.0,0,True
4322558,Vanini,43,Rio Grande do Sul,Sul,418,8,26,0.06220095693779904,5,2019-06-30,2025-05-25,6,4.333333333333333,4.0,6.0,0,True
4322608,Venâncio Aires,43,Rio Grande do Sul,Sul,418,8,138,0.33014354066985646,7,2019-05-19,2025-10-12,21,6.571428571428571,4.0,29.0,0,True
4322707,Vera Cruz,43,Rio Grande do Sul,Sul,418,8,81,0.1937799043062201,5,2019-06-02,2024-12-22,10,8.1,5.5,26.0,1,True
4322806,Veranópolis,43,Rio Grande do Sul,Sul,418,8,58,0.13875598086124402,5,2019-05-12,2025-05-11,11,5.2727272727272725,4.0,13.0,1,True
4322855,Vespasiano Corrêa,43,Rio Grande do Sul,Sul,418,8,14,0.03349282296650718,2,2023-03-26,2024-05-26,2,7.0,7.0,10.0,0,True
4322905,Viadutos,43,Rio Grande do Sul,Sul,418,8,36,0.0861244019138756,5,2021-04-11,2025-09-07,7,5.142857142857143,4.0,10.0,0,True
4323002,Viamão,43,Rio Grande do Sul,Sul,418,8,142,0.3397129186602871,6,2019-06-23,2025-12-28,9,15.777777777777779,16.0,53.0,1,True
4323101,Vicente Dutra,43,Rio Grande do Sul,Sul,418,8,53,0.12679425837320574,4,2020-05-10,2024-07-28,5,10.6,4.0,27.0,0,True
4323200,Victor Graeff,43,Rio Grande do Sul,Sul,418,8,52,0.12440191387559808,5,2019-02-03,2025-01-05,6,8.666666666666666,4.5,20.0,1,True
4323309,Vila Flores,43,Rio Grande do Sul,Sul,418,8,10,0.023923444976076555,1,2024-04-14,2024-07-07,2,5.0,5.0,6.0,0,False
4323358,Vila Lângaro,43,Rio Grande do Sul,Sul,418,8,15,0.03588516746411483,2,2020-10-04,2024-11-24,3,5.0,4.0,7.0,0,True
4323408,Vila Maria,43,Rio Grande do Sul,Sul,418,8,40,0.09569377990430622,5,2019-05-26,2024-07-28,7,5.714285714285714,4.0,13.0,0,True
4323457,Vila Nova do Sul,43,Rio Grande do Sul,Sul,418,8,19,0.045454545454545456,3,2023-05-21,2025-11-30,4,4.75,4.0,7.0,0,True
4323507,Vista Alegre,43,Rio Grande do Sul,Sul,418,8,53,0.12679425837320574,4,2019-03-17,2024-07-14,5,10.6,8.0,29.0,0,True
4323606,Vista Alegre do Prata,43,Rio Grande do Sul,Sul,418,8,9,0.0215311004784689,2,2022-04-10,2024-04-28,2,4.5,4.5,5.0,0,True
4323705,Vista Gaúcha,43,Rio Grande do Sul,Sul,418,8,44,0.10526315789473684,4,2020-07-26,2024-07-07,4,11.0,4.0,32.0,1,True
4323754,Vitória das Missões,43,Rio Grande do Sul,Sul,418,8,31,0.07416267942583732,4,2020-05-03,2024-07-07,4,7.75,4.0,19.0,0,True
4323770,Westfália,43,Rio Grande do Sul,Sul,418,8,34,0.08133971291866028,4,2022-04-03,2025-06-08,9,3.7777777777777777,4.0,9.0,0,True
4323804,Xangri-lá,43,Rio Grande do Sul,Sul,418,8,58,0.13875598086124402,6,2020-04-26,2025-06-08,10,5.8,4.0,24.0,0,True
5000203,Água Clara,50,Mato Grosso do Sul,Centro-Oeste,418,8,149,0.35645933014354064,7,2018-11-11,2025-09-14,19,7.842105263157895,5.0,23.0,0,True
5000252,Alcinópolis,50,Mato Grosso do Sul,Centro-Oeste,418,8,64,0.15311004784688995,3,2019-03-31,2023-07-09,3,21.333333333333332,12.0,43.0,1,True
5000609,Amambai,50,Mato Grosso do Sul,Centro-Oeste,418,8,83,0.19856459330143542,5,2018-12-23,2024-12-15,11,7.545454545454546,4.0,29.0,1,True
5000708,Anastácio,50,Mato Grosso do Sul,Centro-Oeste,418,8,138,0.33014354066985646,6,2019-03-10,2025-11-16,21,6.571428571428571,5.0,27.0,1,True
5000807,Anaurilândia,50,Mato Grosso do Sul,Centro-Oeste,418,8,81,0.1937799043062201,4,2019-01-27,2023-08-20,12,6.75,4.0,25.0,1,True
5000856,Angélica,50,Mato Grosso do Sul,Centro-Oeste,418,8,92,0.22009569377990432,7,2018-05-27,2025-12-14,13,7.076923076923077,4.0,27.0,0,True
5000906,Antônio João,50,Mato Grosso do Sul,Centro-Oeste,418,8,121,0.2894736842105263,6,2018-08-05,2023-07-02,13,9.307692307692308,4.0,31.0,1,True
5001003,Aparecida do Taboado,50,Mato Grosso do Sul,Centro-Oeste,418,8,113,0.2703349282296651,7,2018-12-30,2025-09-21,16,7.0625,4.0,25.0,0,True
5001102,Aquidauana,50,Mato Grosso do Sul,Centro-Oeste,418,8,108,0.2583732057416268,7,2018-01-07,2025-06-22,10,10.8,5.0,30.0,1,True
5001243,Aral Moreira,50,Mato Grosso do Sul,Centro-Oeste,418,8,67,0.16028708133971292,7,2018-05-20,2025-09-14,11,6.090909090909091,5.0,20.0,2,True
5001508,Bandeirantes,50,Mato Grosso do Sul,Centro-Oeste,418,8,46,0.11004784688995216,4,2019-04-07,2025-07-06,6,7.666666666666667,6.5,16.0,0,True
5001904,Bataguassu,50,Mato Grosso do Sul,Centro-Oeste,418,8,86,0.20574162679425836,6,2019-02-03,2025-11-30,7,12.285714285714286,4.0,61.0,1,True
5002001,Batayporã,50,Mato Grosso do Sul,Centro-Oeste,418,8,84,0.20095693779904306,6,2017-12-31,2023-04-16,10,8.4,5.0,28.0,1,True
5002100,Bela Vista,50,Mato Grosso do Sul,Centro-Oeste,418,8,70,0.1674641148325359,6,2018-12-09,2025-11-09,11,6.363636363636363,4.0,22.0,0,True
5002159,Bodoquena,50,Mato Grosso do Sul,Centro-Oeste,418,8,92,0.22009569377990432,6,2019-05-19,2025-10-12,11,8.363636363636363,6.0,38.0,1,True
5002209,Bonito,50,Mato Grosso do Sul,Centro-Oeste,418,8,65,0.15550239234449761,6,2019-04-14,2025-06-22,7,9.285714285714286,5.0,31.0,2,True
5002308,Brasilândia,50,Mato Grosso do Sul,Centro-Oeste,418,8,127,0.3038277511961722,7,2018-11-04,2025-07-20,13,9.76923076923077,9.0,24.0,1,True
5002407,Caarapó,50,Mato Grosso do Sul,Centro-Oeste,418,8,78,0.18660287081339713,5,2019-06-02,2025-11-02,9,8.666666666666666,8.0,22.0,0,True
5002605,Camapuã,50,Mato Grosso do Sul,Centro-Oeste,418,8,81,0.1937799043062201,5,2019-02-17,2024-04-21,9,9.0,4.0,30.0,1,True
5002704,Campo Grande,50,Mato Grosso do Sul,Centro-Oeste,418,8,79,0.18899521531100477,4,2018-06-24,2022-11-27,6,13.166666666666666,7.0,36.0,0,True
5002803,Caracol,50,Mato Grosso do Sul,Centro-Oeste,418,8,93,0.22248803827751196,5,2019-03-31,2025-09-28,12,7.75,4.5,19.0,1,True
5002902,Cassilândia,50,Mato Grosso do Sul,Centro-Oeste,418,8,94,0.22488038277511962,6,2018-11-11,2025-06-29,13,7.230769230769231,4.0,24.0,1,True
5002951,Chapadão do Sul,50,Mato Grosso do Sul,Centro-Oeste,418,8,100,0.23923444976076555,6,2019-04-07,2024-05-26,15,6.666666666666667,3.0,24.0,2,True
5003108,Corguinho,50,Mato Grosso do Sul,Centro-Oeste,418,8,87,0.20813397129186603,5,2018-01-21,2025-11-30,18,4.833333333333333,4.0,15.0,0,True
5003157,Coronel Sapucaia,50,Mato Grosso do Sul,Centro-Oeste,418,8,153,0.3660287081339713,6,2018-02-25,2024-05-05,13,11.76923076923077,11.0,22.0,2,True
5003207,Corumbá,50,Mato Grosso do Sul,Centro-Oeste,418,8,103,0.24641148325358853,5,2019-03-24,2023-04-23,7,14.714285714285714,10.0,58.0,1,True
5003256,Costa Rica,50,Mato Grosso do Sul,Centro-Oeste,418,8,117,0.2799043062200957,5,2018-05-06,2024-06-02,7,16.714285714285715,11.0,52.0,1,True
5003306,Coxim,50,Mato Grosso do Sul,Centro-Oeste,418,8,43,0.10287081339712918,5,2018-12-16,2023-10-29,6,7.166666666666667,3.0,30.0,2,True
5003454,Deodápolis,50,Mato Grosso do Sul,Centro-Oeste,418,8,57,0.13636363636363635,4,2019-03-24,2025-09-28,7,8.142857142857142,4.0,23.0,0,True
5003488,Dois Irmãos do Buriti,50,Mato Grosso do Sul,Centro-Oeste,418,8,73,0.17464114832535885,5,2018-06-24,2023-08-27,9,8.11111111111111,6.0,29.0,0,True
5003504,Douradina,50,Mato Grosso do Sul,Centro-Oeste,418,8,86,0.20574162679425836,6,2019-03-10,2024-10-13,13,6.615384615384615,4.0,25.0,0,True
5003702,Dourados,50,Mato Grosso do Sul,Centro-Oeste,418,8,51,0.12200956937799043,3,2018-07-15,2022-09-18,5,10.2,3.0,40.0,0,True
5003751,Eldorado,50,Mato Grosso do Sul,Centro-Oeste,418,8,39,0.09330143540669857,5,2019-03-31,2025-09-28,8,4.875,2.0,16.0,0,True
5003801,Fátima do Sul,50,Mato Grosso do Sul,Centro-Oeste,418,8,101,0.24162679425837322,8,2018-07-15,2025-07-06,17,5.9411764705882355,4.0,25.0,1,True
5003900,Figueirão,50,Mato Grosso do Sul,Centro-Oeste,418,8,100,0.23923444976076555,7,2018-04-29,2025-08-24,12,8.333333333333334,3.5,28.0,1,True
5004007,Glória de Dourados,50,Mato Grosso do Sul,Centro-Oeste,418,8,63,0.1507177033492823,6,2019-03-24,2025-07-06,11,5.7272727272727275,3.0,20.0,0,True
5004106,Guia Lopes da Laguna,50,Mato Grosso do Sul,Centro-Oeste,418,8,65,0.15550239234449761,5,2018-09-23,2023-07-30,11,5.909090909090909,4.0,23.0,1,True
5004304,Iguatemi,50,Mato Grosso do Sul,Centro-Oeste,418,8,96,0.22966507177033493,5,2020-01-26,2025-10-26,14,6.857142857142857,4.0,28.0,0,True
5004403,Inocência,50,Mato Grosso do Sul,Centro-Oeste,418,8,164,0.3923444976076555,7,2019-01-13,2025-12-07,17,9.647058823529411,6.0,48.0,0,True
5004502,Itaporã,50,Mato Grosso do Sul,Centro-Oeste,418,8,87,0.20813397129186603,6,2018-12-23,2023-06-18,10,8.7,4.0,23.0,2,True
5004601,Itaquiraí,50,Mato Grosso do Sul,Centro-Oeste,418,8,126,0.3014354066985646,6,2019-02-24,2024-12-08,20,6.3,3.5,28.0,0,True
5004700,Ivinhema,50,Mato Grosso do Sul,Centro-Oeste,418,8,125,0.29904306220095694,6,2019-03-31,2025-08-24,16,7.8125,4.0,25.0,1,True
5004809,Japorã,50,Mato Grosso do Sul,Centro-Oeste,418,8,126,0.3014354066985646,7,2019-04-28,2025-11-30,16,7.875,6.0,23.0,0,True
5004908,Jaraguari,50,Mato Grosso do Sul,Centro-Oeste,418,8,110,0.2631578947368421,4,2019-03-03,2025-12-28,7,15.714285714285714,21.0,26.0,1,True
5005004,Jardim,50,Mato Grosso do Sul,Centro-Oeste,418,8,101,0.24162679425837322,5,2018-10-21,2023-07-23,6,16.833333333333332,17.5,38.0,1,True
5005103,Jateí,50,Mato Grosso do Sul,Centro-Oeste,418,8,124,0.2966507177033493,7,2018-12-02,2025-12-14,13,9.538461538461538,4.0,23.0,1,True
5005152,Juti,50,Mato Grosso do Sul,Centro-Oeste,418,8,100,0.23923444976076555,6,2019-05-05,2024-06-16,13,7.6923076923076925,4.0,22.0,0,True
5005202,Ladário,50,Mato Grosso do Sul,Centro-Oeste,418,8,80,0.19138755980861244,5,2019-04-28,2023-04-16,6,13.333333333333334,7.0,41.0,2,True
5005251,Laguna Carapã,50,Mato Grosso do Sul,Centro-Oeste,418,8,124,0.2966507177033493,7,2019-03-24,2025-09-21,16,7.75,4.5,23.0,1,True
5005400,Maracaju,50,Mato Grosso do Sul,Centro-Oeste,418,8,129,0.30861244019138756,6,2019-03-10,2025-11-30,10,12.9,7.5,57.0,1,True
5005608,Miranda,50,Mato Grosso do Sul,Centro-Oeste,418,8,87,0.20813397129186603,4,2019-03-10,2023-02-12,5,17.4,10.0,42.0,1,True
5005681,Mundo Novo,50,Mato Grosso do Sul,Centro-Oeste,418,8,119,0.284688995215311,7,2019-03-03,2025-12-14,16,7.4375,6.0,23.0,1,True
5005707,Naviraí,50,Mato Grosso do Sul,Centro-Oeste,418,8,75,0.17942583732057416,4,2018-08-26,2023-12-17,10,7.5,3.0,22.0,1,True
5005806,Nioaque,50,Mato Grosso do Sul,Centro-Oeste,418,8,95,0.22727272727272727,7,2018-06-17,2025-07-27,9,10.555555555555555,4.0,30.0,2,True
5006002,Nova Alvorada do Sul,50,Mato Grosso do Sul,Centro-Oeste,418,8,96,0.22966507177033493,6,2018-04-01,2023-07-09,14,6.857142857142857,4.0,25.0,1,True
5006200,Nova Andradina,50,Mato Grosso do Sul,Centro-Oeste,418,8,30,0.07177033492822966,2,2019-03-24,2021-11-21,3,10.0,4.0,23.0,0,True
5006259,Novo Horizonte do Sul,50,Mato Grosso do Sul,Centro-Oeste,418,8,56,0.1339712918660287,5,2018-11-18,2024-09-15,6,9.333333333333334,6.5,18.0,1,True
5006275,Paraíso das Águas,50,Mato Grosso do Sul,Centro-Oeste,418,8,50,0.11961722488038277,5,2019-04-07,2025-03-30,5,10.0,10.0,14.0,0,True
5006309,Paranaíba,50,Mato Grosso do Sul,Centro-Oeste,418,8,73,0.17464114832535885,4,2019-04-07,2025-07-27,9,8.11111111111111,4.0,40.0,1,True
5006358,Paranhos,50,Mato Grosso do Sul,Centro-Oeste,418,8,82,0.19617224880382775,7,2018-09-09,2025-09-28,12,6.833333333333333,4.0,25.0,1,True
5006408,Pedro Gomes,50,Mato Grosso do Sul,Centro-Oeste,418,8,92,0.22009569377990432,6,2018-06-17,2025-06-22,10,9.2,5.5,34.0,1,True
5006606,Ponta Porã,50,Mato Grosso do Sul,Centro-Oeste,418,8,63,0.1507177033492823,3,2018-07-01,2020-12-27,6,10.5,8.0,22.0,0,True
5006903,Porto Murtinho,50,Mato Grosso do Sul,Centro-Oeste,418,8,76,0.18181818181818182,6,2018-01-28,2024-10-06,11,6.909090909090909,4.0,20.0,1,True
5007109,Ribas do Rio Pardo,50,Mato Grosso do Sul,Centro-Oeste,418,8,115,0.2751196172248804,8,2018-03-25,2025-10-12,17,6.764705882352941,4.0,28.0,1,True
5007208,Rio Brilhante,50,Mato Grosso do Sul,Centro-Oeste,418,8,79,0.18899521531100477,7,2018-12-09,2024-11-24,15,5.266666666666667,3.0,17.0,1,True
5007307,Rio Negro,50,Mato Grosso do Sul,Centro-Oeste,418,8,93,0.22248803827751196,5,2019-02-03,2023-01-29,8,11.625,7.0,33.0,1,True
5007406,Rio Verde de Mato Grosso,50,Mato Grosso do Sul,Centro-Oeste,418,8,53,0.12679425837320574,3,2019-03-24,2022-12-18,7,7.571428571428571,4.0,19.0,1,True
5007505,Rochedo,50,Mato Grosso do Sul,Centro-Oeste,418,8,65,0.15550239234449761,6,2018-10-21,2023-08-20,9,7.222222222222222,5.0,19.0,0,True
5007554,Santa Rita do Pardo,50,Mato Grosso do Sul,Centro-Oeste,418,8,111,0.26555023923444976,7,2018-05-20,2024-08-25,16,6.9375,5.0,21.0,0,True
5007695,São Gabriel do Oeste,50,Mato Grosso do Sul,Centro-Oeste,418,8,52,0.12440191387559808,4,2019-04-14,2023-10-08,5,10.4,9.0,18.0,1,True
5007703,Sete Quedas,50,Mato Grosso do Sul,Centro-Oeste,418,8,72,0.1722488038277512,5,2019-05-19,2025-10-12,7,10.285714285714286,11.0,20.0,0,True
5007802,Selvíria,50,Mato Grosso do Sul,Centro-Oeste,418,8,92,0.22009569377990432,8,2018-01-14,2025-03-23,11,8.363636363636363,4.0,36.0,2,True
5007901,Sidrolândia,50,Mato Grosso do Sul,Centro-Oeste,418,8,85,0.20334928229665072,5,2018-10-21,2023-11-05,14,6.071428571428571,5.0,29.0,1,True
5007935,Sonora,50,Mato Grosso do Sul,Centro-Oeste,418,8,57,0.13636363636363635,4,2019-04-28,2023-04-09,5,11.4,12.0,21.0,1,True
5007950,Tacuru,50,Mato Grosso do Sul,Centro-Oeste,418,8,81,0.1937799043062201,4,2019-03-03,2024-12-22,11,7.363636363636363,5.0,22.0,0,True
5007976,Taquarussu,50,Mato Grosso do Sul,Centro-Oeste,418,8,81,0.1937799043062201,8,2018-06-03,2025-12-21,20,4.05,3.5,16.0,0,True
5008008,Terenos,50,Mato Grosso do Sul,Centro-Oeste,418,8,102,0.24401913875598086,5,2018-05-13,2025-07-27,13,7.846153846153846,4.0,29.0,1,True
5008305,Três Lagoas,50,Mato Grosso do Sul,Centro-Oeste,418,8,85,0.20334928229665072,4,2018-06-17,2023-06-04,4,21.25,21.5,34.0,0,True
5008404,Vicentina,50,Mato Grosso do Sul,Centro-Oeste,418,8,98,0.23444976076555024,5,2019-01-27,2025-12-28,12,8.166666666666666,7.0,26.0,0,True
5100102,Acorizal,51,Mato Grosso,Centro-Oeste,418,8,72,0.1722488038277512,6,2020-05-03,2025-10-05,14,5.142857142857143,4.5,21.0,1,True
5100201,Água Boa,51,Mato Grosso,Centro-Oeste,418,8,122,0.291866028708134,7,2018-06-24,2025-11-16,13,9.384615384615385,5.0,28.0,2,True
5100250,Alta Floresta,51,Mato Grosso,Centro-Oeste,418,8,54,0.1291866028708134,3,2020-03-29,2023-04-16,4,13.5,9.5,34.0,0,True
5100300,Alto Araguaia,51,Mato Grosso,Centro-Oeste,418,8,60,0.14354066985645933,6,2018-04-29,2025-09-07,10,6.0,3.5,17.0,0,True
5100359,Alto Boa Vista,51,Mato Grosso,Centro-Oeste,418,8,60,0.14354066985645933,7,2018-10-28,2025-12-28,10,6.0,4.0,20.0,0,True
5100409,Alto Garças,51,Mato Grosso,Centro-Oeste,418,8,107,0.25598086124401914,8,2018-05-13,2025-02-23,13,8.23076923076923,9.0,25.0,1,True
5100508,Alto Paraguai,51,Mato Grosso,Centro-Oeste,418,8,59,0.14114832535885166,6,2019-12-22,2025-06-22,13,4.538461538461538,4.0,14.0,1,True
5100607,Alto Taquari,51,Mato Grosso,Centro-Oeste,418,8,107,0.25598086124401914,6,2018-05-20,2025-12-28,9,11.88888888888889,9.0,38.0,1,True
5100805,Apiacás,51,Mato Grosso,Centro-Oeste,418,8,131,0.3133971291866029,6,2020-01-05,2025-11-02,17,7.705882352941177,5.0,39.0,2,True
5101001,Araguaiana,51,Mato Grosso,Centro-Oeste,418,8,128,0.3062200956937799,8,2018-06-10,2025-03-02,14,9.142857142857142,8.0,21.0,2,True
5101209,Araguainha,51,Mato Grosso,Centro-Oeste,418,8,46,0.11004784688995216,7,2018-06-03,2025-09-28,10,4.6,4.0,13.0,0,True
5101258,Araputanga,51,Mato Grosso,Centro-Oeste,418,8,167,0.39952153110047844,8,2018-07-01,2025-12-28,13,12.846153846153847,6.0,39.0,2,True
5101308,Arenápolis,51,Mato Grosso,Centro-Oeste,418,8,111,0.26555023923444976,7,2018-02-25,2025-12-21,17,6.529411764705882,4.0,16.0,0,True
5101407,Aripuanã,51,Mato Grosso,Centro-Oeste,418,8,82,0.19617224880382775,7,2019-04-28,2025-06-22,11,7.454545454545454,6.0,19.0,1,True
5101605,Barão de Melgaço,51,Mato Grosso,Centro-Oeste,418,8,67,0.16028708133971292,6,2019-03-31,2025-03-09,15,4.466666666666667,4.0,11.0,0,True
5101704,Barra do Bugres,51,Mato Grosso,Centro-Oeste,418,8,121,0.2894736842105263,7,2018-03-04,2024-07-28,12,10.083333333333334,6.0,27.0,1,True
5101803,Barra do Garças,51,Mato Grosso,Centro-Oeste,418,8,135,0.3229665071770335,7,2018-05-13,2025-09-21,16,8.4375,6.0,28.0,1,True
5101852,Bom Jesus do Araguaia,51,Mato Grosso,Centro-Oeste,418,8,69,0.16507177033492823,4,2018-03-18,2025-02-02,10,6.9,4.5,28.0,1,True
5101902,Brasnorte,51,Mato Grosso,Centro-Oeste,418,8,124,0.2966507177033493,7,2018-04-15,2025-12-28,19,6.526315789473684,4.0,23.0,0,True
5102504,Cáceres,51,Mato Grosso,Centro-Oeste,418,8,178,0.4258373205741627,8,2018-02-04,2025-11-16,17,10.470588235294118,4.0,58.0,3,True
5102603,Campinápolis,51,Mato Grosso,Centro-Oeste,418,8,104,0.24880382775119617,7,2018-08-19,2025-10-19,16,6.5,4.0,23.0,1,True
5102637,Campo Novo do Parecis,51,Mato Grosso,Centro-Oeste,418,8,112,0.2679425837320574,6,2018-04-01,2025-07-27,13,8.615384615384615,4.0,25.0,1,True
5102678,Campo Verde,51,Mato Grosso,Centro-Oeste,418,8,94,0.22488038277511962,7,2019-05-12,2025-11-09,7,13.428571428571429,8.0,40.0,1,True
5102686,Campos de Júlio,51,Mato Grosso,Centro-Oeste,418,8,117,0.2799043062200957,7,2018-02-25,2025-11-09,13,9.0,4.0,28.0,1,True
5102694,Canabrava do Norte,51,Mato Grosso,Centro-Oeste,418,8,83,0.19856459330143542,7,2018-12-09,2025-06-01,11,7.545454545454546,4.0,25.0,2,True
5102702,Canarana,51,Mato Grosso,Centro-Oeste,418,8,84,0.20095693779904306,5,2018-05-20,2025-12-28,10,8.4,5.5,24.0,1,True
5102793,Carlinda,51,Mato Grosso,Centro-Oeste,418,8,62,0.14832535885167464,7,2018-04-29,2025-12-07,8,7.75,4.5,22.0,0,True
5102850,Castanheira,51,Mato Grosso,Centro-Oeste,418,8,58,0.13875598086124402,5,2020-06-21,2024-08-04,11,5.2727272727272725,4.0,15.0,0,True
5103007,Chapada dos Guimarães,51,Mato Grosso,Centro-Oeste,418,8,130,0.31100478468899523,8,2018-03-18,2025-02-23,14,9.285714285714286,4.5,59.0,1,True
5103056,Cláudia,51,Mato Grosso,Centro-Oeste,418,8,160,0.3827751196172249,7,2018-07-22,2025-07-27,14,11.428571428571429,5.0,53.0,2,True
5103106,Cocalinho,51,Mato Grosso,Centro-Oeste,418,8,81,0.1937799043062201,6,2018-01-28,2024-03-10,15,5.4,4.0,22.0,1,True
5103205,Colíder,51,Mato Grosso,Centro-Oeste,418,8,113,0.2703349282296651,6,2019-06-16,2024-08-25,11,10.272727272727273,6.0,40.0,2,True
5103254,Colniza,51,Mato Grosso,Centro-Oeste,418,8,68,0.16267942583732056,4,2019-08-25,2025-03-16,7,9.714285714285714,4.0,32.0,0,True
5103304,Comodoro,51,Mato Grosso,Centro-Oeste,418,8,103,0.24641148325358853,6,2019-03-31,2025-07-06,14,7.357142857142857,3.0,43.0,1,True
5103353,Confresa,51,Mato Grosso,Centro-Oeste,418,8,111,0.26555023923444976,7,2018-04-08,2024-03-10,13,8.538461538461538,4.0,55.0,2,True
5103361,Conquista D'Oeste,51,Mato Grosso,Centro-Oeste,418,8,140,0.3349282296650718,8,2018-01-14,2025-03-02,16,8.75,5.0,24.0,0,True
5103379,Cotriguaçu,51,Mato Grosso,Centro-Oeste,418,8,85,0.20334928229665072,6,2019-11-10,2025-05-18,5,17.0,6.0,55.0,2,True
5103403,Cuiabá,51,Mato Grosso,Centro-Oeste,418,8,18,0.0430622009569378,2,2024-04-21,2025-02-09,2,9.0,9.0,13.0,0,True
5103437,Curvelândia,51,Mato Grosso,Centro-Oeste,418,8,101,0.24162679425837322,7,2018-02-25,2025-02-16,12,8.416666666666666,4.0,41.0,3,True
5103452,Denise,51,Mato Grosso,Centro-Oeste,418,8,50,0.11961722488038277,8,2018-03-11,2025-06-08,11,4.545454545454546,4.0,7.0,0,True
5103502,Diamantino,51,Mato Grosso,Centro-Oeste,418,8,143,0.34210526315789475,7,2018-03-04,2025-02-23,16,8.9375,4.0,39.0,1,True
5103601,Dom Aquino,51,Mato Grosso,Centro-Oeste,418,8,107,0.25598086124401914,6,2019-05-19,2024-05-05,13,8.23076923076923,4.0,30.0,2,True
5103700,Feliz Natal,51,Mato Grosso,Centro-Oeste,418,8,80,0.19138755980861244,6,2018-12-30,2025-10-26,12,6.666666666666667,4.5,34.0,0,True
5103809,Figueirópolis D'Oeste,51,Mato Grosso,Centro-Oeste,418,8,87,0.20813397129186603,5,2020-01-12,2025-07-06,11,7.909090909090909,5.0,30.0,1,True
5103858,Gaúcha do Norte,51,Mato Grosso,Centro-Oeste,418,8,95,0.22727272727272727,5,2018-02-25,2023-07-16,12,7.916666666666667,6.0,21.0,0,True
5103908,General Carneiro,51,Mato Grosso,Centro-Oeste,418,8,76,0.18181818181818182,7,2018-07-01,2025-12-28,12,6.333333333333333,5.0,15.0,0,True
5103957,Glória D'Oeste,51,Mato Grosso,Centro-Oeste,418,8,80,0.19138755980861244,8,2018-11-25,2025-12-28,11,7.2727272727272725,4.0,20.0,0,True
5104104,Guarantã do Norte,51,Mato Grosso,Centro-Oeste,418,8,67,0.16028708133971292,5,2019-04-14,2025-09-28,6,11.166666666666666,12.0,22.0,1,True
5104203,Guiratinga,51,Mato Grosso,Centro-Oeste,418,8,132,0.3157894736842105,6,2019-03-24,2025-08-10,18,7.333333333333333,4.0,30.0,2,True
5104500,Indiavaí,51,Mato Grosso,Centro-Oeste,418,8,115,0.2751196172248804,6,2020-06-21,2025-04-27,13,8.846153846153847,6.0,34.0,1,True
5104526,Ipiranga do Norte,51,Mato Grosso,Centro-Oeste,418,8,77,0.18421052631578946,4,2019-08-04,2025-12-14,9,8.555555555555555,6.0,36.0,1,True
5104542,Itanhangá,51,Mato Grosso,Centro-Oeste,418,8,82,0.19617224880382775,5,2018-11-18,2025-06-29,9,9.11111111111111,4.0,38.0,1,True
5104559,Itaúba,51,Mato Grosso,Centro-Oeste,418,8,81,0.1937799043062201,6,2019-07-14,2025-06-15,10,8.1,4.0,32.0,0,True
5104609,Itiquira,51,Mato Grosso,Centro-Oeste,418,8,70,0.1674641148325359,6,2019-04-07,2025-10-05,9,7.777777777777778,4.0,20.0,1,True
5104807,Jaciara,51,Mato Grosso,Centro-Oeste,418,8,105,0.2511961722488038,6,2018-07-08,2024-12-15,13,8.076923076923077,4.0,33.0,1,True
5104906,Jangada,51,Mato Grosso,Centro-Oeste,418,8,87,0.20813397129186603,8,2017-12-31,2025-02-16,18,4.833333333333333,5.0,10.0,0,True
5105002,Jauru,51,Mato Grosso,Centro-Oeste,418,8,134,0.32057416267942584,7,2019-07-07,2025-09-28,17,7.882352941176471,4.0,26.0,1,True
5105101,Juara,51,Mato Grosso,Centro-Oeste,418,8,88,0.21052631578947367,5,2018-05-27,2025-12-21,13,6.769230769230769,4.0,27.0,0,True
5105150,Juína,51,Mato Grosso,Centro-Oeste,418,8,58,0.13875598086124402,5,2020-04-12,2025-07-13,6,9.666666666666666,10.5,17.0,1,True
5105176,Juruena,51,Mato Grosso,Centro-Oeste,418,8,147,0.35167464114832536,6,2019-12-29,2025-09-14,17,8.647058823529411,4.0,25.0,2,True
5105200,Juscimeira,51,Mato Grosso,Centro-Oeste,418,8,71,0.16985645933014354,6,2019-12-01,2025-02-09,11,6.454545454545454,3.0,27.0,1,True
5105234,Lambari D'Oeste,51,Mato Grosso,Centro-Oeste,418,8,103,0.24641148325358853,5,2019-02-03,2025-11-23,8,12.875,9.5,31.0,2,True
5105259,Lucas do Rio Verde,51,Mato Grosso,Centro-Oeste,418,8,112,0.2679425837320574,5,2018-04-29,2022-12-25,8,14.0,10.0,34.0,0,True
5105309,Luciara,51,Mato Grosso,Centro-Oeste,418,8,22,0.05263157894736842,5,2021-12-19,2025-05-18,5,4.4,4.0,5.0,1,True
5105507,Vila Bela da Santíssima Trindade,51,Mato Grosso,Centro-Oeste,418,8,91,0.21770334928229665,8,2018-02-11,2025-01-26,20,4.55,2.5,14.0,1,True
5105580,Marcelândia,51,Mato Grosso,Centro-Oeste,418,8,83,0.19856459330143542,5,2019-09-01,2023-09-10,11,7.545454545454546,4.0,34.0,1,True
5105606,Matupá,51,Mato Grosso,Centro-Oeste,418,8,74,0.17703349282296652,6,2019-04-14,2025-08-10,10,7.4,5.5,17.0,1,True
5105622,Mirassol d'Oeste,51,Mato Grosso,Centro-Oeste,418,8,140,0.3349282296650718,8,2018-03-18,2025-11-09,19,7.368421052631579,4.0,31.0,2,True
5105903,Nobres,51,Mato Grosso,Centro-Oeste,418,8,128,0.3062200956937799,8,2018-01-07,2025-03-09,16,8.0,6.0,25.0,0,True
5106000,Nortelândia,51,Mato Grosso,Centro-Oeste,418,8,107,0.25598086124401914,8,2018-03-18,2025-10-19,18,5.944444444444445,5.0,15.0,1,True
5106109,Nossa Senhora do Livramento,51,Mato Grosso,Centro-Oeste,418,8,134,0.32057416267942584,8,2018-01-07,2025-04-13,24,5.583333333333333,4.0,26.0,1,True
5106158,Nova Bandeirantes,51,Mato Grosso,Centro-Oeste,418,8,119,0.284688995215311,7,2018-05-20,2025-08-10,13,9.153846153846153,4.0,28.0,1,True
5106174,Nova Nazaré,51,Mato Grosso,Centro-Oeste,418,8,73,0.17464114832535885,7,2018-12-30,2025-12-28,19,3.8421052631578947,3.0,17.0,0,True
5106182,Nova Lacerda,51,Mato Grosso,Centro-Oeste,418,8,120,0.28708133971291866,7,2018-05-27,2025-05-04,18,6.666666666666667,3.5,28.0,1,True
5106190,Nova Santa Helena,51,Mato Grosso,Centro-Oeste,418,8,66,0.15789473684210525,5,2020-05-10,2025-12-21,11,6.0,3.0,19.0,0,True
5106208,Nova Brasilândia,51,Mato Grosso,Centro-Oeste,418,8,130,0.31100478468899523,7,2018-04-22,2025-12-07,22,5.909090909090909,4.0,17.0,1,True
5106216,Nova Canaã do Norte,51,Mato Grosso,Centro-Oeste,418,8,115,0.2751196172248804,7,2018-10-14,2025-08-31,15,7.666666666666667,5.0,25.0,1,True
5106224,Nova Mutum,51,Mato Grosso,Centro-Oeste,418,8,145,0.34688995215311,7,2018-05-27,2025-11-23,20,7.25,4.0,33.0,2,True
5106232,Nova Olímpia,51,Mato Grosso,Centro-Oeste,418,8,113,0.2703349282296651,7,2018-10-21,2025-10-12,18,6.277777777777778,5.0,25.0,0,True
5106240,Nova Ubiratã,51,Mato Grosso,Centro-Oeste,418,8,99,0.23684210526315788,6,2019-08-18,2024-08-11,15,6.6,4.0,27.0,1,True
5106257,Nova Xavantina,51,Mato Grosso,Centro-Oeste,418,8,97,0.23205741626794257,6,2018-09-09,2025-08-31,7,13.857142857142858,12.0,38.0,2,True
5106265,Novo Mundo,51,Mato Grosso,Centro-Oeste,418,8,100,0.23923444976076555,6,2019-09-08,2025-10-26,10,10.0,5.5,28.0,1,True
5106273,Novo Horizonte do Norte,51,Mato Grosso,Centro-Oeste,418,8,99,0.23684210526315788,7,2018-11-18,2025-12-28,11,9.0,6.0,25.0,1,True
5106281,Novo São Joaquim,51,Mato Grosso,Centro-Oeste,418,8,120,0.28708133971291866,7,2018-06-03,2025-10-19,14,8.571428571428571,4.0,40.0,3,True
5106299,Paranaíta,51,Mato Grosso,Centro-Oeste,418,8,125,0.29904306220095694,7,2017-12-31,2024-07-28,15,8.333333333333334,7.0,22.0,1,True
5106307,Paranatinga,51,Mato Grosso,Centro-Oeste,418,8,123,0.2942583732057416,7,2019-06-16,2025-10-05,14,8.785714285714286,3.5,42.0,0,True
5106315,Novo Santo Antônio,51,Mato Grosso,Centro-Oeste,418,8,47,0.11244019138755981,6,2018-04-29,2025-06-29,11,4.2727272727272725,4.0,7.0,0,True
5106372,Pedra Preta,51,Mato Grosso,Centro-Oeste,418,8,105,0.2511961722488038,7,2018-05-13,2025-10-12,14,7.5,4.0,25.0,1,True
5106422,Peixoto de Azevedo,51,Mato Grosso,Centro-Oeste,418,8,78,0.18660287081339713,7,2019-08-11,2025-06-08,7,11.142857142857142,5.0,25.0,1,True
5106455,Planalto da Serra,51,Mato Grosso,Centro-Oeste,418,8,89,0.21291866028708134,6,2018-10-28,2025-06-29,10,8.9,8.0,18.0,0,True
5106505,Poconé,51,Mato Grosso,Centro-Oeste,418,8,108,0.2583732057416268,6,2018-01-14,2025-11-30,12,9.0,6.0,38.0,1,True
5106653,Pontal do Araguaia,51,Mato Grosso,Centro-Oeste,418,8,95,0.22727272727272727,7,2018-07-29,2025-10-05,16,5.9375,4.5,22.0,2,True
5106703,Ponte Branca,51,Mato Grosso,Centro-Oeste,418,8,94,0.22488038277511962,6,2018-09-09,2024-12-15,15,6.266666666666667,4.0,19.0,1,True
5106752,Pontes e Lacerda,51,Mato Grosso,Centro-Oeste,418,8,143,0.34210526315789475,7,2019-05-12,2025-09-21,17,8.411764705882353,4.0,30.0,1,True
5106778,Porto Alegre do Norte,51,Mato Grosso,Centro-Oeste,418,8,60,0.14354066985645933,7,2018-07-22,2025-11-30,16,3.75,4.0,10.0,1,True
5106802,Porto dos Gaúchos,51,Mato Grosso,Centro-Oeste,418,8,141,0.3373205741626794,7,2019-02-24,2025-12-28,16,8.8125,6.5,30.0,0,True
5106828,Porto Esperidião,51,Mato Grosso,Centro-Oeste,418,8,126,0.3014354066985646,7,2018-03-25,2025-12-28,15,8.4,5.0,32.0,0,True
5106851,Porto Estrela,51,Mato Grosso,Centro-Oeste,418,8,91,0.21770334928229665,7,2019-02-24,2025-10-05,17,5.352941176470588,4.0,19.0,1,True
5107008,Poxoréu,51,Mato Grosso,Centro-Oeste,418,8,107,0.25598086124401914,8,2018-12-23,2025-10-26,17,6.294117647058823,4.0,23.0,2,True
5107040,Primavera do Leste,51,Mato Grosso,Centro-Oeste,418,8,136,0.3253588516746411,7,2018-07-22,2025-10-19,12,11.333333333333334,5.0,41.0,2,True
5107065,Querência,51,Mato Grosso,Centro-Oeste,418,8,91,0.21770334928229665,6,2018-05-13,2025-07-13,8,11.375,10.0,31.0,1,True
5107107,São José dos Quatro Marcos,51,Mato Grosso,Centro-Oeste,418,8,165,0.39473684210526316,8,2018-02-11,2025-12-28,23,7.173913043478261,4.0,28.0,0,True
5107156,Reserva do Cabaçal,51,Mato Grosso,Centro-Oeste,418,8,114,0.2727272727272727,7,2019-05-26,2025-12-28,16,7.125,5.0,24.0,1,True
5107180,Ribeirão Cascalheira,51,Mato Grosso,Centro-Oeste,418,8,95,0.22727272727272727,5,2018-04-08,2025-08-03,8,11.875,12.0,23.0,0,True
5107198,Ribeirãozinho,51,Mato Grosso,Centro-Oeste,418,8,47,0.11244019138755981,6,2018-08-26,2025-10-26,11,4.2727272727272725,3.0,11.0,1,True
5107206,Rio Branco,51,Mato Grosso,Centro-Oeste,418,8,116,0.27751196172248804,7,2019-03-03,2025-09-07,14,8.285714285714286,4.0,35.0,1,True
5107248,Santa Carmem,51,Mato Grosso,Centro-Oeste,418,8,109,0.2607655502392344,7,2019-04-07,2025-09-21,17,6.411764705882353,4.0,31.0,2,True
5107263,Santo Afonso,51,Mato Grosso,Centro-Oeste,418,8,65,0.15550239234449761,7,2018-02-18,2024-05-12,11,5.909090909090909,4.0,17.0,1,True
5107297,São José do Povo,51,Mato Grosso,Centro-Oeste,418,8,100,0.23923444976076555,5,2019-01-06,2025-08-17,9,11.11111111111111,5.0,31.0,1,True
5107305,São José do Rio Claro,51,Mato Grosso,Centro-Oeste,418,8,93,0.22248803827751196,4,2020-02-16,2025-11-23,9,10.333333333333334,7.0,33.0,0,True
5107354,São José do Xingu,51,Mato Grosso,Centro-Oeste,418,8,68,0.16267942583732056,8,2018-05-27,2025-07-06,10,6.8,6.0,17.0,1,True
5107404,São Pedro da Cipa,51,Mato Grosso,Centro-Oeste,418,8,106,0.2535885167464115,7,2019-06-09,2025-02-02,11,9.636363636363637,4.0,32.0,1,True
5107578,Rondolândia,51,Mato Grosso,Centro-Oeste,418,8,87,0.20813397129186603,6,2020-03-22,2025-12-28,15,5.8,4.0,24.0,2,True
5107602,Rondonópolis,51,Mato Grosso,Centro-Oeste,418,8,146,0.3492822966507177,6,2019-04-21,2025-02-23,9,16.22222222222222,8.0,63.0,2,True
5107701,Rosário Oeste,51,Mato Grosso,Centro-Oeste,418,8,91,0.21770334928229665,7,2018-01-14,2025-11-02,13,7.0,4.0,30.0,0,True
5107743,Santa Cruz do Xingu,51,Mato Grosso,Centro-Oeste,418,8,75,0.17942583732057416,8,2018-05-13,2025-05-25,13,5.769230769230769,5.0,14.0,0,True
5107750,Salto do Céu,51,Mato Grosso,Centro-Oeste,418,8,71,0.16985645933014354,4,2018-12-30,2025-08-24,12,5.916666666666667,4.0,24.0,1,True
5107768,Santa Rita do Trivelato,51,Mato Grosso,Centro-Oeste,418,8,104,0.24880382775119617,7,2019-09-22,2025-03-23,13,8.0,4.0,25.0,0,True
5107776,Santa Terezinha,51,Mato Grosso,Centro-Oeste,418,8,63,0.1507177033492823,7,2019-03-10,2025-07-20,13,4.846153846153846,4.0,8.0,0,True
5107792,Santo Antônio do Leste,51,Mato Grosso,Centro-Oeste,418,8,78,0.18660287081339713,6,2018-04-22,2024-07-21,11,7.090909090909091,6.0,17.0,0,True
5107800,Santo Antônio de Leverger,51,Mato Grosso,Centro-Oeste,418,8,138,0.33014354066985646,8,2018-04-22,2025-03-09,20,6.9,4.5,18.0,1,True
5107859,São Félix do Araguaia,51,Mato Grosso,Centro-Oeste,418,8,80,0.19138755980861244,8,2018-06-17,2025-10-05,15,5.333333333333333,4.0,17.0,0,True
5107875,Sapezal,51,Mato Grosso,Centro-Oeste,418,8,112,0.2679425837320574,7,2018-09-09,2024-12-01,15,7.466666666666667,4.0,47.0,0,True
5107883,Serra Nova Dourada,51,Mato Grosso,Centro-Oeste,418,8,53,0.12679425837320574,5,2021-01-03,2025-07-27,12,4.416666666666667,4.0,9.0,1,True
5107909,Sinop,51,Mato Grosso,Centro-Oeste,418,8,97,0.23205741626794257,4,2018-05-27,2021-12-05,3,32.333333333333336,23.0,66.0,1,True
5107925,Sorriso,51,Mato Grosso,Centro-Oeste,418,8,147,0.35167464114832536,5,2018-06-10,2022-05-08,11,13.363636363636363,4.0,45.0,2,True
5107941,Tabaporã,51,Mato Grosso,Centro-Oeste,418,8,61,0.145933014354067,5,2019-07-21,2024-10-27,11,5.545454545454546,2.0,18.0,1,True
5107958,Tangará da Serra,51,Mato Grosso,Centro-Oeste,418,8,148,0.35406698564593303,8,2018-08-12,2025-12-07,13,11.384615384615385,7.0,39.0,2,True
5108006,Tapurah,51,Mato Grosso,Centro-Oeste,418,8,88,0.21052631578947367,6,2018-10-21,2025-06-01,9,9.777777777777779,8.0,22.0,1,True
5108055,Terra Nova do Norte,51,Mato Grosso,Centro-Oeste,418,8,111,0.26555023923444976,6,2019-06-09,2025-12-14,13,8.538461538461538,7.0,22.0,0,True
5108105,Tesouro,51,Mato Grosso,Centro-Oeste,418,8,114,0.2727272727272727,7,2018-07-15,2025-11-16,14,8.142857142857142,5.0,24.0,0,True
5108204,Torixoréu,51,Mato Grosso,Centro-Oeste,418,8,74,0.17703349282296652,5,2019-05-12,2025-07-13,10,7.4,4.5,21.0,0,True
5108303,União do Sul,51,Mato Grosso,Centro-Oeste,418,8,121,0.2894736842105263,8,2018-06-17,2025-12-28,19,6.368421052631579,5.0,21.0,1,True
5108352,Vale de São Domingos,51,Mato Grosso,Centro-Oeste,418,8,117,0.2799043062200957,7,2019-05-05,2025-11-30,19,6.157894736842105,5.0,18.0,0,True
5108402,Várzea Grande,51,Mato Grosso,Centro-Oeste,418,8,49,0.11722488038277512,4,2017-12-31,2025-10-19,9,5.444444444444445,5.0,16.0,0,True
5108501,Vera,51,Mato Grosso,Centro-Oeste,418,8,113,0.2703349282296651,8,2018-04-08,2025-05-25,10,11.3,9.0,27.0,1,True
5108600,Vila Rica,51,Mato Grosso,Centro-Oeste,418,8,61,0.145933014354067,5,2021-08-29,2025-07-27,11,5.545454545454546,3.0,17.0,2,True
5108808,Nova Guarita,51,Mato Grosso,Centro-Oeste,418,8,82,0.19617224880382775,7,2019-08-11,2025-07-13,11,7.454545454545454,4.0,32.0,1,True
5108857,Nova Marilândia,51,Mato Grosso,Centro-Oeste,418,8,88,0.21052631578947367,6,2018-03-11,2025-12-07,15,5.866666666666666,4.0,25.0,1,True
5108907,Nova Maringá,51,Mato Grosso,Centro-Oeste,418,8,80,0.19138755980861244,6,2018-03-11,2024-05-26,8,10.0,7.0,38.0,0,True
5108956,Nova Monte Verde,51,Mato Grosso,Centro-Oeste,418,8,84,0.20095693779904306,5,2018-05-13,2025-01-19,10,8.4,4.0,23.0,1,True
5200050,Abadia de Goiás,52,Goiás,Centro-Oeste,418,8,102,0.24401913875598086,6,2018-01-28,2025-10-05,14,7.285714285714286,7.0,22.0,1,True
5200100,Abadiânia,52,Goiás,Centro-Oeste,418,8,100,0.23923444976076555,5,2018-07-29,2024-09-22,10,10.0,3.0,43.0,1,True
5200134,Acreúna,52,Goiás,Centro-Oeste,418,8,73,0.17464114832535885,4,2018-01-07,2024-11-10,7,10.428571428571429,8.0,22.0,0,True
5200159,Adelândia,52,Goiás,Centro-Oeste,418,8,88,0.21052631578947367,6,2018-04-08,2024-05-19,9,9.777777777777779,9.0,28.0,2,True
5200175,Água Fria de Goiás,52,Goiás,Centro-Oeste,418,8,95,0.22727272727272727,5,2019-05-05,2024-10-27,11,8.636363636363637,8.0,28.0,1,True
5200209,Água Limpa,52,Goiás,Centro-Oeste,418,8,83,0.19856459330143542,7,2018-01-21,2025-02-16,15,5.533333333333333,4.0,26.0,1,True
5200258,Águas Lindas de Goiás,52,Goiás,Centro-Oeste,418,8,68,0.16267942583732056,6,2018-12-09,2024-12-15,8,8.5,3.0,31.0,1,True
5200308,Alexânia,52,Goiás,Centro-Oeste,418,8,89,0.21291866028708134,5,2018-11-25,2024-05-26,6,14.833333333333334,11.0,34.0,1,True
5200506,Aloândia,52,Goiás,Centro-Oeste,418,8,77,0.18421052631578946,7,2018-05-27,2025-07-27,12,6.416666666666667,5.0,15.0,0,True
5200555,Alto Horizonte,52,Goiás,Centro-Oeste,418,8,108,0.2583732057416268,6,2018-03-04,2024-05-05,8,13.5,14.5,26.0,2,True
5200605,Alto Paraíso de Goiás,52,Goiás,Centro-Oeste,418,8,123,0.2942583732057416,8,2018-07-08,2025-12-28,15,8.2,5.0,33.0,2,True
5200803,Alvorada do Norte,52,Goiás,Centro-Oeste,418,8,101,0.24162679425837322,7,2018-04-29,2025-12-21,22,4.590909090909091,4.0,20.0,0,True
5200829,Amaralina,52,Goiás,Centro-Oeste,418,8,85,0.20334928229665072,8,2018-02-11,2025-11-16,16,5.3125,4.0,23.0,1,True
5200852,Americano do Brasil,52,Goiás,Centro-Oeste,418,8,135,0.3229665071770335,8,2018-03-04,2025-02-09,15,9.0,6.0,32.0,2,True
5200902,Amorinópolis,52,Goiás,Centro-Oeste,418,8,155,0.3708133971291866,8,2018-01-14,2025-10-26,18,8.61111111111111,6.0,25.0,1,True
5201108,Anápolis,52,Goiás,Centro-Oeste,418,8,81,0.1937799043062201,4,2018-09-30,2024-06-02,5,16.2,18.0,23.0,1,True
5201207,Anhanguera,52,Goiás,Centro-Oeste,418,8,62,0.14832535885167464,5,2019-02-03,2024-12-15,13,4.769230769230769,4.0,16.0,0,True
5201306,Anicuns,52,Goiás,Centro-Oeste,418,8,111,0.26555023923444976,7,2018-04-29,2025-10-12,12,9.25,5.5,33.0,2,True
5201405,Aparecida de Goiânia,52,Goiás,Centro-Oeste,418,8,117,0.2799043062200957,5,2018-04-08,2024-08-18,10,11.7,9.0,34.0,1,True
5201454,Aparecida do Rio Doce,52,Goiás,Centro-Oeste,418,8,101,0.24162679425837322,6,2018-02-25,2025-06-01,14,7.214285714285714,4.0,21.0,1,True
5201504,Aporé,52,Goiás,Centro-Oeste,418,8,91,0.21770334928229665,6,2019-03-24,2025-12-14,12,7.583333333333333,4.0,21.0,0,True
5201603,Araçu,52,Goiás,Centro-Oeste,418,8,73,0.17464114832535885,6,2018-10-14,2024-12-08,13,5.615384615384615,4.0,21.0,1,True
5201702,Aragarças,52,Goiás,Centro-Oeste,418,8,101,0.24162679425837322,6,2018-03-25,2025-07-06,9,11.222222222222221,15.0,23.0,1,True
5201801,Aragoiânia,52,Goiás,Centro-Oeste,418,8,73,0.17464114832535885,4,2018-03-18,2024-08-25,8,9.125,5.5,27.0,1,True
5202155,Araguapaz,52,Goiás,Centro-Oeste,418,8,91,0.21770334928229665,7,2017-12-31,2025-02-23,13,7.0,4.0,19.0,1,True
5202353,Arenópolis,52,Goiás,Centro-Oeste,418,8,91,0.21770334928229665,6,2018-01-28,2025-03-02,11,8.272727272727273,4.0,30.0,1,True
5202502,Aruanã,52,Goiás,Centro-Oeste,418,8,108,0.2583732057416268,6,2018-05-20,2024-07-07,8,13.5,13.5,29.0,1,True
5202601,Aurilândia,52,Goiás,Centro-Oeste,418,8,92,0.22009569377990432,7,2019-07-07,2025-08-10,15,6.133333333333334,4.0,19.0,2,True
5202809,Avelinópolis,52,Goiás,Centro-Oeste,418,8,124,0.2966507177033493,7,2017-12-31,2024-08-04,12,10.333333333333334,6.0,31.0,2,True
5203104,Baliza,52,Goiás,Centro-Oeste,418,8,90,0.215311004784689,7,2018-03-25,2025-12-14,13,6.923076923076923,7.0,12.0,1,True
5203203,Barro Alto,52,Goiás,Centro-Oeste,418,8,126,0.3014354066985646,8,2018-07-15,2025-09-28,13,9.692307692307692,4.0,49.0,1,True
5203302,Bela Vista de Goiás,52,Goiás,Centro-Oeste,418,8,78,0.18660287081339713,5,2018-03-04,2024-06-02,11,7.090909090909091,3.0,18.0,0,True
5203401,Bom Jardim de Goiás,52,Goiás,Centro-Oeste,418,8,76,0.18181818181818182,5,2018-04-01,2025-07-27,4,19.0,11.0,46.0,1,True
5203500,Bom Jesus de Goiás,52,Goiás,Centro-Oeste,418,8,103,0.24641148325358853,7,2018-05-13,2025-12-28,13,7.923076923076923,8.0,19.0,0,True
5203559,Bonfinópolis,52,Goiás,Centro-Oeste,418,8,83,0.19856459330143542,7,2017-12-31,2025-11-23,20,4.15,3.0,17.0,0,True
5203575,Bonópolis,52,Goiás,Centro-Oeste,418,8,64,0.15311004784688995,5,2018-01-07,2024-05-05,9,7.111111111111111,4.0,18.0,0,True
5203609,Brazabrantes,52,Goiás,Centro-Oeste,418,8,100,0.23923444976076555,5,2018-02-11,2025-10-26,16,6.25,4.0,20.0,1,True
5203807,Britânia,52,Goiás,Centro-Oeste,418,8,117,0.2799043062200957,7,2018-12-09,2025-07-20,11,10.636363636363637,7.0,30.0,2,True
5203906,Buriti Alegre,52,Goiás,Centro-Oeste,418,8,95,0.22727272727272727,8,2018-04-15,2025-08-24,16,5.9375,4.5,20.0,0,True
5203939,Buriti de Goiás,52,Goiás,Centro-Oeste,418,8,95,0.22727272727272727,6,2018-03-25,2024-06-23,13,7.3076923076923075,4.0,24.0,1,True
5203962,Buritinópolis,52,Goiás,Centro-Oeste,418,8,92,0.22009569377990432,7,2019-01-20,2025-12-07,12,7.666666666666667,4.0,22.0,0,True
5204003,Cabeceiras,52,Goiás,Centro-Oeste,418,8,93,0.22248803827751196,7,2019-01-13,2025-10-05,19,4.894736842105263,4.0,15.0,0,True
5204102,Cachoeira Alta,52,Goiás,Centro-Oeste,418,8,123,0.2942583732057416,7,2018-01-07,2025-10-26,19,6.473684210526316,2.0,40.0,2,True
5204201,Cachoeira de Goiás,52,Goiás,Centro-Oeste,418,8,96,0.22966507177033493,8,2018-02-18,2025-06-15,18,5.333333333333333,4.0,17.0,1,True
5204250,Cachoeira Dourada,52,Goiás,Centro-Oeste,418,8,74,0.17703349282296652,5,2018-07-22,2025-12-28,11,6.7272727272727275,5.0,16.0,0,True
5204300,Caçu,52,Goiás,Centro-Oeste,418,8,92,0.22009569377990432,6,2018-03-04,2025-09-14,9,10.222222222222221,9.0,26.0,1,True
5204409,Caiapônia,52,Goiás,Centro-Oeste,418,8,114,0.2727272727272727,6,2018-01-21,2025-08-17,12,9.5,7.0,22.0,0,True
5204508,Caldas Novas,52,Goiás,Centro-Oeste,418,8,94,0.22488038277511962,7,2018-06-10,2025-10-19,12,7.833333333333333,6.0,18.0,1,True
5204557,Caldazinha,52,Goiás,Centro-Oeste,418,8,90,0.215311004784689,6,2017-12-31,2025-09-14,15,6.0,4.0,18.0,1,True
5204607,Campestre de Goiás,52,Goiás,Centro-Oeste,418,8,81,0.1937799043062201,8,2018-05-27,2025-08-24,17,4.764705882352941,4.0,17.0,1,True
5204656,Campinaçu,52,Goiás,Centro-Oeste,418,8,88,0.21052631578947367,7,2019-11-03,2025-04-20,11,8.0,6.0,24.0,1,True
5204706,Campinorte,52,Goiás,Centro-Oeste,418,8,102,0.24401913875598086,7,2018-08-05,2024-04-14,13,7.846153846153846,4.0,32.0,2,True
5204805,Campo Alegre de Goiás,52,Goiás,Centro-Oeste,418,8,71,0.16985645933014354,8,2018-11-11,2025-10-19,12,5.916666666666667,4.0,21.0,1,True
5204854,Campo Limpo de Goiás,52,Goiás,Centro-Oeste,418,8,125,0.29904306220095694,7,2018-03-11,2025-06-22,12,10.416666666666666,7.0,51.0,1,True
5204904,Campos Belos,52,Goiás,Centro-Oeste,418,8,131,0.3133971291866029,7,2018-04-29,2025-09-28,12,10.916666666666666,3.5,41.0,1,True
5204953,Campos Verdes,52,Goiás,Centro-Oeste,418,8,54,0.1291866028708134,4,2018-11-25,2025-10-26,10,5.4,4.5,10.0,1,True
5205000,Carmo do Rio Verde,52,Goiás,Centro-Oeste,418,8,94,0.22488038277511962,7,2018-05-13,2024-08-04,17,5.529411764705882,4.0,23.0,1,True
5205059,Castelândia,52,Goiás,Centro-Oeste,418,8,108,0.2583732057416268,7,2019-04-28,2025-11-02,17,6.352941176470588,4.0,33.0,1,True
5205109,Catalão,52,Goiás,Centro-Oeste,418,8,128,0.3062200956937799,7,2018-09-30,2025-11-09,13,9.846153846153847,10.0,26.0,2,True
5205208,Caturaí,52,Goiás,Centro-Oeste,418,8,68,0.16267942583732056,6,2018-08-19,2025-11-30,12,5.666666666666667,3.5,27.0,1,True
5205307,Cavalcante,52,Goiás,Centro-Oeste,418,8,134,0.32057416267942584,7,2019-05-05,2025-12-28,22,6.090909090909091,4.0,30.0,0,True
5205406,Ceres,52,Goiás,Centro-Oeste,418,8,130,0.31100478468899523,5,2018-02-18,2024-10-13,9,14.444444444444445,6.0,66.0,1,True
5205455,Cezarina,52,Goiás,Centro-Oeste,418,8,99,0.23684210526315788,7,2018-01-07,2025-08-31,13,7.615384615384615,5.0,31.0,1,True
5205471,Chapadão do Céu,52,Goiás,Centro-Oeste,418,8,92,0.22009569377990432,5,2018-05-13,2024-08-04,10,9.2,4.0,25.0,0,True
5205497,Cidade Ocidental,52,Goiás,Centro-Oeste,418,8,78,0.18660287081339713,7,2018-10-21,2025-09-14,12,6.5,4.0,23.0,1,True
5205513,Cocalzinho de Goiás,52,Goiás,Centro-Oeste,418,8,67,0.16028708133971292,5,2019-04-14,2024-09-01,5,13.4,12.0,32.0,1,True
5205521,Colinas do Sul,52,Goiás,Centro-Oeste,418,8,61,0.145933014354067,5,2018-04-29,2025-12-07,7,8.714285714285714,5.0,23.0,1,True
5205703,Córrego do Ouro,52,Goiás,Centro-Oeste,418,8,99,0.23684210526315788,6,2017-12-31,2024-06-09,11,9.0,6.0,23.0,1,True
5205802,Corumbá de Goiás,52,Goiás,Centro-Oeste,418,8,75,0.17942583732057416,5,2019-02-03,2024-06-30,8,9.375,4.0,49.0,1,True
5205901,Corumbaíba,52,Goiás,Centro-Oeste,418,8,87,0.20813397129186603,7,2018-10-21,2025-12-28,13,6.6923076923076925,4.0,33.0,1,True
5206206,Cristalina,52,Goiás,Centro-Oeste,418,8,123,0.2942583732057416,8,2018-10-21,2025-10-19,19,6.473684210526316,4.0,28.0,2,True
5206305,Cristianópolis,52,Goiás,Centro-Oeste,418,8,95,0.22727272727272727,7,2018-04-08,2025-12-14,19,5.0,4.0,19.0,0,True
5206404,Crixás,52,Goiás,Centro-Oeste,418,8,114,0.2727272727272727,8,2018-06-03,2025-09-28,16,7.125,4.0,34.0,0,True
5206503,Cromínia,52,Goiás,Centro-Oeste,418,8,126,0.3014354066985646,8,2017-12-31,2025-05-04,20,6.3,4.0,27.0,2,True
5206602,Cumari,52,Goiás,Centro-Oeste,418,8,90,0.215311004784689,5,2019-04-14,2024-11-24,14,6.428571428571429,4.5,21.0,0,True
5206701,Damianópolis,52,Goiás,Centro-Oeste,418,8,106,0.2535885167464115,6,2019-03-31,2025-01-26,13,8.153846153846153,4.0,27.0,1,True
5206800,Damolândia,52,Goiás,Centro-Oeste,418,8,103,0.24641148325358853,7,2018-02-04,2025-10-05,20,5.15,3.5,20.0,0,True
5206909,Davinópolis,52,Goiás,Centro-Oeste,418,8,105,0.2511961722488038,6,2019-01-13,2025-08-31,14,7.5,3.0,43.0,3,True
5207105,Diorama,52,Goiás,Centro-Oeste,418,8,125,0.29904306220095694,6,2018-04-08,2025-02-23,12,10.416666666666666,4.0,38.0,1,True
5207253,Doverlândia,52,Goiás,Centro-Oeste,418,8,129,0.30861244019138756,7,2017-12-31,2025-12-28,13,9.923076923076923,4.0,48.0,1,True
5207352,Edealina,52,Goiás,Centro-Oeste,418,8,95,0.22727272727272727,6,2018-08-12,2025-11-09,13,7.3076923076923075,5.0,22.0,0,True
5207402,Edéia,52,Goiás,Centro-Oeste,418,8,90,0.215311004784689,6,2018-04-15,2025-10-19,14,6.428571428571429,4.0,17.0,2,True
5207501,Estrela do Norte,52,Goiás,Centro-Oeste,418,8,125,0.29904306220095694,7,2018-01-14,2024-03-10,20,6.25,4.5,17.0,1,True
5207535,Faina,52,Goiás,Centro-Oeste,418,8,153,0.3660287081339713,8,2018-03-18,2025-03-23,14,10.928571428571429,4.5,48.0,3,True
5207600,Fazenda Nova,52,Goiás,Centro-Oeste,418,8,62,0.14832535885167464,7,2018-04-08,2025-03-09,8,7.75,6.0,17.0,1,True
5207808,Firminópolis,52,Goiás,Centro-Oeste,418,8,134,0.32057416267942584,8,2018-04-01,2025-12-28,17,7.882352941176471,4.0,29.0,1,True
5207907,Flores de Goiás,52,Goiás,Centro-Oeste,418,8,53,0.12679425837320574,7,2018-05-27,2024-12-29,13,4.076923076923077,3.0,14.0,1,True
5208004,Formosa,52,Goiás,Centro-Oeste,418,8,88,0.21052631578947367,7,2018-09-23,2025-10-05,12,7.333333333333333,5.5,20.0,0,True
5208103,Formoso,52,Goiás,Centro-Oeste,418,8,134,0.32057416267942584,7,2018-04-01,2025-11-30,13,10.307692307692308,9.0,20.0,1,True
5208152,Gameleira de Goiás,52,Goiás,Centro-Oeste,418,8,111,0.26555023923444976,7,2018-10-07,2025-12-28,16,6.9375,4.0,23.0,0,True
5208301,Divinópolis de Goiás,52,Goiás,Centro-Oeste,418,8,69,0.16507177033492823,6,2018-01-28,2024-09-01,12,5.75,3.5,20.0,0,True
5208400,Goianápolis,52,Goiás,Centro-Oeste,418,8,109,0.2607655502392344,5,2018-07-01,2024-07-21,11,9.909090909090908,4.0,28.0,1,True
5208509,Goiandira,52,Goiás,Centro-Oeste,418,8,48,0.11483253588516747,5,2018-06-17,2024-12-08,12,4.0,3.0,13.0,0,True
5208608,Goianésia,52,Goiás,Centro-Oeste,418,8,32,0.07655502392344497,4,2020-04-26,2024-06-09,8,4.0,2.0,14.0,0,True
5208707,Goiânia,52,Goiás,Centro-Oeste,418,8,57,0.13636363636363635,4,2019-08-18,2024-12-08,7,8.142857142857142,9.0,15.0,1,True
5208806,Goianira,52,Goiás,Centro-Oeste,418,8,0,0.0,0,,,0,,,,0,False
5208905,Goiás,52,Goiás,Centro-Oeste,418,8,111,0.26555023923444976,8,2017-12-31,2025-09-21,13,8.538461538461538,6.0,31.0,2,True
5209101,Goiatuba,52,Goiás,Centro-Oeste,418,8,102,0.24401913875598086,5,2018-01-21,2024-08-18,7,14.571428571428571,14.0,40.0,2,True
5209150,Gouvelândia,52,Goiás,Centro-Oeste,418,8,77,0.18421052631578946,6,2018-02-04,2025-07-20,17,4.529411764705882,3.0,16.0,0,True
5209200,Guapó,52,Goiás,Centro-Oeste,418,8,92,0.22009569377990432,6,2018-01-07,2024-09-01,14,6.571428571428571,4.5,17.0,0,True
5209291,Guaraíta,52,Goiás,Centro-Oeste,418,8,87,0.20813397129186603,8,2018-04-08,2025-09-07,14,6.214285714285714,5.0,21.0,1,True
5209408,Guarani de Goiás,52,Goiás,Centro-Oeste,418,8,119,0.284688995215311,7,2018-04-01,2024-05-19,9,13.222222222222221,6.0,32.0,1,True
5209457,Guarinos,52,Goiás,Centro-Oeste,418,8,80,0.19138755980861244,8,2017-12-31,2025-03-02,13,6.153846153846154,4.0,30.0,1,True
5209606,Heitoraí,52,Goiás,Centro-Oeste,418,8,123,0.2942583732057416,7,2018-04-01,2025-03-23,17,7.235294117647059,5.0,19.0,2,True
5209705,Hidrolândia,52,Goiás,Centro-Oeste,418,8,59,0.14114832535885166,6,2018-12-30,2025-07-27,14,4.214285714285714,3.0,16.0,1,True
5209804,Hidrolina,52,Goiás,Centro-Oeste,418,8,67,0.16028708133971292,6,2019-06-23,2025-10-12,11,6.090909090909091,5.0,20.0,0,True
5209903,Iaciara,52,Goiás,Centro-Oeste,418,8,118,0.2822966507177033,7,2018-04-01,2025-10-19,12,9.833333333333334,7.5,32.0,1,True
5209937,Inaciolândia,52,Goiás,Centro-Oeste,418,8,76,0.18181818181818182,5,2018-03-25,2023-02-26,9,8.444444444444445,5.0,22.0,1,True
5209952,Indiara,52,Goiás,Centro-Oeste,418,8,80,0.19138755980861244,5,2018-01-07,2025-06-22,9,8.88888888888889,7.0,21.0,0,True
5210000,Inhumas,52,Goiás,Centro-Oeste,418,8,132,0.3157894736842105,6,2018-03-25,2025-11-16,12,11.0,5.5,35.0,2,True
5210109,Ipameri,52,Goiás,Centro-Oeste,418,8,97,0.23205741626794257,5,2018-12-30,2024-06-09,9,10.777777777777779,4.0,43.0,1,True
5210158,Ipiranga de Goiás,52,Goiás,Centro-Oeste,418,8,127,0.3038277511961722,7,2017-12-31,2024-06-23,18,7.055555555555555,5.0,22.0,1,True
5210208,Iporá,52,Goiás,Centro-Oeste,418,8,185,0.44258373205741625,8,2017-12-31,2025-02-16,16,11.5625,6.0,60.0,1,True
5210307,Israelândia,52,Goiás,Centro-Oeste,418,8,105,0.2511961722488038,8,2017-12-31,2025-12-28,15,7.0,6.0,24.0,1,True
5210406,Itaberaí,52,Goiás,Centro-Oeste,418,8,93,0.22248803827751196,7,2018-05-20,2025-10-12,11,8.454545454545455,4.0,46.0,2,True
5210562,Itaguari,52,Goiás,Centro-Oeste,418,8,85,0.20334928229665072,5,2018-01-07,2025-11-23,13,6.538461538461538,4.0,26.0,1,True
5210604,Itaguaru,52,Goiás,Centro-Oeste,418,8,107,0.25598086124401914,8,2018-04-08,2025-12-21,16,6.6875,4.5,24.0,1,True
5210802,Itajá,52,Goiás,Centro-Oeste,418,8,120,0.28708133971291866,6,2019-03-24,2025-12-07,20,6.0,5.0,20.0,1,True
5210901,Itapaci,52,Goiás,Centro-Oeste,418,8,91,0.21770334928229665,6,2018-08-26,2025-03-16,12,7.583333333333333,5.5,26.0,1,True
5211008,Itapirapuã,52,Goiás,Centro-Oeste,418,8,68,0.16267942583732056,4,2018-04-08,2025-12-28,6,11.333333333333334,8.0,26.0,1,True
5211206,Itapuranga,52,Goiás,Centro-Oeste,418,8,143,0.34210526315789475,7,2018-04-29,2025-10-12,11,13.0,9.0,38.0,1,True
5211305,Itarumã,52,Goiás,Centro-Oeste,418,8,136,0.3253588516746411,7,2017-12-31,2025-10-26,15,9.066666666666666,6.0,39.0,0,True
5211404,Itauçu,52,Goiás,Centro-Oeste,418,8,86,0.20574162679425836,6,2018-07-01,2024-06-30,10,8.6,7.0,27.0,0,True
5211503,Itumbiara,52,Goiás,Centro-Oeste,418,8,120,0.28708133971291866,6,2017-12-31,2025-11-30,9,13.333333333333334,9.0,40.0,1,True
5211602,Ivolândia,52,Goiás,Centro-Oeste,418,8,95,0.22727272727272727,5,2018-02-18,2024-12-15,8,11.875,8.5,31.0,1,True
5211701,Jandaia,52,Goiás,Centro-Oeste,418,8,104,0.24880382775119617,8,2017-12-31,2025-10-12,18,5.777777777777778,4.0,25.0,2,True
5211800,Jaraguá,52,Goiás,Centro-Oeste,418,8,143,0.34210526315789475,6,2018-08-12,2025-12-28,14,10.214285714285714,6.0,30.0,1,True
5211909,Jataí,52,Goiás,Centro-Oeste,418,8,115,0.2751196172248804,6,2018-03-04,2024-02-18,9,12.777777777777779,9.0,30.0,1,True
5212006,Jaupaci,52,Goiás,Centro-Oeste,418,8,82,0.19617224880382775,6,2018-02-18,2025-12-28,14,5.857142857142857,3.5,20.0,0,True
5212055,Jesúpolis,52,Goiás,Centro-Oeste,418,8,100,0.23923444976076555,7,2019-03-10,2025-11-30,10,10.0,5.0,31.0,1,True
5212105,Joviânia,52,Goiás,Centro-Oeste,418,8,100,0.23923444976076555,7,2018-03-25,2025-06-01,13,7.6923076923076925,4.0,19.0,1,True
5212204,Jussara,52,Goiás,Centro-Oeste,418,8,135,0.3229665071770335,8,2018-03-18,2025-12-28,11,12.272727272727273,5.0,40.0,2,True
5212253,Lagoa Santa,52,Goiás,Centro-Oeste,418,8,65,0.15550239234449761,5,2019-04-21,2025-02-16,7,9.285714285714286,8.0,17.0,2,True
5212303,Leopoldo de Bulhões,52,Goiás,Centro-Oeste,418,8,83,0.19856459330143542,8,2018-07-15,2025-10-26,14,5.928571428571429,4.0,27.0,1,True
5212501,Luziânia,52,Goiás,Centro-Oeste,418,8,108,0.2583732057416268,7,2019-06-02,2025-11-09,10,10.8,9.0,22.0,1,True
5212600,Mairipotaba,52,Goiás,Centro-Oeste,418,8,84,0.20095693779904306,8,2018-03-18,2025-06-08,13,6.461538461538462,6.0,21.0,1,True
5212709,Mambaí,52,Goiás,Centro-Oeste,418,8,88,0.21052631578947367,5,2018-11-18,2024-10-13,12,7.333333333333333,5.5,31.0,0,True
5212808,Mara Rosa,52,Goiás,Centro-Oeste,418,8,119,0.284688995215311,6,2018-02-04,2024-12-22,16,7.4375,5.0,24.0,3,True
5212907,Marzagão,52,Goiás,Centro-Oeste,418,8,65,0.15550239234449761,7,2019-05-12,2025-09-28,13,5.0,4.0,14.0,0,True
5212956,Matrinchã,52,Goiás,Centro-Oeste,418,8,105,0.2511961722488038,7,2018-02-25,2025-10-12,14,7.5,4.0,39.0,0,True
5213004,Maurilândia,52,Goiás,Centro-Oeste,418,8,110,0.2631578947368421,5,2018-05-06,2025-11-30,16,6.875,6.0,19.0,1,True
5213053,Mimoso de Goiás,52,Goiás,Centro-Oeste,418,8,70,0.1674641148325359,5,2019-01-13,2025-11-23,12,5.833333333333333,4.5,18.0,0,True
5213087,Minaçu,52,Goiás,Centro-Oeste,418,8,127,0.3038277511961722,7,2018-01-14,2024-12-22,19,6.684210526315789,4.0,25.0,1,True
5213103,Mineiros,52,Goiás,Centro-Oeste,418,8,111,0.26555023923444976,6,2018-02-18,2025-12-28,11,10.090909090909092,7.0,26.0,0,True
5213400,Moiporá,52,Goiás,Centro-Oeste,418,8,88,0.21052631578947367,5,2018-01-14,2025-12-28,13,6.769230769230769,4.0,24.0,0,True
5213509,Monte Alegre de Goiás,52,Goiás,Centro-Oeste,418,8,87,0.20813397129186603,7,2017-12-31,2025-09-28,14,6.214285714285714,4.0,23.0,1,True
5213707,Montes Claros de Goiás,52,Goiás,Centro-Oeste,418,8,145,0.34688995215311,8,2018-03-25,2025-11-02,20,7.25,4.0,26.0,2,True
5213756,Montividiu,52,Goiás,Centro-Oeste,418,8,118,0.2822966507177033,6,2018-05-13,2025-10-26,14,8.428571428571429,6.5,33.0,0,True
5213772,Montividiu do Norte,52,Goiás,Centro-Oeste,418,8,95,0.22727272727272727,6,2018-01-14,2025-12-28,13,7.3076923076923075,6.0,22.0,0,True
5213806,Morrinhos,52,Goiás,Centro-Oeste,418,8,93,0.22248803827751196,6,2018-01-28,2025-11-16,10,9.3,7.5,28.0,0,True
5213855,Morro Agudo de Goiás,52,Goiás,Centro-Oeste,418,8,130,0.31100478468899523,8,2018-04-01,2025-09-21,19,6.842105263157895,4.0,24.0,2,True
5213905,Mossâmedes,52,Goiás,Centro-Oeste,418,8,106,0.2535885167464115,7,2018-04-15,2025-03-16,13,8.153846153846153,4.0,32.0,1,True
5214002,Mozarlândia,52,Goiás,Centro-Oeste,418,8,84,0.20095693779904306,7,2019-01-13,2025-03-02,13,6.461538461538462,4.0,22.0,2,True
5214051,Mundo Novo,52,Goiás,Centro-Oeste,418,8,156,0.37320574162679426,8,2017-12-31,2025-11-30,19,8.210526315789474,4.0,33.0,1,True
5214101,Mutunópolis,52,Goiás,Centro-Oeste,418,8,79,0.18899521531100477,7,2018-01-14,2025-05-18,13,6.076923076923077,4.0,20.0,1,True
5214408,Nazário,52,Goiás,Centro-Oeste,418,8,71,0.16985645933014354,6,2018-03-11,2024-12-15,9,7.888888888888889,3.0,22.0,1,True
5214507,Nerópolis,52,Goiás,Centro-Oeste,418,8,138,0.33014354066985646,6,2018-04-01,2025-11-16,19,7.2631578947368425,5.0,27.0,1,True
5214606,Niquelândia,52,Goiás,Centro-Oeste,418,8,91,0.21770334928229665,7,2018-09-30,2025-09-14,16,5.6875,3.0,34.0,1,True
5214705,Nova América,52,Goiás,Centro-Oeste,418,8,73,0.17464114832535885,4,2019-01-13,2024-12-08,11,6.636363636363637,4.0,24.0,0,True
5214804,Nova Aurora,52,Goiás,Centro-Oeste,418,8,88,0.21052631578947367,7,2018-09-09,2025-08-24,14,6.285714285714286,5.0,20.0,0,True
5214838,Nova Crixás,52,Goiás,Centro-Oeste,418,8,99,0.23684210526315788,6,2017-12-31,2024-10-06,15,6.6,4.0,27.0,0,True
5214861,Nova Glória,52,Goiás,Centro-Oeste,418,8,89,0.21291866028708134,8,2018-07-22,2025-02-09,16,5.5625,3.5,22.0,1,True
5214879,Nova Iguaçu de Goiás,52,Goiás,Centro-Oeste,418,8,94,0.22488038277511962,5,2018-09-02,2023-11-12,15,6.266666666666667,6.0,14.0,1,True
5214903,Nova Roma,52,Goiás,Centro-Oeste,418,8,99,0.23684210526315788,7,2019-01-13,2025-12-28,14,7.071428571428571,5.5,27.0,0,True
5215009,Nova Veneza,52,Goiás,Centro-Oeste,418,8,71,0.16985645933014354,6,2018-03-04,2025-06-15,10,7.1,4.0,23.0,1,True
5215207,Novo Brasil,52,Goiás,Centro-Oeste,418,8,95,0.22727272727272727,7,2018-01-07,2025-08-24,14,6.785714285714286,5.0,18.0,0,True
5215231,Novo Gama,52,Goiás,Centro-Oeste,418,8,90,0.215311004784689,7,2019-07-21,2025-10-05,13,6.923076923076923,4.0,25.0,2,True
5215256,Novo Planalto,52,Goiás,Centro-Oeste,418,8,82,0.19617224880382775,6,2018-01-28,2024-09-01,11,7.454545454545454,5.0,17.0,1,True
5215306,Orizona,52,Goiás,Centro-Oeste,418,8,146,0.3492822966507177,8,2018-07-08,2025-10-12,19,7.684210526315789,3.0,37.0,2,True
5215405,Ouro Verde de Goiás,52,Goiás,Centro-Oeste,418,8,88,0.21052631578947367,6,2018-07-29,2024-11-24,14,6.285714285714286,3.5,29.0,1,True
5215504,Ouvidor,52,Goiás,Centro-Oeste,418,8,117,0.2799043062200957,8,2018-06-10,2025-11-30,17,6.882352941176471,4.0,31.0,2,True
5215603,Padre Bernardo,52,Goiás,Centro-Oeste,418,8,40,0.09569377990430622,6,2018-11-18,2024-05-26,6,6.666666666666667,4.5,22.0,2,True
5215652,Palestina de Goiás,52,Goiás,Centro-Oeste,418,8,53,0.12679425837320574,4,2019-02-17,2025-02-16,6,8.833333333333334,7.0,22.0,0,True
5215702,Palmeiras de Goiás,52,Goiás,Centro-Oeste,418,8,112,0.2679425837320574,7,2018-05-27,2025-08-31,12,9.333333333333334,4.0,26.0,1,True
5215801,Palmelo,52,Goiás,Centro-Oeste,418,8,42,0.10047846889952153,5,2018-07-15,2024-07-07,12,3.5,2.5,13.0,0,True
5215900,Palminópolis,52,Goiás,Centro-Oeste,418,8,79,0.18899521531100477,6,2018-05-13,2025-09-14,15,5.266666666666667,3.0,29.0,0,True
5216007,Panamá,52,Goiás,Centro-Oeste,418,8,81,0.1937799043062201,5,2018-07-15,2024-07-07,16,5.0625,3.5,25.0,0,True
5216304,Paranaiguara,52,Goiás,Centro-Oeste,418,8,93,0.22248803827751196,5,2017-12-31,2025-12-14,13,7.153846153846154,4.0,37.0,0,True
5216403,Paraúna,52,Goiás,Centro-Oeste,418,8,148,0.35406698564593303,8,2018-03-18,2025-11-30,21,7.0476190476190474,4.0,27.0,0,True
5216452,Perolândia,52,Goiás,Centro-Oeste,418,8,138,0.33014354066985646,7,2018-02-25,2024-07-14,14,9.857142857142858,5.0,33.0,2,True
5216809,Petrolina de Goiás,52,Goiás,Centro-Oeste,418,8,134,0.32057416267942584,8,2018-02-18,2025-11-02,17,7.882352941176471,5.0,27.0,1,True
5216908,Pilar de Goiás,52,Goiás,Centro-Oeste,418,8,89,0.21291866028708134,6,2018-08-05,2024-08-11,12,7.416666666666667,4.0,30.0,2,True
5217104,Piracanjuba,52,Goiás,Centro-Oeste,418,8,130,0.31100478468899523,6,2018-04-08,2025-12-28,13,10.0,8.0,29.0,1,True
5217203,Piranhas,52,Goiás,Centro-Oeste,418,8,103,0.24641148325358853,7,2018-01-07,2025-07-13,20,5.15,4.0,22.0,1,True
5217302,Pirenópolis,52,Goiás,Centro-Oeste,418,8,96,0.22966507177033493,7,2018-12-09,2025-08-24,12,8.0,6.0,33.0,1,True
5217401,Pires do Rio,52,Goiás,Centro-Oeste,418,8,111,0.26555023923444976,7,2018-03-11,2024-12-15,14,7.928571428571429,4.0,26.0,1,True
5217609,Planaltina,52,Goiás,Centro-Oeste,418,8,135,0.3229665071770335,7,2018-09-16,2024-12-22,14,9.642857142857142,4.0,45.0,0,True
5217708,Pontalina,52,Goiás,Centro-Oeste,418,8,125,0.29904306220095694,6,2018-03-18,2025-11-16,20,6.25,4.0,18.0,1,True
5218003,Porangatu,52,Goiás,Centro-Oeste,418,8,77,0.18421052631578946,7,2017-12-31,2025-12-14,12,6.416666666666667,3.5,19.0,0,True
5218052,Porteirão,52,Goiás,Centro-Oeste,418,8,118,0.2822966507177033,7,2018-08-19,2024-08-04,10,11.8,10.5,28.0,0,True
5218102,Portelândia,52,Goiás,Centro-Oeste,418,8,106,0.2535885167464115,6,2018-04-29,2024-04-28,11,9.636363636363637,6.0,27.0,1,True
5218300,Posse,52,Goiás,Centro-Oeste,418,8,78,0.18660287081339713,5,2018-03-25,2024-05-19,6,13.0,4.5,55.0,1,True
5218391,Professor Jamil,52,Goiás,Centro-Oeste,418,8,115,0.2751196172248804,8,2017-12-31,2025-08-24,18,6.388888888888889,3.0,32.0,2,True
5218508,Quirinópolis,52,Goiás,Centro-Oeste,418,8,119,0.284688995215311,7,2017-12-31,2025-11-16,9,13.222222222222221,8.0,46.0,1,True
5218607,Rialma,52,Goiás,Centro-Oeste,418,8,66,0.15789473684210525,5,2018-07-22,2024-11-24,12,5.5,2.0,30.0,0,True
5218706,Rianápolis,52,Goiás,Centro-Oeste,418,8,85,0.20334928229665072,5,2018-12-30,2024-09-15,9,9.444444444444445,4.0,28.0,1,True
5218789,Rio Quente,52,Goiás,Centro-Oeste,418,8,91,0.21770334928229665,5,2019-05-19,2024-12-15,12,7.583333333333333,3.0,30.0,0,True
5218805,Rio Verde,52,Goiás,Centro-Oeste,418,8,67,0.16028708133971292,5,2018-08-05,2025-12-28,6,11.166666666666666,11.5,26.0,1,True
5218904,Rubiataba,52,Goiás,Centro-Oeste,418,8,116,0.27751196172248804,7,2018-05-13,2024-09-15,12,9.666666666666666,4.0,29.0,1,True
5219001,Sanclerlândia,52,Goiás,Centro-Oeste,418,8,125,0.29904306220095694,6,2018-04-15,2024-09-15,12,10.416666666666666,7.5,29.0,3,True
5219100,Santa Bárbara de Goiás,52,Goiás,Centro-Oeste,418,8,118,0.2822966507177033,6,2018-02-18,2025-11-23,13,9.076923076923077,7.0,17.0,0,True
5219209,Santa Cruz de Goiás,52,Goiás,Centro-Oeste,418,8,84,0.20095693779904306,8,2018-04-01,2025-11-09,14,6.0,4.0,29.0,2,True
5219258,Santa Fé de Goiás,52,Goiás,Centro-Oeste,418,8,77,0.18421052631578946,5,2018-03-18,2024-05-12,14,5.5,3.5,26.0,0,True
5219308,Santa Helena de Goiás,52,Goiás,Centro-Oeste,418,8,70,0.1674641148325359,6,2019-05-19,2025-01-26,8,8.75,9.0,18.0,1,True
5219357,Santa Isabel,52,Goiás,Centro-Oeste,418,8,139,0.33253588516746413,8,2017-12-31,2025-11-09,18,7.722222222222222,4.0,30.0,1,True
5219407,Santa Rita do Araguaia,52,Goiás,Centro-Oeste,418,8,60,0.14354066985645933,6,2018-04-29,2025-11-02,14,4.285714285714286,4.5,10.0,1,True
5219456,Santa Rita do Novo Destino,52,Goiás,Centro-Oeste,418,8,52,0.12440191387559808,4,2020-07-19,2024-04-14,8,6.5,4.0,21.0,1,True
5219506,Santa Rosa de Goiás,52,Goiás,Centro-Oeste,418,8,101,0.24162679425837322,8,2018-02-11,2025-09-14,17,5.9411764705882355,4.0,23.0,0,True
5219605,Santa Tereza de Goiás,52,Goiás,Centro-Oeste,418,8,96,0.22966507177033493,6,2018-02-25,2025-11-02,15,6.4,7.0,13.0,0,True
5219704,Santa Terezinha de Goiás,52,Goiás,Centro-Oeste,418,8,83,0.19856459330143542,5,2018-03-18,2025-10-12,9,9.222222222222221,4.0,41.0,0,True
5219712,Santo Antônio da Barra,52,Goiás,Centro-Oeste,418,8,85,0.20334928229665072,6,2018-06-17,2025-11-02,14,6.071428571428571,3.5,28.0,2,True
5219738,Santo Antônio de Goiás,52,Goiás,Centro-Oeste,418,8,124,0.2966507177033493,8,2018-04-15,2025-11-16,12,10.333333333333334,5.0,30.0,1,True
5219753,Santo Antônio do Descoberto,52,Goiás,Centro-Oeste,418,8,83,0.19856459330143542,6,2018-12-09,2024-12-22,10,8.3,4.5,20.0,1,True
5219803,São Domingos,52,Goiás,Centro-Oeste,418,8,137,0.3277511961722488,7,2018-06-17,2025-12-07,19,7.2105263157894735,4.0,26.0,1,True
5219902,São Francisco de Goiás,52,Goiás,Centro-Oeste,418,8,96,0.22966507177033493,8,2018-11-18,2025-07-20,18,5.333333333333333,2.5,28.0,1,True
5220009,São João d'Aliança,52,Goiás,Centro-Oeste,418,8,82,0.19617224880382775,6,2019-03-10,2025-11-23,11,7.454545454545454,6.0,20.0,0,True
5220058,São João da Paraúna,52,Goiás,Centro-Oeste,418,8,131,0.3133971291866029,8,2018-03-18,2025-10-05,15,8.733333333333333,4.0,26.0,1,True
5220108,São Luís de Montes Belos,52,Goiás,Centro-Oeste,418,8,145,0.34688995215311,6,2018-03-18,2024-07-14,10,14.5,12.5,30.0,1,True
5220157,São Luiz do Norte,52,Goiás,Centro-Oeste,418,8,67,0.16028708133971292,6,2018-07-29,2025-12-28,9,7.444444444444445,6.0,22.0,0,True
5220207,São Miguel do Araguaia,52,Goiás,Centro-Oeste,418,8,125,0.29904306220095694,7,2018-03-25,2024-04-07,10,12.5,11.0,28.0,2,True
5220264,São Miguel do Passa Quatro,52,Goiás,Centro-Oeste,418,8,81,0.1937799043062201,8,2018-08-05,2025-09-07,14,5.785714285714286,4.0,22.0,1,True
5220280,São Patrício,52,Goiás,Centro-Oeste,418,8,96,0.22966507177033493,6,2018-04-01,2025-10-26,14,6.857142857142857,4.5,19.0,0,True
5220405,São Simão,52,Goiás,Centro-Oeste,418,8,43,0.10287081339712918,2,2017-12-31,2022-10-30,3,14.333333333333334,14.0,16.0,0,True
5220454,Senador Canedo,52,Goiás,Centro-Oeste,418,8,75,0.17942583732057416,5,2018-01-21,2025-07-20,11,6.818181818181818,3.0,21.0,1,True
5220504,Serranópolis,52,Goiás,Centro-Oeste,418,8,133,0.3181818181818182,8,2018-03-25,2025-11-30,13,10.23076923076923,10.0,23.0,3,True
5220603,Silvânia,52,Goiás,Centro-Oeste,418,8,141,0.3373205741626794,7,2018-04-29,2025-10-26,17,8.294117647058824,6.0,34.0,1,True
5220686,Simolândia,52,Goiás,Centro-Oeste,418,8,82,0.19617224880382775,7,2018-04-29,2025-10-19,12,6.833333333333333,5.0,22.0,1,True
5220702,Sítio d'Abadia,52,Goiás,Centro-Oeste,418,8,66,0.15789473684210525,7,2018-07-29,2025-02-02,10,6.6,6.0,15.0,1,True
5221007,Taquaral de Goiás,52,Goiás,Centro-Oeste,418,8,98,0.23444976076555024,7,2019-01-20,2025-12-28,18,5.444444444444445,4.0,24.0,0,True
5221080,Teresina de Goiás,52,Goiás,Centro-Oeste,418,8,81,0.1937799043062201,6,2019-08-11,2025-11-30,9,9.0,4.0,28.0,1,True
5221197,Terezópolis de Goiás,52,Goiás,Centro-Oeste,418,8,54,0.1291866028708134,6,2018-09-09,2025-10-05,10,5.4,4.0,18.0,1,True
5221304,Três Ranchos,52,Goiás,Centro-Oeste,418,8,104,0.24880382775119617,6,2018-05-06,2024-09-01,10,10.4,8.0,32.0,2,True
5221403,Trindade,52,Goiás,Centro-Oeste,418,8,86,0.20574162679425836,4,2018-01-21,2024-06-30,6,14.333333333333334,14.0,32.0,0,True
5221452,Trombas,52,Goiás,Centro-Oeste,418,8,84,0.20095693779904306,6,2018-02-18,2025-09-07,16,5.25,4.0,13.0,0,True
5221502,Turvânia,52,Goiás,Centro-Oeste,418,8,87,0.20813397129186603,7,2018-04-01,2025-09-07,15,5.8,5.0,21.0,1,True
5221551,Turvelândia,52,Goiás,Centro-Oeste,418,8,107,0.25598086124401914,8,2018-07-15,2025-09-21,15,7.133333333333334,4.0,25.0,0,True
5221577,Uirapuru,52,Goiás,Centro-Oeste,418,8,123,0.2942583732057416,8,2018-03-25,2025-11-23,18,6.833333333333333,6.0,16.0,0,True
5221601,Uruaçu,52,Goiás,Centro-Oeste,418,8,115,0.2751196172248804,6,2018-04-15,2024-05-05,9,12.777777777777779,17.0,22.0,2,True
5221700,Uruana,52,Goiás,Centro-Oeste,418,8,95,0.22727272727272727,7,2018-04-01,2024-09-15,12,7.916666666666667,4.5,19.0,1,True
5221809,Urutaí,52,Goiás,Centro-Oeste,418,8,103,0.24641148325358853,7,2018-07-15,2024-12-01,15,6.866666666666666,4.0,30.0,1,True
5221858,Valparaíso de Goiás,52,Goiás,Centro-Oeste,418,8,131,0.3133971291866029,7,2019-05-05,2025-10-12,13,10.076923076923077,6.0,27.0,1,True
5221908,Varjão,52,Goiás,Centro-Oeste,418,8,94,0.22488038277511962,7,2018-01-28,2024-09-22,16,5.875,4.0,17.0,1,True
5222005,Vianópolis,52,Goiás,Centro-Oeste,418,8,98,0.23444976076555024,4,2019-03-31,2024-12-08,17,5.764705882352941,4.0,21.0,0,True
5222054,Vicentinópolis,52,Goiás,Centro-Oeste,418,8,104,0.24880382775119617,6,2018-01-07,2025-12-14,20,5.2,4.0,18.0,0,True
5222203,Vila Boa,52,Goiás,Centro-Oeste,418,8,88,0.21052631578947367,7,2019-02-03,2025-11-09,13,6.769230769230769,4.0,20.0,2,True
5222302,Vila Propício,52,Goiás,Centro-Oeste,418,8,69,0.16507177033492823,6,2018-09-09,2024-05-19,10,6.9,3.0,27.0,1,True
5300108,Brasília,53,Distrito Federal,Centro-Oeste,418,8,176,0.42105263157894735,7,2018-10-14,2024-05-26,8,22.0,22.5,41.0,4,True
