codigo_ibge_7,nome_municipio_ibge,codigo_uf_ibge,nome_uf_ibge,regiao,anos_disponiveis,anos_com_casos,casos_periodo,populacao_media,incidencia_media_anual_100mil,incidencia_mediana_anual_100mil,incidencia_maxima_anual_100mil,ano_maior_incidencia,incidencia_ano_pico_100mil,participacao_casos_periodo
1100015,Alta Floresta D'Oeste,11,Rondônia,Norte,10,10,1878,23092.7,821.5335134439931,646.017932774173,1963.3386061226388,2023,1963.3386061226388,0.00011525069204112965
1100023,Ariquemes,11,Rondônia,Norte,10,10,1999,105935.2,200.71918163169562,61.45798281727969,1145.27072382349,2022,1145.27072382349,0.0001226763223590086
1100031,Cabixi,11,Rondônia,Norte,10,10,295,5557.4,533.076882066003,308.3638656380011,1788.4036144578313,2019,1788.4036144578313,1.810380945268011e-05
1100049,Cacoal,11,Rondônia,Norte,10,10,3302,88855.6,376.7211546226003,134.09489023764107,2380.102892262364,2022,2380.102892262364,0.00020263992817881263
1100056,Cerejeiras,11,Rondônia,Norte,10,10,1052,16667.3,613.4970269365847,341.77894036361727,1792.972882677209,2016,1792.972882677209,6.456002557362534e-05
1100064,Colorado do Oeste,11,Rondônia,Norte,10,10,309,16439.4,188.51845915409518,106.84840405377254,450.33453422542465,2020,450.33453422542465,1.8962973291112387e-05
1100072,Corumbiara,11,Rondônia,Norte,10,9,261,7764.5,334.9645836667929,223.8330149647974,970.8737864077669,2023,970.8737864077669,1.6017268702201724e-05
1100080,Costa Marques,11,Rondônia,Norte,10,9,344,16095.6,238.10196381734755,162.95415218042416,931.8148202928561,2024,931.8148202928561,2.1110882887193075e-05
1100098,Espigão D'Oeste,11,Rondônia,Norte,10,10,1933,32025.4,614.8318294617115,430.1839299374943,1727.068742775549,2022,1727.068742775549,0.00011862597854925645
1100106,Guajará-Mirim,11,Rondônia,Norte,10,10,815,44586.3,183.8066948602895,131.23533929379255,605.7643257949328,2016,605.7643257949328,5.001560916587895e-05
1100114,Jaru,11,Rondônia,Norte,10,10,2671,53092.1,518.0195380956021,224.4273323413264,2628.9260935739558,2022,2628.9260935739558,0.00016391618660375787
1100122,Ji-Paraná,11,Rondônia,Norte,10,10,3111,131026.4,240.25033264015823,94.41494385902911,693.9799331103679,2016,693.9799331103679,0.00019091847866877228
1100130,Machadinho D'Oeste,11,Rondônia,Norte,10,10,1106,36781.3,313.62136444379905,165.77154181551705,1332.4889838782026,2016,1332.4889838782026,6.787394323614984e-05
1100148,Nova Brasilândia D'Oeste,11,Rondônia,Norte,10,10,1652,18957.9,932.2065655805567,462.1151111662907,4375.279035652784,2022,4375.279035652784,0.00010138133293500861
1100155,Ouro Preto do Oeste,11,Rondônia,Norte,10,10,353,37060.9,93.40161192312452,68.50618004726965,273.59437751004015,2016,273.59437751004015,2.1663202497613827e-05
1100189,Pimenta Bueno,11,Rondônia,Norte,10,10,2015,37134.1,557.8210614292831,128.38817010300204,2525.727643319365,2023,2525.727643319365,0.00012365822388864548
1100205,Porto Velho,11,Rondônia,Norte,10,10,5855,512148.6,120.17815119473084,58.23220957632935,425.468145271635,2022,425.468145271635,0.00035931459100149845
1100254,Presidente Médici,11,Rondônia,Norte,10,10,829,19920.7,414.41389711796353,247.37476403309415,1184.8709059864439,2022,1184.8709059864439,5.0874773004311224e-05
1100262,Rio Crespo,11,Rondônia,Norte,10,9,196,3721.5,533.8707184194061,263.7390896897197,1652.01172395417,2024,1652.01172395417,1.202829373805187e-05
1100288,Rolim de Moura,11,Rondônia,Norte,10,10,2676,57298.3,455.33447042090455,316.28748306214675,1392.2856823158938,2024,1392.2856823158938,0.0001642230308317694
1100296,Santa Luzia D'Oeste,11,Rondônia,Norte,10,10,347,7254.6,467.89119425615763,325.8304103978961,1401.8061733387249,2022,1401.8061733387249,2.1294989423999992e-05
1100304,Vilhena,11,Rondônia,Norte,10,10,5224,100324.8,528.991354585545,307.04353333067576,1744.7199265381084,2023,1744.7199265381084,0.0003205908494264437
1100320,São Miguel do Guaporé,11,Rondônia,Norte,10,10,384,22646.4,171.6137245640069,177.84615771707647,407.33197556008145,2020,407.33197556008145,2.3565636711285294e-05
1100338,Nova Mamoré,11,Rondônia,Norte,10,10,852,28914.7,303.35735601744506,176.17711261277495,726.2996941896024,2020,726.2996941896024,5.228625645316425e-05
1100346,Alvorada D'Oeste,11,Rondônia,Norte,10,9,515,14448.6,376.32391168022895,53.69809935933871,1494.2441106960432,2022,1494.2441106960432,3.160495548518731e-05
1100379,Alto Alegre dos Parecis,11,Rondônia,Norte,10,10,403,12848.7,326.59720553748366,203.24081185107434,1263.1762348636641,2023,1263.1762348636641,2.47316447777291e-05
1100403,Alto Paraíso,11,Rondônia,Norte,10,10,271,19558.7,149.63482997656132,122.66159400748614,588.2352941176471,2022,588.2352941176471,1.663095715822478e-05
1100452,Buritis,11,Rondônia,Norte,10,10,1615,35484.6,468.1234697669788,396.92784824629484,1171.7633609602742,2022,1171.7633609602742,9.911068564772331e-05
1100502,Novo Horizonte do Oeste,11,Rondônia,Norte,10,9,230,8531.7,269.6506859236054,82.78289259571667,1055.1142005958293,2024,1055.1142005958293,1.4114834488530254e-05
1100601,Cacaulândia,11,Rondônia,Norte,10,8,491,5480.7,1094.0433076899674,381.4852057573495,6096.385542168675,2023,6096.385542168675,3.013210319073198e-05
1100700,Campo Novo de Rondônia,11,Rondônia,Norte,10,10,321,12165.1,288.48502098697975,172.64802158959307,791.4970601537766,2022,791.4970601537766,1.9699399438340052e-05
1100809,Candeias do Jamari,11,Rondônia,Norte,10,9,565,25121.3,233.9363305632734,121.59604328989307,794.6033191242809,2024,794.6033191242809,3.467339776530258e-05
1100908,Castanheiras,11,Rondônia,Norte,10,8,184,3258.6,559.7854772036382,548.8777417662959,1268.171976492422,2022,1268.171976492422,1.1291867590824204e-05
1100924,Chupinguaia,11,Rondônia,Norte,10,8,557,10522.0,564.4938807937855,296.4991586214685,2927.927927927928,2023,2927.927927927928,3.418244700048414e-05
1100940,Cujubim,11,Rondônia,Norte,10,10,445,20840.4,261.4118225794741,176.06920056195156,908.2957680145328,2023,908.2957680145328,2.7309136293025926e-05
1101005,Governador Jorge Teixeira,11,Rondônia,Norte,10,10,215,8287.7,263.77248312487035,84.51235173898826,1887.2640919885016,2022,1887.2640919885016,1.3194301804495674e-05
1101104,Itapuã do Oeste,11,Rondônia,Norte,10,10,489,9818.8,515.7970059703823,364.44290017624536,2082.358446420215,2023,2082.358446420215,3.000936549952737e-05
1101203,Ministro Andreazza,11,Rondônia,Norte,10,9,213,8608.7,283.4861764004778,189.72413063959698,896.9996906897619,2022,896.9996906897619,1.3071564113291062e-05
1101302,Mirante da Serra,11,Rondônia,Norte,10,8,253,10596.9,266.5605872403131,64.48707343785544,1266.9193286410396,2022,1266.9193286410396,1.552631793738328e-05
1101401,Monte Negro,11,Rondônia,Norte,10,10,675,14343.5,486.1703990327387,183.20581128611428,1807.1543507859885,2021,1807.1543507859885,4.142397078155618e-05
1101435,Nova União,11,Rondônia,Norte,10,10,92,6881.7,137.72684227139368,111.13826441242904,403.22580645161287,2022,403.22580645161287,5.645933795412102e-06
1101450,Parecis,11,Rondônia,Norte,10,9,330,5325.6,637.0794588126375,538.4555600154259,1696.9696969696972,2023,1696.9696969696972,2.02517190487608e-05
1101468,Pimenteiras do Oeste,11,Rondônia,Norte,10,10,196,2239.4,862.2670414008765,448.3897575606188,2293.3794893985287,2024,2293.3794893985287,1.202829373805187e-05
1101476,Primavera de Rondônia,11,Rondônia,Norte,10,10,306,3083.4,1030.621524433553,314.3738260366999,3478.543563068921,2023,3478.543563068921,1.877886675430547e-05
1101484,São Felipe D'Oeste,11,Rondônia,Norte,10,10,384,5423.1,703.7396894463425,368.8120282409004,1996.9570178775198,2022,1996.9570178775198,2.3565636711285294e-05
1101492,São Francisco do Guaporé,11,Rondônia,Norte,10,10,623,18856.4,356.89377080650786,222.11654655808584,1664.0058946334275,2022,1664.0058946334275,3.82327908102363e-05
1101500,Seringueiras,11,Rondônia,Norte,10,8,601,12272.2,496.227572005533,67.75303766525266,2902.155887230514,2022,2902.155887230514,3.688267620698558e-05
1101559,Teixeirópolis,11,Rondônia,Norte,10,9,96,4455.1,221.6476150025845,105.63982838221384,1362.781954887218,2022,1362.781954887218,5.8914091778213236e-06
1101609,Theobroma,11,Rondônia,Norte,10,8,189,9760.4,217.0790649740622,107.61525716012062,1097.0048070997163,2023,1097.0048070997163,1.1598711818835732e-05
1101708,Urupá,11,Rondônia,Norte,10,9,160,11593.0,139.96250275575383,141.30728516888433,410.2564102564103,2022,410.2564102564103,9.819015296368873e-06
1101757,Vale do Anari,11,Rondônia,Norte,10,10,420,9936.3,489.96284431952347,271.55856330375246,1253.0413625304136,2025,1253.0413625304136,2.5774915152968293e-05
1101807,Vale do Paraíso,11,Rondônia,Norte,10,10,274,6974.5,384.0109418514654,138.96289301813195,1095.8481247106035,2022,1095.8481247106035,1.6815063695031695e-05
1200013,Acrelândia,12,Acre,Norte,10,10,532,14738.4,356.1957295214691,181.38634978899688,1106.7998218942816,2021,1106.7998218942816,3.26482258604265e-05
1200054,Assis Brasil,12,Acre,Norte,10,10,2505,7717.0,3227.9801021557355,2524.3832895810597,6979.455048812473,2016,6979.455048812473,0.00015372895823377515
1200104,Brasiléia,12,Acre,Norte,10,10,2286,26289.6,860.8202245988668,483.0065835229881,2753.846153846154,2023,2753.846153846154,0.00014028918104687027
1200138,Bujari,12,Acre,Norte,10,10,659,11406.4,560.8014197537257,343.3215194410689,1741.8905318572424,2023,1741.8905318572424,4.044206925191929e-05
1200179,Capixaba,12,Acre,Norte,10,10,729,11212.0,663.236576131838,479.2791784434438,2684.757505773672,2023,2684.757505773672,4.4737888444080676e-05
1200203,Cruzeiro do Sul,12,Acre,Norte,10,10,14811,90065.2,1622.2661512213745,1266.4263057011103,3279.1708156060467,2019,3279.1708156060467,0.0009089339722157461
1200252,Epitaciolândia,12,Acre,Norte,10,10,2659,18571.3,1421.3248826513352,1207.6954352055234,3252.444399412331,2024,3252.444399412331,0.00016317976045653022
1200302,Feijó,12,Acre,Norte,10,10,4119,35031.7,1153.3285129289602,1107.7904213333886,3506.849315068493,2018,3506.849315068493,0.0002527782750358962
1200328,Jordão,12,Acre,Norte,10,8,23,8723.5,25.40570565754963,23.613737724270585,70.8215297450425,2025,70.8215297450425,1.4114834488530255e-06
1200336,Mâncio Lima,12,Acre,Norte,10,10,2260,19142.0,1173.4572966680998,1074.0000174530219,3278.2487391351005,2018,3278.2487391351005,0.00013869359106121032
1200344,Manoel Urbano,12,Acre,Norte,10,9,689,10541.9,661.1292007861391,267.0452872727561,2339.964952066797,2021,2339.964952066797,4.228313461998846e-05
1200351,Marechal Thaumaturgo,12,Acre,Norte,10,10,1794,18181.5,954.8731974504096,515.1196344994621,3098.6061453961347,2020,3098.6061453961347,0.00011009570901053599
1200385,Plácido de Castro,12,Acre,Norte,10,9,1015,18362.8,536.9116329838682,236.8703413419222,2478.9164324048043,2018,2478.9164324048043,6.228937828634004e-05
1200393,Porto Walter,12,Acre,Norte,10,9,429,11493.0,387.8891507625373,170.55053101642358,1462.5058220773171,2022,1462.5058220773171,2.632723476338904e-05
1200401,Rio Branco,12,Acre,Norte,10,10,18289,390820.9,456.93637378910915,329.69435395393026,1304.082469507834,2021,1304.082469507834,0.0011223748172205644
1200427,Rodrigues Alves,12,Acre,Norte,10,10,2497,17293.4,1430.2456863941811,1331.3852354943706,2774.023299221214,2024,2774.023299221214,0.00015323800746895673
1200435,Santa Rosa do Purus,12,Acre,Norte,10,6,15,6656.9,21.936620873743983,14.181822136391096,74.37156031533542,2023,74.37156031533542,9.205326840345818e-07
1200450,Senador Guiomard,12,Acre,Norte,10,10,272,22309.9,121.58937485841693,117.6428272347425,257.38218915251065,2016,257.38218915251065,1.6692326003827085e-05
1200500,Sena Madureira,12,Acre,Norte,10,10,3239,44094.5,727.255189928853,382.7789189458599,2494.6322243619543,2018,2494.6322243619543,0.00019877369090586736
1200609,Tarauacá,12,Acre,Norte,10,10,7117,43114.2,1638.5769070658457,646.0391437427187,6947.175851817974,2021,6947.175851817974,0.0004367620741516079
1200708,Xapuri,12,Acre,Norte,10,10,2574,18864.7,1337.2203762647391,846.3178664399085,4464.914930031209,2021,4464.914930031209,0.00015796340858033423
1200807,Porto Acre,12,Acre,Norte,10,10,1085,17758.3,606.8870962136382,633.4123201655138,1162.1637812256633,2023,1162.1637812256633,6.658519747850142e-05
1300029,Alvarães,13,Amazonas,Norte,10,10,589,16136.2,367.90373343005336,39.85227625788663,1493.760242026976,2023,1493.760242026976,3.614625005975792e-05
1300060,Amaturá,13,Amazonas,Norte,10,5,10,11340.9,8.863751714623968,4.260395364689844,36.97199371476107,2022,36.97199371476107,6.136884560230545e-07
1300086,Anamã,13,Amazonas,Norte,10,2,2,12098.5,1.9710836905297424,0.0,10.019036168720568,2025,10.019036168720568,1.227376912046109e-07
1300102,Anori,13,Amazonas,Norte,10,6,9,19528.3,4.416640062138066,4.803809660715407,10.127095042786976,2016,10.127095042786976,5.523196104207491e-07
1300144,Apuí,13,Amazonas,Norte,10,7,25,21590.1,11.82604116872149,4.59601579843993,52.30374209500261,2016,52.30374209500261,1.5342211400576365e-06
1300201,Atalaia do Norte,13,Amazonas,Norte,10,8,917,18068.7,578.2737081994788,49.670042141505526,4053.118509660772,2025,4053.118509660772,5.62752314173141e-05
1300300,Autazes,13,Amazonas,Norte,10,8,42,41031.2,10.51944548269042,5.175838054266362,58.27505827505828,2016,58.27505827505828,2.5774915152968293e-06
1300409,Barcelos,13,Amazonas,Norte,10,10,172,24011.2,81.08695059653148,25.424028882307283,417.3531026908292,2025,417.3531026908292,1.0555441443596538e-05
1300508,Barreirinha,13,Amazonas,Norte,10,4,7,32094.3,2.1588130909286947,0.0,8.97236511544443,2024,8.97236511544443,4.295819192161382e-07
1300607,Benjamin Constant,13,Amazonas,Norte,10,10,3176,41227.1,795.1276069646319,211.79765623469112,4364.109647258819,2022,4364.109647258819,0.00019490745363292213
1300631,Beruri,13,Amazonas,Norte,10,8,108,20315.7,52.42897084310168,11.49486920337823,216.84134441633537,2024,216.84134441633537,6.6278353250489894e-06
1300680,Boa Vista do Ramos,13,Amazonas,Norte,10,5,38,21403.5,20.519888951976398,2.49500998003992,149.3362831858407,2016,149.3362831858407,2.3320161328876075e-06
1300706,Boca do Acre,13,Amazonas,Norte,10,10,1154,35382.5,332.06157480410883,100.34727249946005,1896.9250757903853,2020,1896.9250757903853,7.08196478250605e-05
1300805,Borba,13,Amazonas,Norte,10,9,268,38205.9,69.24833634362037,51.040356361701974,175.50457565500815,2016,175.50457565500815,1.644685062141786e-05
1300839,Caapiranga,13,Amazonas,Norte,10,7,15,13421.9,10.79776243609553,7.420876647754844,62.893081761006286,2024,62.893081761006286,9.205326840345818e-07
1300904,Canutama,13,Amazonas,Norte,10,7,200,16340.1,112.58919959979501,9.16427962592381,905.7869723231759,2024,905.7869723231759,1.2273769120461092e-05
1301001,Carauari,13,Amazonas,Norte,10,10,1106,28955.1,388.5540299773752,61.306607324216145,2226.620484908461,2019,2226.620484908461,6.787394323614984e-05
1301100,Careiro,13,Amazonas,Norte,10,8,50,35310.4,14.354433966421402,8.859998053818176,46.04300958777964,2016,46.04300958777964,3.068442280115273e-06
1301159,Careiro da Várzea,13,Amazonas,Norte,10,6,10,25931.4,4.171751399043497,3.210326006980364,20.192841637639457,2024,20.192841637639457,6.136884560230545e-07
1301209,Coari,13,Amazonas,Norte,10,10,1049,79931.1,136.5952302702233,80.14854268226895,560.8236250338662,2024,560.8236250338662,6.437591903681843e-05
1301308,Codajás,13,Amazonas,Norte,10,9,469,26683.7,186.9656145407441,46.236482502999095,1329.1889902253486,2024,1329.1889902253486,2.878198858748126e-05
1301407,Eirunepé,13,Amazonas,Norte,10,9,942,34895.0,263.45883257047274,38.81212822768059,1355.0135501355014,2025,1355.0135501355014,5.780945255737174e-05
1301506,Envira,13,Amazonas,Norte,10,8,1591,18975.4,878.3528934414462,73.39044496235496,4910.714285714285,2024,4910.714285714285,9.763783335326799e-05
1301605,Fonte Boa,13,Amazonas,Norte,10,6,16,21695.6,6.886325278482073,5.415681740862482,21.25624402168137,2025,21.25624402168137,9.819015296368873e-07
1301654,Guajará,13,Amazonas,Norte,10,10,2835,15595.4,1845.7025092922754,734.1252833495248,6600.614010605637,2024,6600.614010605637,0.00017398067728253597
1301704,Humaitá,13,Amazonas,Norte,10,10,1123,56886.9,197.45457685423165,110.37532436262956,481.9654446435718,2022,481.9654446435718,6.891721361138903e-05
1301803,Ipixuna,13,Amazonas,Norte,10,10,1397,27582.5,549.3654602347915,91.8497091749384,1892.147587511826,2023,1892.147587511826,8.573227730642072e-05
1301852,Iranduba,13,Amazonas,Norte,10,10,615,54700.8,116.02184106538554,44.08752601819195,645.6414175952372,2021,645.6414175952372,3.7741840045417854e-05
1301902,Itacoatiara,13,Amazonas,Norte,10,10,606,104002.9,60.19627792802903,20.317466705422028,354.1593717172728,2018,354.1593717172728,3.7189520434997106e-05
1301951,Itamarati,13,Amazonas,Norte,10,2,2,9317.1,2.50403805322959,0.0,12.73723092599669,2019,12.73723092599669,1.227376912046109e-07
1302009,Itapiranga,13,Amazonas,Norte,10,3,3,9700.3,3.273039238843394,0.0,11.032656663724625,2018,11.032656663724625,1.8410653680691636e-07
1302108,Japurá,13,Amazonas,Norte,10,9,775,5542.4,896.5723857169214,264.1747062347921,3285.165951682095,2023,3285.165951682095,4.756085534178673e-05
1302207,Juruá,13,Amazonas,Norte,10,6,14,13089.1,11.672788445755982,6.536790439098607,71.73601147776183,2024,71.73601147776183,8.591638384322764e-07
1302306,Jutaí,13,Amazonas,Norte,10,8,2542,19464.4,1209.4071511475574,746.3353214910844,3658.360939075328,2020,3658.360939075328,0.00015599960552106047
1302405,Lábrea,13,Amazonas,Norte,10,10,2422,46410.5,513.9329078838898,141.7604244170432,1416.3958550493592,2024,1416.3958550493592,0.0001486353440487838
1302504,Manacapuru,13,Amazonas,Norte,10,10,420,100972.6,41.31251033357204,23.065673370434716,178.6915362452692,2021,178.6915362452692,2.5774915152968293e-05
1302553,Manaquiri,13,Amazonas,Norte,10,7,21,25726.5,11.1322560688467,4.435685228812491,52.91316361926039,2024,52.91316361926039,1.2887457576484146e-06
1302603,Manaus,13,Amazonas,Norte,10,10,20714,2173914.1,95.4449599964868,58.21787351387635,253.0091086143896,2016,253.0091086143896,0.0012711942678061553
1302702,Manicoré,13,Amazonas,Norte,10,9,867,55684.8,154.28272677811273,33.98181302393311,848.3581569549691,2021,848.3581569549691,5.320678913719883e-05
1302801,Maraã,13,Amazonas,Norte,10,9,140,17269.3,88.79217453794384,13.593279568040293,734.1103741387083,2023,734.1103741387083,8.591638384322763e-06
1302900,Maués,13,Amazonas,Norte,10,9,419,63563.9,66.815282737048,36.824610869850716,252.00458190148913,2016,252.00458190148913,2.5713546307365986e-05
1303007,Nhamundá,13,Amazonas,Norte,10,2,3,20938.9,1.4198974663602209,0.0,9.47597839476926,2024,9.47597839476926,1.8410653680691636e-07
1303106,Nova Olinda do Norte,13,Amazonas,Norte,10,7,125,33353.5,35.02600017131756,3.2092278860047556,298.8826815642458,2016,298.8826815642458,7.671105700288183e-06
1303205,Novo Airão,13,Amazonas,Norte,10,8,137,18002.1,75.83022203009584,43.37025894150979,397.0661225390173,2016,397.0661225390173,8.407531847515848e-06
1303304,Novo Aripuanã,13,Amazonas,Norte,10,9,396,25114.8,159.21181029217703,36.8565024185701,1209.6447932680637,2016,1209.6447932680637,2.430206285851296e-05
1303403,Parintins,13,Amazonas,Norte,10,10,163,108234.6,14.843099648520294,14.285774318331011,28.341019761420142,2021,28.341019761420142,1.000312183317579e-05
1303502,Pauini,13,Amazonas,Norte,10,9,20,19618.5,10.186654123252831,7.718149583552828,20.39151712887439,2021,20.39151712887439,1.227376912046109e-06
1303536,Presidente Figueiredo,13,Amazonas,Norte,10,10,318,34282.7,90.26285150648451,62.93740174464822,247.35837388755948,2020,247.35837388755948,1.9515292901533135e-05
1303569,Rio Preto da Eva,13,Amazonas,Norte,10,10,102,29912.0,37.63945279037564,13.67166692524469,168.43118383060633,2022,168.43118383060633,6.259622251435156e-06
1303601,Santa Isabel do Rio Negro,13,Amazonas,Norte,10,8,69,20533.1,29.477959460478882,7.057164285764374,162.38159675236807,2020,162.38159675236807,4.234450346559076e-06
1303700,Santo Antônio do Içá,13,Amazonas,Norte,10,7,322,24970.2,126.69606522990857,60.89190872178784,382.9766862942218,2021,382.9766862942218,1.9760768283942356e-05
1303809,São Gabriel da Cachoeira,13,Amazonas,Norte,10,10,2216,48949.0,483.1718541586259,120.22035630159274,1929.154595733474,2019,1929.154595733474,0.0001359933618547089
1303908,São Paulo de Olivença,13,Amazonas,Norte,10,7,478,37064.3,134.1284708336559,25.81892348089921,482.30048230048226,2023,482.30048230048226,2.9334308197902008e-05
1303957,São Sebastião do Uatumã,13,Amazonas,Norte,10,4,35,13118.6,25.096672593777864,0.0,177.1358495707862,2021,177.1358495707862,2.1479095960806908e-06
1304005,Silves,13,Amazonas,Norte,10,4,9,10329.9,9.532655043843365,0.0,65.59527714004591,2016,65.59527714004591,5.523196104207491e-07
1304062,Tabatinga,13,Amazonas,Norte,10,10,1532,67115.6,231.92818888005772,185.138796124061,587.7528704209951,2019,587.7528704209951,9.401707146273196e-05
1304104,Tapauá,13,Amazonas,Norte,10,9,1636,18474.2,919.1150565003643,486.728312242357,5581.891443470017,2021,5581.891443470017,0.00010039943140537172
1304203,Tefé,13,Amazonas,Norte,10,10,2341,66980.4,343.7198329351467,276.2536690147005,1161.9541462487614,2023,1161.9541462487614,0.00014366446755499708
1304237,Tonantins,13,Amazonas,Norte,10,6,734,19168.9,375.19575410625777,108.05170851635688,1963.9424325868965,2023,1963.9424325868965,4.5044732672092204e-05
1304260,Uarini,13,Amazonas,Norte,10,6,21,14094.0,14.763126336913837,7.387267708394093,83.15432055990576,2023,83.15432055990576,1.2887457576484146e-06
1304302,Urucará,13,Amazonas,Norte,10,5,69,17519.3,40.14655692121083,2.54880970586736,363.3167301494287,2016,363.3167301494287,4.234450346559076e-06
1304401,Urucurituba,13,Amazonas,Norte,10,6,68,23653.0,30.782838794845134,6.317508658417827,235.56581986143186,2016,235.56581986143186,4.173081500956771e-06
1400027,Amajari,14,Roraima,Norte,10,8,31,13433.0,23.35453720774952,21.58600193695321,62.519537355423566,2019,62.519537355423566,1.9024342136714692e-06
1400050,Alto Alegre,14,Roraima,Norte,10,10,84,18259.3,42.69027822467457,28.71360691830548,169.2047377326565,2024,169.2047377326565,5.1549830305936585e-06
1400100,Boa Vista,14,Roraima,Norte,10,10,2340,407188.7,57.49674592167973,35.07073349156977,249.7413661378763,2019,249.7413661378763,0.00014360309870939476
1400159,Bonfim,14,Roraima,Norte,10,10,208,13235.0,153.66128264064747,61.56683511819133,653.5947712418301,2023,653.5947712418301,1.2764719885279534e-05
1400175,Cantá,14,Roraima,Norte,10,8,130,18667.0,69.13129357810314,66.51640421571335,150.83690151810043,2024,150.83690151810043,7.97794992829971e-06
1400209,Caracaraí,14,Roraima,Norte,10,10,309,21685.9,140.76000779647558,38.56374277824643,921.2806713490833,2019,921.2806713490833,1.8962973291112387e-05
1400233,Caroebe,14,Roraima,Norte,10,10,295,10494.5,291.1396471534727,41.160156376347885,2055.266004523552,2019,2055.266004523552,1.810380945268011e-05
1400282,Iracema,14,Roraima,Norte,10,8,68,11169.5,63.61871135137684,35.08213351198978,219.49516112940236,2023,219.49516112940236,4.173081500956771e-06
1400308,Mucajaí,14,Roraima,Norte,10,10,124,18132.0,68.91020244684833,40.40385934666169,313.6727720831233,2019,313.6727720831233,7.609736854685877e-06
1400407,Normandia,14,Roraima,Norte,10,7,103,12654.4,75.47061755645758,10.962382463548973,368.3943089430894,2024,368.3943089430894,6.320991097037462e-06
1400456,Pacaraima,14,Roraima,Norte,10,7,139,18034.7,63.87998183028882,12.274923144488362,348.35323923271807,2024,348.35323923271807,8.530269538720458e-06
1400472,Rorainópolis,14,Roraima,Norte,10,10,280,31766.4,81.30131866605863,50.30817990544338,416.3605192260593,2024,416.3605192260593,1.7183276768645526e-05
1400506,São João da Baliza,14,Roraima,Norte,10,9,108,8587.4,131.1921575208843,77.5078569608426,419.45209070651464,2016,419.45209070651464,6.6278353250489894e-06
1400605,São Luiz do Anauá,14,Roraima,Norte,10,6,42,7754.3,53.809379196091484,12.239086228114637,321.46071750032144,2024,321.46071750032144,2.5774915152968293e-06
1400704,Uiramutã,14,Roraima,Norte,10,7,30,12144.6,26.6193310785317,9.476964812829497,189.411876124633,2019,189.411876124633,1.8410653680691636e-06
1500107,Abaetetuba,15,Pará,Norte,10,10,817,159854.2,50.214491772501546,19.41505988767886,180.11801238603735,2024,180.11801238603735,5.0138346857083555e-05
1500131,Abel Figueiredo,15,Pará,Norte,10,8,70,6909.7,103.86960765169408,95.48368983616001,278.5903329154478,2016,278.5903329154478,4.2958191921613816e-06
1500206,Acará,15,Pará,Norte,10,10,278,57455.0,46.0290212690701,25.553445981041598,169.05631489130957,2024,169.05631489130957,1.7060539077440916e-05
1500305,Afuá,15,Pará,Norte,10,10,818,38972.9,209.71593539040856,26.06397315393158,606.3815702369919,2023,606.3815702369919,5.019971570268586e-05
1500347,Água Azul do Norte,15,Pará,Norte,10,10,442,23497.8,197.44415340013106,98.677750631307,685.8407079646017,2023,685.8407079646017,2.7125029756219013e-05
1500404,Alenquer,15,Pará,Norte,10,10,870,62742.9,151.61315208653525,54.079535286455396,973.4352256186316,2016,973.4352256186316,5.339089567400575e-05
1500503,Almeirim,15,Pará,Norte,10,8,208,34418.4,58.97585986773466,8.88266997687524,275.22430781086587,2024,275.22430781086587,1.2764719885279534e-05
1500602,Altamira,15,Pará,Norte,10,10,2609,121074.0,202.85469245712898,137.68359783337868,517.5862522083194,2024,517.5862522083194,0.00016011131817641493
1500701,Anajás,15,Pará,Norte,10,7,318,29066.5,107.81455978559987,7.054393556719511,653.26800653268,2024,653.26800653268,1.9515292901533135e-05
1500800,Ananindeua,15,Pará,Norte,10,10,1365,513363.3,26.78160151812451,13.838344810962871,97.07820210382052,2024,97.07820210382052,8.376847424714695e-05
1500859,Anapu,15,Pará,Norte,10,10,1576,30062.2,517.9752836237737,217.23531692699214,2129.4656037791556,2017,2129.4656037791556,9.67173006692334e-05
1500909,Augusto Corrêa,15,Pará,Norte,10,10,510,45853.7,107.86514126906857,26.480012587647657,630.3222574720321,2025,630.3222574720321,3.1298111257175785e-05
1500958,Aurora do Pará,15,Pará,Norte,10,10,180,28273.1,72.45872883993539,22.4642540895689,382.7710944729537,2023,382.7710944729537,1.1046392208414982e-05
1501006,Aveiro,15,Pará,Norte,10,4,44,17266.4,23.241996532696085,0.0,201.23839009287926,2025,201.23839009287926,2.70022920650144e-06
1501105,Bagre,15,Pará,Norte,10,4,20,31641.1,6.082201928309556,0.0,28.220243321209082,2023,28.220243321209082,1.227376912046109e-06
1501204,Baião,15,Pará,Norte,10,9,260,49892.2,47.947977950759054,7.209487477126691,285.9747269835028,2024,285.9747269835028,1.595589985659942e-05
1501253,Bannach,15,Pará,Norte,10,10,279,3613.4,770.6880898108666,662.1116112401197,1881.467544684854,2024,1881.467544684854,1.7121907923043223e-05
1501303,Barcarena,15,Pará,Norte,10,10,770,127276.8,57.49912578021595,16.28361452063648,253.81805631453304,2025,253.81805631453304,4.72540111137752e-05
1501402,Belém,15,Pará,Norte,10,10,7509,1428550.7,53.28270523040635,30.919063405562213,245.54335942499665,2024,245.54335942499665,0.00046081866162771165
1501451,Belterra,15,Pará,Norte,10,10,703,17976.0,375.0066981184097,104.3892187744637,2854.278780204706,2024,2854.278780204706,4.314229845842073e-05
1501501,Benevides,15,Pará,Norte,10,10,609,63808.7,91.47745514398234,30.346866762188917,365.15082635538414,2024,365.15082635538414,3.737362697180402e-05
1501576,Bom Jesus do Tocantins,15,Pará,Norte,10,9,57,17518.3,31.11709861472702,18.102675149729535,104.55329604265775,2025,104.55329604265775,3.498024199331411e-06
1501600,Bonito,15,Pará,Norte,10,8,44,14822.3,27.88265873190385,18.895879210347765,116.6646199189488,2019,116.6646199189488,2.70022920650144e-06
1501709,Bragança,15,Pará,Norte,10,10,520,127055.5,40.949118171645715,21.630121624163436,161.13150120848624,2016,161.13150120848624,3.191179971319884e-05
1501725,Brasil Novo,15,Pará,Norte,10,10,358,19283.7,184.17101777034028,69.93920585836145,615.5547364541098,2025,615.5547364541098,2.1970046725625354e-05
1501758,Brejo Grande do Araguaia,15,Pará,Norte,10,10,104,7140.2,145.04721849545658,91.80195689873926,582.8476269775188,2016,582.8476269775188,6.382359942639767e-06
1501782,Breu Branco,15,Pará,Norte,10,9,990,57948.5,157.20408868330998,15.473895687299068,726.843808279006,2016,726.843808279006,6.07551571462824e-05
1501808,Breves,15,Pará,Norte,10,10,278,105639.0,25.269217699677306,6.897924661991018,113.862547913534,2024,113.862547913534,1.7060539077440916e-05
1501907,Bujaru,15,Pará,Norte,10,9,110,27239.8,43.37701861195218,7.037757400084049,247.35687213245563,2025,247.35687213245563,6.7505730162536e-06
1501956,Cachoeira do Piriá,15,Pará,Norte,10,7,148,28014.1,53.81157095504161,9.615311682547652,248.9187591399857,2016,248.9187591399857,9.082589149141208e-06
1502004,Cachoeira do Arari,15,Pará,Norte,10,2,2,24022.0,0.8131462166888008,0.0,4.1699678912472375,2023,4.1699678912472375,1.227376912046109e-07
1502103,Cametá,15,Pará,Norte,10,10,1109,137813.7,78.84712780228944,39.922120295509956,443.5576381598615,2024,443.5576381598615,6.805804977295676e-05
1502152,Canaã dos Carajás,15,Pará,Norte,10,10,1517,55153.2,261.04848147095265,204.1667079391064,825.1314547660779,2019,825.1314547660779,9.309653877869737e-05
1502202,Capanema,15,Pará,Norte,10,10,367,70171.6,53.384677934579805,36.56277633983241,205.2157761500322,2016,205.2157761500322,2.2522366336046102e-05
1502301,Capitão Poço,15,Pará,Norte,10,10,385,55634.9,70.27308968673559,31.016196750222793,276.3110581199493,2017,276.3110581199493,2.36270055568876e-05
1502400,Castanhal,15,Pará,Norte,10,10,1953,199707.0,95.0869446562859,26.291148375067927,416.66064555907184,2024,416.66064555907184,0.00011985335546130256
1502509,Chaves,15,Pará,Norte,10,7,18,22571.1,7.9047912482007785,6.5855694523949175,18.60378587042463,2025,18.60378587042463,1.1046392208414982e-06
1502608,Colares,15,Pará,Norte,10,8,420,12479.8,311.3326880558968,16.74524760924205,2757.651929617034,2024,2757.651929617034,2.5774915152968293e-05
1502707,Conceição do Araguaia,15,Pará,Norte,10,10,2685,46823.7,573.3969293282452,324.3974567854821,1781.1493297308534,2021,1781.1493297308534,0.00016477535044219014
1502756,Concórdia do Pará,15,Pará,Norte,10,9,140,30878.0,48.897647544090894,11.668985666983744,296.9561989606533,2024,296.9561989606533,8.591638384322763e-06
1502764,Cumaru do Norte,15,Pará,Norte,10,10,652,13847.4,466.47648266295994,165.64405927523583,1584.1584158415842,2025,1584.1584158415842,4.001248733270316e-05
1502772,Curionópolis,15,Pará,Norte,10,7,143,18831.8,74.32775268402797,19.673563769045572,307.2021845488679,2016,307.2021845488679,8.77574492112968e-06
1502806,Curralinho,15,Pará,Norte,10,9,180,34630.7,49.64192274901105,8.576173631881055,408.7679350360758,2024,408.7679350360758,1.1046392208414982e-05
1502855,Curuá,15,Pará,Norte,10,5,18,14375.4,12.391930270640723,3.343587000133743,74.15397060806255,2024,74.15397060806255,1.1046392208414982e-06
1502905,Curuçá,15,Pará,Norte,10,9,174,41045.0,40.80055047991453,15.970026268251589,236.4172652151397,2024,236.4172652151397,1.067817913480115e-05
1502939,Dom Eliseu,15,Pará,Norte,10,9,901,59778.5,152.58598269285116,39.56312282526357,885.5740511082776,2016,885.5740511082776,5.5293329887677214e-05
1502954,Eldorado do Carajás,15,Pará,Norte,10,9,249,31625.9,85.04638607953068,10.66685453537849,665.8244272202684,2025,665.8244272202684,1.528084255497406e-05
1503002,Faro,15,Pará,Norte,10,3,67,7845.7,73.79304172450892,0.0,712.3287671232877,2024,712.3287671232877,4.111712655354465e-06
1503044,Floresta do Araguaia,15,Pará,Norte,10,10,825,19386.1,436.8367662234423,360.9496542803811,984.2116054951815,2016,984.2116054951815,5.0629297621902e-05
1503077,Garrafão do Norte,15,Pará,Norte,10,7,37,25557.6,14.484190732579327,9.710440743177294,70.44458359423919,2024,70.44458359423919,2.270647287285302e-06
1503093,Goianésia do Pará,15,Pará,Norte,10,10,890,34760.6,235.23681425813646,137.60914663944112,672.0197652872143,2019,672.0197652872143,5.461827258605185e-05
1503101,Gurupá,15,Pará,Norte,10,7,52,33038.7,15.733983024236798,4.661603987746836,64.85466658805495,2024,64.85466658805495,3.1911799713198836e-06
1503200,Igarapé-Açu,15,Pará,Norte,10,9,329,37832.6,87.70964213585987,33.795933709868144,544.1817461365738,2024,544.1817461365738,2.0190350203158497e-05
1503309,Igarapé-Miri,15,Pará,Norte,10,10,321,64118.8,47.890024542716695,19.99386735061318,245.08737582481328,2024,245.08737582481328,1.9699399438340052e-05
1503408,Inhangapi,15,Pará,Norte,10,9,238,11194.0,215.46368239279462,46.16600797236971,797.4777448071217,2025,797.4777448071217,1.4605785253348699e-05
1503457,Ipixuna do Pará,15,Pará,Norte,10,10,220,50205.3,64.89330345298154,14.435613366224803,328.27110551097553,2024,328.27110551097553,1.35011460325072e-05
1503507,Irituia,15,Pará,Norte,10,10,70,32097.3,21.734380146456935,17.099267341601312,76.45727567435317,2024,76.45727567435317,4.2958191921613816e-06
1503606,Itaituba,15,Pará,Norte,10,10,2147,111796.9,193.32023685939333,87.22578780271192,560.4914453977764,2016,560.4914453977764,0.00013175891150814982
1503705,Itupiranga,15,Pará,Norte,10,10,420,52078.2,82.30949466512274,52.18913519157799,337.6612935643366,2023,337.6612935643366,2.5774915152968293e-05
1503754,Jacareacanga,15,Pará,Norte,10,9,18,14926.0,12.168442155571904,12.443325309880064,22.593764121102577,2016,22.593764121102577,1.1046392208414982e-06
1503804,Jacundá,15,Pará,Norte,10,10,850,50380.9,206.0101759325465,146.80780902695915,697.1319514393257,2025,697.1319514393257,5.216351876195964e-05
1503903,Juruti,15,Pará,Norte,10,10,146,55524.5,26.712132358929228,11.278873060872666,116.77046263345196,2024,116.77046263345196,8.959851457936597e-06
1504000,Limoeiro do Ajuru,15,Pará,Norte,10,8,106,29532.5,35.570989320722255,15.451966783511185,117.27912431587178,2017,117.27912431587178,6.505097633844378e-06
1504059,Mãe do Rio,15,Pará,Norte,10,8,273,32221.7,85.25994760513507,33.668859364942584,501.38717117358027,2018,501.38717117358027,1.675369484942939e-05
1504109,Magalhães Barata,15,Pará,Norte,10,6,51,8395.3,61.71752694630207,17.79204122181189,332.7171903881701,2023,332.7171903881701,3.129811125717578e-06
1504208,Marabá,15,Pará,Norte,10,10,1434,277672.1,52.503607482653216,20.741983348673585,200.4255765513314,2016,200.4255765513314,8.800292459370603e-05
1504307,Maracanã,15,Pará,Norte,10,10,148,28160.2,52.42259320351118,51.60927440265685,105.33827177274117,2018,105.33827177274117,9.082589149141208e-06
1504406,Marapanim,15,Pará,Norte,10,9,249,27801.9,88.55763035130344,13.171264065028414,584.6917080085046,2018,584.6917080085046,1.528084255497406e-05
1504422,Marituba,15,Pará,Norte,10,10,741,124563.7,60.48758791316104,31.795129689937248,163.02795004958065,2024,163.02795004958065,4.5474314591308345e-05
1504455,Medicilândia,15,Pará,Norte,10,10,351,29967.1,114.75437189202475,116.45370491896799,202.55087508307753,2019,202.55087508307753,2.1540464806409216e-05
1504505,Melgaço,15,Pará,Norte,10,7,45,28031.7,15.19089548501275,3.586093224226319,83.11170212765957,2025,83.11170212765957,2.7615980521037455e-06
1504604,Mocajuba,15,Pará,Norte,10,10,309,29756.2,105.35537536239323,44.209341955420186,498.2181780438017,2025,498.2181780438017,1.8962973291112387e-05
1504703,Moju,15,Pará,Norte,10,10,272,83971.2,31.507922379343984,13.675173020667348,87.1839581517001,2025,87.1839581517001,1.6692326003827085e-05
1504752,Mojuí dos Campos,15,Pará,Norte,10,10,269,19385.8,126.36272381114159,71.44831991848467,489.8862199747156,2024,489.8862199747156,1.6508219467020168e-05
1504802,Monte Alegre,15,Pará,Norte,10,9,1314,59290.7,217.706311885918,6.143032625435312,1092.0632925315442,2024,1092.0632925315442,8.063866312142937e-05
1504901,Muaná,15,Pará,Norte,10,9,56,42967.8,12.6184244189462,9.866046398472115,36.76846083137575,2024,36.76846083137575,3.4366553537291054e-06
1504950,Nova Esperança do Piriá,15,Pará,Norte,10,8,242,21065.7,114.7078588585337,30.527295867767258,582.0503191888847,2025,582.0503191888847,1.4851260635757921e-05
1504976,Nova Ipixuna,15,Pará,Norte,10,10,217,15603.8,136.10769566419367,35.85565522059881,586.3273453093813,2016,586.3273453093813,1.3317039495700284e-05
1505007,Nova Timboteua,15,Pará,Norte,10,7,144,14345.7,98.17676816821402,24.943983678472428,558.5490866079642,2018,558.5490866079642,8.837113766731985e-06
1505031,Novo Progresso,15,Pará,Norte,10,10,2125,29407.6,685.1772650271913,358.16742573222336,2161.7099368489235,2025,2161.7099368489235,0.0001304087969048991
1505064,Novo Repartimento,15,Pará,Norte,10,10,1122,70138.6,162.1395074941595,121.76065726102374,498.4638535331369,2025,498.4638535331369,6.885584476578672e-05
1505106,Óbidos,15,Pará,Norte,10,10,121,52545.9,23.192689812258884,11.203572111337586,106.7278045695312,2016,106.7278045695312,7.4256303178789604e-06
1505205,Oeiras do Pará,15,Pará,Norte,10,9,335,33438.7,93.11330771547117,15.189511180009143,783.4620776864502,2024,783.4620776864502,2.0558563276772327e-05
1505304,Oriximiná,15,Pará,Norte,10,9,539,71727.9,76.10502324570943,13.557429282045664,450.971157825634,2016,450.971157825634,3.307780777964264e-05
1505403,Ourém,15,Pará,Norte,10,8,28,17936.4,15.308799429725392,5.781584908830959,64.2570281124498,2024,64.2570281124498,1.7183276768645527e-06
1505437,Ourilândia do Norte,15,Pará,Norte,10,10,429,33068.8,128.85402144623671,135.03012785838274,222.4241095203784,2017,222.4241095203784,2.632723476338904e-05
1505486,Pacajá,15,Pará,Norte,10,10,2049,45372.4,457.94792323811754,199.2196628121299,2190.1648339086896,2025,2190.1648339086896,0.0001257447646391239
1505494,Palestina do Pará,15,Pará,Norte,10,10,207,7305.1,285.59671693232514,130.718954248366,1005.2385671810845,2025,1005.2385671810845,1.270335103967723e-05
1505502,Paragominas,15,Pará,Norte,10,10,293,111126.4,26.62761159853548,24.177747683940932,64.42444339175746,2023,64.42444339175746,1.7981071761475498e-05
1505536,Parauapebas,15,Pará,Norte,10,10,7943,238243.0,330.69756105014045,263.04907058331366,786.467761063604,2019,786.467761063604,0.00048745274061911224
1505551,Pau D'Arco,15,Pará,Norte,10,10,700,6107.8,1042.2413622818724,748.2738236855691,4618.9692982456145,2024,4618.9692982456145,4.295819192161382e-05
1505601,Peixe-Boi,15,Pará,Norte,10,9,90,8194.9,108.77417001315652,59.7072324748556,335.2213616922899,2024,335.2213616922899,5.523196104207491e-06
1505635,Piçarra,15,Pará,Norte,10,7,35,12957.5,27.268662614288274,11.558912058357762,124.68827930174564,2022,124.68827930174564,2.1479095960806908e-06
1505650,Placas,15,Pará,Norte,10,7,257,25932.2,136.6987428916516,9.911142859613479,837.3851971907077,2025,837.3851971907077,1.5771793319792503e-05
1505700,Ponta de Pedras,15,Pará,Norte,10,9,257,28663.6,96.58442165328594,18.174203366788305,524.5570407211687,2025,524.5570407211687,1.5771793319792503e-05
1505809,Portel,15,Pará,Norte,10,5,182,62907.3,27.565655433679257,1.6359650557864083,142.00723489491463,2024,142.00723489491463,1.1169129899619592e-05
1505908,Porto de Moz,15,Pará,Norte,10,7,38,41407.5,9.122561297466216,6.158090499297978,28.028334097742444,2016,28.028334097742444,2.3320161328876075e-06
1506005,Prainha,15,Pará,Norte,10,9,1371,32582.9,370.586818525991,55.47178187006858,2690.6414739808965,2024,2690.6414739808965,8.413668732076078e-05
1506104,Primavera,15,Pará,Norte,10,8,71,10882.0,65.9028335402983,23.114925065919188,294.9571836346337,2016,294.9571836346337,4.3571880377636875e-06
1506112,Quatipuru,15,Pará,Norte,10,9,96,12775.1,73.69472760664617,43.73971167908458,311.97686805661243,2016,311.97686805661243,5.8914091778213236e-06
1506138,Redenção,15,Pará,Norte,10,10,1069,86061.9,120.24307348112075,71.5326104323386,566.379700951518,2025,566.379700951518,6.560329594886454e-05
1506161,Rio Maria,15,Pará,Norte,10,10,658,18330.1,351.0997340884679,203.58091183128815,1296.460870928956,2024,1296.460870928956,4.038070040631699e-05
1506187,Rondon do Pará,15,Pará,Norte,10,10,546,53160.0,105.36372275647095,67.69651680253706,477.6060245739199,2016,477.6060245739199,3.350738969885878e-05
1506195,Rurópolis,15,Pará,Norte,10,9,938,44714.6,225.53812603767247,142.0817251819447,880.6209850107067,2024,880.6209850107067,5.756397717496252e-05
1506203,Salinópolis,15,Pará,Norte,10,10,128,42845.7,28.902267968491866,14.823070874413968,83.04268393954493,2024,83.04268393954493,7.855212237095098e-06
1506302,Salvaterra,15,Pará,Norte,10,6,43,24086.5,18.311333044105307,3.996362318361865,105.54089709762533,2016,105.54089709762533,2.6388603608991344e-06
1506351,Santa Bárbara do Pará,15,Pará,Norte,10,9,155,21260.4,70.93905294732136,39.9490321210957,266.3115845539281,2025,266.3115845539281,9.512171068357345e-06
1506401,Santa Cruz do Arari,15,Pará,Norte,10,3,4,9052.7,4.676233622986536,0.0,26.226068712300027,2025,26.226068712300027,2.454753824092218e-07
1506500,Santa Izabel do Pará,15,Pará,Norte,10,10,683,72531.2,89.61078540088687,26.86255685995515,299.261317002336,2025,299.261317002336,4.191492154637462e-05
1506559,Santa Luzia do Pará,15,Pará,Norte,10,10,348,20129.8,173.05864990684776,104.7822870812177,720.8024598014013,2021,720.8024598014013,2.13563582696023e-05
1506583,Santa Maria das Barreiras,15,Pará,Norte,10,10,480,19507.0,243.77940671344868,182.70444297890546,539.3214355756031,2016,539.3214355756031,2.9457045889106618e-05
1506609,Santa Maria do Pará,15,Pará,Norte,10,10,173,24871.2,68.48044063831915,28.18643650757442,255.66531086577572,2025,255.66531086577572,1.0616810289198844e-05
1506708,Santana do Araguaia,15,Pará,Norte,10,10,1620,56108.0,360.4672847187632,211.16112828447913,993.428562613766,2022,993.428562613766,9.941752987573484e-05
1506807,Santarém,15,Pará,Norte,10,10,1090,319489.0,32.48590770527349,21.41108679090895,98.20992824047575,2022,98.20992824047575,6.689204170651294e-05
1506906,Santarém Novo,15,Pará,Norte,10,9,49,6486.5,74.6094160125426,31.48863429606307,225.09003601440574,2018,225.09003601440574,3.0070734345129673e-06
1507003,Santo Antônio do Tauá,15,Pará,Norte,10,10,94,30081.4,31.00670220628478,23.88770137403713,74.10271280366003,2018,74.10271280366003,5.7686714866167124e-06
1507102,São Caetano de Odivelas,15,Pará,Norte,10,9,188,17524.9,108.6182677720655,28.720505654834227,858.0705009276438,2024,858.0705009276438,1.1537342973233425e-05
1507151,São Domingos do Araguaia,15,Pará,Norte,10,9,523,23750.8,231.47340021749068,73.30550306836595,742.2871723498029,2025,742.2871723498029,3.2095906250005754e-05
1507201,São Domingos do Capim,15,Pará,Norte,10,10,347,31656.1,107.67394827190454,17.50465510832595,822.8296711763076,2024,822.8296711763076,2.1294989423999992e-05
1507300,São Félix do Xingu,15,Pará,Norte,10,10,974,102794.4,103.23517732415448,82.0421980667219,386.69162116595254,2025,386.69162116595254,5.977325561664551e-05
1507409,São Francisco do Pará,15,Pará,Norte,10,10,143,15513.0,92.31134498143084,39.486022059671804,363.21183032818783,2024,363.21183032818783,8.77574492112968e-06
1507458,São Geraldo do Araguaia,15,Pará,Norte,10,10,448,24610.8,184.1557596969383,38.44263410001535,921.9447659996694,2017,921.9447659996694,2.7493242829832843e-05
1507466,São João da Ponta,15,Pará,Norte,10,7,53,5440.2,108.52476302979423,38.25951209525211,776.2253271235307,2024,776.2253271235307,3.252548816922189e-06
1507474,São João de Pirabas,15,Pará,Norte,10,8,219,22149.5,101.80519596185647,62.35580067733522,493.01561216105176,2023,493.01561216105176,1.3439777186904894e-05
1507508,São João do Araguaia,15,Pará,Norte,10,10,1283,13914.4,917.3770207395291,767.4734029195561,1892.9457639135057,2021,1892.9457639135057,7.87362289077579e-05
1507607,São Miguel do Guamá,15,Pará,Norte,10,10,288,56880.1,51.52760341691311,15.566363207300785,324.38438653715184,2024,324.38438653715184,1.767422753346397e-05
1507706,São Sebastião da Boa Vista,15,Pará,Norte,10,4,19,26503.9,6.980152172142313,0.0,40.08600269669473,2024,40.08600269669473,1.1660080664438037e-06
1507755,Sapucaia,15,Pará,Norte,10,8,322,5938.6,537.5620129389582,152.0807552140235,2044.4301352221507,2025,2044.4301352221507,1.9760768283942356e-05
1507805,Senador José Porfírio,15,Pará,Norte,10,10,611,16380.8,400.35595371863803,236.56312026901284,2024.3609538514327,2019,2024.3609538514327,3.749636466300863e-05
1507904,Soure,15,Pará,Norte,10,10,219,24998.3,88.48504290039992,42.65597383070812,409.20508872862814,2017,409.20508872862814,1.3439777186904894e-05
1507953,Tailândia,15,Pará,Norte,10,10,637,92994.9,84.1368563339019,17.493199784503773,405.1002789215035,2025,405.1002789215035,3.909195464866858e-05
1507961,Terra Alta,15,Pará,Norte,10,8,113,11224.2,103.09588488006102,13.212408114698611,619.5099398982894,2024,619.5099398982894,6.934679553060517e-06
1507979,Terra Santa,15,Pará,Norte,10,2,8,18875.3,4.091686369339028,0.0,35.59261707428688,2024,35.59261707428688,4.909507648184436e-07
1508001,Tomé-Açu,15,Pará,Norte,10,10,888,65829.3,126.70818270831118,35.076668062879016,603.6299926086124,2025,603.6299926086124,5.4495534894847246e-05
1508035,Tracuateua,15,Pará,Norte,10,10,125,30237.9,41.4294700438908,36.83019032413081,147.68569798274763,2016,147.68569798274763,7.671105700288183e-06
1508050,Trairão,15,Pará,Norte,10,8,550,17471.0,332.07125571887275,87.22140840131073,1491.9614147909967,2025,1491.9614147909967,3.3752865081268e-05
1508084,Tucumã,15,Pará,Norte,10,10,191,40034.9,46.397214570271146,33.857136053473816,146.91136347736864,2025,146.91136347736864,1.1721449510040342e-05
1508100,Tucuruí,15,Pará,Norte,10,10,1160,105192.6,109.09973479669557,57.23344552924559,380.9403163342864,2017,380.9403163342864,7.118786089867432e-05
1508126,Ulianópolis,15,Pará,Norte,10,9,57,50803.3,13.621031954883435,5.98269900455128,45.482110369921166,2024,45.482110369921166,3.498024199331411e-06
1508159,Uruará,15,Pará,Norte,10,8,350,44946.8,76.93088065640208,39.651136025679236,391.6278664984118,2025,391.6278664984118,2.147909596080691e-05
1508209,Vigia,15,Pará,Norte,10,9,350,52915.2,66.13184884274241,9.271637743769027,348.55216791787956,2017,348.55216791787956,2.147909596080691e-05
1508308,Viseu,15,Pará,Norte,10,9,230,60697.5,37.61081463894841,17.89000204457166,145.23156365983542,2024,145.23156365983542,1.4114834488530254e-05
1508357,Vitória do Xingu,15,Pará,Norte,10,10,1042,15428.6,660.5542313649568,660.2389511617237,1279.395637870111,2024,1279.395637870111,6.394633711760228e-05
1508407,Xinguara,15,Pará,Norte,10,10,2302,48693.4,479.16515054788124,294.5257433104475,1994.0271077417874,2017,1994.0271077417874,0.00014127108257650715
1600055,Serra do Navio,16,Amapá,Norte,10,8,253,5123.9,504.5110029279199,312.611462101479,1659.0045972416551,2025,1659.0045972416551,1.552631793738328e-05
1600105,Amapá,16,Amapá,Norte,10,9,26,8679.7,30.15866704208465,17.088158960983407,118.56770215793219,2024,118.56770215793219,1.5955899856599418e-06
1600154,Pedra Branca do Amapari,16,Amapá,Norte,10,9,461,15019.0,322.2030293347144,196.1865355980445,864.0552995391706,2025,864.0552995391706,2.8291037822662815e-05
1600204,Calçoene,16,Amapá,Norte,10,7,1023,10978.8,905.5564277736946,27.54753717080906,7778.070406461242,2024,7778.070406461242,6.278032905115848e-05
1600212,Cutias,16,Amapá,Norte,10,4,14,5369.5,29.07095586329948,0.0,211.64021164021165,2024,211.64021164021165,8.591638384322764e-07
1600238,Ferreira Gomes,16,Amapá,Norte,10,8,418,7350.7,578.1305622027105,453.2421373192743,1806.1238888104983,2016,1806.1238888104983,2.565217746176368e-05
1600253,Itaubal,16,Amapá,Norte,10,7,30,5580.8,51.321214811969995,26.280979399205695,330.96144299189143,2024,330.96144299189143,1.8410653680691636e-06
1600279,Laranjal do Jari,16,Amapá,Norte,10,9,1388,44378.2,360.3696707715087,42.251393609347716,2088.545919039216,2024,2088.545919039216,8.517995769599997e-05
1600303,Macapá,16,Amapá,Norte,10,10,9898,483516.3,205.32066647237997,69.95027968469455,1170.1559934318554,2024,1170.1559934318554,0.0006074288337716194
1600402,Mazagão,16,Amapá,Norte,10,10,304,21892.3,131.28742629913785,30.851437385012705,605.7291885752745,2025,605.7291885752745,1.865612906310086e-05
1600501,Oiapoque,16,Amapá,Norte,10,10,1931,27697.4,681.3626089339433,196.49224947238193,3323.381778813031,2024,3323.381778813031,0.00011850324085805183
1600535,Porto Grande,16,Amapá,Norte,10,10,631,20332.0,330.19046631294884,28.445172753622074,2512.1129134190014,2024,2512.1129134190014,3.872374157505474e-05
1600550,Pracuúba,16,Amapá,Norte,10,6,22,4585.9,52.72538727421248,19.77964462747847,420.5838693715982,2024,420.5838693715982,1.35011460325072e-06
1600600,Santana,16,Amapá,Norte,10,10,1584,117059.5,134.680080000404,45.3402759163034,880.4170574467905,2024,880.4170574467905,9.720825143405184e-05
1600709,Tartarugalzinho,16,Amapá,Norte,10,8,607,15542.4,428.96591361390267,92.29999957605362,3184.6209648168297,2024,3184.6209648168297,3.725088928059941e-05
1600808,Vitória do Jari,16,Amapá,Norte,10,6,44,14043.6,35.63049904478568,7.445443070319335,201.30850528434826,2024,201.30850528434826,2.70022920650144e-06
1700251,Abreulândia,17,Tocantins,Norte,10,10,137,2597.4,530.6462295510066,156.0686293986593,3532.6086956521735,2022,3532.6086956521735,8.407531847515848e-06
1700301,Aguiarnópolis,17,Tocantins,Norte,10,10,245,5804.6,476.14706769907264,213.9501558352801,2601.7344896597733,2022,2601.7344896597733,1.5035367172564836e-05
1700350,Aliança do Tocantins,17,Tocantins,Norte,10,9,51,5327.7,94.31831859232506,76.26873546611043,287.51123090745733,2016,287.51123090745733,3.129811125717578e-06
1700400,Almas,17,Tocantins,Norte,10,9,118,6870.6,171.35888374369017,182.51229334862398,382.70729978738484,2019,382.70729978738484,7.241523781072044e-06
1700707,Alvorada,17,Tocantins,Norte,10,9,196,8648.4,223.29864883018377,165.4268646320386,749.8295841854124,2022,749.8295841854124,1.202829373805187e-05
1701002,Ananás,17,Tocantins,Norte,10,10,233,9964.2,236.10695118077427,227.56407083506548,540.9267197387222,2016,540.9267197387222,1.4298941025337171e-05
1701051,Angico,17,Tocantins,Norte,10,5,17,3217.6,56.584895968750104,14.388489208633093,275.5769893213917,2025,275.5769893213917,1.0432703752391928e-06
1701101,Aparecida do Rio Negro,17,Tocantins,Norte,10,9,250,4857.2,523.8730576588746,229.690892523127,1729.818780889621,2022,1729.818780889621,1.5342211400576365e-05
1701309,Aragominas,17,Tocantins,Norte,10,7,105,5600.2,184.93796359070143,78.16089892878998,645.4900628503482,2016,645.4900628503482,6.443728788242073e-06
1701903,Araguacema,17,Tocantins,Norte,10,9,158,6633.2,256.2291402734036,61.43320968595693,1653.4503121309265,2022,1653.4503121309265,9.696277605164262e-06
1702000,Araguaçu,17,Tocantins,Norte,10,10,321,8417.6,376.0485017969512,155.17095406871732,1557.133043279139,2016,1557.133043279139,1.9699399438340052e-05
1702109,Araguaína,17,Tocantins,Norte,10,10,8820,178380.4,494.8177165515008,452.52319378177845,966.3656009309027,2019,966.3656009309027,0.0005412732182123342
1702158,Araguanã,17,Tocantins,Norte,10,10,115,5152.5,215.124331720513,189.92909155494226,531.4437555358725,2017,531.4437555358725,7.057417244265127e-06
1702208,Araguatins,17,Tocantins,Norte,10,10,433,34420.3,126.15836134323597,105.75313678578561,345.49059664723904,2025,345.49059664723904,2.657271014579826e-05
1702307,Arapoema,17,Tocantins,Norte,10,10,329,6219.3,534.6598212361253,450.3287728571359,1851.2898330804248,2021,1851.2898330804248,2.0190350203158497e-05
1702406,Arraias,17,Tocantins,Norte,10,10,1377,10529.0,1311.0494476647737,558.9450977005673,4561.370303775906,2019,4561.370303775906,8.450490039437461e-05
1702554,Augustinópolis,17,Tocantins,Norte,10,10,188,18138.6,104.4929600837927,74.18657015634369,386.3165556239852,2016,386.3165556239852,1.1537342973233425e-05
1702703,Aurora do Tocantins,17,Tocantins,Norte,10,9,249,3604.6,706.666782605211,209.54302417653412,2397.66081871345,2024,2397.66081871345,1.528084255497406e-05
1702901,Axixá do Tocantins,17,Tocantins,Norte,10,8,59,10052.1,57.813175305832104,42.93493769988014,173.89525368248772,2017,173.89525368248772,3.620761890536022e-06
1703008,Babaçulândia,17,Tocantins,Norte,10,10,148,9533.1,146.5491313353432,91.0691846007077,562.6406601650413,2019,562.6406601650413,9.082589149141208e-06
1703057,Bandeirantes do Tocantins,17,Tocantins,Norte,10,10,50,3515.1,143.66004376626415,72.20847834290745,616.3780452010567,2022,616.3780452010567,3.068442280115273e-06
1703073,Barra do Ouro,17,Tocantins,Norte,10,9,73,4575.2,160.52484590172034,76.68670485119387,781.9481680071492,2022,781.9481680071492,4.479925728968299e-06
1703107,Barrolândia,17,Tocantins,Norte,10,10,332,5332.8,661.2677583731054,177.94868421769684,3425.505571605448,2022,3425.505571605448,2.037445673996541e-05
1703206,Bernardo Sayão,17,Tocantins,Norte,10,8,166,4393.9,381.4745754498769,122.37773044261945,2484.3278384026007,2025,2484.3278384026007,1.0187228369982705e-05
1703305,Bom Jesus do Tocantins,17,Tocantins,Norte,10,9,105,4554.9,238.8845613981868,80.43452024371283,1015.354135710748,2022,1015.354135710748,6.443728788242073e-06
1703602,Brasilândia do Tocantins,17,Tocantins,Norte,10,7,33,2118.8,153.76272661325288,74.47868615901403,720.3962179198559,2021,720.3962179198559,2.02517190487608e-06
1703701,Brejinho de Nazaré,17,Tocantins,Norte,10,10,665,5202.5,1290.1555127385748,250.85269716290486,5433.2129963898915,2021,5433.2129963898915,4.081028232553313e-05
1703800,Buriti do Tocantins,17,Tocantins,Norte,10,8,77,10977.3,70.69995749012892,33.957504608518484,309.4284674190026,2016,309.4284674190026,4.72540111137752e-06
1703826,Cachoeirinha,17,Tocantins,Norte,10,8,146,2155.5,689.3743435531594,568.7571682798425,2090.770015298317,2022,2090.770015298317,8.959851457936597e-06
1703842,Campos Lindos,17,Tocantins,Norte,10,7,84,9549.6,88.18974095540074,16.762849640878763,336.1012257809411,2019,336.1012257809411,5.1549830305936585e-06
1703867,Cariri do Tocantins,17,Tocantins,Norte,10,10,168,4250.4,398.9746580024122,140.62050983256043,1018.2828049062717,2018,1018.2828049062717,1.0309966061187317e-05
1703883,Carmolândia,17,Tocantins,Norte,10,10,97,2434.2,414.3528646559847,214.12642788877258,1726.4879600181735,2022,1726.4879600181735,5.9527780234236296e-06
1703891,Carrasco Bonito,17,Tocantins,Norte,10,8,41,3786.5,108.06318351554974,39.73023132054801,297.441998810232,2024,297.441998810232,2.5161226696945237e-06
1703909,Caseara,17,Tocantins,Norte,10,9,55,5180.9,108.93117058641515,58.27470892337136,515.7829585310501,2022,515.7829585310501,3.3752865081268e-06
1704105,Centenário,17,Tocantins,Norte,10,5,14,2589.0,55.69982695433706,16.857720836142953,187.70530267480055,2022,187.70530267480055,8.591638384322764e-07
1704600,Chapada de Areia,17,Tocantins,Norte,10,8,19,1458.0,130.52667523881183,71.09848036792263,333.11125916055965,2022,333.11125916055965,1.1660080664438037e-06
1705102,Chapada da Natividade,17,Tocantins,Norte,10,10,136,3264.7,426.0580292106968,232.14137881418563,2021.174205967276,2022,2021.174205967276,8.346163001913543e-06
1705508,Colinas do Tocantins,17,Tocantins,Norte,10,10,1093,35242.3,307.0570401368356,142.47618995298296,976.1659760269212,2024,976.1659760269212,6.707614824331986e-05
1705557,Combinado,17,Tocantins,Norte,10,10,334,4847.7,686.4713075888366,483.89752853990564,2258.726899383984,2021,2258.726899383984,2.049719443117002e-05
1705607,Conceição do Tocantins,17,Tocantins,Norte,10,10,196,4043.1,488.3955313051767,207.69113563456483,1980.9621816310778,2022,1980.9621816310778,1.202829373805187e-05
1706001,Couto Magalhães,17,Tocantins,Norte,10,10,90,5517.6,162.02983821026686,160.25016492793628,386.6432337434095,2021,386.6432337434095,5.523196104207491e-06
1706100,Cristalândia,17,Tocantins,Norte,10,10,132,6946.0,185.58028231474333,81.90359792242569,1043.360433604336,2016,1043.360433604336,8.10068761950432e-06
1706258,Crixás do Tocantins,17,Tocantins,Norte,10,7,26,1624.9,160.4600453133798,101.38278126460723,413.22314049586777,2016,413.22314049586777,1.5955899856599418e-06
1706506,Darcinópolis,17,Tocantins,Norte,10,10,75,6024.0,123.02053929353542,74.14407694559836,528.0,2021,528.0,4.602663420172909e-06
1707009,Dianópolis,17,Tocantins,Norte,10,10,1400,20378.7,710.2095662971285,588.9499199039826,2057.61316872428,2023,2057.61316872428,8.591638384322764e-05
1707108,Divinópolis do Tocantins,17,Tocantins,Norte,10,10,240,7006.4,347.4790209754191,159.7123333508679,1260.4426205481461,2016,1260.4426205481461,1.4728522944553309e-05
1707207,Dois Irmãos do Tocantins,17,Tocantins,Norte,10,10,185,6874.8,266.01392398610426,122.71645493825154,1083.0819851933095,2016,1083.0819851933095,1.135323643642651e-05
1707306,Dueré,17,Tocantins,Norte,10,7,286,4531.8,622.9351576430367,180.4659008406137,4139.991463935126,2021,4139.991463935126,1.755148984225936e-05
1707405,Esperantina,17,Tocantins,Norte,10,7,61,9564.8,66.82707796431018,69.95271815439085,148.95057549085985,2025,148.95057549085985,3.743499581740633e-06
1707553,Fátima,17,Tocantins,Norte,10,9,40,3704.8,111.04090200057199,83.79642146278864,432.6507066628208,2022,432.6507066628208,2.454753824092218e-06
1707652,Figueirópolis,17,Tocantins,Norte,10,9,90,5282.5,170.8159830209865,133.4033099201581,665.019950598518,2019,665.019950598518,5.523196104207491e-06
1707702,Filadélfia,17,Tocantins,Norte,10,10,53,8425.4,62.36976335516556,42.907696186864264,248.41915085817524,2019,248.41915085817524,3.252548816922189e-06
1708205,Formoso do Araguaia,17,Tocantins,Norte,10,10,1103,18773.9,591.547271549916,190.06783043009057,2326.4642082429505,2019,2326.4642082429505,6.768983669934292e-05
1708254,Tabocão,17,Tocantins,Norte,10,8,90,2986.3,334.44137348733864,250.48325722644347,1050.5836575875487,2016,1050.5836575875487,5.523196104207491e-06
1708304,Goianorte,17,Tocantins,Norte,10,10,66,4995.0,132.6513226738628,60.10099228083456,466.56298600311044,2016,466.56298600311044,4.05034380975216e-06
1709005,Goiatins,17,Tocantins,Norte,10,9,180,12862.5,140.96191074733687,63.439814655188414,450.41422022038125,2022,450.41422022038125,1.1046392208414982e-05
1709302,Guaraí,17,Tocantins,Norte,10,10,605,25627.1,236.5054119537827,196.72409772920258,573.1584258324924,2022,573.1584258324924,3.71281515893948e-05
1709500,Gurupi,17,Tocantins,Norte,10,10,1875,86854.1,216.3285831778694,244.73935258349218,358.2966226138032,2022,358.2966226138032,0.00011506658550432273
1709807,Ipueiras,17,Tocantins,Norte,10,8,70,1843.8,391.68549001723403,324.96538982416905,1572.3270440251572,2022,1572.3270440251572,4.2958191921613816e-06
1710508,Itacajá,17,Tocantins,Norte,10,10,227,7222.6,309.5173040377009,159.64204414170908,1177.8878329540892,2021,1177.8878329540892,1.3930727951723339e-05
1710706,Itaguatins,17,Tocantins,Norte,10,10,83,5609.0,148.93935407754446,109.96875731175248,349.5921425004162,2016,349.5921425004162,5.0936141849913526e-06
1710904,Itapiratins,17,Tocantins,Norte,10,9,140,3718.6,378.15868090877973,106.10494628492134,1467.7901603696657,2024,1467.7901603696657,8.591638384322763e-06
1711100,Itaporã do Tocantins,17,Tocantins,Norte,10,8,174,2436.5,719.8978106116845,184.3797785961965,4908.485856905158,2022,4908.485856905158,1.067817913480115e-05
1711506,Jaú do Tocantins,17,Tocantins,Norte,10,10,93,3653.1,263.191001883873,141.55497935998153,677.2673733804477,2025,677.2673733804477,5.707302641014407e-06
1711803,Juarina,17,Tocantins,Norte,10,9,64,2231.8,285.4894910202373,134.34884130892954,980.829246544806,2022,980.829246544806,3.927606118547549e-06
1711902,Lagoa da Confusão,17,Tocantins,Norte,10,10,1046,14288.2,781.1646275265036,177.10087717565074,3215.7427405807534,2016,3215.7427405807534,6.419181250001151e-05
1711951,Lagoa do Tocantins,17,Tocantins,Norte,10,10,59,3997.7,150.8205704908084,93.4748913881699,461.7253948967193,2016,461.7253948967193,3.620761890536022e-06
1712009,Lajeado,17,Tocantins,Norte,10,9,215,3254.5,677.142258941126,487.2570079630325,2329.2916400765794,2019,2329.2916400765794,1.3194301804495674e-05
1712157,Lavandeira,17,Tocantins,Norte,10,9,41,1807.4,221.572836362752,171.5321064415718,693.3333333333333,2017,693.3333333333333,2.5161226696945237e-06
1712405,Lizarda,17,Tocantins,Norte,10,8,39,3446.5,109.13189014778291,30.364768319137035,374.331550802139,2019,374.331550802139,2.3933849784899126e-06
1712454,Luzinópolis,17,Tocantins,Norte,10,9,101,2960.0,344.09005560804445,147.2211998527788,1529.7047314123088,2025,1529.7047314123088,6.198253405832851e-06
1712504,Marianópolis do Tocantins,17,Tocantins,Norte,10,10,99,4968.0,196.97296257187205,171.4992014338319,618.3574879227053,2019,618.3574879227053,6.07551571462824e-06
1712702,Mateiros,17,Tocantins,Norte,10,8,30,2731.4,109.05619044486033,76.16305274044873,327.51091703056767,2022,327.51091703056767,1.8410653680691636e-06
1712801,Maurilândia do Tocantins,17,Tocantins,Norte,10,8,81,3307.4,243.25671771268722,111.14966051897014,1063.2014176018902,2016,1063.2014176018902,4.970876493786742e-06
1713205,Miracema do Tocantins,17,Tocantins,Norte,10,10,462,18537.1,246.35718275710707,87.48989789078729,996.4451147258428,2022,996.4451147258428,2.8352406668265122e-05
1713304,Miranorte,17,Tocantins,Norte,10,10,557,13217.3,428.90972072764987,173.6190512442281,2283.284780725927,2022,2283.284780725927,3.418244700048414e-05
1713601,Monte do Carmo,17,Tocantins,Norte,10,10,228,7022.3,318.2037720398265,219.42750178426112,1283.5032087580219,2019,1283.5032087580219,1.3992096797325644e-05
1713700,Monte Santo do Tocantins,17,Tocantins,Norte,10,9,89,2347.3,375.3864096105064,311.63668275559456,1293.823038397329,2022,1293.823038397329,5.461827258605186e-06
1713809,Palmeiras do Tocantins,17,Tocantins,Norte,10,10,42,5927.9,75.8881675428965,60.64348840945409,287.35632183908046,2022,287.35632183908046,2.5774915152968293e-06
1713957,Muricilândia,17,Tocantins,Norte,10,7,230,3497.2,658.2859517118704,85.60960094853218,5100.864553314121,2016,5100.864553314121,1.4114834488530254e-05
1714203,Natividade,17,Tocantins,Norte,10,10,360,9102.7,394.77748020936434,138.4250545627358,1677.6707435869682,2018,1677.6707435869682,2.2092784416829964e-05
1714302,Nazaré,17,Tocantins,Norte,10,9,207,4201.5,498.3730637853099,152.54161725153318,2695.483244293346,2016,2695.483244293346,1.270335103967723e-05
1714880,Nova Olinda,17,Tocantins,Norte,10,10,247,11274.3,216.12238685255232,173.28385342293527,554.8442168160478,2017,554.8442168160478,1.5158104863769448e-05
1715002,Nova Rosalândia,17,Tocantins,Norte,10,8,87,3899.8,218.15848532988338,65.43299359979551,565.1397977394408,2022,565.1397977394408,5.339089567400575e-06
1715101,Novo Acordo,17,Tocantins,Norte,10,10,65,4211.4,154.33159222223455,149.485117011713,281.2280290602297,2017,281.2280290602297,3.988974964149855e-06
1715150,Novo Alegre,17,Tocantins,Norte,10,9,167,2138.3,819.9435317283267,786.2067891299156,1846.8223791417709,2024,1846.8223791417709,1.024859721558501e-05
1715259,Novo Jardim,17,Tocantins,Norte,10,8,412,2527.8,1746.2041797943282,1141.0820033798132,5336.322869955156,2023,5336.322869955156,2.5283964388149848e-05
1715507,Oliveira de Fátima,17,Tocantins,Norte,10,9,190,1143.3,1666.098903918327,935.4341446061719,6939.501779359431,2021,6939.501779359431,1.1660080664438037e-05
1715705,Palmeirante,17,Tocantins,Norte,10,9,68,5533.6,128.07949169451274,124.92811089476618,395.9983326385994,2022,395.9983326385994,4.173081500956771e-06
1715754,Palmeirópolis,17,Tocantins,Norte,10,10,441,7419.6,612.5622351800015,211.88378232048228,4045.5120101137804,2024,4045.5120101137804,2.7063660910616706e-05
1716109,Paraíso do Tocantins,17,Tocantins,Norte,10,10,2155,52194.1,415.6621827958521,197.29095507930066,1525.974025974026,2022,1525.974025974026,0.00013224986227296825
1716208,Paranã,17,Tocantins,Norte,10,10,423,10571.8,396.22960909891157,123.72169645762726,1379.0567251999632,2025,1379.0567251999632,2.5959021689775206e-05
1716307,Pau D'Arco,17,Tocantins,Norte,10,8,159,4534.7,338.25967866745884,61.979414479533624,2497.441146366428,2021,2497.441146366428,9.757646450766567e-06
1716505,Pedro Afonso,17,Tocantins,Norte,10,10,345,13881.6,249.68320189119567,86.99407995175903,1252.2234080398434,2022,1252.2234080398434,2.1172251732795382e-05
1716604,Peixe,17,Tocantins,Norte,10,10,314,10775.5,293.9417813440001,64.05909902876553,1421.3975657502765,2019,1421.3975657502765,1.9269817519123914e-05
1716653,Pequizeiro,17,Tocantins,Norte,10,9,64,5276.4,121.29016493975038,100.2250654683624,328.6470695636297,2019,328.6470695636297,3.927606118547549e-06
1716703,Colméia,17,Tocantins,Norte,10,9,124,8576.3,143.67276917237422,75.36007784434754,726.9880326585394,2022,726.9880326585394,7.609736854685877e-06
1717008,Pindorama do Tocantins,17,Tocantins,Norte,10,10,163,4496.0,363.1056951823468,231.54197550179123,1075.268817204301,2018,1075.268817204301,1.000312183317579e-05
1717206,Piraquê,17,Tocantins,Norte,10,9,81,2726.2,330.8323773832061,109.85313271430354,1489.9211218229623,2022,1489.9211218229623,4.970876493786742e-06
1717503,Pium,17,Tocantins,Norte,10,10,482,7481.3,656.3193037961807,427.1505413324895,2282.798442325769,2016,2282.798442325769,2.9579783580311228e-05
1717800,Ponte Alta do Bom Jesus,17,Tocantins,Norte,10,9,147,4468.1,329.66720870798514,118.92158979807121,1588.3376849434292,2019,1588.3376849434292,9.021220303538902e-06
1717909,Ponte Alta do Tocantins,17,Tocantins,Norte,10,10,345,7901.7,439.91053057827094,257.4037880892149,1621.4078565779066,2022,1621.4078565779066,2.1172251732795382e-05
1718006,Porto Alegre do Tocantins,17,Tocantins,Norte,10,8,108,3043.5,361.316423526638,249.4631507192568,907.1877180739707,2022,907.1877180739707,6.6278353250489894e-06
1718204,Porto Nacional,17,Tocantins,Norte,10,10,3321,58492.4,586.2704580815566,256.4076517462606,2392.001509149217,2019,2392.001509149217,0.00020380593624525642
1718303,Praia Norte,17,Tocantins,Norte,10,10,210,8762.1,247.69412660965554,125.66643041272886,735.116895637503,2016,735.116895637503,1.2887457576484146e-05
1718402,Presidente Kennedy,17,Tocantins,Norte,10,10,101,3435.2,290.2320611467243,147.62170763576472,763.3587786259542,2021,763.3587786259542,6.198253405832851e-06
1718451,Pugmil,17,Tocantins,Norte,10,10,168,2492.1,734.3824852470398,169.55586935079864,3967.1682626538986,2022,3967.1682626538986,1.0309966061187317e-05
1718501,Recursolândia,17,Tocantins,Norte,10,6,60,3944.7,156.49710200548614,111.25633354556503,430.416068866571,2016,430.416068866571,3.6821307361383272e-06
1718550,Riachinho,17,Tocantins,Norte,10,9,42,4380.6,96.5083476751472,70.02543008777769,252.52525252525254,2022,252.52525252525254,2.5774915152968293e-06
1718659,Rio da Conceição,17,Tocantins,Norte,10,8,372,1986.7,1997.0716598374136,1139.5806538190814,9769.484083424808,2024,9769.484083424808,2.282921056405763e-05
1718709,Rio dos Bois,17,Tocantins,Norte,10,10,266,2813.1,955.944793352088,515.9192850659142,4857.560262965669,2022,4857.560262965669,1.632411293021325e-05
1718758,Rio Sono,17,Tocantins,Norte,10,9,109,5814.2,207.4466869684385,99.95773713406265,846.9324519727329,2022,846.9324519727329,6.6892041706512946e-06
1718808,Sampaio,17,Tocantins,Norte,10,9,50,4528.4,111.12448463599205,87.37652994500229,262.065953264905,2017,262.065953264905,3.068442280115273e-06
1718840,Sandolândia,17,Tocantins,Norte,10,10,112,3553.6,319.47294066929175,201.21540986719094,1125.9259259259259,2019,1125.9259259259259,6.873310707458211e-06
1718865,Santa Fé do Araguaia,17,Tocantins,Norte,10,10,209,7438.5,280.58499905005,174.40470268104423,942.350332594235,2022,942.350332594235,1.282608873088184e-05
1718881,Santa Maria do Tocantins,17,Tocantins,Norte,10,7,76,3130.1,261.26250588054165,92.5993369443819,1455.2238805970148,2022,1455.2238805970148,4.664032265775215e-06
1718899,Santa Rita do Tocantins,17,Tocantins,Norte,10,6,55,2319.5,243.35486971946494,62.501066496816534,1577.2870662460566,2022,1577.2870662460566,3.3752865081268e-06
1718907,Santa Rosa do Tocantins,17,Tocantins,Norte,10,10,113,4789.1,238.2150484381947,103.66909930042425,1117.558564367075,2022,1117.558564367075,6.934679553060517e-06
1719004,Santa Tereza do Tocantins,17,Tocantins,Norte,10,10,109,2850.2,378.87684428724907,211.04490753342944,1161.2021857923498,2021,1161.2021857923498,6.6892041706512946e-06
1720002,Santa Terezinha do Tocantins,17,Tocantins,Norte,10,9,64,2495.1,254.44679188347715,197.20962267546116,988.1422924901186,2021,988.1422924901186,3.927606118547549e-06
1720101,São Bento do Tocantins,17,Tocantins,Norte,10,9,115,5507.1,207.9996807024514,142.33547805506123,442.16483905199857,2022,442.16483905199857,7.057417244265127e-06
1720150,São Félix do Tocantins,17,Tocantins,Norte,10,6,47,1683.3,267.5043360160193,62.86251639719944,2075.1542344363434,2022,2075.1542344363434,2.8843357433083562e-06
1720200,São Miguel do Tocantins,17,Tocantins,Norte,10,8,141,12704.2,113.20828569767005,92.67879145768336,450.910328398843,2016,450.910328398843,8.65300722992507e-06
1720259,São Salvador do Tocantins,17,Tocantins,Norte,10,7,64,2801.8,248.4207765822827,48.79652157002835,1090.146750524109,2024,1090.146750524109,3.927606118547549e-06
1720309,São Sebastião do Tocantins,17,Tocantins,Norte,10,6,23,4533.4,51.20227452907918,32.97765421483123,166.49323621227887,2019,166.49323621227887,1.4114834488530255e-06
1720499,São Valério,17,Tocantins,Norte,10,9,373,4194.6,930.875387489256,444.2114629743743,4807.692307692308,2021,4807.692307692308,2.2890579409659936e-05
1720655,Silvanópolis,17,Tocantins,Norte,10,10,320,5315.9,609.9905703110397,141.2474906145351,2995.301487862177,2022,2995.301487862177,1.9638030592737745e-05
1720804,Sítio Novo do Tocantins,17,Tocantins,Norte,10,10,131,9891.8,130.68578413940958,87.7395743460759,444.830205055875,2016,444.830205055875,8.039318773902015e-06
1720853,Sucupira,17,Tocantins,Norte,10,6,66,1811.1,401.02412046603115,57.186693181085914,3107.16550412175,2022,3107.16550412175,4.05034380975216e-06
1720903,Taguatinga,17,Tocantins,Norte,10,10,310,15639.6,207.9320351923656,103.85120240349593,1137.081490840177,2024,1137.081490840177,1.902434213671469e-05
1720937,Taipas do Tocantins,17,Tocantins,Norte,10,9,207,2109.0,976.9309459295935,424.3653995461986,4189.944134078212,2019,4189.944134078212,1.270335103967723e-05
1720978,Talismã,17,Tocantins,Norte,10,10,221,2666.9,852.9352261865979,731.683708867736,2402.28013029316,2022,2402.28013029316,1.3562514878109506e-05
1721000,Palmas,17,Tocantins,Norte,10,10,27365,303477.8,908.4446707110998,409.92950851433716,3903.9683903109435,2022,3903.9683903109435,0.0016793584599070887
1721109,Tocantínia,17,Tocantins,Norte,10,9,297,7563.9,396.75639025709376,132.56808651410196,1555.1682531170397,2022,1555.1682531170397,1.8226547143884722e-05
1721208,Tocantinópolis,17,Tocantins,Norte,10,10,1056,22933.8,460.8282736862475,176.23818895845037,1357.5443147427584,2016,1357.5443147427584,6.480550095603456e-05
1721257,Tupirama,17,Tocantins,Norte,10,6,67,1912.6,352.92504688842985,154.84246322424409,1480.6980433632998,2019,1480.6980433632998,4.111712655354465e-06
1721307,Tupiratins,17,Tocantins,Norte,10,7,85,2342.1,428.77206582118424,146.620172760092,2294.557097118463,2022,2294.557097118463,5.216351876195964e-06
1722081,Wanderlândia,17,Tocantins,Norte,10,10,65,11265.9,56.98659204759896,57.54585266401192,127.30204531952813,2021,127.30204531952813,3.988974964149855e-06
1722107,Xambioá,17,Tocantins,Norte,10,10,95,11185.2,85.33514197560001,58.2272993188751,256.727203575164,2022,256.727203575164,5.8300403322190184e-06
2100055,Açailândia,21,Maranhão,Nordeste,10,8,146,110720.5,13.436169242542254,4.047861552258814,48.803378695448146,2022,48.803378695448146,8.959851457936597e-06
2100105,Afonso Cunha,21,Maranhão,Nordeste,10,5,14,6399.6,22.21112902789789,7.664009809932557,142.94790343074968,2024,142.94790343074968,8.591638384322764e-07
2100154,Água Doce do Maranhão,21,Maranhão,Nordeste,10,6,22,12445.0,17.811877366965,8.022715764103902,80.34709946970915,2024,80.34709946970915,1.35011460325072e-06
2100204,Alcântara,21,Maranhão,Nordeste,10,10,107,20618.7,51.99567793560158,36.13551045986342,175.38191720127384,2016,175.38191720127384,6.5664664794466835e-06
2100303,Aldeias Altas,21,Maranhão,Nordeste,10,10,185,25320.2,76.49724685752247,56.913534368213135,240.48784677488618,2022,240.48784677488618,1.135323643642651e-05
2100402,Altamira do Maranhão,21,Maranhão,Nordeste,10,2,4,7692.1,6.096638417497622,0.0,45.6968773800457,2024,45.6968773800457,2.454753824092218e-07
2100436,Alto Alegre do Maranhão,21,Maranhão,Nordeste,10,7,158,26047.4,62.04447807992718,5.441387564858516,216.07958251793866,2025,216.07958251793866,9.696277605164262e-06
2100477,Alto Alegre do Pindaré,21,Maranhão,Nordeste,10,10,112,29449.0,38.32935533070405,31.939851473321788,112.87389477644697,2018,112.87389477644697,6.873310707458211e-06
2100501,Alto Parnaíba,21,Maranhão,Nordeste,10,10,323,11177.5,290.1116286162662,248.1422469017534,1269.2411558196059,2022,1269.2411558196059,1.9822137129544662e-05
2100550,Amapá do Maranhão,21,Maranhão,Nordeste,10,5,43,7075.5,58.81394269134131,7.095217823187172,488.8647474198805,2024,488.8647474198805,2.6388603608991344e-06
2100600,Amarante do Maranhão,21,Maranhão,Nordeste,10,10,270,39901.7,67.30357159632851,43.18054316951634,206.782464846981,2017,206.782464846981,1.656958831262247e-05
2100709,Anajatuba,21,Maranhão,Nordeste,10,8,37,26516.7,14.167147007207527,13.494658742786854,41.95110789062202,2024,41.95110789062202,2.270647287285302e-06
2100808,Anapurus,21,Maranhão,Nordeste,10,9,203,15025.1,134.33021975927537,39.7375633200026,396.79727910437185,2025,396.79727910437185,1.2457875657268007e-05
2100832,Apicum-Açu,21,Maranhão,Nordeste,10,7,115,17689.5,64.13447301920306,8.551905901874422,365.99567459657294,2025,365.99567459657294,7.057417244265127e-06
2100873,Araguanã,21,Maranhão,Nordeste,10,7,120,13746.9,84.87338068110873,7.7131528798211635,605.9807666974049,2016,605.9807666974049,7.3642614722766545e-06
2100907,Araioses,21,Maranhão,Nordeste,10,8,99,43677.6,22.81795141532096,14.984841142175576,97.66896731345227,2017,97.66896731345227,6.07551571462824e-06
2100956,Arame,21,Maranhão,Nordeste,10,10,170,29846.9,57.39668899541018,35.59187016572412,236.88557803197952,2016,236.88557803197952,1.0432703752391927e-05
2101004,Arari,21,Maranhão,Nordeste,10,8,301,29826.3,101.58978152110318,16.877562224750857,600.57003257329,2022,600.57003257329,1.8472022526293943e-05
2101103,Axixá,21,Maranhão,Nordeste,10,7,46,12026.3,38.44197269924485,12.72264631043257,226.60511959714646,2016,226.60511959714646,2.822966897706051e-06
2101202,Bacabal,21,Maranhão,Nordeste,10,10,417,104864.2,40.153072550922076,14.655883514813887,197.04911667637353,2016,197.04911667637353,2.5590808616161376e-05
2101251,Bacabeira,21,Maranhão,Nordeste,10,10,234,17127.8,135.56361783387683,107.87885388580443,350.2928678075112,2024,350.2928678075112,1.4360309870939476e-05
2101301,Bacuri,21,Maranhão,Nordeste,10,8,85,17507.4,50.95630053284686,5.944914064058912,403.37146297411203,2024,403.37146297411203,5.216351876195964e-06
2101350,Bacurituba,21,Maranhão,Nordeste,10,2,2,5499.8,3.632604368304014,0.0,18.608113137327877,2024,18.608113137327877,1.227376912046109e-07
2101400,Balsas,21,Maranhão,Nordeste,10,10,3975,98548.5,411.83927841160096,222.99331204072104,1553.827891905765,2016,1553.827891905765,0.0002439411612691642
2101509,Barão de Grajaú,21,Maranhão,Nordeste,10,9,145,18951.8,76.03474253374942,70.10688378560354,154.17823003391922,2024,154.17823003391922,8.89848261233429e-06
2101608,Barra do Corda,21,Maranhão,Nordeste,10,10,10815,87168.3,1242.8462932303853,463.93612814840145,7320.3941750709655,2016,7320.3941750709655,0.0006637040651889336
2101707,Barreirinhas,21,Maranhão,Nordeste,10,7,33,64295.4,4.985378535936371,4.009978736030535,16.176708481007076,2024,16.176708481007076,2.02517190487608e-06
2101731,Belágua,21,Maranhão,Nordeste,10,4,16,7915.1,20.729671987018385,0.0,136.05442176870747,2016,136.05442176870747,9.819015296368873e-07
2101772,Bela Vista do Maranhão,21,Maranhão,Nordeste,10,5,9,11477.3,7.893800448678702,4.130865829477858,45.37205081669691,2016,45.37205081669691,5.523196104207491e-07
2101806,Benedito Leite,21,Maranhão,Nordeste,10,9,211,5572.6,376.2639021759886,109.12381032521417,1715.2045738788636,2024,1715.2045738788636,1.2948826422086452e-05
2101905,Bequimão,21,Maranhão,Nordeste,10,9,324,20602.3,158.04163067698832,24.70081068501895,608.6164757751474,2016,608.6164757751474,1.988350597514697e-05
2101939,Bernardo do Mearim,21,Maranhão,Nordeste,10,7,15,5979.2,25.085512764072877,16.719642017955962,84.20343550016841,2016,84.20343550016841,9.205326840345818e-07
2101970,Boa Vista do Gurupi,21,Maranhão,Nordeste,10,5,12,8450.3,15.256061713095153,5.45970735968552,90.10168618869868,2024,90.10168618869868,7.364261472276654e-07
2102002,Bom Jardim,21,Maranhão,Nordeste,10,8,219,38308.6,56.23547356571769,13.282551894879944,325.1992762482273,2016,325.1992762482273,1.3439777186904894e-05
2102036,Bom Jesus das Selvas,21,Maranhão,Nordeste,10,8,599,32145.4,181.38345019693867,9.910574576646788,1538.0038673211363,2016,1538.0038673211363,3.6759938515780965e-05
2102077,Bom Lugar,21,Maranhão,Nordeste,10,9,32,14692.2,23.188243194847953,12.230377336894346,64.4433703882713,2024,64.4433703882713,1.9638030592737745e-06
2102101,Brejo,21,Maranhão,Nordeste,10,9,80,35690.4,22.34334151392303,15.812683651622468,63.70838180710209,2017,63.70838180710209,4.909507648184436e-06
2102150,Brejo de Areia,21,Maranhão,Nordeste,10,7,15,9273.6,16.387921109556412,10.782049463307228,42.6121231490359,2024,42.6121231490359,9.205326840345818e-07
2102200,Buriti,21,Maranhão,Nordeste,10,9,54,29246.0,18.289215911572818,15.649269252531527,38.3569286561127,2019,38.3569286561127,3.3139176625244947e-06
2102309,Buriti Bravo,21,Maranhão,Nordeste,10,8,329,23336.3,141.45331417702567,6.325031825448379,887.4855996927935,2016,887.4855996927935,2.0190350203158497e-05
2102325,Buriticupu,21,Maranhão,Nordeste,10,9,518,65849.2,90.23946095552007,9.51604909345444,594.066366704162,2024,594.066366704162,3.1789062021994227e-05
2102358,Buritirana,21,Maranhão,Nordeste,10,9,158,14423.3,116.66144434973373,30.72036803574193,881.6599528767956,2024,881.6599528767956,9.696277605164262e-06
2102374,Cachoeira Grande,21,Maranhão,Nordeste,10,6,18,9512.3,18.440803396228013,10.5770392743161,89.9640143942423,2024,89.9640143942423,1.1046392208414982e-06
2102408,Cajapió,21,Maranhão,Nordeste,10,4,6,10769.8,5.673127045294083,0.0,19.34984520123839,2025,19.34984520123839,3.682130736138327e-07
2102507,Cajari,21,Maranhão,Nordeste,10,3,11,18201.3,6.6120796756155045,0.0,41.96642685851319,2025,41.96642685851319,6.7505730162536e-07
2102556,Campestre do Maranhão,21,Maranhão,Nordeste,10,10,566,13568.8,408.39226798934556,181.54041050823298,1083.0578803010058,2017,1083.0578803010058,3.473476661090489e-05
2102606,Cândido Mendes,21,Maranhão,Nordeste,10,3,95,20139.5,46.49061122365412,0.0,454.9902152641879,2025,454.9902152641879,5.8300403322190184e-06
2102705,Cantanhede,21,Maranhão,Nordeste,10,9,114,23023.7,50.77283973442468,14.556097063000895,277.5593283064255,2016,277.5593283064255,6.996048398662822e-06
2102754,Capinzal do Norte,21,Maranhão,Nordeste,10,8,38,11126.0,34.00093872586243,17.939438719630104,173.76989207975123,2019,173.76989207975123,2.3320161328876075e-06
2102804,Carolina,21,Maranhão,Nordeste,10,10,230,24196.0,95.44532853614248,65.7637909552771,365.04007049049636,2016,365.04007049049636,1.4114834488530254e-05
2102903,Carutapera,21,Maranhão,Nordeste,10,8,74,24072.9,30.203687266018836,10.197661845814814,173.00341983504325,2024,173.00341983504325,4.541294574570604e-06
2103000,Caxias,21,Maranhão,Nordeste,10,10,1584,162629.1,97.74647756430548,80.19812399456606,332.868100243321,2016,332.868100243321,9.720825143405184e-05
2103109,Cedral,21,Maranhão,Nordeste,10,2,3,10500.5,2.872279336608333,0.0,19.149751053236308,2024,19.149751053236308,1.8410653680691636e-07
2103125,Central do Maranhão,21,Maranhão,Nordeste,10,4,9,8061.3,12.529217720707347,0.0,55.302087653808925,2024,55.302087653808925,5.523196104207491e-07
2103158,Centro do Guilherme,21,Maranhão,Nordeste,10,7,12,13114.2,9.238279054102804,7.826786811224559,31.575623618566464,2024,31.575623618566464,7.364261472276654e-07
2103174,Centro Novo do Maranhão,21,Maranhão,Nordeste,10,7,30,19532.2,17.78453206858154,4.60183682133548,96.79956440196018,2024,96.79956440196018,1.8410653680691636e-06
2103208,Chapadinha,21,Maranhão,Nordeste,10,10,1078,80840.2,135.8831682135098,43.493085679371745,879.4098126308267,2016,879.4098126308267,6.615561555928529e-05
2103257,Cidelândia,21,Maranhão,Nordeste,10,8,165,13998.0,122.45040343151784,69.13354664162429,434.85013200807583,2022,434.85013200807583,1.01258595243804e-05
2103307,Codó,21,Maranhão,Nordeste,10,10,157,119842.6,13.349292755737858,7.272521360999934,43.962361455154166,2025,43.962361455154166,9.634908759561957e-06
2103406,Coelho Neto,21,Maranhão,Nordeste,10,7,379,46448.3,84.96150574341304,12.825605478273186,436.8908733016467,2022,436.8908733016467,2.3258792483273767e-05
2103505,Colinas,21,Maranhão,Nordeste,10,9,453,41014.2,109.763330352922,36.653499023792435,390.9854776822575,2019,390.9854776822575,2.780008705784437e-05
2103554,Conceição do Lago-Açu,21,Maranhão,Nordeste,10,3,15,15782.7,9.854101430247031,0.0,45.85953878406709,2024,45.85953878406709,9.205326840345818e-07
2103604,Coroatá,21,Maranhão,Nordeste,10,9,138,63201.8,22.19420944377256,12.278599534628256,125.50732669394141,2024,125.50732669394141,8.468900693118153e-06
2103703,Cururupu,21,Maranhão,Nordeste,10,10,517,32048.2,166.84846732879015,23.35987609731759,1402.3697451712385,2016,1402.3697451712385,3.172769317639192e-05
2103752,Davinópolis,21,Maranhão,Nordeste,10,7,118,13538.7,85.25626762020269,30.64576747744216,311.06302407357316,2024,311.06302407357316,7.241523781072044e-06
2103802,Dom Pedro,21,Maranhão,Nordeste,10,8,78,23253.1,33.521696403678604,23.633557992320995,158.45824411134902,2019,158.45824411134902,4.786769956979825e-06
2103901,Duque Bacelar,21,Maranhão,Nordeste,10,8,55,10919.0,51.748172353163454,37.098343818389914,162.71056661562022,2024,162.71056661562022,3.3752865081268e-06
2104008,Esperantinópolis,21,Maranhão,Nordeste,10,9,79,17626.2,44.70940275480293,17.707577460777276,190.1027743123626,2016,190.1027743123626,4.848138802582131e-06
2104057,Estreito,21,Maranhão,Nordeste,10,10,319,38769.4,82.22509918374962,78.9356329752328,166.23129897886488,2017,166.23129897886488,1.9576661747135442e-05
2104073,Feira Nova do Maranhão,21,Maranhão,Nordeste,10,9,349,8326.3,416.3228888565085,225.69209975131588,1975.540921919097,2019,1975.540921919097,2.1417727115204603e-05
2104081,Fernando Falcão,21,Maranhão,Nordeste,10,6,42,10631.6,39.72454046582876,13.739705222903368,166.60133281066248,2016,166.60133281066248,2.5774915152968293e-06
2104099,Formosa da Serra Negra,21,Maranhão,Nordeste,10,10,346,18620.0,183.68339922689242,91.57586285553859,749.1225313007491,2019,749.1225313007491,2.123362057839769e-05
2104107,Fortaleza dos Nogueiras,21,Maranhão,Nordeste,10,10,504,12654.2,402.3268470825064,164.20363054764482,1298.0730468435056,2017,1298.0730468435056,3.092989818356195e-05
2104206,Fortuna,21,Maranhão,Nordeste,10,10,368,16584.8,234.46874503010721,90.10355936641004,1337.6172054291521,2016,1337.6172054291521,2.258373518164841e-05
2104305,Godofredo Viana,21,Maranhão,Nordeste,10,6,45,11226.0,42.633474021470114,8.357408517559008,307.0427940894262,2024,307.0427940894262,2.7615980521037455e-06
2104404,Gonçalves Dias,21,Maranhão,Nordeste,10,8,166,17649.5,94.641002098595,8.476062740934896,682.6326867284829,2024,682.6326867284829,1.0187228369982705e-05
2104503,Governador Archer,21,Maranhão,Nordeste,10,8,120,10620.8,114.19354163056646,18.8914224948525,477.46371275783036,2024,477.46371275783036,7.3642614722766545e-06
2104552,Governador Edison Lobão,21,Maranhão,Nordeste,10,10,354,18467.5,192.80551212873928,169.41667132903575,568.4302579798863,2019,568.4302579798863,2.172457134321613e-05
2104602,Governador Eugênio Barros,21,Maranhão,Nordeste,10,5,135,15244.5,96.700838885308,3.0262680062946377,854.2713567839196,2023,854.2713567839196,8.284794156311236e-06
2104628,Governador Luiz Rocha,21,Maranhão,Nordeste,10,8,46,7523.8,61.6114624307301,13.483653613480431,263.1943482476797,2024,263.1943482476797,2.822966897706051e-06
2104651,Governador Newton Bello,21,Maranhão,Nordeste,10,8,68,10394.9,62.81058529016225,24.76989699705354,437.1186595027775,2024,437.1186595027775,4.173081500956771e-06
2104677,Governador Nunes Freire,21,Maranhão,Nordeste,10,8,436,24562.2,174.67848949903288,16.68277864895259,1592.687210601948,2016,1592.687210601948,2.6756816682605178e-05
2104701,Graça Aranha,21,Maranhão,Nordeste,10,6,35,6168.6,56.83839738269148,16.603021749958494,405.7782827463074,2024,405.7782827463074,2.1479095960806908e-06
2104800,Grajaú,21,Maranhão,Nordeste,10,9,433,71800.9,59.01084513556528,20.009234464563654,178.68745938921376,2022,178.68745938921376,2.657271014579826e-05
2104909,Guimarães,21,Maranhão,Nordeste,10,3,9,11304.9,8.61553232519282,0.0,66.85768863419294,2024,66.85768863419294,5.523196104207491e-07
2105005,Humberto de Campos,21,Maranhão,Nordeste,10,9,69,27650.7,24.946069263314847,22.129016678713544,92.02888291094436,2016,92.02888291094436,4.234450346559076e-06
2105104,Icatu,21,Maranhão,Nordeste,10,7,24,26249.6,9.372450187810069,3.892719133497625,47.37091425864519,2024,47.37091425864519,1.4728522944553309e-06
2105153,Igarapé do Meio,21,Maranhão,Nordeste,10,9,52,14179.3,36.713611389251376,24.402217809109914,141.3727292005372,2017,141.3727292005372,3.1911799713198836e-06
2105203,Igarapé Grande,21,Maranhão,Nordeste,10,9,121,10972.2,110.87964201396001,22.890278937293644,556.5371024734983,2019,556.5371024734983,7.4256303178789604e-06
2105302,Imperatriz,21,Maranhão,Nordeste,10,10,2305,266162.9,85.73921550839745,65.60977982911172,236.72083774627734,2024,236.72083774627734,0.00014145518911331409
2105351,Itaipava do Grajaú,21,Maranhão,Nordeste,10,6,196,15188.4,125.20571335731105,6.217685557196518,1087.437567174559,2016,1087.437567174559,1.202829373805187e-05
2105401,Itapecuru Mirim,21,Maranhão,Nordeste,10,10,218,65407.5,33.15411838104155,23.54517478129582,98.23614797003063,2019,98.23614797003063,1.3378408341302589e-05
2105427,Itinga do Maranhão,21,Maranhão,Nordeste,10,10,295,24609.7,121.99017795347534,109.82944896794672,286.07257622070694,2016,286.07257622070694,1.810380945268011e-05
2105450,Jatobá,21,Maranhão,Nordeste,10,7,219,9131.3,283.25548034362555,11.542205029184299,2312.7463863337716,2024,2312.7463863337716,1.3439777186904894e-05
2105476,Jenipapo dos Vieiras,21,Maranhão,Nordeste,10,9,201,16883.7,119.555684490071,41.003480971430655,440.02514429395967,2024,440.02514429395967,1.2335137966063397e-05
2105500,João Lisboa,21,Maranhão,Nordeste,10,9,357,24093.6,150.85618899034444,31.183302003636477,1024.510439631695,2016,1024.510439631695,2.1908677880023047e-05
2105609,Joselândia,21,Maranhão,Nordeste,10,7,56,15679.2,36.43711929376326,12.478374392163355,167.51541141785043,2023,167.51541141785043,3.4366553537291054e-06
2105658,Junco do Maranhão,21,Maranhão,Nordeste,10,4,217,4308.0,414.27874149932506,0.0,3862.173419159409,2025,3862.173419159409,1.3317039495700284e-05
2105708,Lago da Pedra,21,Maranhão,Nordeste,10,10,116,48159.4,23.763009033364483,23.249601234077208,54.15596919127086,2017,54.15596919127086,7.118786089867433e-06
2105807,Lago do Junco,21,Maranhão,Nordeste,10,6,53,10312.6,53.34583108312065,9.748712688811166,216.49484536082477,2024,216.49484536082477,3.252548816922189e-06
2105906,Lago Verde,21,Maranhão,Nordeste,10,7,70,15681.0,45.06851089554703,12.8763900307157,219.27076807417615,2016,219.27076807417615,4.2958191921613816e-06
2105922,Lagoa do Mato,21,Maranhão,Nordeste,10,7,147,10987.1,136.76199329140783,22.47139757104719,491.86530457813086,2022,491.86530457813086,9.021220303538902e-06
2105948,Lago dos Rodrigues,21,Maranhão,Nordeste,10,3,30,8825.2,34.113606710620715,0.0,149.61445505811946,2016,149.61445505811946,1.8410653680691636e-06
2105963,Lagoa Grande do Maranhão,21,Maranhão,Nordeste,10,8,170,11446.3,150.41034670590503,26.375241005938477,821.2819139439385,2016,821.2819139439385,1.0432703752391927e-05
2105989,Lajeado Novo,21,Maranhão,Nordeste,10,9,165,7379.0,228.557873648533,105.92582384391403,666.0053847243871,2022,666.0053847243871,1.01258595243804e-05
2106003,Lima Campos,21,Maranhão,Nordeste,10,5,9,11669.7,7.749683378238062,4.284490145672665,34.60806367883717,2024,34.60806367883717,5.523196104207491e-07
2106102,Loreto,21,Maranhão,Nordeste,10,9,107,11964.6,90.19762713836566,58.819587137410494,324.7564326754934,2017,324.7564326754934,6.5664664794466835e-06
2106201,Luís Domingues,21,Maranhão,Nordeste,10,4,22,7060.3,30.03119677666487,0.0,217.65746156985443,2024,217.65746156985443,1.35011460325072e-06
2106300,Magalhães de Almeida,21,Maranhão,Nordeste,10,5,23,17456.2,15.25766013569482,5.119803399549457,49.996428826512386,2024,49.996428826512386,1.4114834488530255e-06
2106326,Maracaçumé,21,Maranhão,Nordeste,10,10,316,21402.5,148.33753097255834,55.20047258318158,517.4951336466789,2016,517.4951336466789,1.9392555210328525e-05
2106359,Marajá do Sena,21,Maranhão,Nordeste,10,2,16,7474.0,22.363554290242117,0.0,195.7220746539913,2025,195.7220746539913,9.819015296368873e-07
2106375,Maranhãozinho,21,Maranhão,Nordeste,10,7,55,15367.1,36.52379108048615,23.414705995531186,161.87274312040842,2016,161.87274312040842,3.3752865081268e-06
2106409,Mata Roma,21,Maranhão,Nordeste,10,9,82,17021.7,47.7436689140318,29.718677315860845,147.88692338319777,2025,147.88692338319777,5.0322453393890474e-06
2106508,Matinha,21,Maranhão,Nordeste,10,6,19,22889.0,8.399459618426125,6.408280678721239,22.692202959063266,2022,22.692202959063266,1.1660080664438037e-06
2106607,Matões,21,Maranhão,Nordeste,10,10,352,33297.6,106.08131579438972,87.84176864773433,309.3093093093093,2024,309.3093093093093,2.160183365201152e-05
2106631,Matões do Norte,21,Maranhão,Nordeste,10,8,60,17183.5,34.78453981219265,11.59083057678475,138.95601739971002,2016,138.95601739971002,3.6821307361383272e-06
2106672,Milagres do Maranhão,21,Maranhão,Nordeste,10,5,8,8627.5,9.039098679635938,5.670220004536176,33.09431880860452,2025,33.09431880860452,4.909507648184436e-07
2106706,Mirador,21,Maranhão,Nordeste,10,6,18,21042.3,8.512582840038705,11.723587552795198,18.589088205223533,2024,18.589088205223533,1.1046392208414982e-06
2106755,Miranda do Norte,21,Maranhão,Nordeste,10,9,516,26719.0,190.17011048668,68.06976974135412,1382.1922211507554,2016,1382.1922211507554,3.166632433078961e-05
2106805,Mirinzal,21,Maranhão,Nordeste,10,5,13,14593.0,9.059669971486054,3.4036759700476513,27.977897461005806,2024,27.977897461005806,7.977949928299709e-07
2106904,Monção,21,Maranhão,Nordeste,10,7,192,31289.8,66.02738700688866,8.396177901858582,503.39089701461234,2024,503.39089701461234,1.1782818355642647e-05
2107001,Montes Altos,21,Maranhão,Nordeste,10,9,126,9121.5,136.99961925143674,49.481247528165795,676.764421527554,2024,676.764421527554,7.732474545890488e-06
2107100,Morros,21,Maranhão,Nordeste,10,6,49,19152.0,25.73836888839974,10.4614520039112,147.4149731494156,2024,147.4149731494156,3.0070734345129673e-06
2107209,Nina Rodrigues,21,Maranhão,Nordeste,10,5,85,14442.6,59.23162798340344,7.054176072234762,315.5901535872081,2016,315.5901535872081,5.216351876195964e-06
2107258,Nova Colinas,21,Maranhão,Nordeste,10,9,69,5260.2,128.94614307415048,68.01777797112167,626.4971439100792,2020,626.4971439100792,4.234450346559076e-06
2107308,Nova Iorque,21,Maranhão,Nordeste,10,8,62,4536.6,138.3007952676699,110.3577953353738,521.3055303717135,2024,521.3055303717135,3.8048684273429383e-06
2107357,Nova Olinda do Maranhão,21,Maranhão,Nordeste,10,5,170,18284.1,85.09107410263799,6.954586549829613,767.437342141053,2016,767.437342141053,1.0432703752391927e-05
2107407,Olho d'Água das Cunhãs,21,Maranhão,Nordeste,10,6,56,18890.2,29.443432712732136,5.167754488376884,174.31427839015637,2019,174.31427839015637,3.4366553537291054e-06
2107456,Olinda Nova do Maranhão,21,Maranhão,Nordeste,10,6,16,14316.3,11.447711792480927,6.803539152978144,35.94794737220505,2024,35.94794737220505,9.819015296368873e-07
2107506,Paço do Lumiar,21,Maranhão,Nordeste,10,10,502,133091.5,38.47931000470406,28.731549702254217,145.93670516615936,2016,145.93670516615936,3.080716049235734e-05
2107605,Palmeirândia,21,Maranhão,Nordeste,10,2,8,20316.8,3.7146971409194633,0.0,32.398407849671386,2024,32.398407849671386,4.909507648184436e-07
2107704,Paraibano,21,Maranhão,Nordeste,10,10,870,20160.6,452.0605965330894,308.1285976363489,1428.2587282477837,2022,1428.2587282477837,5.339089567400575e-05
2107803,Parnarama,21,Maranhão,Nordeste,10,8,375,33545.6,115.7651953172018,9.163636363636364,430.9275793650794,2024,430.9275793650794,2.3013317100864546e-05
2107902,Passagem Franca,21,Maranhão,Nordeste,10,9,265,18346.8,150.62608306683373,11.06510092389425,966.4032744016827,2025,966.4032744016827,1.6262744084610944e-05
2108009,Pastos Bons,21,Maranhão,Nordeste,10,8,624,19263.3,323.8210363558116,18.291443904712473,2021.1992102255015,2024,2021.1992102255015,3.82941596558386e-05
2108058,Paulino Neves,21,Maranhão,Nordeste,10,5,17,16532.6,10.142172855033017,2.844464671748777,39.947497574616214,2024,39.947497574616214,1.0432703752391928e-06
2108108,Paulo Ramos,21,Maranhão,Nordeste,10,9,70,20777.7,33.75184197984464,16.769014343747468,120.20386575632273,2025,120.20386575632273,4.2958191921613816e-06
2108207,Pedreiras,21,Maranhão,Nordeste,10,10,306,38425.7,81.59846334057323,18.512418201188602,520.9176788124156,2023,520.9176788124156,1.877886675430547e-05
2108256,Pedro do Rosário,21,Maranhão,Nordeste,10,5,22,24924.8,8.881745186344581,1.9885459751829462,40.13324236465064,2024,40.13324236465064,1.35011460325072e-06
2108306,Penalva,21,Maranhão,Nordeste,10,5,25,36242.0,7.527158631813419,1.3215975471149526,23.88344877000239,2025,23.88344877000239,1.5342211400576365e-06
2108405,Peri Mirim,21,Maranhão,Nordeste,10,4,10,13016.9,7.8059045542145045,0.0,35.59225512528474,2016,35.59225512528474,6.136884560230545e-07
2108454,Peritoró,21,Maranhão,Nordeste,10,9,38,22172.3,16.966953421468638,7.225527761431703,52.590060478569555,2016,52.590060478569555,2.3320161328876075e-06
2108504,Pindaré-Mirim,21,Maranhão,Nordeste,10,10,134,32476.4,41.375973202880914,15.641777472635086,190.83969465648855,2017,190.83969465648855,8.22342531070893e-06
2108603,Pinheiro,21,Maranhão,Nordeste,10,10,293,84386.4,34.40180463902235,9.905474178110527,197.3505394641992,2023,197.3505394641992,1.7981071761475498e-05
2108702,Pio XII,21,Maranhão,Nordeste,10,9,78,21611.5,35.7092602757446,28.661856129654,116.23228575260406,2024,116.23228575260406,4.786769956979825e-06
2108801,Pirapemas,21,Maranhão,Nordeste,10,9,44,18308.1,24.172551840387083,10.88423892202891,82.78145695364239,2024,82.78145695364239,2.70022920650144e-06
2108900,Poção de Pedras,21,Maranhão,Nordeste,10,10,122,17451.3,69.417066943217,26.222248120738886,268.5615173725731,2019,268.5615173725731,7.486999163481266e-06
2109007,Porto Franco,21,Maranhão,Nordeste,10,10,227,24011.1,94.14327547012866,46.03509206068197,334.68602267497806,2022,334.68602267497806,1.3930727951723339e-05
2109056,Porto Rico do Maranhão,21,Maranhão,Nordeste,10,5,23,5961.8,39.13458507052569,8.423180592991914,256.5418163160595,2016,256.5418163160595,1.4114834488530255e-06
2109106,Presidente Dutra,21,Maranhão,Nordeste,10,9,182,46937.4,38.76537561942915,15.260842306159562,161.80540770704704,2016,161.80540770704704,1.1169129899619592e-05
2109205,Presidente Juscelino,21,Maranhão,Nordeste,10,9,21,12227.2,17.52653173985009,8.805917576611483,68.87052341597796,2025,68.87052341597796,1.2887457576484146e-06
2109239,Presidente Médici,21,Maranhão,Nordeste,10,3,3,6089.5,5.640568634912335,0.0,21.1999152003392,2025,21.1999152003392,1.8410653680691636e-07
2109270,Presidente Sarney,21,Maranhão,Nordeste,10,9,320,18424.0,172.95771363060632,70.65827600535133,518.0251612221165,2019,518.0251612221165,1.9638030592737745e-05
2109304,Presidente Vargas,21,Maranhão,Nordeste,10,8,34,11045.1,31.06048216276231,27.703715429603037,70.23088403125274,2016,70.23088403125274,2.0865407504783856e-06
2109403,Primeira Cruz,21,Maranhão,Nordeste,10,5,166,14683.3,110.53260632655244,3.5919540229885056,1048.5797717016192,2016,1048.5797717016192,1.0187228369982705e-05
2109452,Raposa,21,Maranhão,Nordeste,10,9,114,31091.6,36.30850544866053,22.859503715829348,137.26835964310226,2024,137.26835964310226,6.996048398662822e-06
2109502,Riachão,21,Maranhão,Nordeste,10,10,228,21026.1,110.81849501295713,72.12787993008064,480.5017449800213,2016,480.5017449800213,1.3992096797325644e-05
2109551,Ribamar Fiquene,21,Maranhão,Nordeste,10,7,59,7661.1,78.30991883586066,51.98297294208919,229.11051212938003,2023,229.11051212938003,3.620761890536022e-06
2109601,Rosário,21,Maranhão,Nordeste,10,10,339,41226.3,81.24949794671453,22.33068452037911,521.2300076161462,2016,521.2300076161462,2.0804038659181548e-05
2109700,Sambaíba,21,Maranhão,Nordeste,10,7,48,5689.9,84.91174680396732,26.43797638302799,251.4367816091954,2022,251.4367816091954,2.9457045889106618e-06
2109759,Santa Filomena do Maranhão,21,Maranhão,Nordeste,10,4,59,7361.5,77.16736327441048,0.0,501.7367811655731,2019,501.7367811655731,3.620761890536022e-06
2109809,Santa Helena,21,Maranhão,Nordeste,10,7,248,42200.3,58.84330174388488,23.848569764880082,269.48340992757636,2023,269.48340992757636,1.5219473709371753e-05
2109908,Santa Inês,21,Maranhão,Nordeste,10,10,298,87526.6,34.038817363534555,30.00202270221615,94.13953066340014,2024,94.13953066340014,1.8287915989487025e-05
2110005,Santa Luzia,21,Maranhão,Nordeste,10,9,270,66715.0,45.24241408090917,17.07802048743746,265.46369393597644,2023,265.46369393597644,1.656958831262247e-05
2110039,Santa Luzia do Paruá,21,Maranhão,Nordeste,10,8,96,24937.6,38.19777439506864,10.149736139760911,269.264274966342,2019,269.264274966342,5.8914091778213236e-06
2110104,Santa Quitéria do Maranhão,21,Maranhão,Nordeste,10,7,29,25023.3,11.616433822251988,5.968457549994949,67.48174023499524,2016,67.48174023499524,1.7796965224668583e-06
2110203,Santa Rita,21,Maranhão,Nordeste,10,10,136,37699.3,36.001108456057814,23.557432573879545,117.04728710399,2024,117.04728710399,8.346163001913543e-06
2110237,Santana do Maranhão,21,Maranhão,Nordeste,10,7,27,12312.4,24.630156083602277,7.5234115493063705,102.23998512872943,2025,102.23998512872943,1.6569588312622474e-06
2110278,Santo Amaro do Maranhão,21,Maranhão,Nordeste,10,5,9,15169.4,6.052930357153853,3.1183734564051395,28.011204481792713,2024,28.011204481792713,5.523196104207491e-07
2110302,Santo Antônio dos Lopes,21,Maranhão,Nordeste,10,3,44,14441.8,30.143337809330006,0.0,225.67188675374413,2024,225.67188675374413,2.70022920650144e-06
2110401,São Benedito do Rio Preto,21,Maranhão,Nordeste,10,8,27,18578.4,14.529908195324946,16.22920409721589,37.24791145639334,2024,37.24791145639334,1.6569588312622474e-06
2110500,São Bento,21,Maranhão,Nordeste,10,7,32,46220.6,6.808610156568042,3.261330226320185,18.735948038970772,2024,18.735948038970772,1.9638030592737745e-06
2110609,São Bernardo,21,Maranhão,Nordeste,10,7,30,28025.3,10.806051928430696,3.5569864811740097,68.132104564851,2024,68.132104564851,1.8410653680691636e-06
2110658,São Domingos do Azeitão,21,Maranhão,Nordeste,10,6,68,7660.6,88.26541814447236,50.05005005005005,362.5134264232009,2021,362.5134264232009,4.173081500956771e-06
2110708,São Domingos do Maranhão,21,Maranhão,Nordeste,10,7,141,34344.5,40.5788210978917,13.132345715215997,187.38820589988927,2024,187.38820589988927,8.65300722992507e-06
2110807,São Félix de Balsas,21,Maranhão,Nordeste,10,6,103,4502.3,230.63968664368772,21.861556062979634,1571.973950145969,2017,1571.973950145969,6.320991097037462e-06
2110856,São Francisco do Brejão,21,Maranhão,Nordeste,10,9,205,10744.0,199.74289676648831,95.41442739817948,773.3952049497293,2023,773.3952049497293,1.2580613348472619e-05
2110906,São Francisco do Maranhão,21,Maranhão,Nordeste,10,8,189,12164.3,154.72545878579245,61.64603969531409,614.2506142506143,2019,614.2506142506143,1.1598711818835732e-05
2111003,São João Batista,21,Maranhão,Nordeste,10,7,11,19819.6,5.6884095128903835,5.063793445646568,15.882259516120493,2025,15.882259516120493,6.7505730162536e-07
2111029,São João do Carú,21,Maranhão,Nordeste,10,7,37,14340.7,29.059283837293577,12.793022346047115,161.01763143064164,2024,161.01763143064164,2.270647287285302e-06
2111052,São João do Paraíso,21,Maranhão,Nordeste,10,10,203,10668.3,190.08619188088124,76.82755086527669,538.1738575207515,2016,538.1738575207515,1.2457875657268007e-05
2111078,São João do Soter,21,Maranhão,Nordeste,10,7,43,17922.7,24.589923258139443,5.8585535552838675,179.66848267068505,2024,179.66848267068505,2.6388603608991344e-06
2111102,São João dos Patos,21,Maranhão,Nordeste,10,9,516,25665.7,199.69068316288562,45.963229416466824,1610.5982773936887,2024,1610.5982773936887,3.166632433078961e-05
2111201,São José de Ribamar,21,Maranhão,Nordeste,10,10,1775,207154.3,93.74557228670025,53.35699303701462,478.95550202263536,2016,478.95550202263536,0.00010892970094409218
2111250,São José dos Basílios,21,Maranhão,Nordeste,10,7,139,7364.5,186.6575661606633,114.29811360040466,772.1502421149064,2019,772.1502421149064,8.530269538720458e-06
2111300,São Luís,21,Maranhão,Nordeste,10,10,14903,1084908.3,138.43512652258377,112.01661207379792,436.5913004935661,2016,436.5913004935661,0.0009145799060111582
2111409,São Luís Gonzaga do Maranhão,21,Maranhão,Nordeste,10,9,80,18375.1,43.59550263967952,46.14838709387569,93.648432765934,2024,93.648432765934,4.909507648184436e-06
2111508,São Mateus do Maranhão,21,Maranhão,Nordeste,10,8,424,40598.6,105.23993219599352,25.07260906244428,689.7410358565737,2024,689.7410358565737,2.6020390535377513e-05
2111532,São Pedro da Água Branca,21,Maranhão,Nordeste,10,10,419,13401.9,325.7627747345827,72.06971597978182,2311.2109782521466,2016,2311.2109782521466,2.5713546307365986e-05
2111573,São Pedro dos Crentes,21,Maranhão,Nordeste,10,10,669,5141.1,1340.1513275551265,203.77837400713923,7112.253641816624,2019,7112.253641816624,4.105575770794235e-05
2111607,São Raimundo das Mangabeiras,21,Maranhão,Nordeste,10,9,374,18855.2,199.988932715364,47.23365915438198,1049.700085689803,2022,1049.700085689803,2.295194825526224e-05
2111631,São Raimundo do Doca Bezerra,21,Maranhão,Nordeste,10,5,136,5359.7,266.4014986853011,8.670019074041964,2538.370720188902,2016,2538.370720188902,8.346163001913543e-06
2111672,São Roberto,21,Maranhão,Nordeste,10,5,26,5860.4,49.76794014871806,7.519927808693036,174.78697837011143,2025,174.78697837011143,1.5955899856599418e-06
2111706,São Vicente Ferrer,21,Maranhão,Nordeste,10,4,18,20965.0,9.076062733765603,0.0,40.27183488547697,2025,40.27183488547697,1.1046392208414982e-06
2111722,Satubinha,21,Maranhão,Nordeste,10,9,84,11895.9,86.2759874570044,42.797253666392734,472.972972972973,2024,472.972972972973,5.1549830305936585e-06
2111748,Senador Alexandre Costa,21,Maranhão,Nordeste,10,6,83,10801.0,77.93483475225163,13.523799888573523,301.2323140118667,2016,301.2323140118667,5.0936141849913526e-06
2111763,Senador La Rocque,21,Maranhão,Nordeste,10,9,102,14402.2,71.72560371340442,31.419139681526566,343.4704830053667,2016,343.4704830053667,6.259622251435156e-06
2111789,Serrano do Maranhão,21,Maranhão,Nordeste,10,3,26,10443.4,24.79339411394428,0.0,133.65155131264916,2025,133.65155131264916,1.5955899856599418e-06
2111805,Sítio Novo,21,Maranhão,Nordeste,10,10,385,17715.9,219.0232756354489,74.6311017029451,653.0331672108609,2024,653.0331672108609,2.36270055568876e-05
2111904,Sucupira do Norte,21,Maranhão,Nordeste,10,8,228,10479.9,218.47021113082997,14.20233805832321,1002.769554006303,2024,1002.769554006303,1.3992096797325644e-05
2111953,Sucupira do Riachão,21,Maranhão,Nordeste,10,5,156,5393.9,301.466103753051,44.169611307420496,1867.138364779874,2024,1867.138364779874,9.57353991395965e-06
2112001,Tasso Fragoso,21,Maranhão,Nordeste,10,10,597,8700.1,678.2559674033463,643.1956668923493,1478.6418400876232,2025,1478.6418400876232,3.663720082457636e-05
2112100,Timbiras,21,Maranhão,Nordeste,10,7,21,28146.2,7.667136458544896,3.466578420589886,36.57109420713868,2024,36.57109420713868,1.2887457576484146e-06
2112209,Timon,21,Maranhão,Nordeste,10,10,2219,172641.5,125.57846937524468,39.586382262588934,548.5340899320781,2022,548.5340899320781,0.0001361774683915158
2112233,Trizidela do Vale,21,Maranhão,Nordeste,10,10,97,22211.2,44.026899242407,27.275312968361455,137.9113562868556,2016,137.9113562868556,5.9527780234236296e-06
2112274,Tufilândia,21,Maranhão,Nordeste,10,4,8,5714.5,14.149360523549756,0.0,88.76264867743653,2024,88.76264867743653,4.909507648184436e-07
2112308,Tuntum,21,Maranhão,Nordeste,10,10,187,39744.6,46.63121621645814,10.354784505695278,164.9454962707975,2019,164.9454962707975,1.147597412763112e-05
2112407,Turiaçu,21,Maranhão,Nordeste,10,8,160,36551.3,44.45896328037206,8.226669445318537,234.62760021745973,2016,234.62760021745973,9.819015296368873e-06
2112456,Turilândia,21,Maranhão,Nordeste,10,9,238,28325.6,79.04183993978725,35.37820271457702,252.8604842278273,2023,252.8604842278273,1.4605785253348699e-05
2112506,Tutóia,21,Maranhão,Nordeste,10,10,169,56988.5,30.40565269228899,13.545408372281425,123.54426700096292,2024,123.54426700096292,1.0371334906789622e-05
2112605,Urbano Santos,21,Maranhão,Nordeste,10,8,255,33264.1,77.65951016277296,13.302109159812503,560.8507769162402,2016,560.8507769162402,1.5649055628587893e-05
2112704,Vargem Grande,21,Maranhão,Nordeste,10,9,130,51505.9,23.735318156014593,4.556723697756396,184.8860168730928,2016,184.8860168730928,7.97794992829971e-06
2112803,Viana,21,Maranhão,Nordeste,10,9,44,52258.7,8.396532863563623,8.652243478962335,19.069049026525047,2019,19.069049026525047,2.70022920650144e-06
2112852,Vila Nova dos Martírios,21,Maranhão,Nordeste,10,9,367,12254.0,328.46266731328024,65.19591158485755,2184.3971631205673,2024,2184.3971631205673,2.2522366336046102e-05
2112902,Vitória do Mearim,21,Maranhão,Nordeste,10,9,52,32099.3,16.489126456072107,12.800153191985345,48.69339392955689,2022,48.69339392955689,3.1911799713198836e-06
2113009,Vitorino Freire,21,Maranhão,Nordeste,10,8,78,31338.2,24.94382569730163,6.41073374252249,122.98928698579151,2016,122.98928698579151,4.786769956979825e-06
2114007,Zé Doca,21,Maranhão,Nordeste,10,10,784,47458.1,160.19621247068943,48.131884246993906,1127.8195488721803,2016,1127.8195488721803,4.811317495220748e-05
2200053,Acauã,22,Piauí,Nordeste,10,5,129,6796.5,196.44566726307872,15.576323987538942,965.7320872274144,2022,965.7320872274144,7.916581082697403e-06
2200103,Agricolândia,22,Piauí,Nordeste,10,7,44,5059.1,87.61498910219962,19.474208506159822,404.8582995951417,2022,404.8582995951417,2.70022920650144e-06
2200202,Água Branca,22,Piauí,Nordeste,10,9,383,17521.6,217.11471506718877,153.3084542009551,534.9115119786035,2022,534.9115119786035,2.350426786568299e-05
2200251,Alagoinha do Piauí,22,Piauí,Nordeste,10,9,244,7308.6,335.7662842245189,97.86077956229599,1637.443848717577,2024,1637.443848717577,1.4973998326962531e-05
2200277,Alegrete do Piauí,22,Piauí,Nordeste,10,7,95,4802.7,197.27215989722603,31.57980343455118,793.0052867019112,2020,793.0052867019112,5.8300403322190184e-06
2200301,Alto Longá,22,Piauí,Nordeste,10,9,306,13981.3,219.57664280537648,137.24569303428365,867.093105899076,2017,867.093105899076,1.877886675430547e-05
2200400,Altos,22,Piauí,Nordeste,10,10,232,43654.6,51.0454925760734,39.83004756890038,151.71477622070506,2025,151.71477622070506,1.4237572179734866e-05
2200459,Alvorada do Gurguéia,22,Piauí,Nordeste,10,8,216,5393.1,396.6984871678499,47.042143510267636,2564.5722659827807,2024,2564.5722659827807,1.3255670650097979e-05
2200509,Amarante,22,Piauí,Nordeste,10,7,158,17468.1,90.45178371968552,17.185141878712233,455.14024008647664,2024,455.14024008647664,9.696277605164262e-06
2200608,Angical do Piauí,22,Piauí,Nordeste,10,8,140,6814.1,203.91183065568242,50.693016210139945,1083.9314486597334,2022,1083.9314486597334,8.591638384322763e-06
2200707,Anísio de Abreu,22,Piauí,Nordeste,10,5,61,9708.4,64.19473171208335,5.151983513652756,488.99755501222495,2022,488.99755501222495,3.743499581740633e-06
2200806,Antônio Almeida,22,Piauí,Nordeste,10,9,283,3165.6,886.0395845370564,47.00380108182341,4677.819083023544,2024,4677.819083023544,1.7367383305452443e-05
2200905,Aroazes,22,Piauí,Nordeste,10,5,57,5641.2,99.88789242586036,17.13796058269066,704.5884172538236,2021,704.5884172538236,3.498024199331411e-06
2200954,Aroeiras do Itaim,22,Piauí,Nordeste,10,6,24,2609.8,89.98486054535758,37.67680177594711,297.3977695167286,2022,297.3977695167286,1.4728522944553309e-06
2201002,Arraial,22,Piauí,Nordeste,10,7,120,4636.3,259.32705069271503,86.62066896655168,1804.123711340206,2017,1804.123711340206,7.3642614722766545e-06
2201051,Assunção do Piauí,22,Piauí,Nordeste,10,5,13,7693.3,17.229812733528547,12.981955082435416,40.25764895330113,2022,40.25764895330113,7.977949928299709e-07
2201101,Avelino Lopes,22,Piauí,Nordeste,10,6,184,11215.8,166.00174929935216,13.30193014835701,662.6173384870237,2022,662.6173384870237,1.1291867590824204e-05
2201150,Baixa Grande do Ribeiro,22,Piauí,Nordeste,10,9,174,12354.7,136.65853126447564,91.2608952943645,351.29808928112413,2020,351.29808928112413,1.067817913480115e-05
2201176,Barra D'Alcântara,22,Piauí,Nordeste,10,6,84,3976.3,209.30650537600678,25.306849148379534,901.1264080100126,2022,901.1264080100126,5.1549830305936585e-06
2201200,Barras,22,Piauí,Nordeste,10,8,610,47608.2,123.39073345138812,12.909422553399217,981.8320825704685,2025,981.8320825704685,3.7434995817406326e-05
2201309,Barreiras do Piauí,22,Piauí,Nordeste,10,5,54,3318.3,161.87950974339287,30.385900941962927,715.1370679380215,2021,715.1370679380215,3.3139176625244947e-06
2201408,Barro Duro,22,Piauí,Nordeste,10,6,94,6872.9,141.2532106690037,14.634214234018955,858.433734939759,2023,858.433734939759,5.7686714866167124e-06
2201507,Batalha,22,Piauí,Nordeste,10,7,92,26717.1,34.65568893079947,12.977209807186803,181.96292505402025,2016,181.96292505402025,5.645933795412102e-06
2201556,Bela Vista do Piauí,22,Piauí,Nordeste,10,7,44,4058.4,108.3667197837619,24.54997827680647,562.2097286726962,2022,562.2097286726962,2.70022920650144e-06
2201572,Belém do Piauí,22,Piauí,Nordeste,10,6,93,3516.1,265.745703557535,70.87447788555068,1139.3514460999122,2022,1139.3514460999122,5.707302641014407e-06
2201606,Beneditinos,22,Piauí,Nordeste,10,10,181,10200.5,178.79368798005618,165.30092926123163,455.7614188051125,2025,455.7614188051125,1.1107761054017287e-05
2201705,Bertolínia,22,Piauí,Nordeste,10,6,72,5537.6,129.45198482257496,36.292706235078036,575.3326141675656,2022,575.3326141675656,4.418556883365993e-06
2201739,Betânia do Piauí,22,Piauí,Nordeste,10,7,85,6244.1,135.283769084393,39.129124670375205,530.5466237942122,2022,530.5466237942122,5.216351876195964e-06
2201770,Boa Hora,22,Piauí,Nordeste,10,6,16,6853.6,23.41199831766728,14.33572938744813,133.45195729537366,2018,133.45195729537366,9.819015296368873e-07
2201804,Bocaina,22,Piauí,Nordeste,10,6,36,4328.3,82.77290246640392,35.40462927275272,288.88888888888886,2019,288.88888888888886,2.2092784416829963e-06
2201903,Bom Jesus,22,Piauí,Nordeste,10,10,2757,26892.4,936.1002707669511,210.74325080480924,7311.764123874543,2024,7311.764123874543,0.00016919390732555615
2201919,Bom Princípio do Piauí,22,Piauí,Nordeste,10,8,123,5647.4,218.06089016420827,205.66425796739634,799.2895204262877,2019,799.2895204262877,7.548368009083571e-06
2201929,Bonfim do Piauí,22,Piauí,Nordeste,10,7,189,5788.2,312.71179577154464,26.76775628221884,2644.112333716538,2024,2644.112333716538,1.1598711818835732e-05
2201945,Boqueirão do Piauí,22,Piauí,Nordeste,10,4,24,6481.7,37.211043189796335,0.0,222.78803309993634,2016,222.78803309993634,1.4728522944553309e-06
2201960,Brasileira,22,Piauí,Nordeste,10,7,46,8393.3,54.65283885753822,17.957474847380276,183.44135991194815,2016,183.44135991194815,2.822966897706051e-06
2201988,Brejo do Piauí,22,Piauí,Nordeste,10,4,34,3885.8,87.3165913739999,0.0,461.06557377049177,2022,461.06557377049177,2.0865407504783856e-06
2202000,Buriti dos Lopes,22,Piauí,Nordeste,10,10,84,19761.3,42.566648876861805,27.541520031829908,172.99277500763202,2022,172.99277500763202,5.1549830305936585e-06
2202026,Buriti dos Montes,22,Piauí,Nordeste,10,9,193,7895.3,243.40221108618093,130.27770300925283,691.4119359534207,2019,691.4119359534207,1.1844187201244952e-05
2202059,Cabeceiras do Piauí,22,Piauí,Nordeste,10,6,16,10454.0,15.308293046173356,14.26739350123736,47.85146904009953,2024,47.85146904009953,9.819015296368873e-07
2202075,Cajazeiras do Piauí,22,Piauí,Nordeste,10,6,35,3374.1,109.98591444603937,44.683455464124606,478.46889952153106,2025,478.46889952153106,2.1479095960806908e-06
2202083,Cajueiro da Praia,22,Piauí,Nordeste,10,8,202,7798.4,259.90344621062167,32.77242842215429,1508.1060701269323,2022,1508.1060701269323,1.2396506811665702e-05
2202091,Caldeirão Grande do Piauí,22,Piauí,Nordeste,10,3,93,5669.0,163.7018939641149,0.0,1602.112676056338,2016,1602.112676056338,5.707302641014407e-06
2202109,Campinas do Piauí,22,Piauí,Nordeste,10,7,126,5332.9,234.72941909144848,49.34477896778573,1463.501695520257,2018,1463.501695520257,7.732474545890488e-06
2202117,Campo Alegre do Fidalgo,22,Piauí,Nordeste,10,6,42,4874.9,88.20032802767132,20.774538994152593,616.8900233992767,2024,616.8900233992767,2.5774915152968293e-06
2202133,Campo Grande do Piauí,22,Piauí,Nordeste,10,7,184,5991.8,303.23837811901086,117.72357090600435,1454.4279250161603,2024,1454.4279250161603,1.1291867590824204e-05
2202174,Campo Largo do Piauí,22,Piauí,Nordeste,10,3,5,7360.0,6.754323891695913,0.0,41.40786749482402,2018,41.40786749482402,3.0684422801152727e-07
2202208,Campo Maior,22,Piauí,Nordeste,10,9,439,46533.8,95.15659058152522,25.938165002046567,609.2634245408686,2022,609.2634245408686,2.6940923219412095e-05
2202251,Canavieira,22,Piauí,Nordeste,10,2,2,3724.0,5.48172029206115,0.0,29.163021289005545,2024,29.163021289005545,1.227376912046109e-07
2202307,Canto do Buriti,22,Piauí,Nordeste,10,9,407,20452.2,207.0444615896406,11.90550166173367,1275.4970307255358,2022,1275.4970307255358,2.497712016013832e-05
2202406,Capitão de Campos,22,Piauí,Nordeste,10,9,46,11306.4,40.70431082033339,21.919475696047762,167.22408026755852,2025,167.22408026755852,2.822966897706051e-06
2202455,Capitão Gervásio Oliveira,22,Piauí,Nordeste,10,3,70,4056.5,173.55005751555905,0.0,1107.011070110701,2024,1107.011070110701,4.2958191921613816e-06
2202505,Caracol,22,Piauí,Nordeste,10,7,64,10689.2,58.93958327197506,9.422877058560806,458.0432392817882,2019,458.0432392817882,3.927606118547549e-06
2202539,Caraúbas do Piauí,22,Piauí,Nordeste,10,6,47,5762.8,81.35757526296547,17.355110653890392,494.2058623040218,2019,494.2058623040218,2.8843357433083562e-06
2202554,Caridade do Piauí,22,Piauí,Nordeste,10,3,15,5070.1,29.40432402078462,0.0,254.8020384163073,2021,254.8020384163073,9.205326840345818e-07
2202604,Castelo do Piauí,22,Piauí,Nordeste,10,10,77,19559.0,39.25914280743899,17.912387012088672,177.52079529316293,2019,177.52079529316293,4.72540111137752e-06
2202653,Caxingó,22,Piauí,Nordeste,10,7,29,5471.4,52.518438204331645,37.608314846232346,200.14556040756915,2022,200.14556040756915,1.7796965224668583e-06
2202703,Cocal,22,Piauí,Nordeste,10,8,309,28081.8,111.82998713343049,22.834027184334435,806.2447319236267,2016,806.2447319236267,1.8962973291112387e-05
2202711,Cocal de Telha,22,Piauí,Nordeste,10,8,106,4909.8,213.47975093842152,71.81220250048486,933.6511720301947,2024,933.6511720301947,6.505097633844378e-06
2202729,Cocal dos Alves,22,Piauí,Nordeste,10,7,167,6267.4,255.5407454059121,40.591062788643164,2085.5533566752933,2024,2085.5533566752933,1.024859721558501e-05
2202737,Coivaras,22,Piauí,Nordeste,10,10,51,4071.4,125.33056021271327,110.76811715046338,315.7639057566189,2023,315.7639057566189,3.129811125717578e-06
2202752,Colônia do Gurguéia,22,Piauí,Nordeste,10,8,63,6359.4,99.92857519158773,16.07415502181714,429.4576109432162,2024,429.4576109432162,3.866237272945244e-06
2202778,Colônia do Piauí,22,Piauí,Nordeste,10,8,74,7384.4,101.37152986066188,72.81676701726796,274.294670846395,2019,274.294670846395,4.541294574570604e-06
2202802,Conceição do Canindé,22,Piauí,Nordeste,10,6,78,4849.0,158.15329108699032,20.81165813215433,1419.3025141930252,2022,1419.3025141930252,4.786769956979825e-06
2202851,Coronel José Dias,22,Piauí,Nordeste,10,7,74,4504.2,167.53653200722016,44.20437883554727,555.3182400683469,2019,555.3182400683469,4.541294574570604e-06
2202901,Corrente,22,Piauí,Nordeste,10,9,355,27026.5,128.57187621851273,61.152141958583854,700.26525198939,2024,700.26525198939,2.1785940188818437e-05
2203008,Cristalândia do Piauí,22,Piauí,Nordeste,10,5,24,7911.2,30.24263362066022,6.0074492370539465,134.15615776764153,2024,134.15615776764153,1.4728522944553309e-06
2203107,Cristino Castro,22,Piauí,Nordeste,10,10,209,10479.9,197.33000052954,28.79542137849381,729.1566727429722,2019,729.1566727429722,1.282608873088184e-05
2203206,Curimatá,22,Piauí,Nordeste,10,8,473,11364.4,415.87244776966935,210.60454878858653,1606.03371783496,2022,1606.03371783496,2.902746396989048e-05
2203230,Currais,22,Piauí,Nordeste,10,6,494,4922.6,994.7779588832585,70.78221606022306,9239.130434782608,2024,9239.130434782608,3.0316209727538897e-05
2203255,Curralinhos,22,Piauí,Nordeste,10,5,133,4443.0,296.9590087557336,22.08968411751712,1019.7144799456153,2022,1019.7144799456153,8.162056465106625e-06
2203271,Curral Novo do Piauí,22,Piauí,Nordeste,10,6,43,5234.1,82.8145884770081,19.22696475442122,374.53183520599254,2022,374.53183520599254,2.6388603608991344e-06
2203305,Demerval Lobão,22,Piauí,Nordeste,10,9,66,14932.3,43.68055063810609,26.241012325543572,139.75726369988968,2017,139.75726369988968,4.05034380975216e-06
2203354,Dirceu Arcoverde,22,Piauí,Nordeste,10,8,235,7045.9,334.1019536103974,42.7783223897752,2495.038276155373,2022,2495.038276155373,1.4421678716541782e-05
2203404,Dom Expedito Lopes,22,Piauí,Nordeste,10,7,142,6668.5,212.9705858145973,157.4391435100918,619.5965417867435,2021,619.5965417867435,8.714376075527375e-06
2203420,Domingos Mourão,22,Piauí,Nordeste,10,5,59,4240.9,135.8053992765027,12.08313194780087,1217.8308823529412,2021,1217.8308823529412,3.620761890536022e-06
2203453,Dom Inocêncio,22,Piauí,Nordeste,10,9,227,9402.6,245.13285566736877,116.00191098658692,1375.6960366852277,2022,1375.6960366852277,1.3930727951723339e-05
2203503,Elesbão Veloso,22,Piauí,Nordeste,10,10,119,14188.9,83.4505356362412,31.52954776151815,507.5436278940416,2017,507.5436278940416,7.302892626674349e-06
2203602,Eliseu Martins,22,Piauí,Nordeste,10,5,58,4695.4,124.71675202740133,11.309658448314861,610.3763987792472,2019,610.3763987792472,3.5593930449337165e-06
2203701,Esperantina,22,Piauí,Nordeste,10,9,441,40438.0,106.90565031593955,12.816749472724648,637.0515010983646,2022,637.0515010983646,2.7063660910616706e-05
2203750,Fartura do Piauí,22,Piauí,Nordeste,10,5,24,5308.9,45.212195304386555,9.442870632672332,208.1756245268736,2022,208.1756245268736,1.4728522944553309e-06
2203800,Flores do Piauí,22,Piauí,Nordeste,10,6,105,4448.5,233.87815174544943,56.689529467109146,1397.5155279503106,2024,1397.5155279503106,6.443728788242073e-06
2203859,Floresta do Piauí,22,Piauí,Nordeste,10,1,2,2465.4,8.496176720475786,0.0,84.96176720475786,2025,84.96176720475786,1.227376912046109e-07
2203909,Floriano,22,Piauí,Nordeste,10,10,700,61038.7,114.25170660192002,56.76856490760004,333.67721967889617,2022,333.67721967889617,4.295819192161382e-05
2204006,Francinópolis,22,Piauí,Nordeste,10,6,42,4992.6,91.94490301661656,28.347889277106614,691.809863869672,2025,691.809863869672,2.5774915152968293e-06
2204105,Francisco Ayres,22,Piauí,Nordeste,10,8,59,4380.7,132.4924014353917,34.269078171791236,634.6328195829556,2022,634.6328195829556,3.620761890536022e-06
2204154,Francisco Macedo,22,Piauí,Nordeste,10,7,23,3083.6,74.078025392184,67.63096338735197,187.5,2020,187.5,1.4114834488530255e-06
2204204,Francisco Santos,22,Piauí,Nordeste,10,4,36,8882.7,40.99776635616449,0.0,229.40790911077127,2017,229.40790911077127,2.2092784416829963e-06
2204303,Fronteiras,22,Piauí,Nordeste,10,7,50,11064.5,44.7158544820811,39.29044514526264,154.38716871086714,2020,154.38716871086714,3.068442280115273e-06
2204352,Geminiano,22,Piauí,Nordeste,10,9,282,5457.3,518.2173934847601,111.55324496131672,1873.2782369146005,2022,1873.2782369146005,1.730601445985014e-05
2204402,Gilbués,22,Piauí,Nordeste,10,7,334,10795.1,305.7148301229675,9.43277474437821,1486.6559197564034,2024,1486.6559197564034,2.049719443117002e-05
2204501,Guadalupe,22,Piauí,Nordeste,10,8,279,10416.2,268.2148723504091,28.602774184118037,1259.7824012216072,2024,1259.7824012216072,1.7121907923043223e-05
2204550,Guaribas,22,Piauí,Nordeste,10,7,50,4447.8,115.9268587427492,22.484667982802918,467.7268475210477,2023,467.7268475210477,3.068442280115273e-06
2204600,Hugo Napoleão,22,Piauí,Nordeste,10,7,48,3729.0,134.0111369299088,79.75529213454574,795.9067652075043,2022,795.9067652075043,2.9457045889106618e-06
2204659,Ilha Grande,22,Piauí,Nordeste,10,9,131,9384.5,139.2576509354861,37.795920649357605,642.9851375566565,2021,642.9851375566565,8.039318773902015e-06
2204709,Inhuma,22,Piauí,Nordeste,10,7,909,15181.7,600.5906116244961,42.68220414640736,3301.0217448257795,2025,3301.0217448257795,5.578428065249566e-05
2204808,Ipiranga do Piauí,22,Piauí,Nordeste,10,8,283,9665.6,293.7276445490646,10.502121157180902,1537.3428897891347,2025,1537.3428897891347,1.7367383305452443e-05
2204907,Isaías Coelho,22,Piauí,Nordeste,10,7,87,8240.1,108.8713446922919,17.609482840240098,488.80885001286345,2022,488.80885001286345,5.339089567400575e-06
2205003,Itainópolis,22,Piauí,Nordeste,10,9,201,11240.6,181.5573445906437,27.501043255189387,1065.8016682113068,2022,1065.8016682113068,1.2335137966063397e-05
2205102,Itaueira,22,Piauí,Nordeste,10,2,66,10739.2,63.008936021051625,0.0,562.2796149814162,2024,562.2796149814162,4.05034380975216e-06
2205151,Jacobina do Piauí,22,Piauí,Nordeste,10,5,85,5692.0,150.56770855583605,17.455053237912377,997.6839479779084,2022,997.6839479779084,5.216351876195964e-06
2205201,Jaicós,22,Piauí,Nordeste,10,10,539,18470.3,301.0801643722653,31.107231087984093,2219.432874992868,2022,2219.432874992868,3.307780777964264e-05
2205250,Jardim do Mulato,22,Piauí,Nordeste,10,5,43,4373.1,101.58543278887637,22.202486678507995,517.52528816749,2024,517.52528816749,2.6388603608991344e-06
2205276,Jatobá do Piauí,22,Piauí,Nordeste,10,6,45,4715.9,98.0298740525909,20.724629776210076,467.28971962616816,2022,467.28971962616816,2.7615980521037455e-06
2205300,Jerumenha,22,Piauí,Nordeste,10,5,88,4477.1,194.83938747506508,22.461814914645103,800.5336891260841,2022,800.5336891260841,5.40045841300288e-06
2205359,João Costa,22,Piauí,Nordeste,10,5,24,2995.4,79.4904447185675,16.485328058028355,527.8785879247773,2024,527.8785879247773,1.4728522944553309e-06
2205409,Joaquim Pires,22,Piauí,Nordeste,10,8,24,14189.8,17.12337808835998,10.550489032576667,79.21647702722166,2022,79.21647702722166,1.4728522944553309e-06
2205458,Joca Marques,22,Piauí,Nordeste,10,2,7,5437.2,12.768942681159313,0.0,73.48888480617308,2019,73.48888480617308,4.295819192161382e-07
2205508,José de Freitas,22,Piauí,Nordeste,10,8,207,40826.1,48.38281581141404,20.607826855187447,256.11504029699944,2022,256.11504029699944,1.270335103967723e-05
2205516,Juazeiro do Piauí,22,Piauí,Nordeste,10,7,22,5374.9,41.523028076482696,36.84495593673134,134.25393172228615,2022,134.25393172228615,1.35011460325072e-06
2205524,Júlio Borges,22,Piauí,Nordeste,10,8,94,5536.7,168.32303694881915,100.26405067772873,710.8583614714768,2019,710.8583614714768,5.7686714866167124e-06
2205532,Jurema,22,Piauí,Nordeste,10,9,184,4628.8,397.2387654949638,248.1660944265867,1579.6124684077504,2018,1579.6124684077504,1.1291867590824204e-05
2205540,Lagoinha do Piauí,22,Piauí,Nordeste,10,9,91,2893.6,313.7072157294826,135.2595675894589,1533.1010452961673,2021,1533.1010452961673,5.584564949809796e-06
2205557,Lagoa Alegre,22,Piauí,Nordeste,10,5,22,8441.8,26.1562032445588,5.8295441296490615,129.96219281663517,2025,129.96219281663517,1.35011460325072e-06
2205565,Lagoa do Barro do Piauí,22,Piauí,Nordeste,10,6,50,4809.1,105.89126836449444,20.410448171981187,859.1065292096221,2020,859.1065292096221,3.068442280115273e-06
2205573,Lagoa de São Francisco,22,Piauí,Nordeste,10,9,148,6590.1,223.19149752054597,99.1820962241438,735.8351729212657,2021,735.8351729212657,9.082589149141208e-06
2205581,Lagoa do Piauí,22,Piauí,Nordeste,10,6,19,4390.6,40.351046313077774,32.44474292909613,145.53014553014555,2022,145.53014553014555,1.1660080664438037e-06
2205599,Lagoa do Sítio,22,Piauí,Nordeste,10,6,21,4907.7,43.6285925564455,39.17785373187913,115.89723778249952,2019,115.89723778249952,1.2887457576484146e-06
2205607,Landri Sales,22,Piauí,Nordeste,10,5,22,5264.7,41.87174988604687,9.59140610013428,172.64530980241705,2022,172.64530980241705,1.35011460325072e-06
2205706,Luís Correia,22,Piauí,Nordeste,10,9,861,30591.7,281.47344692256837,142.50064081693898,923.5990992461082,2022,923.5990992461082,5.2838576063584995e-05
2205805,Luzilândia,22,Piauí,Nordeste,10,7,35,25522.4,13.702304463225769,5.7866546152093505,51.23152709359606,2022,51.23152709359606,2.1479095960806908e-06
2205854,Madeiro,22,Piauí,Nordeste,10,4,10,8212.6,12.261204453848228,0.0,49.800796812749006,2022,49.800796812749006,6.136884560230545e-07
2205904,Manoel Emídio,22,Piauí,Nordeste,10,5,69,5297.8,129.7370307829596,18.814675446848543,715.0922092585623,2024,715.0922092585623,4.234450346559076e-06
2205953,Marcolândia,22,Piauí,Nordeste,10,6,105,8537.6,125.7550049744403,17.607102270484724,1024.2197855163274,2016,1024.2197855163274,6.443728788242073e-06
2206001,Marcos Parente,22,Piauí,Nordeste,10,8,138,4630.8,294.06085406632513,146.80223611901215,989.8812142542894,2021,989.8812142542894,8.468900693118153e-06
2206050,Massapê do Piauí,22,Piauí,Nordeste,10,7,247,5926.6,466.62678321470514,25.45839001190441,4292.832502874665,2022,4292.832502874665,1.5158104863769448e-05
2206100,Matias Olímpio,22,Piauí,Nordeste,10,7,102,10832.8,95.48013400872615,18.605531067230018,761.2066535100084,2022,761.2066535100084,6.259622251435156e-06
2206209,Miguel Alves,22,Piauí,Nordeste,10,9,175,33197.8,53.388787486411935,10.737687655827152,241.8818407208079,2025,241.8818407208079,1.0739547980403455e-05
2206308,Miguel Leão,22,Piauí,Nordeste,10,8,52,1277.9,395.83462168167785,162.14347495747595,1517.4506828528074,2022,1517.4506828528074,3.1911799713198836e-06
2206357,Milton Brandão,22,Piauí,Nordeste,10,10,95,6590.8,144.81491822808601,37.73757409036179,1039.4374808926934,2022,1039.4374808926934,5.8300403322190184e-06
2206407,Monsenhor Gil,22,Piauí,Nordeste,10,9,217,10455.2,208.83149303855106,105.11752554452642,799.6099463676255,2022,799.6099463676255,1.3317039495700284e-05
2206506,Monsenhor Hipólito,22,Piauí,Nordeste,10,7,182,7692.3,239.40213667577927,32.240613936304634,2006.0710043552858,2022,2006.0710043552858,1.1169129899619592e-05
2206605,Monte Alegre do Piauí,22,Piauí,Nordeste,10,7,208,10650.9,194.45983782382262,18.438299132381893,1158.4102467508005,2021,1158.4102467508005,1.2764719885279534e-05
2206654,Morro Cabeça no Tempo,22,Piauí,Nordeste,10,6,164,4392.6,372.81774342942106,23.517923737681926,1507.8821110349554,2022,1507.8821110349554,1.0064490678778095e-05
2206670,Morro do Chapéu do Piauí,22,Piauí,Nordeste,10,9,75,6651.4,114.23963503426316,36.984298905359644,420.23346303501944,2022,420.23346303501944,4.602663420172909e-06
2206696,Murici dos Portelas,22,Piauí,Nordeste,10,4,16,9462.5,16.06050982820052,0.0,61.24323772583443,2022,61.24323772583443,9.819015296368873e-07
2206704,Nazaré do Piauí,22,Piauí,Nordeste,10,6,131,7055.6,186.64420238940858,29.134327309127293,1064.8596321393998,2017,1064.8596321393998,8.039318773902015e-06
2206720,Nazária,22,Piauí,Nordeste,10,6,173,9321.4,166.83142022964645,17.720198767446043,945.2348470083805,2022,945.2348470083805,1.0616810289198844e-05
2206753,Nossa Senhora de Nazaré,22,Piauí,Nordeste,10,8,25,5037.7,50.71524096166067,20.496884990209683,293.6241610738255,2016,293.6241610738255,1.5342211400576365e-06
2206803,Nossa Senhora dos Remédios,22,Piauí,Nordeste,10,9,111,8642.8,129.54981016010674,46.86043395720815,516.3713179204318,2016,516.3713179204318,6.811941861855906e-06
2206902,Novo Oriente do Piauí,22,Piauí,Nordeste,10,8,160,6371.4,258.53119388441195,45.93009682847463,1886.1735279645727,2022,1886.1735279645727,9.819015296368873e-06
2206951,Novo Santo Antônio,22,Piauí,Nordeste,10,8,142,2928.5,500.2118121639696,69.50287995692439,4457.0215776441455,2022,4457.0215776441455,8.714376075527375e-06
2207009,Oeiras,22,Piauí,Nordeste,10,10,1256,37659.4,327.7785703656074,153.68874937124474,1092.7386598883677,2022,1092.7386598883677,7.707927007649566e-05
2207108,Olho D'Água do Piauí,22,Piauí,Nordeste,10,7,34,2540.8,130.19385607455075,61.8444693049026,682.5938566552901,2022,682.5938566552901,2.0865407504783856e-06
2207207,Padre Marcos,22,Piauí,Nordeste,10,7,35,6670.6,52.36193863924277,23.17558856452766,189.2836342457775,2019,189.2836342457775,2.1479095960806908e-06
2207306,Paes Landim,22,Piauí,Nordeste,10,5,53,4117.0,128.87473592952347,12.100677637947726,807.2407045009784,2022,807.2407045009784,3.252548816922189e-06
2207355,Pajeú do Piauí,22,Piauí,Nordeste,10,6,26,3231.1,84.07041426101163,29.75511478560072,366.6666666666667,2022,366.6666666666667,1.5955899856599418e-06
2207405,Palmeira do Piauí,22,Piauí,Nordeste,10,10,111,5009.8,220.61336752335902,40.38772213247173,1312.3881487373235,2021,1312.3881487373235,6.811941861855906e-06
2207504,Palmeirais,22,Piauí,Nordeste,10,5,65,14026.1,48.24251374631694,3.769601930036188,319.5125575865656,2025,319.5125575865656,3.988974964149855e-06
2207553,Paquetá,22,Piauí,Nordeste,10,9,123,3892.2,317.60998560946547,204.31198696955994,1285.0773669027014,2022,1285.0773669027014,7.548368009083571e-06
2207603,Parnaguá,22,Piauí,Nordeste,10,10,238,10519.7,229.06875747888944,130.53199272593577,1195.451453008067,2024,1195.451453008067,1.4605785253348699e-05
2207702,Parnaíba,22,Piauí,Nordeste,10,10,4041,157818.5,249.65902220704916,90.07215139929684,1279.6082856949042,2022,1279.6082856949042,0.00024799150507891633
2207751,Passagem Franca do Piauí,22,Piauí,Nordeste,10,4,15,4297.2,35.48891874909285,0.0,169.28657799274487,2022,169.28657799274487,9.205326840345818e-07
2207777,Patos do Piauí,22,Piauí,Nordeste,10,7,236,5989.2,428.165684476419,26.378040529610924,3723.5023041474656,2022,3723.5023041474656,1.4483047562144088e-05
2207793,Pau D'Arco do Piauí,22,Piauí,Nordeste,10,8,26,3986.0,65.6084967088107,25.52243316685295,226.1874842925358,2025,226.1874842925358,1.5955899856599418e-06
2207801,Paulistana,22,Piauí,Nordeste,10,9,404,20788.4,192.67960986279564,53.65725801762676,1339.34932320114,2022,1339.34932320114,2.4793013623331404e-05
2207850,Pavussu,22,Piauí,Nordeste,10,3,37,3659.6,100.63135320481821,0.0,924.6668479738918,2019,924.6668479738918,2.270647287285302e-06
2207900,Pedro II,22,Piauí,Nordeste,10,10,648,38515.2,168.94584059696416,131.06961118720363,533.0659207262363,2022,533.0659207262363,3.976701195029394e-05
2207934,Pedro Laurentino,22,Piauí,Nordeste,10,3,26,2509.0,104.08552883843954,0.0,406.83482506102524,2022,406.83482506102524,1.5955899856599418e-06
2207959,Nova Santa Rita,22,Piauí,Nordeste,10,4,29,4255.2,70.23283025519198,0.0,458.1625271280444,2024,458.1625271280444,1.7796965224668583e-06
2208007,Picos,22,Piauí,Nordeste,10,10,1988,80606.8,245.28260161646062,172.3829856520214,939.9446383439644,2022,939.9446383439644,0.00012200126505738324
2208106,Pimenteiras,22,Piauí,Nordeste,10,6,114,11808.8,99.02735467571797,33.84150314587539,361.5201481350851,2022,361.5201481350851,6.996048398662822e-06
2208205,Pio IX,22,Piauí,Nordeste,10,9,129,18110.6,71.82123368749468,21.68963994647862,267.454170613473,2024,267.454170613473,7.916581082697403e-06
2208304,Piracuruca,22,Piauí,Nordeste,10,10,454,28913.6,157.63570116364528,34.05596226441454,852.8045482909242,2022,852.8045482909242,2.7861455903446678e-05
2208403,Piripiri,22,Piauí,Nordeste,10,10,404,64711.9,61.35197713690184,26.058846525915214,273.9847098855451,2025,273.9847098855451,2.4793013623331404e-05
2208502,Porto,22,Piauí,Nordeste,10,4,21,12376.9,17.068713794833098,0.0,105.5880441845354,2024,105.5880441845354,1.2887457576484146e-06
2208551,Porto Alegre do Piauí,22,Piauí,Nordeste,10,7,23,2567.9,93.34488482643312,84.12468924286718,293.8706968933669,2025,293.8706968933669,1.4114834488530255e-06
2208601,Prata do Piauí,22,Piauí,Nordeste,10,4,15,3108.8,48.717561949232305,0.0,226.09819121447026,2025,226.09819121447026,9.205326840345818e-07
2208650,Queimada Nova,22,Piauí,Nordeste,10,3,65,8903.9,72.65742528919274,0.0,510.14749916823774,2020,510.14749916823774,3.988974964149855e-06
2208700,Redenção do Gurguéia,22,Piauí,Nordeste,10,9,271,8631.4,315.7809665548569,51.69290103120346,2265.561135116198,2024,2265.561135116198,1.663095715822478e-05
2208809,Regeneração,22,Piauí,Nordeste,10,8,137,17639.3,78.66168879388704,56.196545288596994,233.46757719021772,2022,233.46757719021772,8.407531847515848e-06
2208858,Riacho Frio,22,Piauí,Nordeste,10,4,37,4254.6,86.9364853158786,0.0,348.35113794705063,2021,348.35113794705063,2.270647287285302e-06
2208874,Ribeira do Piauí,22,Piauí,Nordeste,10,3,13,4305.3,30.269606767889076,0.0,204.40608675902794,2017,204.40608675902794,7.977949928299709e-07
2208908,Ribeiro Gonçalves,22,Piauí,Nordeste,10,8,339,6855.4,511.6609244978989,206.33421799055913,1541.2070084360805,2022,1541.2070084360805,2.0804038659181548e-05
2209005,Rio Grande do Piauí,22,Piauí,Nordeste,10,7,118,6170.6,194.371010426304,31.344974234219954,621.8905472636816,2019,621.8905472636816,7.241523781072044e-06
2209104,Santa Cruz do Piauí,22,Piauí,Nordeste,10,6,103,6070.9,171.39540727519045,24.197500997198635,874.6355685131196,2022,874.6355685131196,6.320991097037462e-06
2209153,Santa Cruz dos Milagres,22,Piauí,Nordeste,10,1,1,3777.8,2.911208151382824,0.0,29.11208151382824,2022,29.11208151382824,6.136884560230545e-08
2209203,Santa Filomena,22,Piauí,Nordeste,10,8,173,6191.9,281.8519926703772,32.09794121919633,1790.7014949893214,2022,1790.7014949893214,1.0616810289198844e-05
2209302,Santa Luz,22,Piauí,Nordeste,10,6,185,5649.8,322.33040590059124,26.371334903782383,1643.2322547857023,2021,1643.2322547857023,1.135323643642651e-05
2209351,Santana do Piauí,22,Piauí,Nordeste,10,4,33,4424.5,78.9918803568424,0.0,509.0909090909091,2022,509.0909090909091,2.02517190487608e-06
2209377,Santa Rosa do Piauí,22,Piauí,Nordeste,10,8,164,5003.2,344.2743821396067,109.62666437450625,1864.55207886841,2025,1864.55207886841,1.0064490678778095e-05
2209401,Santo Antônio de Lisboa,22,Piauí,Nordeste,10,7,66,6183.1,107.4101377761688,31.448892767805432,372.6129482999534,2020,372.6129482999534,4.05034380975216e-06
2209450,Santo Antônio dos Milagres,22,Piauí,Nordeste,10,3,16,2153.3,73.74657110708745,0.0,456.82960255824577,2024,456.82960255824577,9.819015296368873e-07
2209500,Santo Inácio do Piauí,22,Piauí,Nordeste,10,8,41,3734.5,111.32653098360372,40.00868904345373,713.1102578167855,2022,713.1102578167855,2.5161226696945237e-06
2209559,São Braz do Piauí,22,Piauí,Nordeste,10,9,26,4416.9,59.03514528600175,33.92488160551189,206.51675080312071,2022,206.51675080312071,1.5955899856599418e-06
2209609,São Félix do Piauí,22,Piauí,Nordeste,10,4,18,2900.9,63.238014201306136,0.0,457.4243490499648,2022,457.4243490499648,1.1046392208414982e-06
2209658,São Francisco de Assis do Piauí,22,Piauí,Nordeste,10,3,30,5709.3,53.755113209622685,0.0,502.51256281407035,2022,502.51256281407035,1.8410653680691636e-06
2209708,São Francisco do Piauí,22,Piauí,Nordeste,10,7,25,5988.1,44.26516332470029,24.82145435658515,261.29152668906306,2025,261.29152668906306,1.5342211400576365e-06
2209757,São Gonçalo do Gurguéia,22,Piauí,Nordeste,10,7,62,3009.6,205.4510060684654,49.41284538307049,1391.189135475323,2024,1391.189135475323,3.8048684273429383e-06
2209807,São Gonçalo do Piauí,22,Piauí,Nordeste,10,4,58,4954.0,118.40553866830805,0.0,496.17531527806494,2022,496.17531527806494,3.5593930449337165e-06
2209856,São João da Canabrava,22,Piauí,Nordeste,10,5,54,4465.5,125.34689404699932,10.824853864472828,895.8038661008958,2022,895.8038661008958,3.3139176625244947e-06
2209872,São João da Fronteira,22,Piauí,Nordeste,10,7,51,5833.3,86.95636127917858,25.529890013056608,473.0528805541477,2016,473.0528805541477,3.129811125717578e-06
2209906,São João da Serra,22,Piauí,Nordeste,10,5,121,6133.1,197.58387927296283,16.046213093709884,899.5747464834806,2022,899.5747464834806,7.4256303178789604e-06
2209955,São João da Varjota,22,Piauí,Nordeste,10,10,90,4653.2,197.39600043640354,108.23820951214475,730.093543235227,2022,730.093543235227,5.523196104207491e-06
2209971,São João do Arraial,22,Piauí,Nordeste,10,9,75,8100.9,91.77766826193643,54.0948654883158,244.31956999755678,2023,244.31956999755678,4.602663420172909e-06
2210003,São João do Piauí,22,Piauí,Nordeste,10,7,177,20999.9,82.4587561691397,16.913394658440186,299.5098929025232,2024,299.5098929025232,1.0862285671608065e-05
2210052,São José do Divino,22,Piauí,Nordeste,10,10,205,5181.7,418.39890000771663,56.447889432215845,3511.671142325966,2022,3511.671142325966,1.2580613348472619e-05
2210102,São José do Peixe,22,Piauí,Nordeste,10,4,15,3556.8,45.04257373882461,0.0,212.31422505307856,2022,212.31422505307856,9.205326840345818e-07
2210201,São José do Piauí,22,Piauí,Nordeste,10,8,276,6667.8,417.18007209291574,133.9590137458278,2076.701530998939,2022,2076.701530998939,1.6937801386236306e-05
2210300,São Julião,22,Piauí,Nordeste,10,7,96,6229.6,154.10795032053335,87.77911119066445,479.76971053894135,2016,479.76971053894135,5.8914091778213236e-06
2210359,São Lourenço do Piauí,22,Piauí,Nordeste,10,7,90,4511.1,202.05620143570462,55.0096053645649,1292.517006802721,2022,1292.517006802721,5.523196104207491e-06
2210375,São Luis do Piauí,22,Piauí,Nordeste,10,4,24,2500.3,92.79100479419756,0.0,605.6018168054504,2018,605.6018168054504,1.4728522944553309e-06
2210383,São Miguel da Baixa Grande,22,Piauí,Nordeste,10,2,16,2377.7,70.38174550707605,0.0,617.011899515205,2022,617.011899515205,9.819015296368873e-07
2210391,São Miguel do Fidalgo,22,Piauí,Nordeste,10,3,7,2952.9,24.211078557410417,0.0,139.37282229965157,2024,139.37282229965157,4.295819192161382e-07
2210409,São Miguel do Tapuio,22,Piauí,Nordeste,10,7,133,17652.4,75.4069213389756,19.79510367341544,317.06488506397915,2019,317.06488506397915,8.162056465106625e-06
2210508,São Pedro do Piauí,22,Piauí,Nordeste,10,8,434,14092.0,313.5349065954841,31.568785162657097,2108.3242457288256,2022,2108.3242457288256,2.6634078991400568e-05
2210607,São Raimundo Nonato,22,Piauí,Nordeste,10,10,580,36702.3,156.99995667811848,53.648809526328606,706.3235218575024,2022,706.3235218575024,3.559393044933716e-05
2210623,Sebastião Barros,22,Piauí,Nordeste,10,3,5,3354.2,15.084185204899892,0.0,61.95786864931846,2024,61.95786864931846,3.0684422801152727e-07
2210631,Sebastião Leal,22,Piauí,Nordeste,10,7,88,4368.9,200.30781259879114,23.264126008702952,838.3791336748951,2019,838.3791336748951,5.40045841300288e-06
2210656,Sigefredo Pacheco,22,Piauí,Nordeste,10,4,9,9811.6,9.21336144317264,0.0,31.175309155149122,2025,31.175309155149122,5.523196104207491e-07
2210706,Simões,22,Piauí,Nordeste,10,9,415,14535.7,287.68899838297966,116.1123264098236,1265.2947719688543,2016,1265.2947719688543,2.5468070924956765e-05
2210805,Simplício Mendes,22,Piauí,Nordeste,10,10,693,13236.3,511.20126721635023,155.2178150759092,2400.865176640231,2022,2400.865176640231,4.252861000239768e-05
2210904,Socorro do Piauí,22,Piauí,Nordeste,10,5,86,4390.2,207.01425349928186,10.94331363536879,1569.669162038155,2022,1569.669162038155,5.277720721798269e-06
2210938,Sussuapara,22,Piauí,Nordeste,10,7,105,6531.4,162.3426370835463,61.911400743046975,466.2379421221865,2022,466.2379421221865,6.443728788242073e-06
2210953,Tamboril do Piauí,22,Piauí,Nordeste,10,6,23,2939.3,78.31098981808016,33.641316151451534,274.06646111682085,2019,274.06646111682085,1.4114834488530255e-06
2210979,Tanque do Piauí,22,Piauí,Nordeste,10,7,287,2578.7,1233.0273794977977,108.80502684544565,8365.674859853385,2025,8365.674859853385,1.7612858687861667e-05
2211001,Teresina,22,Piauí,Nordeste,10,10,49070,870405.2,562.2337755754262,459.1562805911344,2041.5560429412442,2022,2041.5560429412442,0.003011369253705129
2211100,União,22,Piauí,Nordeste,10,8,522,45339.0,112.57345801498396,20.975926797583263,791.430863635378,2022,791.430863635378,3.203453740440345e-05
2211209,Uruçuí,22,Piauí,Nordeste,10,10,369,23239.5,167.75088230065558,82.62191412022884,770.0157714073662,2019,770.0157714073662,2.2645104027250712e-05
2211308,Valença do Piauí,22,Piauí,Nordeste,10,9,383,21536.3,174.3410076198822,40.738114879384476,682.2568337896674,2022,682.2568337896674,2.350426786568299e-05
2211357,Várzea Branca,22,Piauí,Nordeste,10,8,59,4998.9,117.13393815409765,50.1038005829148,405.95399188092017,2024,405.95399188092017,3.620761890536022e-06
2211407,Várzea Grande,22,Piauí,Nordeste,10,9,263,4407.9,583.9179763491109,45.41365638350864,4933.62831858407,2025,4933.62831858407,1.6140006393406334e-05
2211506,Vera Mendes,22,Piauí,Nordeste,10,5,55,3129.4,172.6310720635334,16.512549537648614,753.5321821036107,2022,753.5321821036107,3.3752865081268e-06
2211605,Vila Nova do Piauí,22,Piauí,Nordeste,10,6,52,2954.7,176.75487641408523,33.607843509320745,1056.2180579216354,2022,1056.2180579216354,3.1911799713198836e-06
2211704,Wall Ferraz,22,Piauí,Nordeste,10,2,162,4306.9,398.79359894476613,0.0,3892.5843803892585,2022,3892.5843803892585,9.941752987573485e-06
2300101,Abaiara,23,Ceará,Nordeste,10,10,304,11093.3,266.71678941027756,68.94776249671881,1137.4407582938388,2017,1137.4407582938388,1.865612906310086e-05
2300150,Acarape,23,Ceará,Nordeste,10,9,356,15016.5,220.15736338165544,23.695150772296998,1041.5397734194178,2016,1041.5397734194178,2.1847309034420744e-05
2300200,Acaraú,23,Ceará,Nordeste,10,9,271,64437.5,42.33567633760016,15.23576427563416,283.2148026936875,2021,283.2148026936875,1.663095715822478e-05
2300309,Acopiara,23,Ceará,Nordeste,10,8,821,50637.5,153.4318358320464,20.189664227714353,878.9386401326699,2019,878.9386401326699,5.0383822239492776e-05
2300408,Aiuaba,23,Ceará,Nordeste,10,10,277,16055.8,193.38371254411743,31.70527773631385,1577.1526001705029,2022,1577.1526001705029,1.6999170231838613e-05
2300507,Alcântaras,23,Ceará,Nordeste,10,9,215,11600.7,186.79561865083866,90.72495168329341,826.8097457999825,2022,826.8097457999825,1.3194301804495674e-05
2300606,Altaneira,23,Ceará,Nordeste,10,7,268,7286.9,377.0821016952604,111.6625224657048,2568.1492109038736,2024,2568.1492109038736,1.644685062141786e-05
2300705,Alto Santo,23,Ceará,Nordeste,10,10,554,15851.8,334.3973876344595,67.30738971521968,1873.2327992459943,2017,1873.2327992459943,3.3998340463677225e-05
2300754,Amontada,23,Ceará,Nordeste,10,9,76,43325.4,17.408709962990077,9.190910935822242,74.42154165351135,2024,74.42154165351135,4.664032265775215e-06
2300804,Antonina do Norte,23,Ceará,Nordeste,10,8,64,7347.3,86.91325706067668,34.50655624568668,460.8294930875576,2020,460.8294930875576,3.927606118547549e-06
2300903,Apuiarés,23,Ceará,Nordeste,10,10,173,14045.9,119.04878239272509,22.972388504104714,894.5643266866977,2016,894.5643266866977,1.0616810289198844e-05
2301000,Aquiraz,23,Ceará,Nordeste,10,10,459,81125.9,57.355754123138034,21.27953386461446,277.9265152094648,2016,277.9265152094648,2.8168300131458205e-05
2301109,Aracati,23,Ceará,Nordeste,10,10,1875,75399.8,248.97073005523453,156.96007225822285,554.8516172057352,2020,554.8516172057352,0.00011506658550432273
2301208,Aracoiaba,23,Ceará,Nordeste,10,10,310,26306.7,118.0129141627372,48.65330702017255,650.9574022612204,2017,650.9574022612204,1.902434213671469e-05
2301257,Ararendá,23,Ceará,Nordeste,10,10,326,11061.0,299.79078992262674,105.03671810292785,2120.3703703703704,2016,2120.3703703703704,2.000624366635158e-05
2301307,Araripe,23,Ceará,Nordeste,10,7,181,20923.7,84.51169223374401,21.47800593502287,447.9541886025676,2020,447.9541886025676,1.1107761054017287e-05
2301406,Aratuba,23,Ceará,Nordeste,10,10,958,11463.2,836.7109938630496,205.42617362938142,4223.093371347113,2022,4223.093371347113,5.879135408700863e-05
2301505,Arneiroz,23,Ceará,Nordeste,10,10,63,7701.1,81.61025461404036,71.89769766058,218.6776434268073,2016,218.6776434268073,3.866237272945244e-06
2301604,Assaré,23,Ceará,Nordeste,10,9,272,22809.5,120.68035782633244,29.777777406202123,448.44982967530507,2016,448.44982967530507,1.6692326003827085e-05
2301703,Aurora,23,Ceará,Nordeste,10,7,24,24351.3,9.93523875759204,8.198383513740339,29.51842793286666,2023,29.51842793286666,1.4728522944553309e-06
2301802,Baixio,23,Ceará,Nordeste,10,8,94,6068.4,151.90146040618686,63.65788521500937,756.3566140971999,2016,756.3566140971999,5.7686714866167124e-06
2301851,Banabuiú,23,Ceará,Nordeste,10,9,170,17862.3,95.86675143043948,74.59344518284723,267.51962779877874,2022,267.51962779877874,1.0432703752391927e-05
2301901,Barbalha,23,Ceará,Nordeste,10,10,1638,67470.4,242.55933706355168,120.11275119728202,965.2446593061998,2020,965.2446593061998,0.00010052216909657634
2301950,Barreira,23,Ceará,Nordeste,10,8,66,22349.7,30.266459342232544,23.71486788432764,124.7900167986561,2016,124.7900167986561,4.05034380975216e-06
2302008,Barro,23,Ceará,Nordeste,10,10,215,21366.6,105.65498828942975,45.23516543935201,608.8437129147103,2022,608.8437129147103,1.3194301804495674e-05
2302057,Barroquinha,23,Ceará,Nordeste,10,7,285,14896.2,191.51795116874274,27.170523151828668,1292.5811229298506,2016,1292.5811229298506,1.7490120996657054e-05
2302107,Baturité,23,Ceará,Nordeste,10,9,143,35845.9,39.48827121250889,34.07348514963939,113.06431205750128,2025,113.06431205750128,8.77574492112968e-06
2302206,Beberibe,23,Ceará,Nordeste,10,10,1310,53895.8,242.8716658930144,137.91731789746055,988.6771610052471,2021,988.6771610052471,8.039318773902015e-05
2302305,Bela Cruz,23,Ceará,Nordeste,10,9,1459,32998.2,444.9340118355294,17.726160469932413,1695.5343825149919,2021,1695.5343825149919,8.953714573376366e-05
2302404,Boa Viagem,23,Ceará,Nordeste,10,10,1039,53128.5,196.03601950286514,71.7777957658538,726.0424286759327,2021,726.0424286759327,6.376223058079537e-05
2302503,Brejo Santo,23,Ceará,Nordeste,10,10,7255,50605.4,1414.886137999915,638.6443870555851,4442.337015136301,2024,4442.337015136301,0.00044523097484472607
2302602,Camocim,23,Ceará,Nordeste,10,10,579,63577.6,92.36690290455226,30.51018930942452,317.68443346276035,2023,317.68443346276035,3.553256160373486e-05
2302701,Campos Sales,23,Ceará,Nordeste,10,9,483,26659.5,179.61455830922753,74.03016068526644,982.8100268708358,2016,982.8100268708358,2.9641152425913535e-05
2302800,Canindé,23,Ceará,Nordeste,10,10,1007,76748.0,130.66000556217458,84.51538520333801,599.2674182317081,2016,599.2674182317081,6.17984275215216e-05
2302909,Capistrano,23,Ceará,Nordeste,10,9,504,17649.9,285.7650067574948,126.02052324725328,1441.4618920606094,2016,1441.4618920606094,3.092989818356195e-05
2303006,Caridade,23,Ceará,Nordeste,10,9,571,20055.9,264.58303716571413,35.571652555959176,1858.1463856786766,2016,1858.1463856786766,3.5041610838916414e-05
2303105,Cariré,23,Ceará,Nordeste,10,7,255,18290.5,139.20741000644878,76.53431323293813,633.4596643205198,2021,633.4596643205198,1.5649055628587893e-05
2303204,Caririaçu,23,Ceará,Nordeste,10,10,273,26947.7,101.25862131590986,24.121498576224035,759.6250046318598,2020,759.6250046318598,1.675369484942939e-05
2303303,Cariús,23,Ceará,Nordeste,10,8,80,18129.9,46.461777526162045,13.298864203509535,287.98119306494266,2023,287.98119306494266,4.909507648184436e-06
2303402,Carnaubal,23,Ceará,Nordeste,10,10,43,17597.4,24.54346052795725,22.571548506746836,75.53747821034283,2022,75.53747821034283,2.6388603608991344e-06
2303501,Cascavel,23,Ceará,Nordeste,10,10,1154,72850.4,159.21115529561405,54.32771444458807,697.1947194719472,2022,697.1947194719472,7.08196478250605e-05
2303600,Catarina,23,Ceará,Nordeste,10,10,546,16306.5,276.9525665883774,74.429945417849,1169.2732744585326,2016,1169.2732744585326,3.350738969885878e-05
2303659,Catunda,23,Ceará,Nordeste,10,7,63,10483.0,60.77175416680859,9.413002356333044,474.30064853353986,2016,474.30064853353986,3.866237272945244e-06
2303709,Caucaia,23,Ceará,Nordeste,10,10,8593,364539.3,237.50349983970023,160.42609604305898,660.9188262479191,2017,660.9188262479191,0.0005273424902606107
2303808,Cedro,23,Ceará,Nordeste,10,10,220,24203.4,90.14521367839544,57.26296549737268,308.7746726597616,2020,308.7746726597616,1.35011460325072e-05
2303907,Chaval,23,Ceará,Nordeste,10,9,197,12874.2,152.62796671994812,35.135207379713314,812.0021653391076,2016,812.0021653391076,1.2089662583654175e-05
2303931,Choró,23,Ceará,Nordeste,10,10,290,12985.2,229.74532779338557,85.24704886862023,1370.4284652852307,2022,1370.4284652852307,1.779696522466858e-05
2303956,Chorozinho,23,Ceará,Nordeste,10,10,259,20045.7,133.75571476702396,24.276547788765974,1140.8032505078918,2017,1140.8032505078918,1.5894531010997113e-05
2304004,Coreaú,23,Ceará,Nordeste,10,9,380,22384.1,168.6891043789684,37.74880200359752,1065.2173913043478,2016,1065.2173913043478,2.3320161328876074e-05
2304103,Crateús,23,Ceará,Nordeste,10,10,787,76195.1,105.01133969796408,58.614794010467506,468.0564895763282,2016,468.0564895763282,4.829728148901439e-05
2304202,Crato,23,Ceará,Nordeste,10,10,4148,133006.4,312.9267056557717,120.18937128934249,1167.3970728627162,2020,1167.3970728627162,0.00025455797155836304
2304236,Croatá,23,Ceará,Nordeste,10,8,516,17908.6,294.74636062300044,16.910838661040128,2768.7203249242034,2022,2768.7203249242034,3.166632433078961e-05
2304251,Cruz,23,Ceará,Nordeste,10,8,245,27052.9,83.44531315539821,49.594399555501845,262.0879674742112,2023,262.0879674742112,1.5035367172564836e-05
2304269,Deputado Irapuan Pinheiro,23,Ceará,Nordeste,10,6,15,9378.3,16.350754852072647,15.606094479333915,54.51373746184038,2024,54.51373746184038,9.205326840345818e-07
2304277,Ereré,23,Ceará,Nordeste,10,9,225,6845.3,320.6209546623094,78.04242314226461,2320.0889135871075,2019,2320.0889135871075,1.3807990260518727e-05
2304285,Eusébio,23,Ceará,Nordeste,10,10,215,63111.0,35.8155196912695,13.262721631299783,167.16634868719905,2021,167.16634868719905,1.3194301804495674e-05
2304301,Farias Brito,23,Ceará,Nordeste,10,10,997,18804.9,531.0984581076915,117.26730826828154,3584.401709401709,2017,3584.401709401709,6.118473906549854e-05
2304350,Forquilha,23,Ceará,Nordeste,10,10,387,24413.8,161.35571983543022,14.107979652329448,1008.3609932355783,2016,1008.3609932355783,2.374974324809221e-05
2304400,Fortaleza,23,Ceará,Nordeste,10,10,104430,2595010.1,403.1846662651075,285.3617517696429,918.3374742692308,2016,918.3374742692308,0.006408748546248759
2304459,Fortim,23,Ceará,Nordeste,10,9,435,16948.4,254.8197167579504,171.46888256257037,716.0194174757281,2019,716.0194174757281,2.6695447837002875e-05
2304509,Frecheirinha,23,Ceará,Nordeste,10,7,93,14762.6,67.24092256877377,12.498641872021825,514.4789063648391,2016,514.4789063648391,5.707302641014407e-06
2304608,General Sampaio,23,Ceará,Nordeste,10,8,24,7112.3,33.60800872949968,14.646266812644628,102.99987125016094,2021,102.99987125016094,1.4728522944553309e-06
2304657,Graça,23,Ceará,Nordeste,10,8,278,14520.3,191.66792317921374,23.83408643740864,1269.9308593198814,2024,1269.9308593198814,1.7060539077440916e-05
2304707,Granja,23,Ceará,Nordeste,10,10,252,54625.0,46.39289836593738,16.279146206784514,262.2539061057142,2016,262.2539061057142,1.5464949091780976e-05
2304806,Granjeiro,23,Ceará,Nordeste,10,6,274,4739.2,584.4528518178263,121.6919501345196,3053.5936850851685,2020,3053.5936850851685,1.6815063695031695e-05
2304905,Groaíras,23,Ceará,Nordeste,10,10,886,11095.2,811.3352726586821,59.26203607923599,5252.062328139322,2022,5252.062328139322,5.437279720364263e-05
2304954,Guaiúba,23,Ceará,Nordeste,10,9,242,25664.9,94.91422398500137,28.23250581504746,304.21377183967115,2022,304.21377183967115,1.4851260635757921e-05
2305001,Guaraciaba do Norte,23,Ceará,Nordeste,10,10,197,41377.1,46.49248540423912,10.531571389632388,218.7715501866692,2022,218.7715501866692,1.2089662583654175e-05
2305100,Guaramiranga,23,Ceará,Nordeste,10,9,122,4912.5,239.6711302944953,226.88529015457067,565.0818394388152,2020,565.0818394388152,7.486999163481266e-06
2305209,Hidrolândia,23,Ceará,Nordeste,10,8,411,19298.1,204.84203303504705,8.401008120974517,1946.7620182757253,2016,1946.7620182757253,2.522259554254754e-05
2305233,Horizonte,23,Ceará,Nordeste,10,10,1010,71287.4,148.06336085938094,42.868760644758225,698.8290666972794,2021,698.8290666972794,6.198253405832852e-05
2305266,Ibaretama,23,Ceará,Nordeste,10,10,155,12809.7,120.68671868510732,116.45608236502878,257.5172309323639,2016,257.5172309323639,9.512171068357345e-06
2305308,Ibiapina,23,Ceará,Nordeste,10,7,26,24707.1,10.65811498102297,6.071058405225887,50.07302315877321,2022,50.07302315877321,1.5955899856599418e-06
2305332,Ibicuitinga,23,Ceará,Nordeste,10,9,378,12210.4,309.85219849125514,71.43075134333051,1274.8436139045054,2020,1274.8436139045054,2.3197423637671463e-05
2305357,Icapuí,23,Ceará,Nordeste,10,10,1124,20701.5,538.4675117394961,312.1116710827639,2636.1218681472496,2022,2636.1218681472496,6.897858245699133e-05
2305407,Icó,23,Ceará,Nordeste,10,10,3605,66211.7,536.4584434799183,211.8284188182044,2230.3066300393493,2016,2230.3066300393493,0.00022123468839631118
2305506,Iguatu,23,Ceará,Nordeste,10,10,2963,101805.4,288.91122326589965,142.18045240412025,1227.3410212882204,2019,1227.3410212882204,0.00018183588951963106
2305605,Independência,23,Ceará,Nordeste,10,9,114,25369.9,46.2669530312255,20.41111730605281,212.2877122877123,2023,212.2877122877123,6.996048398662822e-06
2305654,Ipaporanga,23,Ceará,Nordeste,10,9,339,11642.1,292.2737275454359,25.393937321405343,2716.453949637806,2020,2716.453949637806,2.0804038659181548e-05
2305704,Ipaumirim,23,Ceará,Nordeste,10,8,256,12363.6,207.83578234260972,121.13400405665585,554.7069700136667,2018,554.7069700136667,1.5710424474190196e-05
2305803,Ipu,23,Ceará,Nordeste,10,10,894,41931.8,215.57570622915745,33.01040935579214,1499.3371097987224,2016,1499.3371097987224,5.486374796846108e-05
2305902,Ipueiras,23,Ceará,Nordeste,10,9,398,37857.0,105.75983136413049,45.91551977196053,392.54946386700743,2016,392.54946386700743,2.4424800549717573e-05
2306009,Iracema,23,Ceará,Nordeste,10,10,1218,14227.7,858.9133937084898,66.93788156957831,3638.814016172507,2016,3638.814016172507,7.474725394360804e-05
2306108,Irauçuba,23,Ceará,Nordeste,10,9,1343,24192.4,563.5087102312208,74.68716807815814,2881.370232872089,2016,2881.370232872089,8.241835964389623e-05
2306207,Itaiçaba,23,Ceará,Nordeste,10,9,330,7747.2,421.13988382665565,103.65197471663095,1872.4696356275304,2021,1872.4696356275304,2.02517190487608e-05
2306256,Itaitinga,23,Ceará,Nordeste,10,10,256,50521.8,55.42883055005909,35.683872955488965,134.82574408547444,2017,134.82574408547444,1.5710424474190196e-05
2306306,Itapajé,23,Ceará,Nordeste,10,9,79,50592.4,15.303000038558206,6.287618849892814,46.77443496482562,2021,46.77443496482562,4.848138802582131e-06
2306405,Itapipoca,23,Ceará,Nordeste,10,10,1369,131253.4,104.98297217946872,12.9344351757512,658.1606583131869,2022,658.1606583131869,8.401394962955617e-05
2306504,Itapiúna,23,Ceará,Nordeste,10,9,259,19368.1,131.63316237098553,43.410786812120364,946.0547504025765,2016,946.0547504025765,1.5894531010997113e-05
2306553,Itarema,23,Ceará,Nordeste,10,9,199,42736.4,46.420815179773555,28.928900792639812,179.24901645831878,2022,179.24901645831878,1.2212400274858786e-05
2306603,Itatira,23,Ceará,Nordeste,10,10,685,21054.1,326.50686936928577,28.100171950258922,1879.5157195860181,2016,1879.5157195860181,4.203765923757924e-05
2306702,Jaguaretama,23,Ceará,Nordeste,10,10,1069,17817.2,602.25466534088,354.98984446923026,1711.9312906220985,2023,1711.9312906220985,6.560329594886454e-05
2306801,Jaguaribara,23,Ceará,Nordeste,10,10,652,11036.3,595.0485314780287,218.81077140596437,2549.800796812749,2017,2549.800796812749,4.001248733270316e-05
2306900,Jaguaribe,23,Ceará,Nordeste,10,10,1492,34530.9,440.2153724077401,90.87499357916565,3258.6135325861355,2023,3258.6135325861355,9.156231763863974e-05
2307007,Jaguaruana,23,Ceará,Nordeste,10,10,1578,33240.0,471.8974238535484,156.81685178833223,2146.643109540636,2021,2146.643109540636,9.684003836043801e-05
2307106,Jardim,23,Ceará,Nordeste,10,10,1130,27530.6,401.38611057069323,220.9736323638242,2052.0120829137877,2025,2052.0120829137877,6.934679553060516e-05
2307205,Jati,23,Ceará,Nordeste,10,9,373,7990.3,464.38385352705654,280.6086141495764,1380.8408334360745,2019,1380.8408334360745,2.2890579409659936e-05
2307254,Jijoca de Jericoacoara,23,Ceará,Nordeste,10,9,668,22554.5,288.95041414245,222.48269918244597,863.5039533915938,2016,863.5039533915938,4.099438886234004e-05
2307304,Juazeiro do Norte,23,Ceará,Nordeste,10,10,2683,282006.7,95.75922315299121,28.981087159802463,456.80942866243885,2020,456.80942866243885,0.00016465261275098553
2307403,Jucás,23,Ceará,Nordeste,10,7,51,24564.3,20.786656551799254,6.188929973992958,93.404808317089,2025,93.404808317089,3.129811125717578e-06
2307502,Lavras da Mangabeira,23,Ceará,Nordeste,10,10,567,31464.4,181.96984451570506,88.00702695622364,847.347574832803,2022,847.347574832803,3.4796135456507193e-05
2307601,Limoeiro do Norte,23,Ceará,Nordeste,10,10,4527,60043.5,756.1892383220452,342.5580436068568,2441.142093838704,2020,2441.142093838704,0.0002778167640416368
2307635,Madalena,23,Ceará,Nordeste,10,10,505,18719.9,261.38739208149013,210.07062641778424,1083.3208526783485,2021,1083.3208526783485,3.099126702916426e-05
2307650,Maracanaú,23,Ceará,Nordeste,10,10,4488,233276.5,195.5477361727326,36.848704671258446,638.5668395487172,2021,638.5668395487172,0.0002754233790631469
2307700,Maranguape,23,Ceará,Nordeste,10,10,2044,119738.8,166.677125421596,56.756697368897186,842.212383331941,2021,842.212383331941,0.00012543792041111234
2307809,Marco,23,Ceará,Nordeste,10,9,341,26946.3,129.41373385232433,29.627761724092572,542.2993492407809,2016,542.2993492407809,2.092677635038616e-05
2307908,Martinópole,23,Ceará,Nordeste,10,7,85,11138.0,77.24291545259402,8.938292617857895,709.7361237488626,2016,709.7361237488626,5.216351876195964e-06
2308005,Massapê,23,Ceará,Nordeste,10,9,182,38651.5,47.1725365329723,16.48801632667725,168.9010873007495,2016,168.9010873007495,1.1169129899619592e-05
2308104,Mauriti,23,Ceará,Nordeste,10,10,1860,47026.6,400.0331685523255,199.86535655634998,1542.9863260244506,2022,1542.9863260244506,0.00011414605282028814
2308203,Meruoca,23,Ceará,Nordeste,10,10,223,15225.9,146.63051305472945,51.62226397995228,567.3946031536584,2022,567.3946031536584,1.3685252569314117e-05
2308302,Milagres,23,Ceará,Nordeste,10,10,1865,27285.5,674.7575482042339,220.4820442861044,2695.618291948567,2017,2695.618291948567,0.00011445289704829968
2308351,Milhã,23,Ceará,Nordeste,10,9,388,13654.9,292.83227172794943,36.01475573997501,1888.0749188127786,2018,1888.0749188127786,2.3811112093694518e-05
2308377,Miraíma,23,Ceará,Nordeste,10,8,265,14039.0,187.94627304799903,20.874577689912194,1084.8126232741618,2022,1084.8126232741618,1.6262744084610944e-05
2308401,Missão Velha,23,Ceará,Nordeste,10,10,506,36424.4,140.20259230251162,97.64877784006856,376.49323444488476,2016,376.49323444488476,3.105263587476656e-05
2308500,Mombaça,23,Ceará,Nordeste,10,9,629,41561.5,150.72236078257663,110.86602745821759,355.10798992977345,2022,355.10798992977345,3.860100388385013e-05
2308609,Monsenhor Tabosa,23,Ceará,Nordeste,10,10,334,17264.4,194.39413645725216,116.90784878645016,664.7617936905942,2022,664.7617936905942,2.049719443117002e-05
2308708,Morada Nova,23,Ceará,Nordeste,10,10,1783,62415.6,289.3141301348083,58.287221206450305,1464.5234616009093,2021,1464.5234616009093,0.00010942065170891063
2308807,Moraújo,23,Ceará,Nordeste,10,9,90,8580.1,104.09180001077361,34.65680364332217,554.7379146382882,2021,554.7379146382882,5.523196104207491e-06
2308906,Morrinhos,23,Ceará,Nordeste,10,8,39,22755.3,17.245131749762056,11.066421001437256,39.555223487012704,2022,39.555223487012704,2.3933849784899126e-06
2309003,Mucambo,23,Ceará,Nordeste,10,8,105,14221.6,74.15441212640047,38.818987174845795,375.86134892461894,2016,375.86134892461894,6.443728788242073e-06
2309102,Mulungu,23,Ceará,Nordeste,10,10,557,11442.0,513.0513260725832,204.0627609010901,3746.8066988362193,2022,3746.8066988362193,3.418244700048414e-05
2309201,Nova Olinda,23,Ceará,Nordeste,10,10,88,15611.3,55.50258329366618,22.75676114231454,317.85602991586165,2025,317.85602991586165,5.40045841300288e-06
2309300,Nova Russas,23,Ceará,Nordeste,10,10,890,31893.9,279.3207244710176,39.03620322812375,2322.0880015021594,2016,2322.0880015021594,5.461827258605185e-05
2309409,Novo Oriente,23,Ceará,Nordeste,10,8,137,28444.5,48.786276440337865,19.483219893065787,261.39045198765655,2022,261.39045198765655,8.407531847515848e-06
2309458,Ocara,23,Ceará,Nordeste,10,10,317,25318.2,124.10161768480673,38.817859963857444,441.0490667086714,2017,441.0490667086714,1.9453924055930828e-05
2309508,Orós,23,Ceará,Nordeste,10,10,467,20757.0,230.9590391125555,55.74230766967614,1388.9585318156746,2025,1388.9585318156746,2.865925089627665e-05
2309607,Pacajus,23,Ceará,Nordeste,10,10,614,72376.2,85.07886621568083,46.49000464900047,348.32395538068846,2017,348.32395538068846,3.768047119981555e-05
2309706,Pacatuba,23,Ceará,Nordeste,10,10,748,83672.6,89.75672130019703,35.27392305338256,315.24459055002205,2022,315.24459055002205,4.590389651052448e-05
2309805,Pacoti,23,Ceará,Nordeste,10,9,401,11803.9,332.56734105972276,87.46158776964779,1481.1197916666665,2020,1481.1197916666665,2.4608907086524487e-05
2309904,Pacujá,23,Ceará,Nordeste,10,6,56,6332.4,89.11481874371216,30.910354201148294,436.4694471387003,2016,436.4694471387003,3.4366553537291054e-06
2310001,Palhano,23,Ceará,Nordeste,10,10,1138,9421.9,1211.8580650994934,161.57361882329246,8470.061794161516,2019,8470.061794161516,6.983774629542361e-05
2310100,Palmácia,23,Ceará,Nordeste,10,8,118,12077.0,105.46317773830201,24.978628636223625,507.71333723882054,2022,507.71333723882054,7.241523781072044e-06
2310209,Paracuru,23,Ceará,Nordeste,10,10,523,36886.3,141.9966414192135,60.177152488402385,625.9620318111853,2022,625.9620318111853,3.2095906250005754e-05
2310258,Paraipaba,23,Ceará,Nordeste,10,10,52,32885.3,15.722564434333453,17.072262229947853,35.205069530012324,2025,35.205069530012324,3.1911799713198836e-06
2310308,Parambu,23,Ceará,Nordeste,10,9,192,31668.8,60.725782278231044,50.88249324216887,153.78207798032872,2016,153.78207798032872,1.1782818355642647e-05
2310407,Paramoti,23,Ceará,Nordeste,10,9,282,11331.8,240.69061466998446,104.925538395785,1335.940045617465,2021,1335.940045617465,1.730601445985014e-05
2310506,Pedra Branca,23,Ceará,Nordeste,10,9,1273,42358.0,302.36965976545764,176.96884393028694,1010.2769552342797,2022,1010.2769552342797,7.812254045173485e-05
2310605,Penaforte,23,Ceará,Nordeste,10,10,866,9089.0,943.3419566321481,623.170539097197,2971.0377257668056,2025,2971.0377257668056,5.314542029159652e-05
2310704,Pentecoste,23,Ceará,Nordeste,10,10,848,38027.1,228.70996027551732,12.03191085885053,1960.571923743501,2016,1960.571923743501,5.2040781070755027e-05
2310803,Pereiro,23,Ceará,Nordeste,10,9,726,16030.6,447.71508010424606,132.3859340499412,2532.6546881707245,2019,2532.6546881707245,4.455378190727376e-05
2310852,Pindoretama,23,Ceará,Nordeste,10,10,384,22043.0,172.16955551523938,75.03213986492938,897.781197896627,2022,897.781197896627,2.3565636711285294e-05
2310902,Piquet Carneiro,23,Ceará,Nordeste,10,10,162,16913.1,96.12753729975164,44.009617629641546,330.208149065393,2019,330.208149065393,9.941752987573485e-06
2310951,Pires Ferreira,23,Ceará,Nordeste,10,5,30,10851.9,27.882867462055685,9.048136083966703,113.14350367716388,2022,113.14350367716388,1.8410653680691636e-06
2311009,Poranga,23,Ceará,Nordeste,10,10,324,12284.6,263.38209970378,65.48813092506381,857.7439715164265,2021,857.7439715164265,1.988350597514697e-05
2311108,Porteiras,23,Ceará,Nordeste,10,10,1038,15952.9,611.1276762587001,200.79289178939587,2693.716539870386,2024,2693.716539870386,6.370086173519307e-05
2311207,Potengi,23,Ceará,Nordeste,10,8,162,10152.2,150.3314230714299,22.615512177610036,985.6300663227709,2016,985.6300663227709,9.941752987573485e-06
2311231,Potiretama,23,Ceará,Nordeste,10,9,134,6260.9,217.20122964830904,33.057741072934846,1435.797030510687,2024,1435.797030510687,8.22342531070893e-06
2311264,Quiterianópolis,23,Ceará,Nordeste,10,9,150,20761.0,73.51249904847741,23.774735648348575,445.2580022757631,2022,445.2580022757631,9.205326840345818e-06
2311306,Quixadá,23,Ceará,Nordeste,10,10,1825,87032.5,211.6973431086022,116.77392852913113,686.7217945062257,2022,686.7217945062257,0.00011199814322420746
2311355,Quixelô,23,Ceará,Nordeste,10,10,212,15900.0,135.32990422522664,24.777893592627173,537.7673383607369,2019,537.7673383607369,1.3010195267688757e-05
2311405,Quixeramobim,23,Ceará,Nordeste,10,10,3122,81756.7,389.2065305496535,249.81446578274515,1506.5219049556306,2017,1506.5219049556306,0.00019159353597039764
2311504,Quixeré,23,Ceará,Nordeste,10,10,2038,21750.0,926.0684682572304,606.292316906816,2875.3566333808844,2021,2875.3566333808844,0.00012506970733749853
2311603,Redenção,23,Ceará,Nordeste,10,10,149,28103.8,52.94696880059225,16.048453229570388,271.2987104502854,2025,271.2987104502854,9.143957994743513e-06
2311702,Reriutaba,23,Ceará,Nordeste,10,10,494,18708.0,262.9500627691726,50.42007152419432,1315.9997868826256,2017,1315.9997868826256,3.0316209727538897e-05
2311801,Russas,23,Ceará,Nordeste,10,10,5267,76101.9,676.1024382898386,158.03755089360706,2677.561282212445,2021,2677.561282212445,0.00032322970978734285
2311900,Saboeiro,23,Ceará,Nordeste,10,8,64,15025.2,41.717966891933564,23.484780736186273,227.57443580504457,2019,227.57443580504457,3.927606118547549e-06
2311959,Salitre,23,Ceará,Nordeste,10,9,298,16670.6,175.45732988416617,68.9324554514053,803.3289025024563,2025,803.3289025024563,1.8287915989487025e-05
2312007,Santana do Acaraú,23,Ceará,Nordeste,10,8,120,31944.2,38.53177826675385,14.082306601657347,261.19890296460756,2022,261.19890296460756,7.3642614722766545e-06
2312106,Santana do Cariri,23,Ceará,Nordeste,10,9,384,17441.5,222.69621687774983,73.52632472528335,979.1199716880972,2022,979.1199716880972,2.3565636711285294e-05
2312205,Santa Quitéria,23,Ceará,Nordeste,10,10,579,42512.9,134.43833693029663,20.715817733575953,1088.5859913743398,2016,1088.5859913743398,3.553256160373486e-05
2312304,São Benedito,23,Ceará,Nordeste,10,9,71,47956.6,14.64731472251412,8.334315281224146,48.16472335387024,2024,48.16472335387024,4.3571880377636875e-06
2312403,São Gonçalo do Amarante,23,Ceará,Nordeste,10,10,372,51514.5,74.51816084598345,28.953311708904074,351.5306229206336,2016,351.5306229206336,2.282921056405763e-05
2312502,São João do Jaguaribe,23,Ceará,Nordeste,10,10,100,6897.0,144.16158860415197,84.32016871039988,355.216418892251,2020,355.216418892251,6.136884560230546e-06
2312601,São Luís do Curu,23,Ceará,Nordeste,10,6,57,12121.6,44.58035996485052,13.804641292515,163.99843811011323,2016,163.99843811011323,3.498024199331411e-06
2312700,Senador Pompeu,23,Ceará,Nordeste,10,10,377,25476.0,144.0129665826546,40.2981619272951,1020.9097440163346,2017,1020.9097440163346,2.3136054792069157e-05
2312809,Senador Sá,23,Ceará,Nordeste,10,9,206,7517.4,276.264951571192,88.12687586811337,2096.210696049449,2016,2096.210696049449,1.2641982194074924e-05
2312908,Sobral,23,Ceará,Nordeste,10,10,3258,208578.9,157.66297791523263,21.86307234901631,558.5574048260542,2022,558.5574048260542,0.00019993969897231118
2313005,Solonópole,23,Ceará,Nordeste,10,9,447,18352.5,244.91882536178642,41.138947734587106,1153.5727953638402,2018,1153.5727953638402,2.743187398423054e-05
2313104,Tabuleiro do Norte,23,Ceará,Nordeste,10,10,2824,31061.5,911.3970348750552,1004.1508646042412,2093.6203831720327,2016,2093.6203831720327,0.0001733056199809106
2313203,Tamboril,23,Ceará,Nordeste,10,10,333,25573.9,130.98580874413366,58.744261333632224,676.8388106416276,2016,676.8388106416276,2.0435825585567717e-05
2313252,Tarrafas,23,Ceará,Nordeste,10,7,45,8263.1,56.10721258787005,39.03720498012297,222.9215840545502,2024,222.9215840545502,2.7615980521037455e-06
2313302,Tauá,23,Ceará,Nordeste,10,10,3471,60309.4,588.3557628503769,127.25123750781682,4062.9208826881236,2016,4062.9208826881236,0.00021301126308560222
2313351,Tejuçuoca,23,Ceará,Nordeste,10,6,247,18429.8,130.39746506726237,25.306425686492396,957.570627446831,2017,957.570627446831,1.5158104863769448e-05
2313401,Tianguá,23,Ceará,Nordeste,10,10,1752,78967.7,215.92148847603585,87.61174849895862,990.1111574608004,2023,990.1111574608004,0.00010751821749523915
2313500,Trairi,23,Ceará,Nordeste,10,8,171,57477.4,29.803205830096807,9.813291607896485,141.2105272448061,2021,141.2105272448061,1.0494072597994233e-05
2313559,Tururu,23,Ceará,Nordeste,10,8,412,15881.3,258.8398362933046,43.36014731198425,1206.851803789255,2022,1206.851803789255,2.5283964388149848e-05
2313609,Ubajara,23,Ceará,Nordeste,10,8,210,34233.4,61.20447170894373,5.848040333995742,266.3266751664542,2021,266.3266751664542,1.2887457576484146e-05
2313708,Umari,23,Ceará,Nordeste,10,9,334,7397.5,450.42069688068324,279.869618688729,1538.2626680455014,2020,1538.2626680455014,2.049719443117002e-05
2313757,Umirim,23,Ceará,Nordeste,10,7,79,18929.1,40.23592690432028,8.47876457211303,168.35016835016833,2016,168.35016835016833,4.848138802582131e-06
2313807,Uruburetama,23,Ceará,Nordeste,10,9,127,21384.6,58.49043169210006,18.227728241142586,260.9908653197138,2021,260.9908653197138,7.793843391492793e-06
2313906,Uruoca,23,Ceará,Nordeste,10,6,52,13882.6,37.715968215538254,14.549687181725593,154.41176470588235,2016,154.41176470588235,3.1911799713198836e-06
2313955,Varjota,23,Ceará,Nordeste,10,10,126,18378.4,69.02534765517323,19.250517602669845,483.8354959313834,2016,483.8354959313834,7.732474545890488e-06
2314003,Várzea Alegre,23,Ceará,Nordeste,10,10,791,40371.8,194.56720240269587,106.24280255984856,506.0753489964061,2020,506.0753489964061,4.854275687142362e-05
2314102,Viçosa do Ceará,23,Ceará,Nordeste,10,10,1152,60909.2,186.79584210091573,80.54104251316602,1258.156211641579,2021,1258.156211641579,7.069691013385588e-05
2400109,Acari,24,Rio Grande do Norte,Nordeste,10,10,851,11010.0,763.1580088151702,281.94691210216365,3624.9779502557767,2016,3624.9779502557767,5.222488760756194e-05
2400208,Assú,24,Rio Grande do Norte,Nordeste,10,10,2562,57971.1,441.656125895105,230.0612606840583,1437.509695434097,2019,1437.509695434097,0.00015722698243310658
2400307,Afonso Bezerra,24,Rio Grande do Norte,Nordeste,10,10,380,11053.2,341.6508504242127,163.08457893254183,1677.5229767109843,2016,1677.5229767109843,2.3320161328876074e-05
2400406,Água Nova,24,Rio Grande do Norte,Nordeste,10,10,300,3149.1,977.9541258031452,401.7511644059899,4722.589167767504,2024,4722.589167767504,1.8410653680691636e-05
2400505,Alexandria,24,Rio Grande do Norte,Nordeste,10,10,555,13730.7,402.3913702311669,178.67682911181257,2102.753089096033,2016,2102.753089096033,3.4059709309279525e-05
2400604,Almino Afonso,24,Rio Grande do Norte,Nordeste,10,6,51,4760.3,105.41830598260508,20.815990285640105,799.8359310910582,2016,799.8359310910582,3.129811125717578e-06
2400703,Alto do Rodrigues,24,Rio Grande do Norte,Nordeste,10,10,249,13771.3,177.80671461753315,146.23549330055107,374.74368945768225,2016,374.74368945768225,1.528084255497406e-05
2400802,Angicos,24,Rio Grande do Norte,Nordeste,10,10,342,11787.7,291.6799390810766,188.53829413122756,851.1004126547456,2022,851.1004126547456,2.0988145195988465e-05
2400901,Antônio Martins,24,Rio Grande do Norte,Nordeste,10,8,175,6967.8,256.4570333144689,59.78102356336108,1216.3600425726015,2022,1216.3600425726015,1.0739547980403455e-05
2401008,Apodi,24,Rio Grande do Norte,Nordeste,10,10,473,36268.7,131.02743053915984,44.61716217568119,488.18159252006507,2016,488.18159252006507,2.902746396989048e-05
2401107,Areia Branca,24,Rio Grande do Norte,Nordeste,10,10,417,26307.2,156.59567100758196,116.69110346037318,400.47198483927485,2020,400.47198483927485,2.5590808616161376e-05
2401206,Arez,24,Rio Grande do Norte,Nordeste,10,10,677,13976.4,500.88758994655456,215.32613362223367,3335.5973134103087,2022,3335.5973134103087,4.1546708472760796e-05
2401305,Campo Grande,24,Rio Grande do Norte,Nordeste,10,7,91,9773.5,93.41071929267346,10.349887912277856,800.6569492917266,2016,800.6569492917266,5.584564949809796e-06
2401404,Baía Formosa,24,Rio Grande do Norte,Nordeste,10,10,619,9160.3,684.7577748172176,244.81521336595225,2900.8498583569403,2022,2900.8498583569403,3.7987315427827074e-05
2401453,Baraúna,24,Rio Grande do Norte,Nordeste,10,10,591,28048.8,214.03724491936651,92.35820972030542,709.6941998290788,2022,709.6941998290788,3.6268987750962524e-05
2401503,Barcelona,24,Rio Grande do Norte,Nordeste,10,5,77,4029.5,191.64224483576567,25.03755633450175,599.7001499250374,2018,599.7001499250374,4.72540111137752e-06
2401602,Bento Fernandes,24,Rio Grande do Norte,Nordeste,10,9,376,5250.8,732.6162167308518,362.79801812387166,3349.282296650718,2022,3349.282296650718,2.307468594646685e-05
2401651,Bodó,24,Rio Grande do Norte,Nordeste,10,9,146,2281.5,644.2269607661734,329.54146650344376,2159.2442645074225,2019,2159.2442645074225,8.959851457936597e-06
2401701,Bom Jesus,24,Rio Grande do Norte,Nordeste,10,9,300,10188.2,295.3107601588712,303.1307995657683,693.3279742765274,2022,693.3279742765274,1.8410653680691636e-05
2401800,Brejinho,24,Rio Grande do Norte,Nordeste,10,9,441,12594.9,353.9269059554024,216.97267620852364,1409.6049827897066,2022,1409.6049827897066,2.7063660910616706e-05
2401859,Caiçara do Norte,24,Rio Grande do Norte,Nordeste,10,10,488,6498.8,745.1529030813407,237.2685847325145,4571.60157432637,2016,4571.60157432637,2.9947996653925062e-05
2401909,Caiçara do Rio do Vento,24,Rio Grande do Norte,Nordeste,10,9,453,3537.6,1270.0618433851146,414.1008258151365,6611.796982167352,2016,6611.796982167352,2.780008705784437e-05
2402006,Caicó,24,Rio Grande do Norte,Nordeste,10,10,5998,65751.3,907.6524701709362,313.0678242930305,4643.7480626448405,2016,4643.7480626448405,0.0003680903359226281
2402105,Campo Redondo,24,Rio Grande do Norte,Nordeste,10,10,498,10885.7,455.0757350068385,379.71787879081376,1651.409082749955,2018,1651.409082749955,3.056168510994812e-05
2402204,Canguaretama,24,Rio Grande do Norte,Nordeste,10,10,393,32678.4,119.72040842413432,75.12744534327068,474.24077292409197,2016,474.24077292409197,2.4117956321706046e-05
2402303,Caraúbas,24,Rio Grande do Norte,Nordeste,10,10,1001,20297.9,491.37479796628685,164.85127576174992,2713.70420624152,2016,2713.70420624152,6.143021444790775e-05
2402402,Carnaúba dos Dantas,24,Rio Grande do Norte,Nordeste,10,10,1056,8168.7,1302.38458750737,337.3798548546363,8389.799186891709,2016,8389.799186891709,6.480550095603456e-05
2402501,Carnaubais,24,Rio Grande do Norte,Nordeste,10,8,332,10402.0,316.89803626536684,85.65064956654263,1850.453172205438,2016,1850.453172205438,2.037445673996541e-05
2402600,Ceará-Mirim,24,Rio Grande do Norte,Nordeste,10,10,4325,76675.1,557.5883179019094,477.80263718115316,1787.2716931049738,2022,1787.2716931049738,0.0002654202572299711
2402709,Cerro Corá,24,Rio Grande do Norte,Nordeste,10,9,691,11205.1,611.682259023293,81.15593823938337,3627.217368281705,2016,3627.217368281705,4.240587231119307e-05
2402808,Coronel Ezequiel,24,Rio Grande do Norte,Nordeste,10,10,177,5391.0,327.285228966034,92.75266457209001,1617.8876567896746,2021,1617.8876567896746,1.0862285671608065e-05
2402907,Coronel João Pessoa,24,Rio Grande do Norte,Nordeste,10,8,202,4669.1,464.47526404201807,177.32923511660053,2832.1925890960583,2023,2832.1925890960583,1.2396506811665702e-05
2403004,Cruzeta,24,Rio Grande do Norte,Nordeste,10,10,1543,8075.8,1894.3820714284707,215.62091553816288,15597.79276517474,2016,15597.79276517474,9.469212876435732e-05
2403103,Currais Novos,24,Rio Grande do Norte,Nordeste,10,10,5088,43814.3,1148.4420052374394,503.31646777995763,5488.237905015535,2016,5488.237905015535,0.00031224468642453016
2403202,Doutor Severiano,24,Rio Grande do Norte,Nordeste,10,9,386,7127.6,534.788087832517,70.76583990221272,3580.2809143486643,2025,3580.2809143486643,2.3688374402489905e-05
2403251,Parnamirim,24,Rio Grande do Norte,Nordeste,10,10,10048,260656.3,385.5916443083462,284.0583883481121,911.2996407033983,2022,911.2996407033983,0.0006166341606119653
2403301,Encanto,24,Rio Grande do Norte,Nordeste,10,8,383,5848.0,649.0412795669171,53.0386725030502,3001.7761989342807,2016,3001.7761989342807,2.350426786568299e-05
2403400,Equador,24,Rio Grande do Norte,Nordeste,10,7,162,5807.8,274.2546605000066,41.19343426286536,1753.236113386859,2016,1753.236113386859,9.941752987573485e-06
2403509,Espírito Santo,24,Rio Grande do Norte,Nordeste,10,9,133,10652.2,123.92438955936093,106.7559997773517,336.0089602389397,2016,336.0089602389397,8.162056465106625e-06
2403608,Extremoz,24,Rio Grande do Norte,Nordeste,10,10,3043,43013.4,694.4541597134651,452.20025716134006,2112.4361158432707,2022,2112.4361158432707,0.0001867453971678155
2403707,Felipe Guerra,24,Rio Grande do Norte,Nordeste,10,7,74,6149.6,117.24453460576117,79.93659401789355,449.055435119232,2024,449.055435119232,4.541294574570604e-06
2403756,Fernando Pedroza,24,Rio Grande do Norte,Nordeste,10,9,330,3030.8,1097.1642070102966,454.9338817838159,3569.0897184020955,2019,3569.0897184020955,2.02517190487608e-05
2403806,Florânia,24,Rio Grande do Norte,Nordeste,10,10,434,9779.1,453.80950019217426,223.5064421166147,2300.712896953986,2016,2300.712896953986,2.6634078991400568e-05
2403905,Francisco Dantas,24,Rio Grande do Norte,Nordeste,10,8,200,2798.4,700.5913483309997,109.94279268390943,3552.949292859607,2016,3552.949292859607,1.2273769120461092e-05
2404002,Frutuoso Gomes,24,Rio Grande do Norte,Nordeste,10,8,84,4130.8,200.24186581650275,48.183512904266756,1474.7859181731683,2016,1474.7859181731683,5.1549830305936585e-06
2404101,Galinhos,24,Rio Grande do Norte,Nordeste,10,10,352,2515.2,1418.4514488624425,1056.8033776979319,4150.943396226415,2016,4150.943396226415,2.160183365201152e-05
2404200,Goianinha,24,Rio Grande do Norte,Nordeste,10,10,742,26785.0,277.5662201002143,147.3347146266866,1101.4889091461562,2019,1101.4889091461562,4.5535683436910645e-05
2404309,Governador Dix-Sept Rosado,24,Rio Grande do Norte,Nordeste,10,9,90,12681.9,71.3117272199847,61.47004180294519,152.63680073265664,2016,152.63680073265664,5.523196104207491e-06
2404408,Grossos,24,Rio Grande do Norte,Nordeste,10,10,198,10274.8,194.3627169994515,54.29617448476139,675.1309955663039,2022,675.1309955663039,1.215103142925648e-05
2404507,Guamaré,24,Rio Grande do Norte,Nordeste,10,10,3047,15612.9,2006.7172640764693,320.3661327231122,13782.971619365608,2016,13782.971619365608,0.00018699087255022472
2404606,Ielmo Marinho,24,Rio Grande do Norte,Nordeste,10,10,379,12962.3,298.9615275504858,83.52044871289611,1231.1665949203616,2022,1231.1665949203616,2.3258792483273767e-05
2404705,Ipanguaçu,24,Rio Grande do Norte,Nordeste,10,10,503,15036.3,327.22032515574443,113.52333239652732,1478.520210673266,2021,1478.520210673266,3.0868529337959644e-05
2404804,Ipueira,24,Rio Grande do Norte,Nordeste,10,6,59,2172.3,282.9188204305686,111.94789130589783,1425.0614250614249,2022,1425.0614250614249,3.620761890536022e-06
2404853,Itajá,24,Rio Grande do Norte,Nordeste,10,7,41,7503.7,54.584050088735594,19.80578148393268,319.36127744510975,2016,319.36127744510975,2.5161226696945237e-06
2404903,Itaú,24,Rio Grande do Norte,Nordeste,10,9,289,5692.2,522.3456632800837,354.7888501990945,2732.9420396184887,2024,2732.9420396184887,1.7735596379066278e-05
2405009,Jaçanã,24,Rio Grande do Norte,Nordeste,10,10,646,8652.7,730.581279312448,170.62282377109824,4950.273773605989,2016,4950.273773605989,3.9644274259089325e-05
2405108,Jandaíra,24,Rio Grande do Norte,Nordeste,10,10,705,6802.7,1040.1663954806102,293.5065734409454,4219.653179190752,2016,4219.653179190752,4.3265036149625346e-05
2405207,Janduís,24,Rio Grande do Norte,Nordeste,10,6,276,5096.0,548.4350564763763,66.65590217975073,2549.5153813737884,2022,2549.5153813737884,1.6937801386236306e-05
2405306,Januário Cicco,24,Rio Grande do Norte,Nordeste,10,9,268,9585.6,291.9381178349017,63.79834746286056,1711.0930043068327,2022,1711.0930043068327,1.644685062141786e-05
2405405,Japi,24,Rio Grande do Norte,Nordeste,10,10,400,5133.9,780.597047101072,325.5790561881284,2382.3823823823823,2020,2382.3823823823823,2.4547538240922183e-05
2405504,Jardim de Angicos,24,Rio Grande do Norte,Nordeste,10,10,195,2561.9,763.4151787482353,158.81408737325657,2749.281903980304,2022,2749.281903980304,1.1966924892449564e-05
2405603,Jardim de Piranhas,24,Rio Grande do Norte,Nordeste,10,8,286,14596.1,198.1077707222533,33.95110743413191,801.3164484510266,2022,801.3164484510266,1.755148984225936e-05
2405702,Jardim do Seridó,24,Rio Grande do Norte,Nordeste,10,10,1678,12193.3,1355.9873925606935,226.27488503577564,9597.326118096451,2016,9597.326118096451,0.00010297692292066856
2405801,João Câmara,24,Rio Grande do Norte,Nordeste,10,10,4042,34634.5,1171.4823317828184,396.01384493236924,6466.89055368983,2016,6466.89055368983,0.00024805287392451865
2405900,João Dias,24,Rio Grande do Norte,Nordeste,10,3,24,2432.2,96.6665669673827,0.0,640.542577241899,2020,640.542577241899,1.4728522944553309e-06
2406007,José da Penha,24,Rio Grande do Norte,Nordeste,10,10,570,5943.1,946.588487577983,260.25732447013485,5884.297520661156,2016,5884.297520661156,3.498024199331411e-05
2406106,Jucurutu,24,Rio Grande do Norte,Nordeste,10,10,270,18241.5,147.9299868220466,47.165502922678954,634.781656999015,2018,634.781656999015,1.656958831262247e-05
2406155,Jundiá,24,Rio Grande do Norte,Nordeste,10,9,104,3863.4,274.97929569416146,92.26996915875675,1791.9229740572346,2022,1791.9229740572346,6.382359942639767e-06
2406205,Lagoa d'Anta,24,Rio Grande do Norte,Nordeste,10,9,271,6721.0,407.1007005602376,59.26370412243401,1658.2220175034547,2022,1658.2220175034547,1.663095715822478e-05
2406304,Lagoa de Pedras,24,Rio Grande do Norte,Nordeste,10,6,209,7521.3,279.1765370926298,65.97090545504967,1352.067868504772,2019,1352.067868504772,1.282608873088184e-05
2406403,Lagoa de Velhos,24,Rio Grande do Norte,Nordeste,10,9,534,2686.4,1989.5750296438036,441.5681212405135,7686.676427525623,2019,7686.676427525623,3.2770963551631116e-05
2406502,Lagoa Nova,24,Rio Grande do Norte,Nordeste,10,10,680,15721.9,433.84854384404696,253.0700410855574,1735.6218778019725,2019,1735.6218778019725,4.173081500956771e-05
2406601,Lagoa Salgada,24,Rio Grande do Norte,Nordeste,10,7,226,8347.1,270.4514270433254,47.018405446870915,1466.5224185599232,2022,1466.5224185599232,1.3869359106121034e-05
2406700,Lajes,24,Rio Grande do Norte,Nordeste,10,10,1147,10772.3,1038.1212744460986,111.48413301510615,7993.590884813957,2016,7993.590884813957,7.039006590584436e-05
2406809,Lajes Pintadas,24,Rio Grande do Norte,Nordeste,10,10,411,4814.3,857.3004728256319,174.0966244430448,3116.559318512362,2016,3116.559318512362,2.522259554254754e-05
2406908,Lucrécia,24,Rio Grande do Norte,Nordeste,10,9,193,3814.5,506.5204209897276,174.82069444197262,2520.1612903225805,2016,2520.1612903225805,1.1844187201244952e-05
2407005,Luís Gomes,24,Rio Grande do Norte,Nordeste,10,9,423,9760.2,439.7006726453322,97.51460770518784,2132.2420848589272,2024,2132.2420848589272,2.5959021689775206e-05
2407104,Macaíba,24,Rio Grande do Norte,Nordeste,10,10,3754,82241.3,455.9269784933093,353.17381861791193,1840.7518632445378,2022,1840.7518632445378,0.0002303786463910547
2407203,Macau,24,Rio Grande do Norte,Nordeste,10,10,1432,30262.0,456.6010462549067,74.09217312412335,3048.2400607748796,2016,3048.2400607748796,8.788018690250142e-05
2407252,Major Sales,24,Rio Grande do Norte,Nordeste,10,9,77,4012.0,192.09886308585266,126.21021120751288,540.9392672731743,2024,540.9392672731743,4.72540111137752e-06
2407302,Marcelino Vieira,24,Rio Grande do Norte,Nordeste,10,9,450,8232.0,538.8267851251233,303.951367781155,2366.097704532078,2016,2366.097704532078,2.7615980521037454e-05
2407401,Martins,24,Rio Grande do Norte,Nordeste,10,7,289,8569.2,335.79680022186915,41.98421586693999,1862.857142857143,2016,1862.857142857143,1.7735596379066278e-05
2407500,Maxaranguape,24,Rio Grande do Norte,Nordeste,10,10,298,11565.4,260.968363288952,261.3311242936989,575.329107752316,2022,575.329107752316,1.8287915989487025e-05
2407609,Messias Targino,24,Rio Grande do Norte,Nordeste,10,9,72,4500.7,164.48848378723108,55.167454085432595,865.6995788488535,2022,865.6995788488535,4.418556883365993e-06
2407708,Montanhas,24,Rio Grande do Norte,Nordeste,10,10,269,11440.7,235.89952571773742,64.98640164206037,1205.8720727018526,2022,1205.8720727018526,1.6508219467020168e-05
2407807,Monte Alegre,24,Rio Grande do Norte,Nordeste,10,8,349,22859.5,151.50201363105913,32.59836865165714,1220.0946550301767,2022,1220.0946550301767,2.1417727115204603e-05
2407906,Monte das Gameleiras,24,Rio Grande do Norte,Nordeste,10,10,166,2199.5,761.0516370179997,127.98637141710506,3990.4988123515436,2019,3990.4988123515436,1.0187228369982705e-05
2408003,Mossoró,24,Rio Grande do Norte,Nordeste,10,10,8726,286919.5,300.3986778622267,211.79749375775415,1054.3370658738015,2016,1054.3370658738015,0.0005355045467257174
2408102,Natal,24,Rio Grande do Norte,Nordeste,10,10,81178,838400.9,976.2043332072037,751.2218392076664,2187.408491947291,2022,2187.408491947291,0.004981800148303952
2408201,Nísia Floresta,24,Rio Grande do Norte,Nordeste,10,10,1222,29759.0,394.3467171181186,280.3265070544911,1274.1844593325402,2022,1274.1844593325402,7.499272932601727e-05
2408300,Nova Cruz,24,Rio Grande do Norte,Nordeste,10,10,1519,36428.7,411.0017251931669,159.05041422176794,1973.5265134364931,2016,1973.5265134364931,9.321927646990199e-05
2408409,Olho d'Água do Borges,24,Rio Grande do Norte,Nordeste,10,8,217,4100.7,503.9966509644032,50.40166973956375,4267.033723331039,2016,4267.033723331039,1.3317039495700284e-05
2408508,Ouro Branco,24,Rio Grande do Norte,Nordeste,10,10,349,4899.0,716.6875906800708,145.43943486391024,3014.1480418289934,2016,3014.1480418289934,2.1417727115204603e-05
2408607,Paraná,24,Rio Grande do Norte,Nordeste,10,10,202,4154.7,485.45334126845637,101.67768174885613,2447.6347375853143,2016,2447.6347375853143,1.2396506811665702e-05
2408706,Paraú,24,Rio Grande do Norte,Nordeste,10,9,38,3723.8,102.505990335353,82.09069773536449,232.25806451612902,2016,232.25806451612902,2.3320161328876075e-06
2408805,Parazinho,24,Rio Grande do Norte,Nordeste,10,10,934,5097.7,1842.569124769215,260.54218914306864,6269.5271818371175,2022,6269.5271818371175,5.73185017925533e-05
2408904,Parelhas,24,Rio Grande do Norte,Nordeste,10,10,2091,21670.6,967.3680207071839,373.6212509267942,6659.869305278769,2016,6659.869305278769,0.0001283222561544207
2408953,Rio do Fogo,24,Rio Grande do Norte,Nordeste,10,10,357,10730.0,336.0005700207391,121.69139896942661,1265.5782050043474,2022,1265.5782050043474,2.1908677880023047e-05
2409100,Passa e Fica,24,Rio Grande do Norte,Nordeste,10,10,339,12449.0,271.89980725706874,242.76760472616442,918.7533777697713,2022,918.7533777697713,2.0804038659181548e-05
2409209,Passagem,24,Rio Grande do Norte,Nordeste,10,10,167,3126.6,533.4488842025673,338.3293410138747,2343.499197431782,2022,2343.499197431782,1.024859721558501e-05
2409308,Patu,24,Rio Grande do Norte,Nordeste,10,10,518,12122.0,415.7457472081304,53.51961656752784,3232.623669380088,2016,3232.623669380088,3.1789062021994227e-05
2409332,Santa Maria,24,Rio Grande do Norte,Nordeste,10,10,840,5294.9,1684.1010165118482,253.39697632159465,12420.053641427688,2022,12420.053641427688,5.1549830305936585e-05
2409407,Pau dos Ferros,24,Rio Grande do Norte,Nordeste,10,10,4668,30769.3,1539.0712163736148,126.40707573744177,11871.813546977422,2016,11871.813546977422,0.0002864697712715619
2409506,Pedra Grande,24,Rio Grande do Norte,Nordeste,10,10,404,3432.3,1194.5470101862766,182.07053942367065,7812.5,2016,7812.5,2.4793013623331404e-05
2409605,Pedra Preta,24,Rio Grande do Norte,Nordeste,10,10,221,2475.1,892.3526871704983,222.09046352471012,3441.2126177795985,2022,3441.2126177795985,1.3562514878109506e-05
2409704,Pedro Avelino,24,Rio Grande do Norte,Nordeste,10,10,739,6581.7,1075.6878624250828,86.84722259675743,8245.212917976565,2016,8245.212917976565,4.535157690010373e-05
2409803,Pedro Velho,24,Rio Grande do Norte,Nordeste,10,10,378,14519.4,265.0705858651057,94.31643429852136,922.7301542579418,2024,922.7301542579418,2.3197423637671463e-05
2409902,Pendências,24,Rio Grande do Norte,Nordeste,10,10,619,14038.9,467.8121862947708,420.972943216653,1372.048500319081,2024,1372.048500319081,3.7987315427827074e-05
2410009,Pilões,24,Rio Grande do Norte,Nordeste,10,9,147,3498.0,459.18794255738277,210.17335262186242,2394.6037099494097,2022,2394.6037099494097,9.021220303538902e-06
2410108,Poço Branco,24,Rio Grande do Norte,Nordeste,10,9,339,14254.6,239.8963042004362,87.70117273689591,839.3866020984665,2022,839.3866020984665,2.0804038659181548e-05
2410207,Portalegre,24,Rio Grande do Norte,Nordeste,10,8,309,7821.7,393.25726526518883,217.6494710016463,1475.6392316499173,2016,1475.6392316499173,1.8962973291112387e-05
2410256,Porto do Mangue,24,Rio Grande do Norte,Nordeste,10,9,123,6097.3,186.33342501481638,42.43055432567006,1479.599461963832,2016,1479.599461963832,7.548368009083571e-06
2410306,Serra Caiada,24,Rio Grande do Norte,Nordeste,10,10,396,10572.1,382.36973518130225,151.62442531270048,1446.073508736694,2016,1446.073508736694,2.430206285851296e-05
2410405,Pureza,24,Rio Grande do Norte,Nordeste,10,10,754,9588.8,793.3956688379296,385.534023407964,1858.577227088229,2022,1858.577227088229,4.627210958413831e-05
2410504,Rafael Fernandes,24,Rio Grande do Norte,Nordeste,10,10,627,5283.7,1223.1058899588527,254.49477734731622,8763.292634895628,2016,8763.292634895628,3.847826619264552e-05
2410603,Rafael Godeiro,24,Rio Grande do Norte,Nordeste,10,5,31,3115.6,101.54148210511792,17.041581458759374,531.9148936170212,2024,531.9148936170212,1.9024342136714692e-06
2410702,Riacho da Cruz,24,Rio Grande do Norte,Nordeste,10,7,84,3234.3,254.82206709713546,142.81798471953067,874.9647191645497,2018,874.9647191645497,5.1549830305936585e-06
2410801,Riacho de Santana,24,Rio Grande do Norte,Nordeste,10,9,162,4210.3,381.40162911717835,167.49022827313686,1870.0327255726972,2016,1870.0327255726972,9.941752987573485e-06
2410900,Riachuelo,24,Rio Grande do Norte,Nordeste,10,10,635,7878.8,808.7309352807335,255.6795740730442,4027.6035131744043,2016,4027.6035131744043,3.896921695746396e-05
2411007,Rodolfo Fernandes,24,Rio Grande do Norte,Nordeste,10,8,91,4412.7,205.73799868574116,46.8681587869456,988.7330420786388,2024,988.7330420786388,5.584564949809796e-06
2411056,Tibau,24,Rio Grande do Norte,Nordeste,10,10,480,4683.6,1128.8372886393577,597.3146315021947,4782.608695652174,2020,4782.608695652174,2.9457045889106618e-05
2411106,Ruy Barbosa,24,Rio Grande do Norte,Nordeste,10,10,201,3465.7,565.1614287799812,131.98214094674933,2750.0,2019,2750.0,1.2335137966063397e-05
2411205,Santa Cruz,24,Rio Grande do Norte,Nordeste,10,10,1734,39100.2,446.745392741431,175.99713276912254,1358.775761798837,2022,1358.775761798837,0.00010641357827439766
2411403,Santana do Matos,24,Rio Grande do Norte,Nordeste,10,10,845,12662.3,654.4608647053617,167.60878595752814,2551.1342506507995,2016,2551.1342506507995,5.185667453394811e-05
2411429,Santana do Seridó,24,Rio Grande do Norte,Nordeste,10,10,128,2710.2,472.0573463544418,218.81178569706321,1376.4880952380952,2016,1376.4880952380952,7.855212237095098e-06
2411502,Santo Antônio,24,Rio Grande do Norte,Nordeste,10,9,991,23501.7,438.17536261704515,115.6779254986219,3228.570140235379,2022,3228.570140235379,6.081652599188471e-05
2411601,São Bento do Norte,24,Rio Grande do Norte,Nordeste,10,9,264,3012.6,880.2823773508275,400.41072394284674,3056.9007263922517,2022,3056.9007263922517,1.620137523900864e-05
2411700,São Bento do Trairí,24,Rio Grande do Norte,Nordeste,10,10,385,4204.9,905.0581631786008,589.3575805190653,2539.896605978872,2019,2539.896605978872,2.36270055568876e-05
2411809,São Fernando,24,Rio Grande do Norte,Nordeste,10,10,262,3576.8,733.0448398203953,236.01652373296707,4561.992723201791,2018,4561.992723201791,1.607863754780403e-05
2411908,São Francisco do Oeste,24,Rio Grande do Norte,Nordeste,10,7,346,4235.3,821.3985438498296,105.751628906763,5943.889681407513,2016,5943.889681407513,2.123362057839769e-05
2412005,São Gonçalo do Amarante,24,Rio Grande do Norte,Nordeste,10,10,3050,109268.7,281.796300781319,174.12157288409315,915.526854117364,2016,915.526854117364,0.00018717497908703163
2412104,São João do Sabugi,24,Rio Grande do Norte,Nordeste,10,9,211,6147.8,339.90810306874744,81.18631225775158,2644.230769230769,2016,2644.230769230769,1.2948826422086452e-05
2412203,São José de Mipibu,24,Rio Grande do Norte,Nordeste,10,10,1950,45825.2,428.3990372810391,192.6361654738264,1539.8984031526913,2019,1539.8984031526913,0.00011966924892449564
2412302,São José do Campestre,24,Rio Grande do Norte,Nordeste,10,10,769,12232.7,616.6578077794868,521.8348467579793,1488.3503467622536,2018,1488.3503467622536,4.7192642268172895e-05
2412401,São José do Seridó,24,Rio Grande do Norte,Nordeste,10,9,436,4641.0,943.6830630050678,477.80064482413076,5059.71769815418,2016,5059.71769815418,2.6756816682605178e-05
2412500,São Miguel,24,Rio Grande do Norte,Nordeste,10,9,834,23722.2,352.1983996484997,202.30971119933537,1550.74988316268,2023,1550.74988316268,5.118161723232275e-05
2412559,São Miguel do Gostoso,24,Rio Grande do Norte,Nordeste,10,10,366,10140.8,366.30313431391977,89.56433173134802,1888.2692495841895,2022,1888.2692495841895,2.24609974904438e-05
2412609,São Paulo do Potengi,24,Rio Grande do Norte,Nordeste,10,10,1283,17383.5,747.0034368947065,299.360808474265,3163.3504110568333,2022,3163.3504110568333,7.87362289077579e-05
2412708,São Pedro,24,Rio Grande do Norte,Nordeste,10,9,164,5946.7,275.725773423621,100.23828604532089,921.1187405794675,2019,921.1187405794675,1.0064490678778095e-05
2412807,São Rafael,24,Rio Grande do Norte,Nordeste,10,9,460,8068.7,563.6358087272521,195.41319346320114,3151.587777112043,2016,3151.587777112043,2.822966897706051e-05
2412906,São Tomé,24,Rio Grande do Norte,Nordeste,10,10,364,10694.6,344.18065915802833,180.23550171004462,1333.7344564781388,2022,1333.7344564781388,2.2338259799239185e-05
2413003,São Vicente,24,Rio Grande do Norte,Nordeste,10,10,227,6431.5,354.6377751106353,102.03729159107964,1485.0711270908237,2018,1485.0711270908237,1.3930727951723339e-05
2413102,Senador Elói de Souza,24,Rio Grande do Norte,Nordeste,10,9,258,6039.8,430.8178803973471,101.4377954620087,1429.309454107112,2022,1429.309454107112,1.5833162165394806e-05
2413201,Senador Georgino Avelino,24,Rio Grande do Norte,Nordeste,10,9,226,4316.7,527.0285941785038,228.21809391427956,2207.2072072072074,2019,2207.2072072072074,1.3869359106121034e-05
2413300,Serra de São Bento,24,Rio Grande do Norte,Nordeste,10,10,129,5790.9,223.1025431566803,111.8991282634463,613.9154160982265,2024,613.9154160982265,7.916581082697403e-06
2413359,Serra do Mel,24,Rio Grande do Norte,Nordeste,10,10,519,12524.4,421.60462136704984,321.8619632798807,1498.9293361884368,2016,1498.9293361884368,3.1850430867596533e-05
2413409,Serra Negra do Norte,24,Rio Grande do Norte,Nordeste,10,10,153,7946.2,197.89782995811825,61.57917986694498,1408.4507042253522,2022,1408.4507042253522,9.389433377152735e-06
2413508,Serrinha,24,Rio Grande do Norte,Nordeste,10,10,258,6379.7,403.6960170344845,178.90257987081776,1864.5121193287757,2022,1864.5121193287757,1.5833162165394806e-05
2413557,Serrinha dos Pintos,24,Rio Grande do Norte,Nordeste,10,9,248,4782.2,518.888890707744,114.56164098292379,3596.673596673597,2025,3596.673596673597,1.5219473709371753e-05
2413607,Severiano Melo,24,Rio Grande do Norte,Nordeste,10,8,195,3795.0,388.95001245574383,182.01622117284768,1421.5418261344996,2022,1421.5418261344996,1.1966924892449564e-05
2413706,Sítio Novo,24,Rio Grande do Norte,Nordeste,10,10,383,5198.5,777.95069961873,176.51474208851258,4705.629565964761,2022,4705.629565964761,2.350426786568299e-05
2413805,Taboleiro Grande,24,Rio Grande do Norte,Nordeste,10,10,137,2490.2,563.7284711631797,301.38816252664265,2523.524379811805,2022,2523.524379811805,8.407531847515848e-06
2413904,Taipu,24,Rio Grande do Norte,Nordeste,10,10,627,12024.5,514.4455707779058,179.2595585560229,2387.4818519115984,2016,2387.4818519115984,3.847826619264552e-05
2414001,Tangará,24,Rio Grande do Norte,Nordeste,10,10,1276,14849.8,859.8881424721392,310.9760584055575,2885.3503184713377,2016,2885.3503184713377,7.830664698854177e-05
2414100,Tenente Ananias,24,Rio Grande do Norte,Nordeste,10,9,668,10654.5,628.1822788961207,131.55330344961996,4184.731385485391,2025,4184.731385485391,4.099438886234004e-05
2414159,Tenente Laurentino Cruz,24,Rio Grande do Norte,Nordeste,10,10,470,5973.8,793.8836263063456,397.3519086712552,2532.721400645929,2018,2532.721400645929,2.8843357433083563e-05
2414209,Tibau do Sul,24,Rio Grande do Norte,Nordeste,10,10,472,15451.2,300.0831680923024,164.95888667979384,1135.4019746121298,2019,1135.4019746121298,2.8966095124288177e-05
2414308,Timbaúba dos Batistas,24,Rio Grande do Norte,Nordeste,10,9,166,2407.4,695.2061458285548,456.3980574470553,2597.955706984668,2022,2597.955706984668,1.0187228369982705e-05
2414407,Touros,24,Rio Grande do Norte,Nordeste,10,10,504,33752.2,150.16257524030738,115.5387758855419,461.8390668482444,2016,461.8390668482444,3.092989818356195e-05
2414456,Triunfo Potiguar,24,Rio Grande do Norte,Nordeste,10,8,234,3328.3,693.2727041164803,261.1290157917292,2540.3466826060967,2016,2540.3466826060967,1.4360309870939476e-05
2414506,Umarizal,24,Rio Grande do Norte,Nordeste,10,7,118,10522.2,110.05464782143831,37.83232378107114,777.2020725388601,2016,777.2020725388601,7.241523781072044e-06
2414605,Upanema,24,Rio Grande do Norte,Nordeste,10,8,474,14318.4,334.1064109977124,105.0030649543284,1337.837837837838,2020,1337.837837837838,2.9088832815492787e-05
2414704,Várzea,24,Rio Grande do Norte,Nordeste,10,10,325,5435.3,603.6766497715496,235.28498188565467,2293.139690426142,2022,2293.139690426142,1.9944874820749273e-05
2414753,Venha-Ver,24,Rio Grande do Norte,Nordeste,10,7,172,3717.2,505.46388136138694,254.30363355811892,1779.2421746293246,2024,1779.2421746293246,1.0555441443596538e-05
2414803,Vera Cruz,24,Rio Grande do Norte,Nordeste,10,10,206,11836.4,178.37165443901114,113.16151054222203,680.018630647415,2022,680.018630647415,1.2641982194074924e-05
2414902,Viçosa,24,Rio Grande do Norte,Nordeste,10,5,14,1777.3,79.7040276448777,28.885037550548812,348.4320557491289,2016,348.4320557491289,8.591638384322764e-07
2415008,Vila Flor,24,Rio Grande do Norte,Nordeste,10,6,68,3198.6,213.411349704393,61.760464421381265,635.9300476947536,2016,635.9300476947536,4.173081500956771e-06
2500106,Água Branca,25,Paraíba,Nordeste,10,9,417,9933.4,430.9888763117714,253.69398391511163,1482.5642096471079,2024,1482.5642096471079,2.5590808616161376e-05
2500205,Aguiar,25,Paraíba,Nordeste,10,9,99,5368.5,192.54048263119574,66.61899840557477,839.4963022186688,2022,839.4963022186688,6.07551571462824e-06
2500304,Alagoa Grande,25,Paraíba,Nordeste,10,10,640,27666.4,235.37712746032398,130.21885823542968,941.6619771149877,2025,941.6619771149877,3.927606118547549e-05
2500403,Alagoa Nova,25,Paraíba,Nordeste,10,10,642,21020.9,306.53646011276516,192.58282145380934,966.2070304913575,2016,966.2070304913575,3.9398798876680104e-05
2500502,Alagoinha,25,Paraíba,Nordeste,10,9,230,14259.3,162.9797338802892,56.24165143474658,663.023679417122,2022,663.023679417122,1.4114834488530254e-05
2500536,Alcantil,25,Paraíba,Nordeste,10,7,60,5571.4,108.32329473204625,61.93249948530104,292.34423533710947,2018,292.34423533710947,3.6821307361383272e-06
2500577,Algodão de Jandaíra,25,Paraíba,Nordeste,10,8,57,2736.3,211.4063500331193,156.8890799485133,677.2773450728073,2022,677.2773450728073,3.498024199331411e-06
2500601,Alhandra,25,Paraíba,Nordeste,10,9,699,20688.4,348.84835081696576,175.25080272450526,1890.583144446734,2016,1890.583144446734,4.289682307601151e-05
2500700,São João do Rio do Peixe,25,Paraíba,Nordeste,10,10,222,18079.1,122.7410550648578,83.39502828036092,306.6800490688078,2016,306.6800490688078,1.3623883723711811e-05
2500734,Amparo,25,Paraíba,Nordeste,10,8,104,2256.7,463.44341514591986,131.45711837704874,2108.5688649618664,2016,2108.5688649618664,6.382359942639767e-06
2500775,Aparecida,25,Paraíba,Nordeste,10,10,677,8276.2,815.6135859477425,372.69675842312563,3430.490584142977,2018,3430.490584142977,4.1546708472760796e-05
2500809,Araçagi,25,Paraíba,Nordeste,10,8,386,16920.3,230.3160488917053,58.79054272130678,1501.8623092634866,2022,1501.8623092634866,2.3688374402489905e-05
2500908,Arara,25,Paraíba,Nordeste,10,9,329,13045.1,251.4964181496192,23.359650748459387,1531.8262938726948,2016,1531.8262938726948,2.0190350203158497e-05
2501005,Araruna,25,Paraíba,Nordeste,10,10,547,19143.5,292.09762656477125,102.92073379746464,1012.2752923381231,2022,1012.2752923381231,3.3568758544461084e-05
2501104,Areia,25,Paraíba,Nordeste,10,10,819,22804.1,358.6920324222991,112.6504704558516,1246.7306015693114,2016,1246.7306015693114,5.026108454828817e-05
2501153,Areia de Baraúnas,25,Paraíba,Nordeste,10,9,57,2082.5,278.5873585305486,164.84805102275595,947.6309226932667,2022,947.6309226932667,3.498024199331411e-06
2501203,Areial,25,Paraíba,Nordeste,10,10,113,7101.0,159.0258266861706,100.39931517723096,729.5173961840628,2022,729.5173961840628,6.934679553060517e-06
2501302,Aroeiras,25,Paraíba,Nordeste,10,10,1033,19057.2,540.1706792738538,162.29781867398512,3457.086244655334,2016,3457.086244655334,6.339401750718153e-05
2501351,Assunção,25,Paraíba,Nordeste,10,7,192,4078.2,471.49295821794084,216.71826625386996,1565.510597302505,2022,1565.510597302505,1.1782818355642647e-05
2501401,Baía da Traição,25,Paraíba,Nordeste,10,8,126,9207.7,134.65813507525596,49.80291543673991,538.9718076285241,2024,538.9718076285241,7.732474545890488e-06
2501500,Bananeiras,25,Paraíba,Nordeste,10,9,861,22175.9,401.4721871270348,134.42159158037435,3006.597549481621,2021,3006.597549481621,5.2838576063584995e-05
2501534,Baraúna,25,Paraíba,Nordeste,10,10,652,4899.0,1347.8397703150624,472.2235682017981,6437.590560960464,2018,6437.590560960464,4.001248733270316e-05
2501575,Barra de Santana,25,Paraíba,Nordeste,10,10,167,8239.9,202.25032695148036,125.7938932592293,800.0969814522972,2018,800.0969814522972,1.024859721558501e-05
2501609,Barra de Santa Rosa,25,Paraíba,Nordeste,10,10,553,14438.9,390.0269222168381,205.88899853464432,1764.1667939514282,2024,1764.1667939514282,3.393697161807492e-05
2501708,Barra de São Miguel,25,Paraíba,Nordeste,10,8,49,6009.3,82.1293696031367,65.79825310751853,287.84287165594316,2022,287.84287165594316,3.0070734345129673e-06
2501807,Bayeux,25,Paraíba,Nordeste,10,10,1652,91549.5,179.22451892709634,121.51664038019939,458.29892650701896,2019,458.29892650701896,0.00010138133293500861
2501906,Belém,25,Paraíba,Nordeste,10,8,737,17233.1,422.9511272891762,37.91480750006096,2426.3038548752834,2016,2426.3038548752834,4.522883920889912e-05
2502003,Belém do Brejo do Cruz,25,Paraíba,Nordeste,10,9,179,6919.5,250.80025823014876,69.43352790510366,1145.3504226888465,2016,1145.3504226888465,1.0985023362812677e-05
2502052,Bernardino Batista,25,Paraíba,Nordeste,10,8,200,3517.2,558.6600926219015,174.0337681528045,3068.4931506849316,2024,3068.4931506849316,1.2273769120461092e-05
2502102,Boa Ventura,25,Paraíba,Nordeste,10,9,243,5304.0,462.48701645561505,76.01007825029927,3221.5020968356844,2025,3221.5020968356844,1.4912629481360226e-05
2502151,Boa Vista,25,Paraíba,Nordeste,10,9,240,6836.7,357.04071698271025,177.10124777453586,1474.0473576917045,2022,1474.0473576917045,1.4728522944553309e-05
2502201,Bom Jesus,25,Paraíba,Nordeste,10,7,41,2462.1,163.76314962306031,128.72788896204614,509.80392156862746,2016,509.80392156862746,2.5161226696945237e-06
2502300,Bom Sucesso,25,Paraíba,Nordeste,10,8,60,4860.5,125.81969816391613,62.56475878410821,654.0084388185653,2024,654.0084388185653,3.6821307361383272e-06
2502409,Bonito de Santa Fé,25,Paraíba,Nordeste,10,8,163,11301.1,147.0589745236384,27.19621020218456,726.5774378585086,2024,726.5774378585086,1.000312183317579e-05
2502508,Boqueirão,25,Paraíba,Nordeste,10,10,392,17852.3,220.26623314738123,88.95588410219594,755.4560716284275,2020,755.4560716284275,2.405658747610374e-05
2502607,Igaracy,25,Paraíba,Nordeste,10,7,69,5961.3,120.3002489173848,42.72360873360206,672.8045325779037,2022,672.8045325779037,4.234450346559076e-06
2502706,Borborema,25,Paraíba,Nordeste,10,8,422,4892.9,900.7984168834497,170.31130172855788,4802.867383512545,2025,4802.867383512545,2.5897652844172903e-05
2502805,Brejo do Cruz,25,Paraíba,Nordeste,10,9,520,14009.2,375.6721232729435,94.75090505264353,1656.4329573040125,2016,1656.4329573040125,3.191179971319884e-05
2502904,Brejo dos Santos,25,Paraíba,Nordeste,10,10,344,6185.7,547.6597003800692,132.77687004751655,2843.822843822844,2016,2843.822843822844,2.1110882887193075e-05
2503001,Caaporã,25,Paraíba,Nordeste,10,10,908,21734.2,413.8866005490987,132.4715640675291,2232.8909823814483,2021,2232.8909823814483,5.5722911806893355e-05
2503100,Cabaceiras,25,Paraíba,Nordeste,10,10,323,5528.8,586.5010716515138,243.06533913036148,2032.2990382870623,2016,2032.2990382870623,1.9822137129544662e-05
2503209,Cabedelo,25,Paraíba,Nordeste,10,10,1736,68168.6,256.9142604834532,126.8571433415477,1174.1006329018776,2022,1174.1006329018776,0.00010653631596560227
2503308,Cachoeira dos Índios,25,Paraíba,Nordeste,10,9,228,9853.9,229.30071243014862,228.53622100224686,578.9422039054067,2016,578.9422039054067,1.3992096797325644e-05
2503407,Cacimba de Areia,25,Paraíba,Nordeste,10,6,90,3557.4,268.86147703820205,28.594183384409497,1371.4967203339297,2024,1371.4967203339297,5.523196104207491e-06
2503506,Cacimba de Dentro,25,Paraíba,Nordeste,10,8,582,16783.5,353.9018632737662,62.330891767394846,2122.758964143426,2022,2122.758964143426,3.5716668140541776e-05
2503555,Cacimbas,25,Paraíba,Nordeste,10,7,46,7251.0,64.14738024602305,27.840464142080926,349.7481813094572,2016,349.7481813094572,2.822966897706051e-06
2503605,Caiçara,25,Paraíba,Nordeste,10,7,50,7003.8,72.29409223674409,15.02169735545472,318.08542865798245,2022,318.08542865798245,3.068442280115273e-06
2503704,Cajazeiras,25,Paraíba,Nordeste,10,10,1909,63187.1,307.60989160961105,70.0224392874375,2229.1963245761613,2016,2229.1963245761613,0.00011715312625480111
2503753,Cajazeirinhas,25,Paraíba,Nordeste,10,7,23,3019.0,78.32438266021315,49.33303685484731,252.1613832853026,2024,252.1613832853026,1.4114834488530255e-06
2503803,Caldas Brandão,25,Paraíba,Nordeste,10,9,113,5950.6,188.7907459640623,85.34172681328809,611.974859411181,2020,611.974859411181,6.934679553060517e-06
2503902,Camalaú,25,Paraíba,Nordeste,10,10,150,6089.7,247.86474634638677,123.76890857112261,1031.099284882754,2019,1031.099284882754,9.205326840345818e-06
2504009,Campina Grande,25,Paraíba,Nordeste,10,10,2795,418453.4,66.82699430975444,64.46962793827058,170.80928260101308,2018,170.80928260101308,0.00017152592345844376
2504033,Capim,25,Paraíba,Nordeste,10,4,28,6800.8,41.36660403639279,0.0,214.62517246665647,2019,214.62517246665647,1.7183276768645527e-06
2504074,Caraúbas,25,Paraíba,Nordeste,10,9,214,4102.1,518.0454177894713,299.47806776564664,2630.943760559981,2016,2630.943760559981,1.3132932958893367e-05
2504108,Carrapateira,25,Paraíba,Nordeste,10,5,22,2534.9,93.08465848917767,36.84598378776713,389.27335640138404,2023,389.27335640138404,1.35011460325072e-06
2504157,Casserengue,25,Paraíba,Nordeste,10,8,409,7272.6,554.2530781607636,136.22339888155977,3119.956966110812,2016,3119.956966110812,2.509985785134293e-05
2504207,Catingueira,25,Paraíba,Nordeste,10,9,82,4770.5,175.13338237424597,111.56806652059237,690.2694277443776,2022,690.2694277443776,5.0322453393890474e-06
2504306,Catolé do Rocha,25,Paraíba,Nordeste,10,10,942,30901.4,308.4309447104964,122.5446458615489,1913.7022397891963,2016,1913.7022397891963,5.780945255737174e-05
2504355,Caturité,25,Paraíba,Nordeste,10,10,284,5062.5,572.1793034875161,238.46226884044614,1872.2696068233824,2018,1872.2696068233824,1.742875215105475e-05
2504405,Conceição,25,Paraíba,Nordeste,10,8,804,18774.4,425.60895483257866,7.9061624199258755,4052.2668359519653,2016,4052.2668359519653,4.934055186425359e-05
2504504,Condado,25,Paraíba,Nordeste,10,8,468,6627.4,702.6774331117973,76.81493766573188,4730.831973898858,2016,4730.831973898858,2.8720619741878953e-05
2504603,Conde,25,Paraíba,Nordeste,10,10,758,26325.3,296.43698869373895,175.4272792486068,891.7713822456425,2019,891.7713822456425,4.6517584966547534e-05
2504702,Congo,25,Paraíba,Nordeste,10,8,140,4881.1,288.5589807881062,113.061523897764,1002.7156883225401,2020,1002.7156883225401,8.591638384322763e-06
2504801,Coremas,25,Paraíba,Nordeste,10,10,1947,15194.9,1282.3294677508345,333.5196479022062,7080.334565259677,2018,7080.334565259677,0.00011948514238768873
2504850,Coxixola,25,Paraíba,Nordeste,10,6,68,1896.3,353.494668725685,129.76391764087126,1026.694045174538,2021,1026.694045174538,4.173081500956771e-06
2504900,Cruz do Espírito Santo,25,Paraíba,Nordeste,10,10,411,17442.2,236.89196530003375,70.83081340762286,1305.422968543332,2016,1305.422968543332,2.522259554254754e-05
2505006,Cubati,25,Paraíba,Nordeste,10,9,139,7658.8,181.18371323167477,103.3823804664811,605.4360427669716,2018,605.4360427669716,8.530269538720458e-06
2505105,Cuité,25,Paraíba,Nordeste,10,10,745,20188.2,368.3632680192207,275.8979514275083,1224.73070680242,2021,1224.73070680242,4.5719789973717565e-05
2505204,Cuitegi,25,Paraíba,Nordeste,10,8,98,6799.8,144.08952447310637,73.15451233850419,529.1783036895487,2019,529.1783036895487,6.014146869025935e-06
2505238,Cuité de Mamanguape,25,Paraíba,Nordeste,10,7,80,6349.9,125.63196964452031,31.86274337075231,408.80503144654085,2021,408.80503144654085,4.909507648184436e-06
2505279,Curral de Cima,25,Paraíba,Nordeste,10,8,58,5269.5,110.7568693957722,19.12055955165907,422.34593971971583,2021,422.34593971971583,3.5593930449337165e-06
2505303,Curral Velho,25,Paraíba,Nordeste,10,7,46,2432.1,197.14775110209442,86.60380344255276,1178.0104712041884,2022,1178.0104712041884,2.822966897706051e-06
2505352,Damião,25,Paraíba,Nordeste,10,5,44,5227.3,83.86525536830678,9.243852837862821,393.99624765478427,2019,393.99624765478427,2.70022920650144e-06
2505402,Desterro,25,Paraíba,Nordeste,10,4,56,8255.7,68.94642077027231,0.0,520.6396429899592,2022,520.6396429899592,3.4366553537291054e-06
2505501,Vista Serrana,25,Paraíba,Nordeste,10,9,223,3764.3,595.1323138154946,120.73087725133487,2379.7071129707115,2020,2379.7071129707115,1.3685252569314117e-05
2505600,Diamante,25,Paraíba,Nordeste,10,7,56,6472.6,86.01244355015331,30.920108529413632,410.958904109589,2016,410.958904109589,3.4366553537291054e-06
2505709,Dona Inês,25,Paraíba,Nordeste,10,10,1998,10451.0,1918.6341530588256,359.65163161283505,10711.200691045206,2016,10711.200691045206,0.0001226149535134063
2505808,Duas Estradas,25,Paraíba,Nordeste,10,4,79,3494.8,223.6894455615537,0.0,1303.3832501386578,2016,1303.3832501386578,4.848138802582131e-06
2505907,Emas,25,Paraíba,Nordeste,10,7,117,3326.8,380.8362461041926,91.9965524439267,2822.9823978744603,2022,2822.9823978744603,7.180154935469738e-06
2506004,Esperança,25,Paraíba,Nordeste,10,9,1428,32647.5,434.1345894598902,233.8157786024657,1428.7425867129934,2021,1428.7425867129934,8.763471152009219e-05
2506103,Fagundes,25,Paraíba,Nordeste,10,9,102,11238.1,90.60766157020616,48.55655107265686,362.4149208874746,2017,362.4149208874746,6.259622251435156e-06
2506202,Frei Martinho,25,Paraíba,Nordeste,10,9,271,2945.1,942.1087124294036,220.08263047583674,6992.269852424455,2022,6992.269852424455,1.663095715822478e-05
2506251,Gado Bravo,25,Paraíba,Nordeste,10,10,98,8338.8,117.78065811391753,71.75401308814054,403.47230712801075,2022,403.47230712801075,6.014146869025935e-06
2506301,Guarabira,25,Paraíba,Nordeste,10,10,1111,58810.0,190.45516912037513,38.723011424242685,699.3250295734465,2022,699.3250295734465,6.818078746416136e-05
2506400,Gurinhém,25,Paraíba,Nordeste,10,10,148,14057.8,105.1997264884034,60.14593220406623,332.7198074472604,2016,332.7198074472604,9.082589149141208e-06
2506509,Gurjão,25,Paraíba,Nordeste,10,8,171,3378.3,511.4747897755765,58.39711231867203,2553.5661872615206,2016,2553.5661872615206,1.0494072597994233e-05
2506608,Ibiara,25,Paraíba,Nordeste,10,5,43,5824.7,74.1055570652827,17.015484090522374,296.5288679574394,2024,296.5288679574394,2.6388603608991344e-06
2506707,Imaculada,25,Paraíba,Nordeste,10,9,102,11279.0,93.07272837122818,25.372847686613007,388.6255924170616,2024,388.6255924170616,6.259622251435156e-06
2506806,Ingá,25,Paraíba,Nordeste,10,9,245,18061.5,136.52280529677978,85.584803308732,582.1840379832693,2022,582.1840379832693,1.5035367172564836e-05
2506905,Itabaiana,25,Paraíba,Nordeste,10,10,600,24033.3,247.51397358457825,79.66875749745685,1545.7400383376157,2016,1545.7400383376157,3.682130736138327e-05
2507002,Itaporanga,25,Paraíba,Nordeste,10,10,1591,24598.1,645.9206186023464,88.41793074816275,5143.065575099295,2016,5143.065575099295,9.763783335326799e-05
2507101,Itapororoca,25,Paraíba,Nordeste,10,10,380,18719.1,201.02375672864073,24.229446205536707,1507.008114659079,2021,1507.008114659079,2.3320161328876074e-05
2507200,Itatuba,25,Paraíba,Nordeste,10,9,208,10818.7,191.91980841006125,55.492632585521065,840.1842984912819,2021,840.1842984912819,1.2764719885279534e-05
2507309,Jacaraú,25,Paraíba,Nordeste,10,9,85,14526.9,58.65286084092206,20.77963650044326,317.74538923810184,2022,317.74538923810184,5.216351876195964e-06
2507408,Jericó,25,Paraíba,Nordeste,10,9,255,7692.0,335.9759429071807,58.127026919484464,2142.0968600319316,2022,2142.0968600319316,1.5649055628587893e-05
2507507,João Pessoa,25,Paraíba,Nordeste,10,10,59531,832013.7,715.536712494228,649.1182672715321,1310.1116790170763,2019,1310.1116790170763,0.003653348747550846
2507606,Juarez Távora,25,Paraíba,Nordeste,10,10,163,7941.0,205.99081110099868,63.09664599197114,1328.94570307556,2016,1328.94570307556,1.000312183317579e-05
2507705,Juazeirinho,25,Paraíba,Nordeste,10,10,2047,17822.8,1180.846940759294,217.99398554418676,7979.0674428176635,2022,7979.0674428176635,0.00012562202694791928
2507804,Junco do Seridó,25,Paraíba,Nordeste,10,10,319,7057.0,451.4167149373351,138.82026775141082,2376.599634369287,2016,2376.599634369287,1.9576661747135442e-05
2507903,Juripiranga,25,Paraíba,Nordeste,10,8,409,10512.5,384.01691327885476,27.846869744060037,2835.5563846656096,2016,2835.5563846656096,2.509985785134293e-05
2508000,Juru,25,Paraíba,Nordeste,10,10,324,9643.9,333.95898750630266,214.4640803278187,1022.2672064777328,2016,1022.2672064777328,1.988350597514697e-05
2508109,Lagoa,25,Paraíba,Nordeste,10,6,107,4580.1,235.9839238187655,64.26311051104018,1155.1528878822198,2022,1155.1528878822198,6.5664664794466835e-06
2508208,Lagoa de Dentro,25,Paraíba,Nordeste,10,9,123,7801.7,158.55851357685802,25.873226844361398,621.8422075398367,2019,621.8422075398367,7.548368009083571e-06
2508307,Lagoa Seca,25,Paraíba,Nordeste,10,10,322,27889.6,115.80243825146754,96.81336682542101,425.5626081938834,2021,425.5626081938834,1.9760768283942356e-05
2508406,Lastro,25,Paraíba,Nordeste,10,9,269,2930.4,942.5674114761962,257.4784278908367,5456.529647144416,2018,5456.529647144416,1.6508219467020168e-05
2508505,Livramento,25,Paraíba,Nordeste,10,4,42,7176.3,60.150061947193606,0.0,378.0718336483932,2022,378.0718336483932,2.5774915152968293e-06
2508554,Logradouro,25,Paraíba,Nordeste,10,8,19,4578.9,42.23011625770073,31.09374648467984,138.50415512465375,2019,138.50415512465375,1.1660080664438037e-06
2508604,Lucena,25,Paraíba,Nordeste,10,10,273,12989.5,210.32369893407343,98.72915985771765,840.9785932721712,2019,840.9785932721712,1.675369484942939e-05
2508703,Mãe d'Água,25,Paraíba,Nordeste,10,7,171,3843.1,446.8769242101738,74.89400411963805,2165.795369678865,2016,2165.795369678865,1.0494072597994233e-05
2508802,Malta,25,Paraíba,Nordeste,10,8,417,5899.4,725.8574007222508,85.29904327915918,5751.587861679605,2016,5751.587861679605,2.5590808616161376e-05
2508901,Mamanguape,25,Paraíba,Nordeste,10,10,412,45264.2,90.6184822301408,57.76185765433306,227.26259970589544,2019,227.26259970589544,2.5283964388149848e-05
2509008,Manaíra,25,Paraíba,Nordeste,10,10,971,10848.8,897.4256139359395,207.2422044161065,4615.107265188391,2016,4615.107265188391,5.95891490798386e-05
2509057,Marcação,25,Paraíba,Nordeste,10,7,39,8844.8,44.202841144927405,26.327050548503834,144.4604956106234,2022,144.4604956106234,2.3933849784899126e-06
2509107,Mari,25,Paraíba,Nordeste,10,6,149,21838.6,68.17405859035416,29.931765975727313,320.1317113326626,2020,320.1317113326626,9.143957994743513e-06
2509156,Marizópolis,25,Paraíba,Nordeste,10,10,417,6707.9,623.6214782024437,387.03004077078157,2085.5533566752933,2016,2085.5533566752933,2.5590808616161376e-05
2509206,Massaranduba,25,Paraíba,Nordeste,10,10,166,14104.3,117.60958243671894,32.250106306115086,497.2650422675286,2021,497.2650422675286,1.0187228369982705e-05
2509305,Mataraca,25,Paraíba,Nordeste,10,7,124,8447.6,149.39095241509136,29.496128505561245,1213.0033964095098,2022,1213.0033964095098,7.609736854685877e-06
2509339,Matinhas,25,Paraíba,Nordeste,10,7,104,4574.9,222.06311349341132,54.86521305816865,1092.6665265812146,2025,1092.6665265812146,6.382359942639767e-06
2509370,Mato Grosso,25,Paraíba,Nordeste,10,7,60,2773.6,230.28031851570123,51.54055412289043,1612.2689736531654,2022,1612.2689736531654,3.6821307361383272e-06
2509396,Maturéia,25,Paraíba,Nordeste,10,9,229,6575.8,349.94070338285724,59.834386745387704,1978.9922362612267,2019,1978.9922362612267,1.4053465642927949e-05
2509404,Mogeiro,25,Paraíba,Nordeste,10,10,1048,13628.5,786.2808225554484,105.33304130725236,6842.105263157895,2016,6842.105263157895,6.431455019121612e-05
2509503,Montadas,25,Paraíba,Nordeste,10,9,214,5796.4,370.0761506721646,89.21414444614452,1894.5918015845677,2021,1894.5918015845677,1.3132932958893367e-05
2509602,Monte Horebe,25,Paraíba,Nordeste,10,5,929,4647.2,1940.9721708559214,10.440593025683858,18088.879616106824,2016,18088.879616106824,5.701165756454177e-05
2509701,Monteiro,25,Paraíba,Nordeste,10,10,1736,33181.5,524.5734421583345,248.32392099384157,3032.7794424770727,2016,3032.7794424770727,0.00010653631596560227
2509800,Mulungu,25,Paraíba,Nordeste,10,7,73,9491.4,77.33739431592073,45.33561565476583,242.86581663630847,2016,242.86581663630847,4.479925728968299e-06
2509909,Natuba,25,Paraíba,Nordeste,10,10,280,9856.6,279.262197299058,110.05670179017905,1625.549818320903,2018,1625.549818320903,1.7183276768645526e-05
2510006,Nazarezinho,25,Paraíba,Nordeste,10,8,162,7296.5,221.24309682614498,156.4336389848332,861.5973741794311,2018,861.5973741794311,9.941752987573485e-06
2510105,Nova Floresta,25,Paraíba,Nordeste,10,10,239,10298.4,231.10897679502628,164.38987190524068,536.420101637493,2020,536.420101637493,1.4667154098951004e-05
2510204,Nova Olinda,25,Paraíba,Nordeste,10,10,216,5903.4,366.29874545555407,226.82834764046802,1064.1891891891892,2020,1064.1891891891892,1.3255670650097979e-05
2510303,Nova Palmeira,25,Paraíba,Nordeste,10,9,168,4671.4,375.9625420139689,138.84597606015558,1432.2610941535572,2022,1432.2610941535572,1.0309966061187317e-05
2510402,Olho d'Água,25,Paraíba,Nordeste,10,8,179,6335.9,287.02139223929123,126.16562659610443,1303.6303630363036,2022,1303.6303630363036,1.0985023362812677e-05
2510501,Olivedos,25,Paraíba,Nordeste,10,10,96,3817.0,254.59261663147873,152.34723436034534,1117.31843575419,2022,1117.31843575419,5.8914091778213236e-06
2510600,Ouro Velho,25,Paraíba,Nordeste,10,6,67,3007.9,225.94519711766966,84.7384053004341,1062.3714873200822,2023,1062.3714873200822,4.111712655354465e-06
2510659,Parari,25,Paraíba,Nordeste,10,8,95,1754.9,541.7024901831777,257.0321184205808,1627.906976744186,2022,1627.906976744186,5.8300403322190184e-06
2510709,Passagem,25,Paraíba,Nordeste,10,9,64,2460.6,261.7952710368856,184.55027755133142,1015.0223304912707,2022,1015.0223304912707,3.927606118547549e-06
2510808,Patos,25,Paraíba,Nordeste,10,10,1180,106861.2,111.52544148182514,40.75961133855468,426.50123588426305,2022,426.50123588426305,7.241523781072043e-05
2510907,Paulista,25,Paraíba,Nordeste,10,8,277,12196.8,228.5758833234961,16.13556540990139,1427.057000733915,2016,1427.057000733915,1.6999170231838613e-05
2511004,Pedra Branca,25,Paraíba,Nordeste,10,8,205,3798.3,542.4126005381744,172.9569282590672,2288.269331930563,2020,2288.269331930563,1.2580613348472619e-05
2511103,Pedra Lavrada,25,Paraíba,Nordeste,10,10,360,7533.3,472.92018665766346,220.8904836179344,1326.2941024980685,2018,1326.2941024980685,2.2092784416829964e-05
2511202,Pedras de Fogo,25,Paraíba,Nordeste,10,7,83,29271.3,28.462997080450698,12.320178147295486,126.78288431061807,2016,126.78288431061807,5.0936141849913526e-06
2511301,Piancó,25,Paraíba,Nordeste,10,10,1100,16347.7,678.6919014273345,141.83120917902556,4339.422657272898,2016,4339.422657272898,6.7505730162536e-05
2511400,Picuí,25,Paraíba,Nordeste,10,10,1164,18667.0,625.10936804094,433.940791285586,2218.776732249786,2016,2218.776732249786,7.143333628108355e-05
2511509,Pilar,25,Paraíba,Nordeste,10,10,232,12189.8,194.27745968451896,40.18889408416417,1475.1749135968978,2016,1475.1749135968978,1.4237572179734866e-05
2511608,Pilões,25,Paraíba,Nordeste,10,9,192,6726.6,285.10459591440303,153.79435755862698,759.9655864640091,2025,759.9655864640091,1.1782818355642647e-05
2511707,Pilõezinhos,25,Paraíba,Nordeste,10,8,166,5186.3,317.5057578600574,128.50443666222213,1137.4779368503628,2016,1137.4779368503628,1.0187228369982705e-05
2511806,Pirpirituba,25,Paraíba,Nordeste,10,8,144,10103.8,141.47693436920912,45.30218311985362,737.937559129612,2016,737.937559129612,8.837113766731985e-06
2511905,Pitimbu,25,Paraíba,Nordeste,10,10,258,18267.4,138.13776623189977,68.65261775416393,693.0896395933873,2021,693.0896395933873,1.5833162165394806e-05
2512002,Pocinhos,25,Paraíba,Nordeste,10,9,311,18258.8,168.705412096686,107.13892807731112,731.6676602894153,2016,731.6676602894153,1.9085710982316997e-05
2512036,Poço Dantas,25,Paraíba,Nordeste,10,8,351,3849.4,895.4883984619406,65.4657925899756,7121.057985757884,2024,7121.057985757884,2.1540464806409216e-05
2512077,Poço de José de Moura,25,Paraíba,Nordeste,10,7,73,4214.4,170.847444617839,83.18045174239603,737.8372146645147,2020,737.8372146645147,4.479925728968299e-06
2512101,Pombal,25,Paraíba,Nordeste,10,10,1502,32926.8,460.74105484994936,95.08760445709521,3156.4684507129,2022,3156.4684507129,9.21760060946628e-05
2512200,Prata,25,Paraíba,Nordeste,10,9,146,4106.6,354.06069117016034,148.01639169994266,1664.6562123039807,2016,1664.6562123039807,8.959851457936597e-06
2512309,Princesa Isabel,25,Paraíba,Nordeste,10,10,2123,22615.5,929.1530651814935,359.4982974764524,4822.127586355228,2016,4822.127586355228,0.0001302860592136945
2512408,Puxinanã,25,Paraíba,Nordeste,10,8,298,14053.8,211.3682338436517,114.748763444774,833.2729512354177,2021,833.2729512354177,1.8287915989487025e-05
2512507,Queimadas,25,Paraíba,Nordeste,10,10,1580,46083.8,350.9161352234497,177.60022405550083,1689.645850229792,2021,1689.645850229792,9.696277605164262e-05
2512606,Quixaba,25,Paraíba,Nordeste,10,7,144,1886.1,818.2850340605739,55.540234820596254,6884.681583476764,2022,6884.681583476764,8.837113766731985e-06
2512705,Remígio,25,Paraíba,Nordeste,10,10,711,19022.1,364.5406305130195,161.15686829476732,1181.595153457167,2021,1181.595153457167,4.363324922323918e-05
2512721,Pedro Régis,25,Paraíba,Nordeste,10,10,129,5996.1,215.7669111031315,205.96958093890964,492.69173920183937,2019,492.69173920183937,7.916581082697403e-06
2512747,Riachão,25,Paraíba,Nordeste,10,6,112,3336.1,324.4287761108135,69.15425180265363,2352.9411764705883,2016,2352.9411764705883,6.873310707458211e-06
2512754,Riachão do Bacamarte,25,Paraíba,Nordeste,10,7,70,4632.4,151.17761445933928,22.163208749280322,701.4467338886453,2021,701.4467338886453,4.2958191921613816e-06
2512762,Riachão do Poço,25,Paraíba,Nordeste,10,7,80,4650.8,174.20474790179028,53.9753750392469,814.977973568282,2020,814.977973568282,4.909507648184436e-06
2512788,Riacho de Santo Antônio,25,Paraíba,Nordeste,10,9,92,1982.9,468.5519325346701,250.1864355033258,2506.393861892583,2022,2506.393861892583,5.645933795412102e-06
2512804,Riacho dos Cavalos,25,Paraíba,Nordeste,10,9,750,8594.1,873.6386511563039,29.207856985111867,8047.047863048795,2016,8047.047863048795,4.602663420172909e-05
2512903,Rio Tinto,25,Paraíba,Nordeste,10,9,193,24504.0,78.89057027972804,26.149959597361583,234.97402918624786,2021,234.97402918624786,1.1844187201244952e-05
2513000,Salgadinho,25,Paraíba,Nordeste,10,8,63,3719.9,177.3864176291284,101.7945168888565,1043.2190760059614,2022,1043.2190760059614,3.866237272945244e-06
2513109,Salgado de São Félix,25,Paraíba,Nordeste,10,9,165,11934.4,138.79685217162998,70.01756565130859,502.2643062988884,2016,502.2643062988884,1.01258595243804e-05
2513158,Santa Cecília,25,Paraíba,Nordeste,10,9,406,7081.0,597.398863891917,315.6197726471595,3409.4368340943684,2016,3409.4368340943684,2.4915751314536014e-05
2513208,Santa Cruz,25,Paraíba,Nordeste,10,9,170,6344.3,267.9823524022273,183.00483382052695,653.2968702522029,2016,653.2968702522029,1.0432703752391927e-05
2513307,Santa Helena,25,Paraíba,Nordeste,10,7,73,5908.2,123.25030934633946,51.04687879016548,457.4720433751271,2016,457.4720433751271,4.479925728968299e-06
2513356,Santa Inês,25,Paraíba,Nordeste,10,5,42,3455.1,117.92112648266686,13.908205841446454,583.8198498748957,2018,583.8198498748957,2.5774915152968293e-06
2513406,Santa Luzia,25,Paraíba,Nordeste,10,10,1458,15307.9,965.6252768273338,250.16021439961915,6203.623236847383,2022,6203.623236847383,8.947577688816135e-05
2513505,Santana de Mangueira,25,Paraíba,Nordeste,10,5,25,5115.3,48.96371997755132,9.691800736576855,313.3568350959655,2024,313.3568350959655,1.5342211400576365e-06
2513604,Santana dos Garrotes,25,Paraíba,Nordeste,10,10,122,6854.0,177.90459973751018,89.25136208235416,636.7624168671289,2016,636.7624168671289,7.486999163481266e-06
2513653,Joca Claudino,25,Paraíba,Nordeste,10,8,139,2626.6,527.5711880024255,209.1249872565263,1669.1957511380879,2019,1669.1957511380879,8.530269538720458e-06
2513703,Santa Rita,25,Paraíba,Nordeste,10,10,3749,144039.4,262.61865746556543,139.17554652896627,696.7590037891329,2016,696.7590037891329,0.00023007180216304314
2513802,Santa Teresinha,25,Paraíba,Nordeste,10,7,69,4522.0,152.35015628970757,65.96212769686605,545.6132693147098,2016,545.6132693147098,4.234450346559076e-06
2513851,Santo André,25,Paraíba,Nordeste,10,6,132,2576.0,504.21926585079,39.51789572710117,4500.381388253242,2022,4500.381388253242,8.10068761950432e-06
2513901,São Bento,25,Paraíba,Nordeste,10,10,1222,33689.8,372.64385283475247,16.657622366163913,2422.8323251124557,2022,2422.8323251124557,7.499272932601727e-05
2513927,São Bentinho,25,Paraíba,Nordeste,10,8,96,4484.3,215.8391014769317,67.27055894266991,956.193017567267,2016,956.193017567267,5.8914091778213236e-06
2513943,São Domingos do Cariri,25,Paraíba,Nordeste,10,7,50,2618.8,188.71444494514927,57.69612637988983,1233.1838565022422,2024,1233.1838565022422,3.068442280115273e-06
2513968,São Domingos,25,Paraíba,Nordeste,10,6,153,2903.7,504.4810884384941,109.36060318177266,4114.026563006155,2018,4114.026563006155,9.389433377152735e-06
2513984,São Francisco,25,Paraíba,Nordeste,10,9,355,3289.6,1092.2534907693848,451.2490972037515,4207.841887153331,2022,4207.841887153331,2.1785940188818437e-05
2514008,São João do Cariri,25,Paraíba,Nordeste,10,6,465,4260.9,1100.2028225013946,184.96231292728473,4364.508393285372,2021,4364.508393285372,2.8536513205072036e-05
2514107,São João do Tigre,25,Paraíba,Nordeste,10,9,124,4377.3,282.81051595284936,253.18863437904548,768.0144567427152,2016,768.0144567427152,7.609736854685877e-06
2514206,São José da Lagoa Tapada,25,Paraíba,Nordeste,10,8,109,7468.8,145.7175267057538,47.735787851934816,703.125,2018,703.125,6.6892041706512946e-06
2514305,São José de Caiana,25,Paraíba,Nordeste,10,5,23,5798.5,42.19358867978434,7.963051441312311,178.78426698450536,2022,178.78426698450536,1.4114834488530255e-06
2514404,São José de Espinharas,25,Paraíba,Nordeste,10,8,170,4424.9,404.82361617518626,44.40023846030873,2498.1631153563553,2022,2498.1631153563553,1.0432703752391927e-05
2514453,São José dos Ramos,25,Paraíba,Nordeste,10,9,183,5982.0,307.4471935458857,109.5325175592734,1307.0785944661347,2022,1307.0785944661347,1.12304987452219e-05
2514503,São José de Piranhas,25,Paraíba,Nordeste,10,10,410,19851.1,206.03682821970182,131.6370201209022,918.4731618191694,2019,918.4731618191694,2.5161226696945238e-05
2514552,São José de Princesa,25,Paraíba,Nordeste,10,9,185,3703.6,486.9579217794668,137.1563525489059,2617.3979984603543,2016,2617.3979984603543,1.135323643642651e-05
2514602,São José do Bonfim,25,Paraíba,Nordeste,10,6,42,3454.0,121.09973418468648,27.872760692074124,764.872521246459,2016,764.872521246459,2.5774915152968293e-06
2514651,São José do Brejo do Cruz,25,Paraíba,Nordeste,10,8,234,1771.9,1371.2113388945645,84.90521139049736,11712.772218952325,2022,11712.772218952325,1.4360309870939476e-05
2514701,São José do Sabugi,25,Paraíba,Nordeste,10,10,318,4168.4,767.2802448544313,369.1988551114208,3506.6505441354293,2016,3506.6505441354293,1.9515292901533135e-05
2514800,São José dos Cordeiros,25,Paraíba,Nordeste,10,7,38,3576.5,107.19149404393673,83.04517519600961,287.85261945883707,2024,287.85261945883707,2.3320161328876075e-06
2514909,São Mamede,25,Paraíba,Nordeste,10,8,154,7652.1,200.45645145436308,19.940819774049668,1408.6327216334969,2016,1408.6327216334969,9.45080222275504e-06
2515005,São Miguel de Taipu,25,Paraíba,Nordeste,10,8,83,7238.9,115.15499636567367,40.86629074924365,322.5354087785724,2016,322.5354087785724,5.0936141849913526e-06
2515104,São Sebastião de Lagoa de Roça,25,Paraíba,Nordeste,10,9,121,11537.4,106.34850138239025,63.741345983610515,461.95652173913044,2022,461.95652173913044,7.4256303178789604e-06
2515203,São Sebastião do Umbuzeiro,25,Paraíba,Nordeste,10,6,318,3428.2,918.2894181771638,102.77245919898394,7350.821562409917,2016,7350.821562409917,1.9515292901533135e-05
2515302,Sapé,25,Paraíba,Nordeste,10,10,707,52538.7,133.81212649892097,79.42488554505144,635.9151362809282,2024,635.9151362809282,4.338777384082996e-05
2515401,São Vicente do Seridó,25,Paraíba,Nordeste,10,9,400,10720.2,381.3492015858023,105.00861329535198,2225.245360023321,2022,2225.245360023321,2.4547538240922183e-05
2515500,Serra Branca,25,Paraíba,Nordeste,10,9,787,13766.8,576.4363231886763,115.9963459561176,4238.468871452666,2016,4238.468871452666,4.829728148901439e-05
2515609,Serra da Raiz,25,Paraíba,Nordeste,10,7,192,3129.8,618.822490448294,95.20835073473246,4880.413703943116,2022,4880.413703943116,1.1782818355642647e-05
2515708,Serra Grande,25,Paraíba,Nordeste,10,7,164,3000.7,535.5623982634055,115.22589337536041,4014.2440919391393,2016,4014.2440919391393,1.0064490678778095e-05
2515807,Serra Redonda,25,Paraíba,Nordeste,10,6,80,6977.5,115.44135495521319,14.2025280499929,571.1775043936732,2022,571.1775043936732,4.909507648184436e-06
2515906,Serraria,25,Paraíba,Nordeste,10,7,151,5591.4,281.4613791663196,49.536991673491556,1351.0747185261002,2022,1351.0747185261002,9.266695685948123e-06
2515930,Sertãozinho,25,Paraíba,Nordeste,10,9,209,5095.8,412.73364655838566,179.0572122394476,1286.1100118717848,2022,1286.1100118717848,1.282608873088184e-05
2515971,Sobrado,25,Paraíba,Nordeste,10,9,34,8044.0,41.29996520100643,30.245632663099542,151.53281268213078,2024,151.53281268213078,2.0865407504783856e-06
2516003,Solânea,25,Paraíba,Nordeste,10,10,588,26724.9,219.3246220515899,154.3781950093065,537.835213266602,2022,537.835213266602,3.608488121415561e-05
2516102,Soledade,25,Paraíba,Nordeste,10,10,166,14670.5,116.29587746954398,37.75566727852028,730.2405498281787,2022,730.2405498281787,1.0187228369982705e-05
2516151,Sossêgo,25,Paraíba,Nordeste,10,10,323,3501.2,924.6288054149076,264.5516297102833,5830.489192263936,2018,5830.489192263936,1.9822137129544662e-05
2516201,Sousa,25,Paraíba,Nordeste,10,10,3778,69153.5,546.5735340256101,193.81066500709008,2572.403029076825,2016,2572.403029076825,0.00023185149868551
2516300,Sumé,25,Paraíba,Nordeste,10,10,131,17173.3,76.06367490401252,56.32177043717042,209.71688220901785,2022,209.71688220901785,8.039318773902015e-06
2516409,Tacima,25,Paraíba,Nordeste,10,7,153,9740.2,184.74251762725424,35.5081762496029,1285.892634207241,2022,1285.892634207241,9.389433377152735e-06
2516508,Taperoá,25,Paraíba,Nordeste,10,8,162,14884.6,110.01411585088447,38.75065861688501,403.22580645161287,2019,403.22580645161287,9.941752987573485e-06
2516607,Tavares,25,Paraíba,Nordeste,10,9,261,14530.5,181.37822130278133,65.87464662527118,609.8858237004467,2022,609.8858237004467,1.6017268702201724e-05
2516706,Teixeira,25,Paraíba,Nordeste,10,10,1337,15056.3,896.4326264877297,76.26523131439144,3363.8942022294045,2019,3363.8942022294045,8.205014657028239e-05
2516755,Tenório,25,Paraíba,Nordeste,10,9,192,3046.5,639.9568789014078,81.81533604203453,4585.300067430883,2022,4585.300067430883,1.1782818355642647e-05
2516805,Triunfo,25,Paraíba,Nordeste,10,9,211,9716.3,212.96466366775795,74.9897242129688,1072.229262111317,2024,1072.229262111317,1.2948826422086452e-05
2516904,Uiraúna,25,Paraíba,Nordeste,10,10,546,15256.4,357.2046905724775,122.02575579316414,1646.3056118115896,2016,1646.3056118115896,3.350738969885878e-05
2517001,Umbuzeiro,25,Paraíba,Nordeste,10,10,204,9627.2,211.10526208600942,156.27159534148478,616.0993839006161,2016,616.0993839006161,1.2519244502870312e-05
2517100,Várzea,25,Paraíba,Nordeste,10,9,99,2778.1,362.9194535494413,177.55663911817948,1836.5817091454273,2022,1836.5817091454273,6.07551571462824e-06
2517209,Vieirópolis,25,Paraíba,Nordeste,10,8,150,5179.2,287.8019867192647,193.39399907812617,939.3199323689649,2018,939.3199323689649,9.205326840345818e-06
2517407,Zabelê,25,Paraíba,Nordeste,10,9,133,2255.0,595.3520809366786,178.31667633302817,3816.7938931297713,2016,3816.7938931297713,8.162056465106625e-06
2600054,Abreu e Lima,26,Pernambuco,Nordeste,10,10,2074,100412.7,207.31765316336123,46.972804030240155,1161.1161116111612,2019,1161.1161116111612,0.00012727898577918152
2600104,Afogados da Ingazeira,26,Pernambuco,Nordeste,10,10,2281,38829.0,609.2201332902234,309.1697413375707,1765.8547170834916,2016,1765.8547170834916,0.00013998233681885875
2600203,Afrânio,26,Pernambuco,Nordeste,10,10,800,19362.4,409.9056561600793,118.78930824916011,2619.888944977284,2020,2619.888944977284,4.9095076481844366e-05
2600302,Agrestina,26,Pernambuco,Nordeste,10,10,355,24584.3,144.9930516841498,61.03110842798253,928.2734930890651,2016,928.2734930890651,2.1785940188818437e-05
2600401,Água Preta,26,Pernambuco,Nordeste,10,10,160,32722.8,46.386469949146885,31.647941143705005,205.95945006152036,2021,205.95945006152036,9.819015296368873e-06
2600500,Águas Belas,26,Pernambuco,Nordeste,10,10,219,43079.6,50.83746827157991,32.49253875036103,168.1025425509561,2016,168.1025425509561,1.3439777186904894e-05
2600609,Alagoinha,26,Pernambuco,Nordeste,10,9,462,14453.5,320.39507920957874,55.68731549829242,2827.2468990367956,2016,2827.2468990367956,2.8352406668265122e-05
2600708,Aliança,26,Pernambuco,Nordeste,10,10,484,37629.7,129.03158145734898,55.808800632669644,559.2422134218131,2024,559.2422134218131,2.9702521271515842e-05
2600807,Altinho,26,Pernambuco,Nordeste,10,10,680,22136.0,309.4485952647158,152.11844491142674,852.049287774185,2016,852.049287774185,4.173081500956771e-05
2600906,Amaraji,26,Pernambuco,Nordeste,10,10,580,21002.4,273.1613281769432,175.22416657130276,1095.5914447839373,2021,1095.5914447839373,3.559393044933716e-05
2601003,Angelim,26,Pernambuco,Nordeste,10,8,191,10840.6,175.45522821034845,137.76084297931573,446.8764249886001,2016,446.8764249886001,1.1721449510040342e-05
2601052,Araçoiaba,26,Pernambuco,Nordeste,10,10,2373,20123.7,1178.4865676907782,963.2364814177822,3782.9575850210163,2021,3782.9575850210163,0.00014562827061427084
2601102,Araripina,26,Pernambuco,Nordeste,10,10,362,85637.5,41.7800250952245,12.974430565798441,158.70549587143745,2024,158.70549587143745,2.2215522108034575e-05
2601201,Arcoverde,26,Pernambuco,Nordeste,10,10,316,76509.4,41.0343739040542,44.405589688706854,87.4384567784982,2019,87.4384567784982,1.9392555210328525e-05
2601300,Barra de Guabiraba,26,Pernambuco,Nordeste,10,10,559,13584.2,431.9377979384062,174.60350779519388,1941.9784400760936,2024,1941.9784400760936,3.430518469168875e-05
2601409,Barreiros,26,Pernambuco,Nordeste,10,10,762,41999.1,180.53518922522693,106.19353134224029,599.5427611626931,2021,599.5427611626931,4.6763060348956754e-05
2601508,Belém de Maria,26,Pernambuco,Nordeste,10,6,57,11506.9,52.08017628869872,16.513657154386777,332.44066857512234,2024,332.44066857512234,3.498024199331411e-06
2601607,Belém do São Francisco,26,Pernambuco,Nordeste,10,9,391,19822.2,195.24091090459837,68.3022785640129,656.0856770707704,2019,656.0856770707704,2.3995218630501432e-05
2601706,Belo Jardim,26,Pernambuco,Nordeste,10,10,2590,78465.0,340.7112651750365,110.06871731094972,1828.8898572541564,2016,1828.8898572541564,0.00015894531010997114
2601805,Betânia,26,Pernambuco,Nordeste,10,9,93,12343.2,76.13098330096943,53.17105295467857,188.69407972324868,2019,188.69407972324868,5.707302641014407e-06
2601904,Bezerros,26,Pernambuco,Nordeste,10,10,706,61777.4,116.40590741792975,13.052284155955746,936.0168019977178,2016,936.0168019977178,4.332640499522765e-05
2602001,Bodocó,26,Pernambuco,Nordeste,10,9,97,36965.5,26.2427411527282,25.83244238507968,70.35280629527334,2020,70.35280629527334,5.9527780234236296e-06
2602100,Bom Conselho,26,Pernambuco,Nordeste,10,10,861,47143.7,179.6572971680294,39.731934779672514,1050.1969119209853,2016,1050.1969119209853,5.2838576063584995e-05
2602209,Bom Jardim,26,Pernambuco,Nordeste,10,10,966,38989.9,245.6194139225141,173.55257468216504,746.7905489784705,2021,746.7905489784705,5.928230485182707e-05
2602308,Bonito,26,Pernambuco,Nordeste,10,10,490,38162.4,126.9620653498348,96.9022625487612,446.85034343640683,2024,446.85034343640683,3.0070734345129673e-05
2602407,Brejão,26,Pernambuco,Nordeste,10,10,428,9088.7,471.0651973173496,172.65791435181563,1531.0056173587398,2022,1531.0056173587398,2.6265865917786734e-05
2602506,Brejinho,26,Pernambuco,Nordeste,10,10,109,7636.2,143.10734211180062,148.3572217420532,347.2685989047683,2019,347.2685989047683,6.6892041706512946e-06
2602605,Brejo da Madre de Deus,26,Pernambuco,Nordeste,10,10,951,50337.9,190.91009657637787,97.94869808179476,634.7734966951475,2016,634.7734966951475,5.836177216779249e-05
2602704,Buenos Aires,26,Pernambuco,Nordeste,10,10,226,13096.9,171.87216696142514,79.36721975188865,725.9528130671506,2021,725.9528130671506,1.3869359106121034e-05
2602803,Buíque,26,Pernambuco,Nordeste,10,10,2205,56149.4,402.1790750121414,224.1990295476019,1196.1414790996785,2024,1196.1414790996785,0.00013531830455308354
2602902,Cabo de Santo Agostinho,26,Pernambuco,Nordeste,10,10,11742,208108.7,563.012657384879,657.1079457791922,1047.649130867601,2020,1047.649130867601,0.0007205929850622706
2603009,Cabrobó,26,Pernambuco,Nordeste,10,10,773,32894.5,237.31582206224363,91.11369449538074,826.9775868618684,2019,826.9775868618684,4.7438117650582116e-05
2603108,Cachoeirinha,26,Pernambuco,Nordeste,10,9,209,20313.1,102.02393556776913,20.101512638826073,625.8490199883563,2024,625.8490199883563,1.282608873088184e-05
2603207,Caetés,26,Pernambuco,Nordeste,10,10,1272,29077.0,445.15479057767095,108.07404563744217,1701.6168890771728,2016,1701.6168890771728,7.806117160613254e-05
2603306,Calçado,26,Pernambuco,Nordeste,10,9,107,11135.0,96.32150851366353,45.11902874445779,325.64450474898234,2017,325.64450474898234,6.5664664794466835e-06
2603405,Calumbi,26,Pernambuco,Nordeste,10,9,46,5564.8,82.84761218228111,36.66545049438183,243.8599547117227,2016,243.8599547117227,2.822966897706051e-06
2603454,Camaragibe,26,Pernambuco,Nordeste,10,10,2578,155242.2,164.4867397882292,121.48326464287612,494.11188703069035,2016,494.11188703069035,0.00015820888396274346
2603504,Camocim de São Félix,26,Pernambuco,Nordeste,10,10,191,18319.4,103.21516067047942,40.481902567902566,698.1081801225686,2019,698.1081801225686,1.1721449510040342e-05
2603603,Camutanga,26,Pernambuco,Nordeste,10,9,178,8264.4,211.82817803871427,42.68661659115199,1593.4844192634562,2016,1593.4844192634562,1.0923654517210372e-05
2603702,Canhotinho,26,Pernambuco,Nordeste,10,10,184,24759.7,74.35644518152215,34.296019147274805,233.8803984031614,2016,233.8803984031614,1.1291867590824204e-05
2603801,Capoeiras,26,Pernambuco,Nordeste,10,10,131,19475.1,66.3964563429314,44.934925425140435,240.07202160648194,2016,240.07202160648194,8.039318773902015e-06
2603900,Carnaíba,26,Pernambuco,Nordeste,10,10,677,19399.7,349.9894555341674,111.74340388654134,1099.0712074303406,2016,1099.0712074303406,4.1546708472760796e-05
2603926,Carnaubeira da Penha,26,Pernambuco,Nordeste,10,7,122,12729.3,98.10982367562133,31.50353115834768,645.4775716970341,2022,645.4775716970341,7.486999163481266e-06
2604007,Carpina,26,Pernambuco,Nordeste,10,10,2216,82588.1,268.8755298996485,118.78241772261842,1535.0984319280935,2016,1535.0984319280935,0.0001359933618547089
2604106,Caruaru,26,Pernambuco,Nordeste,10,10,1723,372394.5,47.62272554348482,37.57483400428485,227.7599904460229,2016,227.7599904460229,0.0001057385209727723
2604155,Casinhas,26,Pernambuco,Nordeste,10,8,600,13913.3,428.67051878770616,188.50733739213916,1368.7092019372499,2016,1368.7092019372499,3.682130736138327e-05
2604205,Catende,26,Pernambuco,Nordeste,10,10,203,38732.9,50.63609306530629,41.28352865887726,174.85778233703255,2019,174.85778233703255,1.2457875657268007e-05
2604304,Cedro,26,Pernambuco,Nordeste,10,10,554,11341.8,485.1931079217011,234.4106063101849,1311.916575561349,2020,1311.916575561349,3.3998340463677225e-05
2604403,Chã de Alegria,26,Pernambuco,Nordeste,10,10,215,13376.6,159.9012611230752,89.75348100207069,696.4298805072942,2021,696.4298805072942,1.3194301804495674e-05
2604502,Chã Grande,26,Pernambuco,Nordeste,10,10,723,21352.2,340.013943596799,272.6995105803755,965.8876743309461,2024,965.8876743309461,4.436967537046684e-05
2604601,Condado,26,Pernambuco,Nordeste,10,10,1246,25818.2,481.63062116414346,74.24649102502494,3718.086742540757,2016,3718.086742540757,7.64655816204726e-05
2604700,Correntes,26,Pernambuco,Nordeste,10,10,253,17866.9,143.72315317457483,51.82409249778257,519.5260054871286,2022,519.5260054871286,1.552631793738328e-05
2604809,Cortês,26,Pernambuco,Nordeste,10,8,75,11706.8,64.22979124809201,34.31854501084082,238.51168707266658,2019,238.51168707266658,4.602663420172909e-06
2604908,Cumaru,26,Pernambuco,Nordeste,10,10,202,13030.3,167.03459733684446,142.34210877617846,442.38466399831475,2021,442.38466399831475,1.2396506811665702e-05
2605004,Cupira,26,Pernambuco,Nordeste,10,10,313,24012.4,131.07608435058728,39.52843807304312,591.0366527765966,2022,591.0366527765966,1.9208448673521608e-05
2605103,Custódia,26,Pernambuco,Nordeste,10,10,440,37568.9,117.49574631593484,32.052998788916064,644.0139042332462,2019,644.0139042332462,2.70022920650144e-05
2605152,Dormentes,26,Pernambuco,Nordeste,10,8,597,18314.4,321.4557691794063,90.08298409799278,1478.0648880968604,2020,1478.0648880968604,3.663720082457636e-05
2605202,Escada,26,Pernambuco,Nordeste,10,10,2141,65660.6,316.55994322707903,167.48786039978114,1034.4184444986442,2021,1034.4184444986442,0.00013139069843453598
2605301,Exu,26,Pernambuco,Nordeste,10,10,380,32144.1,118.2504262547349,72.59220209706284,524.4480733599221,2023,524.4480733599221,2.3320161328876074e-05
2605400,Feira Nova,26,Pernambuco,Nordeste,10,10,260,21979.0,118.16234300888004,95.92874338837504,357.2082799047444,2016,357.2082799047444,1.595589985659942e-05
2605459,Fernando de Noronha,26,Pernambuco,Nordeste,10,10,839,3130.4,2701.103164806144,1374.016783999738,10828.025477707006,2021,10828.025477707006,5.148846146033428e-05
2605509,Ferreiros,26,Pernambuco,Nordeste,10,10,115,13674.0,84.49031528313428,65.90701404194279,252.89498203114601,2022,252.89498203114601,7.057417244265127e-06
2605608,Flores,26,Pernambuco,Nordeste,10,9,204,21793.4,92.84081649354552,36.86047083108075,353.6067892503536,2019,353.6067892503536,1.2519244502870312e-05
2605707,Floresta,26,Pernambuco,Nordeste,10,9,149,32020.3,48.20707260845559,10.791044985766693,302.63726761781237,2022,302.63726761781237,9.143957994743513e-06
2605806,Frei Miguelinho,26,Pernambuco,Nordeste,10,10,214,14803.3,143.45056670065307,90.46700451512072,422.183841872961,2021,422.183841872961,1.3132932958893367e-05
2605905,Gameleira,26,Pernambuco,Nordeste,10,10,1172,25784.7,518.0329967426715,244.61511512186698,2470.372225004173,2024,2470.372225004173,7.192428704590199e-05
2606002,Garanhuns,26,Pernambuco,Nordeste,10,10,7227,142506.6,507.42837560147535,222.67535565799596,2022.3496117843408,2016,2022.3496117843408,0.00044351264716786153
2606101,Glória do Goitá,26,Pernambuco,Nordeste,10,10,173,30207.7,56.80180562889435,38.44581010894682,151.69502704128743,2016,151.69502704128743,1.0616810289198844e-05
2606200,Goiana,26,Pernambuco,Nordeste,10,10,5422,81056.9,681.9583355726712,135.96372422247515,4117.050924752977,2016,4117.050924752977,0.0003327418808557002
2606309,Granito,26,Pernambuco,Nordeste,10,9,327,7318.1,463.0992613766657,88.67899397296586,1664.9921056408784,2022,1664.9921056408784,2.0067612511953883e-05
2606408,Gravatá,26,Pernambuco,Nordeste,10,10,2396,86068.7,285.456323311421,110.39174629864573,844.0402523644026,2016,844.0402523644026,0.00014703975406312386
2606507,Iati,26,Pernambuco,Nordeste,10,10,259,18453.5,138.9856196696066,38.956085153198394,608.7321578505457,2016,608.7321578505457,1.5894531010997113e-05
2606606,Ibimirim,26,Pernambuco,Nordeste,10,8,144,28734.7,49.89591652793261,17.74647589870557,311.2707371301522,2019,311.2707371301522,8.837113766731985e-06
2606705,Ibirajuba,26,Pernambuco,Nordeste,10,7,58,7548.2,78.33550034924112,32.3289829415695,238.09523809523813,2022,238.09523809523813,3.5593930449337165e-06
2606804,Igarassu,26,Pernambuco,Nordeste,10,10,4190,117579.4,356.0819712124459,189.84800345792354,1515.1385672412173,2019,1515.1385672412173,0.00025713546307365985
2606903,Iguaracy,26,Pernambuco,Nordeste,10,10,130,11810.9,109.5152014445835,29.54988305868278,353.7347811780191,2016,353.7347811780191,7.97794992829971e-06
2607000,Inajá,26,Pernambuco,Nordeste,10,8,79,24566.7,33.349513489441435,13.446288411588878,154.85869144405729,2019,154.85869144405729,4.848138802582131e-06
2607109,Ingazeira,26,Pernambuco,Nordeste,10,9,283,4676.5,611.9961553006923,329.58591815292283,3342.128408091469,2019,3342.128408091469,1.7367383305452443e-05
2607208,Ipojuca,26,Pernambuco,Nordeste,10,10,1048,98522.2,107.96231489985226,57.58078694557328,400.1505943096864,2016,400.1505943096864,6.431455019121612e-05
2607307,Ipubi,26,Pernambuco,Nordeste,10,9,198,30394.7,66.13425001516035,61.43837755830557,162.01868385673413,2022,162.01868385673413,1.215103142925648e-05
2607406,Itacuruba,26,Pernambuco,Nordeste,10,10,143,4711.6,309.4517882129446,189.63047991044988,804.2279411764705,2022,804.2279411764705,8.77574492112968e-06
2607505,Itaíba,26,Pernambuco,Nordeste,10,10,452,28889.9,157.2053918401744,50.608268646642045,682.8010014414688,2016,682.8010014414688,2.7738718212242067e-05
2607604,Ilha de Itamaracá,26,Pernambuco,Nordeste,10,10,798,25724.4,311.3492340696,135.50165112226588,1649.1754122938532,2016,1649.1754122938532,4.897233879063975e-05
2607653,Itambé,26,Pernambuco,Nordeste,10,10,803,36160.2,221.44360275664002,36.20260021483403,1887.1043279429184,2016,1887.1043279429184,4.927918301865128e-05
2607703,Itapetim,26,Pernambuco,Nordeste,10,10,241,13773.7,176.02857440956424,43.65372407888694,693.0259702363584,2016,693.0259702363584,1.4789891790155614e-05
2607752,Itapissuma,26,Pernambuco,Nordeste,10,10,194,27413.3,71.53292299024926,51.7238815359998,214.78157480918958,2016,214.78157480918958,1.1905556046847259e-05
2607802,Itaquitinga,26,Pernambuco,Nordeste,10,10,287,16894.4,169.5105332162455,124.68184119608298,572.7979426033082,2024,572.7979426033082,1.7612858687861667e-05
2607901,Jaboatão dos Guararapes,26,Pernambuco,Nordeste,10,10,30256,686086.4,435.5924809737977,319.8655699492577,1348.6005089058524,2021,1348.6005089058524,0.0018567757925433538
2607950,Jaqueira,26,Pernambuco,Nordeste,10,10,330,11130.0,290.1791760784132,245.55782577657993,729.6763670701348,2016,729.6763670701348,2.02517190487608e-05
2608008,Jataúba,26,Pernambuco,Nordeste,10,10,1238,16705.9,734.8764945051154,462.6094365792793,3358.3190698223457,2016,3358.3190698223457,7.597463085565415e-05
2608057,Jatobá,26,Pernambuco,Nordeste,10,9,126,14561.9,87.3822816164709,28.080352158773763,414.85169052063884,2024,414.85169052063884,7.732474545890488e-06
2608107,João Alfredo,26,Pernambuco,Nordeste,10,9,835,31418.0,253.63187346419787,66.78713132544794,1992.9554143962428,2016,1992.9554143962428,5.124298607792506e-05
2608206,Joaquim Nabuco,26,Pernambuco,Nordeste,10,10,183,14952.2,120.42884279317937,63.563626519423124,561.6925669350309,2019,561.6925669350309,1.12304987452219e-05
2608255,Jucati,26,Pernambuco,Nordeste,10,8,275,11545.4,240.80011987918047,69.61516741820158,1499.6894134350875,2016,1499.6894134350875,1.6876432540634e-05
2608305,Jupi,26,Pernambuco,Nordeste,10,10,184,15146.7,124.04285940789607,26.374279516754797,642.9548563611492,2016,642.9548563611492,1.1291867590824204e-05
2608404,Jurema,26,Pernambuco,Nordeste,10,9,213,14745.3,149.02874968841908,84.34650488589622,512.8956623681125,2022,512.8956623681125,1.3071564113291062e-05
2608453,Lagoa do Carro,26,Pernambuco,Nordeste,10,10,999,18161.3,551.452842910332,201.0262942586316,2311.574149438385,2021,2311.574149438385,6.130747675670315e-05
2608503,Lagoa de Itaenga,26,Pernambuco,Nordeste,10,10,96,20706.8,46.036151013010326,44.18746868868857,93.06654257794324,2021,93.06654257794324,5.8914091778213236e-06
2608602,Lagoa do Ouro,26,Pernambuco,Nordeste,10,9,381,12741.7,302.406976444649,72.84666748945624,1243.324432576769,2022,1243.324432576769,2.3381530174478377e-05
2608701,Lagoa dos Gatos,26,Pernambuco,Nordeste,10,10,229,15449.4,152.28348519039247,29.795570608167758,710.4290991759023,2022,710.4290991759023,1.4053465642927949e-05
2608750,Lagoa Grande,26,Pernambuco,Nordeste,10,10,357,25129.2,141.30720907408542,26.291607770007637,803.0363563723532,2016,803.0363563723532,2.1908677880023047e-05
2608800,Lajedo,26,Pernambuco,Nordeste,10,10,986,40411.0,246.80380109129806,51.064107720595004,1727.3365423184916,2017,1727.3365423184916,6.050968176387318e-05
2608909,Limoeiro,26,Pernambuco,Nordeste,10,10,2301,56862.3,403.6983254996179,211.28299378060643,1738.2322036011328,2021,1738.2322036011328,0.00014120971373090486
2609006,Macaparana,26,Pernambuco,Nordeste,10,9,172,24904.3,69.31686279754334,37.982323974600284,212.79949558638086,2019,212.79949558638086,1.0555441443596538e-05
2609105,Machados,26,Pernambuco,Nordeste,10,10,1132,14162.6,925.4760416701617,226.64142856149752,4501.949663239986,2022,4501.949663239986,6.946953322180977e-05
2609154,Manari,26,Pernambuco,Nordeste,10,9,91,23281.6,41.56518577664308,12.729565843134505,174.07282046322712,2016,174.07282046322712,5.584564949809796e-06
2609204,Maraial,26,Pernambuco,Nordeste,10,10,158,10561.1,151.2462121341,134.3756755966693,339.27056827820184,2024,339.27056827820184,9.696277605164262e-06
2609303,Mirandiba,26,Pernambuco,Nordeste,10,9,321,14970.7,212.50715552238452,69.0218414809107,909.6816114359973,2019,909.6816114359973,1.9699399438340052e-05
2609402,Moreno,26,Pernambuco,Nordeste,10,10,1843,60171.4,300.441492761887,177.94103356336365,1570.3915422966365,2016,1570.3915422966365,0.00011310278244504895
2609501,Nazaré da Mata,26,Pernambuco,Nordeste,10,10,1224,32017.3,383.3830195846938,204.55703336286933,1404.8296758791664,2021,1404.8296758791664,7.511546701722188e-05
2609600,Olinda,26,Pernambuco,Nordeste,10,10,10994,378215.2,290.60182104432704,246.36151616301447,581.8209735219361,2025,581.8209735219361,0.0006746890885517461
2609709,Orobó,26,Pernambuco,Nordeste,10,10,628,23165.4,268.3376757222096,166.43199389553246,969.7685204705487,2016,969.7685204705487,3.853963503824783e-05
2609808,Orocó,26,Pernambuco,Nordeste,10,8,185,14515.1,130.48937023120084,42.10720081825147,528.9061926100051,2022,528.9061926100051,1.135323643642651e-05
2609907,Ouricuri,26,Pernambuco,Nordeste,10,10,191,68315.3,28.031068652307493,20.323500320952107,64.39432744515506,2024,64.39432744515506,1.1721449510040342e-05
2610004,Palmares,26,Pernambuco,Nordeste,10,10,1138,60115.0,187.5535289202054,168.0167961906679,409.4861660079051,2019,409.4861660079051,6.983774629542361e-05
2610103,Palmeirina,26,Pernambuco,Nordeste,10,8,132,7453.8,173.84846901599929,54.211285710076595,610.9450149486546,2019,610.9450149486546,8.10068761950432e-06
2610202,Panelas,26,Pernambuco,Nordeste,10,10,472,25148.5,186.96206816120906,98.34458457065168,521.2661479187127,2019,521.2661479187127,2.8966095124288177e-05
2610301,Paranatama,26,Pernambuco,Nordeste,10,10,251,11891.5,212.11513326984414,73.78956237341112,807.0814891955221,2019,807.0814891955221,1.540358024617867e-05
2610400,Parnamirim,26,Pernambuco,Nordeste,10,9,415,20611.3,197.36521202419394,66.46196282084347,1022.2626079054975,2019,1022.2626079054975,2.5468070924956765e-05
2610509,Passira,26,Pernambuco,Nordeste,10,10,997,28962.2,339.90373766159604,174.79480737937308,1093.57649988223,2024,1093.57649988223,6.118473906549854e-05
2610608,Paudalho,26,Pernambuco,Nordeste,10,10,1783,57118.6,312.45751997452254,98.98469620454604,1464.7926620862831,2021,1464.7926620862831,0.00010942065170891063
2610707,Paulista,26,Pernambuco,Nordeste,10,10,12200,339856.7,355.01547157292555,367.5371208312912,549.6461669916526,2025,549.6461669916526,0.0007486999163481265
2610806,Pedra,26,Pernambuco,Nordeste,10,10,263,22839.3,115.74486832756943,91.08559522069339,318.34460803820133,2019,318.34460803820133,1.6140006393406334e-05
2610905,Pesqueira,26,Pernambuco,Nordeste,10,10,1414,65975.8,212.59071203081857,106.9914632017933,1031.2067825145812,2016,1031.2067825145812,8.677554768165992e-05
2611002,Petrolândia,26,Pernambuco,Nordeste,10,10,374,35913.8,104.11609400733963,21.709557469794706,639.8183026811433,2025,639.8183026811433,2.295194825526224e-05
2611101,Petrolina,26,Pernambuco,Nordeste,10,10,5742,369371.0,161.00751915573446,53.25462583346563,728.1615050928971,2020,728.1615050928971,0.00035237991144843793
2611200,Poção,26,Pernambuco,Nordeste,10,10,1531,11034.5,1392.9868882378541,121.7820697558797,7551.890289103038,2025,7551.890289103038,9.395570261712966e-05
2611309,Pombos,26,Pernambuco,Nordeste,10,10,628,26705.5,233.73021804757937,227.00933315916552,620.7716898371868,2016,620.7716898371868,3.853963503824783e-05
2611408,Primavera,26,Pernambuco,Nordeste,10,10,188,14602.9,126.5577471339534,59.76604063179407,551.5067953515855,2021,551.5067953515855,1.1537342973233425e-05
2611507,Quipapá,26,Pernambuco,Nordeste,10,10,935,22749.5,459.4440453991224,188.7300874941984,2705.265506470326,2022,2705.265506470326,5.73798706381556e-05
2611533,Quixaba,26,Pernambuco,Nordeste,10,6,138,6746.6,207.23323631758498,22.137462342870904,1083.3079035703388,2022,1083.3079035703388,8.468900693118153e-06
2611606,Recife,26,Pernambuco,Nordeste,10,10,40676,1601124.2,251.23030318327386,131.54127769488653,890.6343139661278,2016,890.6343139661278,0.0024962391637193765
2611705,Riacho das Almas,26,Pernambuco,Nordeste,10,10,169,20724.0,80.84583591544968,29.181561191098332,288.506281991624,2025,288.506281991624,1.0371334906789622e-05
2611804,Ribeirão,26,Pernambuco,Nordeste,10,10,363,41913.0,83.12569987176062,67.34794806916102,230.3901700194125,2016,230.3901700194125,2.227689095363688e-05
2611903,Rio Formoso,26,Pernambuco,Nordeste,10,9,1255,22184.9,559.7430779038001,414.2023951899605,1358.642338630567,2025,1358.642338630567,7.701790123089335e-05
2612000,Sairé,26,Pernambuco,Nordeste,10,8,307,10391.6,283.1310294494375,160.74216956002573,1158.8518452487074,2024,1158.8518452487074,1.8840235599907773e-05
2612109,Salgadinho,26,Pernambuco,Nordeste,10,9,60,8785.6,72.95647144705593,46.19927585749747,187.26591760299627,2021,187.26591760299627,3.6821307361383272e-06
2612208,Salgueiro,26,Pernambuco,Nordeste,10,10,5660,62123.9,916.6593592928399,423.4606986268752,4903.988183161005,2019,4903.988183161005,0.00034734766610904885
2612307,Saloá,26,Pernambuco,Nordeste,10,9,96,15091.8,62.216185677690305,18.902406683336473,291.85965357528073,2016,291.85965357528073,5.8914091778213236e-06
2612406,Sanharó,26,Pernambuco,Nordeste,10,10,472,23317.9,210.19087281348783,88.7420023627331,877.7085537400573,2016,877.7085537400573,2.8966095124288177e-05
2612455,Santa Cruz,26,Pernambuco,Nordeste,10,10,74,14848.3,50.787419700748316,53.38933429408536,115.59858391734701,2022,115.59858391734701,4.541294574570604e-06
2612471,Santa Cruz da Baixa Verde,26,Pernambuco,Nordeste,10,10,255,12242.2,211.53764983647184,65.83772796506393,804.0114117748768,2022,804.0114117748768,1.5649055628587893e-05
2612505,Santa Cruz do Capibaribe,26,Pernambuco,Nordeste,10,10,603,105064.2,57.02686128008903,45.98310427996553,129.68196615747863,2021,129.68196615747863,3.700541389819019e-05
2612554,Santa Filomena,26,Pernambuco,Nordeste,10,9,218,13566.8,177.53822821990644,35.187468499114566,1247.3153808029076,2022,1247.3153808029076,1.3378408341302589e-05
2612604,Santa Maria da Boa Vista,26,Pernambuco,Nordeste,10,9,178,41780.3,42.41808942057586,21.378772348963928,123.51543942992875,2020,123.51543942992875,1.0923654517210372e-05
2612703,Santa Maria do Cambucá,26,Pernambuco,Nordeste,10,9,57,14179.5,40.22581032380183,34.82381441346027,99.90722900164134,2017,99.90722900164134,3.498024199331411e-06
2612802,Santa Terezinha,26,Pernambuco,Nordeste,10,10,463,11226.2,414.19340989801265,84.42416885261775,2063.0029104605374,2016,2063.0029104605374,2.8413775513867425e-05
2612901,São Benedito do Sul,26,Pernambuco,Nordeste,10,10,105,14826.1,75.68481356955559,31.320184926787597,442.3091588499962,2022,442.3091588499962,6.443728788242073e-06
2613008,São Bento do Una,26,Pernambuco,Nordeste,10,10,292,55731.3,54.55826669365545,43.276377096571395,162.22026776116485,2025,162.22026776116485,1.7919702915873195e-05
2613107,São Caitano,26,Pernambuco,Nordeste,10,9,124,37575.0,32.650619104091135,23.586108368410677,107.02545676936015,2025,107.02545676936015,7.609736854685877e-06
2613206,São João,26,Pernambuco,Nordeste,10,9,927,23382.7,404.0563476807657,133.64461136151405,1763.03401723066,2016,1763.03401723066,5.688891987333716e-05
2613305,São Joaquim do Monte,26,Pernambuco,Nordeste,10,10,155,20856.5,73.1918545800342,34.248729727002136,344.0961583785058,2016,344.0961583785058,9.512171068357345e-06
2613404,São José da Coroa Grande,26,Pernambuco,Nordeste,10,9,260,20400.2,126.88672948582708,69.12564540539086,399.0985069020565,2019,399.0985069020565,1.595589985659942e-05
2613503,São José do Belmonte,26,Pernambuco,Nordeste,10,10,473,34683.1,137.14177334171546,70.57212252146542,577.1665832327218,2019,577.1665832327218,2.902746396989048e-05
2613602,São José do Egito,26,Pernambuco,Nordeste,10,9,390,33025.4,119.56400673010565,46.95500582736057,375.48859684220247,2024,375.48859684220247,2.393384978489913e-05
2613701,São Lourenço da Mata,26,Pernambuco,Nordeste,10,10,3275,113639.2,288.4274461674151,215.8744715537858,972.1485291869385,2016,972.1485291869385,0.00020098296934755036
2613800,São Vicente Férrer,26,Pernambuco,Nordeste,10,9,454,17564.8,252.86850379874113,110.6170964037845,1421.4876033057851,2021,1421.4876033057851,2.7861455903446678e-05
2613909,Serra Talhada,26,Pernambuco,Nordeste,10,10,1729,89845.9,196.0341359915016,41.56819611568088,1105.964099594673,2019,1105.964099594673,0.00010610673404638614
2614006,Serrita,26,Pernambuco,Nordeste,10,9,410,18878.6,217.24866821883433,206.92780624063954,703.4747388616499,2025,703.4747388616499,2.5161226696945238e-05
2614105,Sertânia,26,Pernambuco,Nordeste,10,10,1321,34909.6,371.10688256313153,29.179955729424776,2280.3412066101746,2016,2280.3412066101746,8.10682450406455e-05
2614204,Sirinhaém,26,Pernambuco,Nordeste,10,10,820,42802.3,182.64979735057412,74.5099825554129,891.9390173022757,2016,891.9390173022757,5.0322453393890476e-05
2614303,Moreilândia,26,Pernambuco,Nordeste,10,10,124,11032.5,111.42317506829959,41.160086704924915,656.6104702750665,2019,656.6104702750665,7.609736854685877e-06
2614402,Solidão,26,Pernambuco,Nordeste,10,10,332,5732.8,577.7487828418305,88.86121627730597,2513.733977026802,2019,2513.733977026802,2.037445673996541e-05
2614501,Surubim,26,Pernambuco,Nordeste,10,10,936,65330.3,142.93302854097823,119.66179480761826,333.9909589424137,2017,333.9909589424137,5.7441239483757906e-05
2614600,Tabira,26,Pernambuco,Nordeste,10,10,613,28442.1,214.440569308371,86.50574976054693,673.7015776991028,2024,673.7015776991028,3.761910235421325e-05
2614709,Tacaimbó,26,Pernambuco,Nordeste,10,9,110,13327.4,83.36391015390379,52.66335733330155,420.1353769547966,2017,420.1353769547966,6.7505730162536e-06
2614808,Tacaratu,26,Pernambuco,Nordeste,10,9,308,25160.3,123.09962722488697,28.923587936771458,542.212225881597,2025,542.212225881597,1.890160444551008e-05
2614857,Tamandaré,26,Pernambuco,Nordeste,10,10,317,23628.8,133.89611164192533,119.8480743069461,377.32684890155963,2021,377.32684890155963,1.9453924055930828e-05
2615003,Taquaritinga do Norte,26,Pernambuco,Nordeste,10,10,154,27260.9,57.69697013619257,53.42189854944215,121.51102533862264,2016,121.51102533862264,9.45080222275504e-06
2615102,Terezinha,26,Pernambuco,Nordeste,10,8,250,6995.8,363.6869917156486,120.53626291039305,2377.132856934519,2024,2377.132856934519,1.5342211400576365e-05
2615201,Terra Nova,26,Pernambuco,Nordeste,10,9,563,9764.1,571.9695329814704,138.62372984771045,4011.4896988906494,2019,4011.4896988906494,3.455066007409797e-05
2615300,Timbaúba,26,Pernambuco,Nordeste,10,10,1232,50295.9,236.0758818037747,59.862932100364745,1453.2703270327033,2016,1453.2703270327033,7.560641778204032e-05
2615409,Toritama,26,Pernambuco,Nordeste,10,10,323,43991.9,73.54976122280023,48.0162873349884,260.2457625200842,2017,260.2457625200842,1.9822137129544662e-05
2615508,Tracunhaém,26,Pernambuco,Nordeste,10,10,1493,13906.0,1082.489195172805,166.29767232018872,5116.176793960272,2016,5116.176793960272,9.162368648424205e-05
2615607,Trindade,26,Pernambuco,Nordeste,10,10,130,30764.4,42.11741364175043,35.18980609721487,152.51817237798545,2020,152.51817237798545,7.97794992829971e-06
2615706,Triunfo,26,Pernambuco,Nordeste,10,10,301,15114.3,198.0055855556591,87.03453321392533,623.5641614702987,2016,623.5641614702987,1.8472022526293943e-05
2615805,Tupanatinga,26,Pernambuco,Nordeste,10,10,427,26963.9,158.5577881478242,45.08441028451747,901.7098813933476,2016,901.7098813933476,2.620449707218443e-05
2615904,Tuparetama,26,Pernambuco,Nordeste,10,9,143,8172.7,174.07421633871397,73.90765388591983,1090.6446921958313,2024,1090.6446921958313,8.77574492112968e-06
2616001,Venturosa,26,Pernambuco,Nordeste,10,10,172,17951.7,95.11165521079158,97.59796106839967,202.2078915728495,2018,202.2078915728495,1.0555441443596538e-05
2616100,Verdejante,26,Pernambuco,Nordeste,10,8,487,9442.9,513.2395701045343,116.07053296546434,3734.0046150618837,2019,3734.0046150618837,2.9886627808322755e-05
2616183,Vertente do Lério,26,Pernambuco,Nordeste,10,9,255,7638.9,332.19827350033864,45.631240296211544,2638.7625113739764,2016,2638.7625113739764,1.5649055628587893e-05
2616209,Vertentes,26,Pernambuco,Nordeste,10,10,331,21404.2,154.9453503484914,79.84477735418744,464.32062561094824,2017,464.32062561094824,2.0313087894363107e-05
2616308,Vicência,26,Pernambuco,Nordeste,10,9,523,30270.8,170.67165826483796,154.07466549136427,678.102551399554,2016,678.102551399554,3.2095906250005754e-05
2616407,Vitória de Santo Antão,26,Pernambuco,Nordeste,10,10,4093,138713.8,295.52234942615604,169.39329745979182,959.7237868125759,2016,959.7237868125759,0.00025118268505023623
2616506,Xexéu,26,Pernambuco,Nordeste,10,10,243,13494.3,184.1042708953225,141.9247471268504,602.1541853956408,2024,602.1541853956408,1.4912629481360226e-05
2700102,Água Branca,27,Alagoas,Nordeste,10,7,124,19918.8,62.87079632129521,27.175270013948314,327.36572890025576,2024,327.36572890025576,7.609736854685877e-06
2700201,Anadia,27,Alagoas,Nordeste,10,8,177,16208.4,118.5077224555682,66.86209552570736,359.33206510251534,2024,359.33206510251534,1.0862285671608065e-05
2700300,Arapiraca,27,Alagoas,Nordeste,10,10,19330,235333.5,826.5311973314545,612.6331045474753,3282.890393403151,2019,3282.890393403151,0.0011862597854925645
2700409,Atalaia,27,Alagoas,Nordeste,10,10,369,43639.6,91.09886405152015,47.022443951345934,415.26083571243186,2024,415.26083571243186,2.2645104027250712e-05
2700508,Barra de Santo Antônio,27,Alagoas,Nordeste,10,9,83,16218.7,50.848640239647,31.121623786159816,113.14350367716388,2016,113.14350367716388,5.0936141849913526e-06
2700607,Barra de São Miguel,27,Alagoas,Nordeste,10,10,300,8226.4,369.97348610788356,132.694234491854,1913.3937562940582,2022,1913.3937562940582,1.8410653680691636e-05
2700706,Batalha,27,Alagoas,Nordeste,10,9,387,17860.7,223.4521946616729,35.1104700245934,1479.27264222651,2025,1479.27264222651,2.374974324809221e-05
2700805,Belém,27,Alagoas,Nordeste,10,10,229,4531.3,501.5007204673037,195.83090897007625,1772.55985267035,2019,1772.55985267035,1.4053465642927949e-05
2700904,Belo Monte,27,Alagoas,Nordeste,10,8,65,6377.7,104.85481138738172,31.992483698489757,305.3435114503817,2025,305.3435114503817,3.988974964149855e-06
2701001,Boca da Mata,27,Alagoas,Nordeste,10,8,255,24969.2,110.1419139031475,83.69178447037643,434.22853636663996,2023,434.22853636663996,1.5649055628587893e-05
2701100,Branquinha,27,Alagoas,Nordeste,10,9,439,10206.4,447.8433235822748,168.26798879985625,2634.593356242841,2022,2634.593356242841,2.6940923219412095e-05
2701209,Cacimbinhas,27,Alagoas,Nordeste,10,8,95,10751.3,88.45988703831067,55.651141017429524,322.34297292319025,2019,322.34297292319025,5.8300403322190184e-06
2701308,Cajueiro,27,Alagoas,Nordeste,10,10,173,19405.0,89.07668620802706,32.13088558932407,281.19078183263036,2022,281.19078183263036,1.0616810289198844e-05
2701357,Campestre,27,Alagoas,Nordeste,10,8,39,6875.1,56.438142307715225,21.68846638837665,185.66123964581547,2016,185.66123964581547,2.3933849784899126e-06
2701407,Campo Alegre,27,Alagoas,Nordeste,10,10,715,47321.6,191.16632327129923,56.66056082501858,1002.9278016570111,2022,1002.9278016570111,4.38787246056484e-05
2701506,Campo Grande,27,Alagoas,Nordeste,10,10,157,9048.4,167.3727170868546,42.560741530892685,784.6829880728186,2019,784.6829880728186,9.634908759561957e-06
2701605,Canapi,27,Alagoas,Nordeste,10,8,78,16907.0,45.56472535177682,35.25422512469052,146.7351430667645,2020,146.7351430667645,4.786769956979825e-06
2701704,Capela,27,Alagoas,Nordeste,10,9,296,16259.8,191.98894225510162,40.63371500876437,755.8885064452993,2022,755.8885064452993,1.8165178298282415e-05
2701803,Carneiros,27,Alagoas,Nordeste,10,8,193,9143.2,212.2436225319399,38.40849551680365,1434.0871483728627,2016,1434.0871483728627,1.1844187201244952e-05
2701902,Chã Preta,27,Alagoas,Nordeste,10,6,65,6793.3,90.04835908519415,13.670544074011634,765.9690876761046,2020,765.9690876761046,3.988974964149855e-06
2702009,Coité do Nóia,27,Alagoas,Nordeste,10,8,451,10819.3,419.08582823250083,60.49239279716626,2712.054615168802,2019,2712.054615168802,2.767734936663976e-05
2702108,Colônia Leopoldina,27,Alagoas,Nordeste,10,8,1051,19403.6,581.9322107804805,329.1210731441237,2366.8639053254437,2022,2366.8639053254437,6.449865672802303e-05
2702207,Coqueiro Seco,27,Alagoas,Nordeste,10,8,193,5779.3,333.1040390988435,78.79687975688145,1488.4516680923866,2019,1488.4516680923866,1.1844187201244952e-05
2702306,Coruripe,27,Alagoas,Nordeste,10,9,844,54741.3,162.31923098900924,38.88364311469966,702.1859007418575,2022,702.1859007418575,5.1795305688345806e-05
2702355,Craíbas,27,Alagoas,Nordeste,10,10,779,24759.7,313.40291018682797,133.4042292973107,999.2154919691151,2019,999.2154919691151,4.780633072419595e-05
2702405,Delmiro Gouveia,27,Alagoas,Nordeste,10,10,1026,52173.5,196.50301624863022,127.4368037846283,543.4679694749001,2024,543.4679694749001,6.29644355879654e-05
2702504,Dois Riachos,27,Alagoas,Nordeste,10,9,60,10593.4,56.82709278903964,39.28113212038424,169.3555575363223,2016,169.3555575363223,3.6821307361383272e-06
2702553,Estrela de Alagoas,27,Alagoas,Nordeste,10,10,341,17197.2,205.53147901701624,75.57918082682235,719.6993822049551,2024,719.6993822049551,2.092677635038616e-05
2702603,Feira Grande,27,Alagoas,Nordeste,10,10,1121,22544.6,492.60209067384733,163.58810388496198,2225.001078004398,2024,2225.001078004398,6.879447592018441e-05
2702702,Feliz Deserto,27,Alagoas,Nordeste,10,6,56,4464.7,124.24632573958786,20.872600157439788,799.3268826251577,2019,799.3268826251577,3.4366553537291054e-06
2702801,Flexeiras,27,Alagoas,Nordeste,10,8,306,11585.0,277.4997903923226,58.41635014547887,1071.1493354182955,2019,1071.1493354182955,1.877886675430547e-05
2702900,Girau do Ponciano,27,Alagoas,Nordeste,10,10,415,39363.0,102.85071130767543,29.371510135011498,598.846304262808,2016,598.846304262808,2.5468070924956765e-05
2703007,Ibateguara,27,Alagoas,Nordeste,10,10,371,14958.4,254.0900519727586,150.83293640249875,886.8545272493205,2025,886.8545272493205,2.2767841718455322e-05
2703106,Igaci,27,Alagoas,Nordeste,10,8,370,25262.7,146.28432767194766,44.86619536582781,536.7162722615273,2022,536.7162722615273,2.270647287285302e-05
2703205,Igreja Nova,27,Alagoas,Nordeste,10,9,513,23532.3,210.3294360066903,29.82874365595964,1314.3393607902365,2019,1314.3393607902365,3.14822177939827e-05
2703304,Inhapi,27,Alagoas,Nordeste,10,9,262,17198.9,158.67293974630996,58.75094640027697,679.105953715303,2022,679.105953715303,1.607863754780403e-05
2703403,Jacaré dos Homens,27,Alagoas,Nordeste,10,10,121,5222.0,233.39896457702707,76.83150154385459,799.5431182181611,2019,799.5431182181611,7.4256303178789604e-06
2703502,Jacuípe,27,Alagoas,Nordeste,10,9,80,6389.3,130.65424985198518,74.57052381358793,424.43255213138957,2025,424.43255213138957,4.909507648184436e-06
2703601,Japaratinga,27,Alagoas,Nordeste,10,10,459,8771.9,505.6474502698646,260.40132853754903,1916.7637403367573,2024,1916.7637403367573,2.8168300131458205e-05
2703700,Jaramataia,27,Alagoas,Nordeste,10,10,267,5435.4,494.82604781786176,236.19073266896245,1837.0883882149046,2019,1837.0883882149046,1.6385481775815558e-05
2703759,Jequiá da Praia,27,Alagoas,Nordeste,10,8,79,10801.3,78.57458130705582,34.85653005788524,415.5844155844156,2024,415.5844155844156,4.848138802582131e-06
2703809,Joaquim Gomes,27,Alagoas,Nordeste,10,10,568,21362.6,282.70758887633207,99.30238498708805,937.7735172758722,2019,937.7735172758722,3.48575043021095e-05
2703908,Jundiá,27,Alagoas,Nordeste,10,6,51,4160.1,122.91148068233397,23.90634335737052,342.1309872922776,2022,342.1309872922776,3.129811125717578e-06
2704005,Junqueiro,27,Alagoas,Nordeste,10,10,685,24565.4,277.23355575389456,113.80673538446976,1299.4260204081631,2016,1299.4260204081631,4.203765923757924e-05
2704104,Lagoa da Canoa,27,Alagoas,Nordeste,10,9,741,18226.1,413.01186075304923,58.459615789042275,3321.7566659197846,2019,3321.7566659197846,4.5474314591308345e-05
2704203,Limoeiro de Anadia,27,Alagoas,Nordeste,10,10,930,27241.2,335.3024163806964,79.52399189313844,1868.3429369652522,2019,1868.3429369652522,5.707302641014407e-05
2704302,Maceió,27,Alagoas,Nordeste,10,10,43279,1004437.3,437.34840462747826,343.3451070169556,1566.1080929851887,2022,1566.1080929851887,0.002655982268822178
2704401,Major Isidoro,27,Alagoas,Nordeste,10,8,142,19047.6,73.78821056590638,45.176253961327674,297.9196121995556,2019,297.9196121995556,8.714376075527375e-06
2704500,Maragogi,27,Alagoas,Nordeste,10,10,2839,32781.3,865.1650729352936,457.0741034648896,2434.4005777563793,2024,2434.4005777563793,0.0001742261526649452
2704609,Maravilha,27,Alagoas,Nordeste,10,8,78,9384.1,82.25369911166976,43.834801252080105,302.4614100959533,2016,302.4614100959533,4.786769956979825e-06
2704708,Marechal Deodoro,27,Alagoas,Nordeste,10,10,3706,55802.6,623.9686689696163,133.2082121598101,4129.534537021699,2022,4129.534537021699,0.00022743294180214402
2704807,Maribondo,27,Alagoas,Nordeste,10,8,313,13531.4,228.68880731249283,97.20910236262412,1016.1561517654799,2022,1016.1561517654799,1.9208448673521608e-05
2704906,Mar Vermelho,27,Alagoas,Nordeste,10,4,27,3392.5,78.49759079182292,0.0,457.9278763594733,2020,457.9278763594733,1.6569588312622474e-06
2705002,Mata Grande,27,Alagoas,Nordeste,10,10,831,24002.2,331.03550259737324,34.06113229443639,2207.9799914025557,2016,2207.9799914025557,5.099751069551583e-05
2705101,Matriz de Camaragibe,27,Alagoas,Nordeste,10,8,1513,24494.9,630.5687481338371,73.06455708506194,4782.663369241732,2022,4782.663369241732,9.285106339628816e-05
2705200,Messias,27,Alagoas,Nordeste,10,9,764,16976.4,476.92447656878375,152.6941470905474,3550.7951963648165,2022,3550.7951963648165,4.688579804016137e-05
2705309,Minador do Negrão,27,Alagoas,Nordeste,10,6,57,5169.8,112.0602180604388,37.842778211708804,567.0311867152693,2024,567.0311867152693,3.498024199331411e-06
2705408,Monteirópolis,27,Alagoas,Nordeste,10,7,152,7221.2,208.7976138725819,13.932439151879679,857.843137254902,2025,857.843137254902,9.32806453155043e-06
2705507,Murici,27,Alagoas,Nordeste,10,9,1178,27240.8,439.8590588925924,82.63435313713808,1899.5356690586746,2021,1899.5356690586746,7.229250011951583e-05
2705606,Novo Lino,27,Alagoas,Nordeste,10,9,109,11728.3,92.33226751777732,62.00926926330041,338.849487785658,2019,338.849487785658,6.6892041706512946e-06
2705705,Olho d'Água das Flores,27,Alagoas,Nordeste,10,8,342,21372.3,161.12146375603302,23.849303647271505,596.252129471891,2024,596.252129471891,2.0988145195988465e-05
2705804,Olho d'Água do Casado,27,Alagoas,Nordeste,10,8,51,9020.6,57.68894270871628,29.943705833033896,187.74935461159353,2024,187.74935461159353,3.129811125717578e-06
2705903,Olho d'Água Grande,27,Alagoas,Nordeste,10,9,78,4826.0,155.16967759690948,58.096594025298565,858.8717548311536,2019,858.8717548311536,4.786769956979825e-06
2706000,Olivença,27,Alagoas,Nordeste,10,6,299,11379.9,264.36287901250097,21.4531477751516,1304.2366379677776,2016,1304.2366379677776,1.8349284835089332e-05
2706109,Ouro Branco,27,Alagoas,Nordeste,10,9,79,11558.1,68.18671740723012,17.339479667387458,431.44361032013114,2016,431.44361032013114,4.848138802582131e-06
2706208,Palestina,27,Alagoas,Nordeste,10,8,291,4766.4,601.1085919246453,109.68951069552915,3811.6144482139293,2019,3811.6144482139293,1.7858334070270888e-05
2706307,Palmeira dos Índios,27,Alagoas,Nordeste,10,10,2928,73172.5,402.0688770410329,151.54981786106458,1494.956269036242,2022,1494.956269036242,0.0001796879799235504
2706406,Pão de Açúcar,27,Alagoas,Nordeste,10,9,526,24335.7,216.1675757798571,34.61397074242892,1646.700424025359,2024,1646.700424025359,3.228001278681267e-05
2706422,Pariconha,27,Alagoas,Nordeste,10,9,68,10625.9,63.37524056296593,23.337946194746408,361.01083032490976,2024,361.01083032490976,4.173081500956771e-06
2706448,Paripueira,27,Alagoas,Nordeste,10,9,258,13538.1,188.89044186014087,131.6346604870016,591.5909571096556,2025,591.5909571096556,1.5833162165394806e-05
2706505,Passo de Camaragibe,27,Alagoas,Nordeste,10,7,42,14766.1,29.141895889662624,6.904701535786728,85.28784648187633,2025,85.28784648187633,2.5774915152968293e-06
2706604,Paulo Jacinto,27,Alagoas,Nordeste,10,8,164,7214.7,229.48554880243915,48.031738152566845,836.374695863747,2022,836.374695863747,1.0064490678778095e-05
2706703,Penedo,27,Alagoas,Nordeste,10,10,1616,62139.9,254.41745688508513,16.18609209202646,1171.4272254761868,2019,1171.4272254761868,9.917205449332562e-05
2706802,Piaçabuçu,27,Alagoas,Nordeste,10,10,344,17167.4,198.28828681525803,61.61274115664884,914.343411678914,2019,914.343411678914,2.1110882887193075e-05
2706901,Pilar,27,Alagoas,Nordeste,10,10,1123,35538.5,314.83056211570977,255.59987007805285,775.3637085947561,2024,775.3637085947561,6.891721361138903e-05
2707008,Pindoba,27,Alagoas,Nordeste,10,7,25,2856.8,87.50795279923493,86.01311901493597,215.36252692031587,2024,215.36252692031587,1.5342211400576365e-06
2707107,Piranhas,27,Alagoas,Nordeste,10,7,108,24218.9,45.68459033588309,19.690610308229864,154.80560838604097,2022,154.80560838604097,6.6278353250489894e-06
2707206,Poço das Trincheiras,27,Alagoas,Nordeste,10,6,198,13811.0,139.33028199788646,10.344413053801798,866.8730650154799,2016,866.8730650154799,1.215103142925648e-05
2707305,Porto Calvo,27,Alagoas,Nordeste,10,10,778,26089.4,303.2931153860171,175.42167506011896,1100.6810233756673,2019,1100.6810233756673,4.774496187859364e-05
2707404,Porto de Pedras,27,Alagoas,Nordeste,10,9,181,8461.3,194.846542088508,38.388603603699444,882.6310812230745,2025,882.6310812230745,1.1107761054017287e-05
2707503,Porto Real do Colégio,27,Alagoas,Nordeste,10,9,195,20117.6,96.62655115452512,70.54318250529073,409.5125320702585,2016,409.5125320702585,1.1966924892449564e-05
2707602,Quebrangulo,27,Alagoas,Nordeste,10,10,328,11289.2,293.0225095449828,159.91292071193772,1272.563176895307,2022,1272.563176895307,2.012898135755619e-05
2707701,Rio Largo,27,Alagoas,Nordeste,10,10,2510,83566.8,305.6181616369557,134.3090748762845,1305.3588415600889,2016,1305.3588415600889,0.0001540358024617867
2707800,Roteiro,27,Alagoas,Nordeste,10,5,282,6635.0,423.0573007537749,46.33920296570899,1885.6806128461992,2016,1885.6806128461992,1.730601445985014e-05
2707909,Santa Luzia do Norte,27,Alagoas,Nordeste,10,8,322,7194.4,457.0499564705598,89.75068405885578,2702.702702702703,2022,2702.702702702703,1.9760768283942356e-05
2708006,Santana do Ipanema,27,Alagoas,Nordeste,10,10,1104,47412.3,231.3794653133691,21.070862562671866,1509.3789686257364,2016,1509.3789686257364,6.775120554494522e-05
2708105,Santana do Mundaú,27,Alagoas,Nordeste,10,10,506,11045.6,456.2694910763388,213.18555128030002,2262.5698324022346,2019,2262.5698324022346,3.105263587476656e-05
2708204,São Brás,27,Alagoas,Nordeste,10,8,87,6792.8,125.3991836858703,36.816681790566875,732.653354403103,2019,732.653354403103,5.339089567400575e-06
2708303,São José da Laje,27,Alagoas,Nordeste,10,10,489,22820.7,225.43890263032404,85.36671345468349,1037.8129053956661,2022,1037.8129053956661,3.000936549952737e-05
2708402,São José da Tapera,27,Alagoas,Nordeste,10,9,51,31865.3,15.99722856097291,9.552934565404527,66.54624964350224,2024,66.54624964350224,3.129811125717578e-06
2708501,São Luís do Quitunde,27,Alagoas,Nordeste,10,10,830,33356.9,261.49059872452125,35.17471844786369,1374.8623564574484,2025,1374.8623564574484,5.093614184991353e-05
2708600,São Miguel dos Campos,27,Alagoas,Nordeste,10,10,3427,57993.3,635.4386188805779,340.72508000458186,2608.193883439123,2022,2608.193883439123,0.0002103110338791008
2708709,São Miguel dos Milagres,27,Alagoas,Nordeste,10,8,73,8224.9,88.87547266449897,23.91736800666829,377.31103005911206,2016,377.31103005911206,4.479925728968299e-06
2708808,São Sebastião,27,Alagoas,Nordeste,10,10,342,33468.3,100.45725378594264,34.82804661626328,585.6172405715624,2019,585.6172405715624,2.0988145195988465e-05
2708907,Satuba,27,Alagoas,Nordeste,10,9,673,18195.6,331.2929924090906,107.77697084012513,1157.4264766455226,2022,1157.4264766455226,4.130123309035157e-05
2708956,Senador Rui Palmeira,27,Alagoas,Nordeste,10,9,156,13321.2,120.14574179966985,41.557674275995026,597.6571838393497,2024,597.6571838393497,9.57353991395965e-06
2709004,Tanque d'Arca,27,Alagoas,Nordeste,10,10,224,6057.2,365.6053455469886,199.25132228409893,1239.4724296837758,2016,1239.4724296837758,1.3746621414916422e-05
2709103,Taquarana,27,Alagoas,Nordeste,10,10,643,19731.6,328.9896682520661,50.560334752893816,1297.8142076502734,2022,1297.8142076502734,3.946016772228241e-05
2709152,Teotônio Vilela,27,Alagoas,Nordeste,10,10,409,42057.3,101.22202127159237,29.340743791846513,415.21036449163006,2022,415.21036449163006,2.509985785134293e-05
2709202,Traipu,27,Alagoas,Nordeste,10,10,212,26273.5,78.77049681911683,38.24749540980436,361.5147827331949,2016,361.5147827331949,1.3010195267688757e-05
2709301,União dos Palmares,27,Alagoas,Nordeste,10,10,4717,63585.1,768.8368795778625,250.98756512062755,3906.8825910931173,2022,3906.8825910931173,0.0002894768447060748
2709400,Viçosa,27,Alagoas,Nordeste,10,9,845,25195.4,340.0728015032952,221.1453218131441,1334.8907058234606,2022,1334.8907058234606,5.185667453394811e-05
2800100,Amparo do São Francisco,28,Sergipe,Nordeste,10,6,19,2302.8,81.83249702482782,42.176364443634874,293.8706968933669,2016,293.8706968933669,1.1660080664438037e-06
2800209,Aquidabã,28,Sergipe,Nordeste,10,10,61,21088.4,29.291419759027644,21.20614482056368,119.21911479807262,2023,119.21911479807262,3.743499581740633e-06
2800308,Aracaju,28,Sergipe,Nordeste,10,10,8554,640039.8,136.33748588732004,92.3458719054216,506.837747218199,2022,506.837747218199,0.0005249491052821208
2800407,Arauá,28,Sergipe,Nordeste,10,8,87,10242.3,84.96531315899836,38.928058670890856,339.21302578019,2023,339.21302578019,5.339089567400575e-06
2800506,Areia Branca,28,Sergipe,Nordeste,10,9,112,18461.5,61.306221268396506,35.093601682524685,254.41070737237987,2022,254.41070737237987,6.873310707458211e-06
2800605,Barra dos Coqueiros,28,Sergipe,Nordeste,10,10,422,35428.5,122.19696744449092,69.7036718725051,430.8218502318545,2019,430.8218502318545,2.5897652844172903e-05
2800670,Boquim,28,Sergipe,Nordeste,10,7,89,26056.0,34.57874418920666,24.901290849364813,107.48702742772423,2021,107.48702742772423,5.461827258605186e-06
2800704,Brejo Grande,28,Sergipe,Nordeste,10,7,132,8163.8,159.2714218310595,12.42707647998649,1444.2171139728005,2019,1444.2171139728005,8.10068761950432e-06
2801009,Campo do Brito,28,Sergipe,Nordeste,10,9,85,18240.9,46.82415286485566,13.50232530826346,181.82819990082098,2022,181.82819990082098,5.216351876195964e-06
2801108,Canhoba,28,Sergipe,Nordeste,10,7,51,3943.0,128.62285507895044,64.88453181060186,419.02883904362824,2016,419.02883904362824,3.129811125717578e-06
2801207,Canindé de São Francisco,28,Sergipe,Nordeste,10,9,90,29402.4,31.493313599831758,21.2829837556136,78.25892524409332,2022,78.25892524409332,5.523196104207491e-06
2801306,Capela,28,Sergipe,Nordeste,10,9,58,33399.3,17.709970148078206,10.688758976417736,60.04108073945331,2022,60.04108073945331,3.5593930449337165e-06
2801405,Carira,28,Sergipe,Nordeste,10,9,147,21245.2,70.52586754840345,22.169277964072442,260.8909672655673,2024,260.8909672655673,9.021220303538902e-06
2801504,Carmópolis,28,Sergipe,Nordeste,10,9,131,15544.2,87.90937955789376,46.625214878714715,411.46322096296836,2023,411.46322096296836,8.039318773902015e-06
2801603,Cedro de São João,28,Sergipe,Nordeste,10,10,110,5720.2,187.82961079858853,91.27423632555984,541.2719891745603,2016,541.2719891745603,6.7505730162536e-06
2801702,Cristinápolis,28,Sergipe,Nordeste,10,7,68,17796.9,38.28164936962397,8.277428641706521,251.76233635448136,2019,251.76233635448136,4.173081500956771e-06
2801900,Cumbe,28,Sergipe,Nordeste,10,9,71,3940.7,181.03220300934856,88.639869022286,677.2009029345372,2019,677.2009029345372,4.3571880377636875e-06
2802007,Divina Pastora,28,Sergipe,Nordeste,10,5,35,4828.4,78.45012035870943,11.27141568981064,437.78801843317973,2022,437.78801843317973,2.1479095960806908e-06
2802106,Estância,28,Sergipe,Nordeste,10,10,426,67978.1,63.165488268685536,67.6453902837595,149.30275612887814,2024,149.30275612887814,2.6143128226582124e-05
2802205,Feira Nova,28,Sergipe,Nordeste,10,9,98,5817.9,166.8667229963824,113.66296071166298,447.7077363896848,2019,447.7077363896848,6.014146869025935e-06
2802304,Frei Paulo,28,Sergipe,Nordeste,10,5,21,15136.2,13.971668423644761,3.187149413564508,64.84663770183516,2019,64.84663770183516,1.2887457576484146e-06
2802403,Gararu,28,Sergipe,Nordeste,10,9,163,11466.1,143.02982580015123,48.22979925751838,663.5642881764908,2019,663.5642881764908,1.000312183317579e-05
2802502,General Maynard,28,Sergipe,Nordeste,10,5,19,3235.0,60.71206304626692,30.543677458766037,197.5633849193283,2023,197.5633849193283,1.1660080664438037e-06
2802601,Graccho Cardoso,28,Sergipe,Nordeste,10,10,126,5857.8,215.4561065645848,67.91113834946597,1048.4702646957717,2019,1048.4702646957717,7.732474545890488e-06
2802700,Ilha das Flores,28,Sergipe,Nordeste,10,5,43,8493.3,50.489766865779174,5.885815185403178,352.11267605633805,2019,352.11267605633805,2.6388603608991344e-06
2802809,Indiaroba,28,Sergipe,Nordeste,10,8,115,17465.2,66.47593406407042,31.737203341723962,278.40909090909093,2016,278.40909090909093,7.057417244265127e-06
2802908,Itabaiana,28,Sergipe,Nordeste,10,10,327,99723.1,33.194611017323794,11.952633554702322,149.85276703658295,2019,149.85276703658295,2.0067612511953883e-05
2803005,Itabaianinha,28,Sergipe,Nordeste,10,10,734,41752.4,175.98338999162348,38.673688197417825,1213.8367797342032,2016,1213.8367797342032,4.5044732672092204e-05
2803104,Itabi,28,Sergipe,Nordeste,10,8,91,4869.8,187.40847899088286,81.08098249400219,938.2011013665103,2019,938.2011013665103,5.584564949809796e-06
2803203,Itaporanga d'Ajuda,28,Sergipe,Nordeste,10,10,199,34668.6,57.920490113240724,35.71932140091664,200.8382815228781,2019,200.8382815228781,1.2212400274858786e-05
2803302,Japaratuba,28,Sergipe,Nordeste,10,10,78,17776.4,42.78099848018054,23.164849876003633,144.05378007789574,2019,144.05378007789574,4.786769956979825e-06
2803401,Japoatã,28,Sergipe,Nordeste,10,9,97,13409.4,72.71601186503807,37.2414828794448,370.03473795499167,2016,370.03473795499167,5.9527780234236296e-06
2803500,Lagarto,28,Sergipe,Nordeste,10,10,950,104118.0,91.34819367885466,48.337731189842216,393.6479963221209,2019,393.6479963221209,5.830040332219018e-05
2803609,Laranjeiras,28,Sergipe,Nordeste,10,9,145,27508.5,52.32369311948024,29.092343671945976,224.63622342922284,2019,224.63622342922284,8.89848261233429e-06
2803708,Macambira,28,Sergipe,Nordeste,10,4,14,6930.0,20.35077619217605,0.0,72.74843590862797,2016,72.74843590862797,8.591638384322764e-07
2803807,Malhada dos Bois,28,Sergipe,Nordeste,10,9,58,3662.5,158.08647171499834,108.87367897318548,408.3855159270351,2016,408.3855159270351,3.5593930449337165e-06
2803906,Malhador,28,Sergipe,Nordeste,10,9,86,12238.3,71.23452133496765,44.313271197609474,173.41541663053846,2023,173.41541663053846,5.277720721798269e-06
2804003,Maruim,28,Sergipe,Nordeste,10,9,47,16685.6,27.94323227655347,18.22767080214338,116.19125079881485,2019,116.19125079881485,2.8843357433083562e-06
2804102,Moita Bonita,28,Sergipe,Nordeste,10,8,80,11290.5,71.28685102508226,31.23900091005083,226.24434389140274,2023,226.24434389140274,4.909507648184436e-06
2804201,Monte Alegre de Sergipe,28,Sergipe,Nordeste,10,9,182,14906.0,123.03783048674207,60.623872229028564,498.9687978178431,2019,498.9687978178431,1.1169129899619592e-05
2804300,Muribeca,28,Sergipe,Nordeste,10,9,65,7760.8,84.20964318788427,45.844449103380825,221.2677339580893,2017,221.2677339580893,3.988974964149855e-06
2804409,Neópolis,28,Sergipe,Nordeste,10,10,152,17863.7,85.2715934830924,44.195501818184766,304.5034456968855,2019,304.5034456968855,9.32806453155043e-06
2804458,Nossa Senhora Aparecida,28,Sergipe,Nordeste,10,9,109,9042.3,121.12206529781747,33.97719204742454,670.7594361073216,2019,670.7594361073216,6.6892041706512946e-06
2804508,Nossa Senhora da Glória,28,Sergipe,Nordeste,10,10,356,39049.9,90.82385913591477,57.704710827899405,319.5753439497346,2019,319.5753439497346,2.1847309034420744e-05
2804607,Nossa Senhora das Dores,28,Sergipe,Nordeste,10,8,155,26099.7,59.07706136279656,30.79641837674435,262.8713057193286,2019,262.8713057193286,9.512171068357345e-06
2804706,Nossa Senhora de Lourdes,28,Sergipe,Nordeste,10,8,261,6434.9,401.5049344828568,31.56929280399495,2487.7149877149877,2016,2487.7149877149877,1.6017268702201724e-05
2804805,Nossa Senhora do Socorro,28,Sergipe,Nordeste,10,10,3272,189135.0,173.2375787188539,127.98704041423628,566.9070076458928,2019,566.9070076458928,0.00020079886281074345
2804904,Pacatuba,28,Sergipe,Nordeste,10,9,63,13708.1,45.82771869495239,39.69735212736333,125.93577275589449,2016,125.93577275589449,3.866237272945244e-06
2805000,Pedra Mole,28,Sergipe,Nordeste,10,5,149,3075.7,461.27104756763475,15.11030522816561,2726.9910133250696,2016,2726.9910133250696,9.143957994743513e-06
2805109,Pedrinhas,28,Sergipe,Nordeste,10,3,17,8721.2,18.463040376995743,0.0,157.51338863803426,2016,157.51338863803426,1.0432703752391928e-06
2805208,Pinhão,28,Sergipe,Nordeste,10,10,40,6234.1,63.14966372934764,48.99659423445772,153.86982612709647,2016,153.86982612709647,2.454753824092218e-06
2805307,Pirambu,28,Sergipe,Nordeste,10,8,87,8755.2,101.4688095509857,37.675924696748964,341.2106659926703,2023,341.2106659926703,5.339089567400575e-06
2805406,Poço Redondo,28,Sergipe,Nordeste,10,8,107,33928.5,31.239036103063075,8.878552502258648,161.03522645578718,2019,161.03522645578718,6.5664664794466835e-06
2805505,Poço Verde,28,Sergipe,Nordeste,10,8,53,23052.3,23.035054806186547,9.176837661741764,97.54028837998304,2016,97.54028837998304,3.252548816922189e-06
2805604,Porto da Folha,28,Sergipe,Nordeste,10,10,122,27977.4,44.37051801398783,24.681496964723063,116.6465984346779,2022,116.6465984346779,7.486999163481266e-06
2805703,Propriá,28,Sergipe,Nordeste,10,9,347,28593.4,119.58385424849148,74.35677652229043,479.30871531762637,2019,479.30871531762637,2.1294989423999992e-05
2805802,Riachão do Dantas,28,Sergipe,Nordeste,10,8,46,19298.2,23.583612986800876,10.443957399353547,90.0225056264066,2016,90.0225056264066,2.822966897706051e-06
2805901,Riachuelo,28,Sergipe,Nordeste,10,5,22,9652.7,22.996033583011176,11.431184270690443,97.91442279447763,2019,97.91442279447763,1.35011460325072e-06
2806008,Ribeirópolis,28,Sergipe,Nordeste,10,8,89,18078.1,48.10424076233612,22.106462241558198,343.12674244048895,2019,343.12674244048895,5.461827258605186e-06
2806107,Rosário do Catete,28,Sergipe,Nordeste,10,7,22,10254.6,21.57359777978522,10.63851878231566,73.69196757553426,2024,73.69196757553426,1.35011460325072e-06
2806206,Salgado,28,Sergipe,Nordeste,10,10,191,20249.3,93.51095136650653,32.09357292035525,385.13383400731755,2024,385.13383400731755,1.1721449510040342e-05
2806305,Santa Luzia do Itanhy,28,Sergipe,Nordeste,10,8,310,13947.8,223.44388054364995,121.21870429206649,826.5051656572854,2019,826.5051656572854,1.902434213671469e-05
2806404,Santana do São Francisco,28,Sergipe,Nordeste,10,6,46,7644.6,60.02112512589641,13.316841932117253,282.7763496143959,2019,282.7763496143959,2.822966897706051e-06
2806503,Santa Rosa de Lima,28,Sergipe,Nordeste,10,8,38,3949.8,95.80025988730425,51.01420333547681,305.88835075197557,2020,305.88835075197557,2.3320161328876075e-06
2806602,Santo Amaro das Brotas,28,Sergipe,Nordeste,10,10,77,11750.6,64.77801237643446,28.940796091687822,322.26078334159644,2019,322.26078334159644,4.72540111137752e-06
2806701,São Cristóvão,28,Sergipe,Nordeste,10,10,1326,93242.9,142.5874478515368,95.30299071061347,336.7778103166966,2022,336.7778103166966,8.137508926865704e-05
2806800,São Domingos,28,Sergipe,Nordeste,10,6,43,10863.4,40.495892969987004,8.957855258774943,154.93366902294954,2022,154.93366902294954,2.6388603608991344e-06
2806909,São Francisco,28,Sergipe,Nordeste,10,9,38,3636.7,101.83908351151476,46.25346901017576,357.50766087844744,2016,357.50766087844744,2.3320161328876075e-06
2807006,São Miguel do Aleixo,28,Sergipe,Nordeste,10,7,58,3744.0,159.01718086501236,55.99313150920154,610.6870229007634,2019,610.6870229007634,3.5593930449337165e-06
2807105,Simão Dias,28,Sergipe,Nordeste,10,10,393,41776.6,93.79617518790103,72.89062466553487,306.2938444817706,2019,306.2938444817706,2.4117956321706046e-05
2807204,Siriri,28,Sergipe,Nordeste,10,9,68,8497.1,82.41097674935627,35.814948167846666,300.6012024048096,2024,300.6012024048096,4.173081500956771e-06
2807303,Telha,28,Sergipe,Nordeste,10,7,47,3267.8,145.60794659150457,92.63199558889812,688.360450563204,2016,688.360450563204,2.8843357433083562e-06
2807402,Tobias Barreto,28,Sergipe,Nordeste,10,8,654,52055.7,125.91475979956513,14.382577295340703,963.8786942244543,2016,963.8786942244543,4.0135225023907766e-05
2807501,Tomar do Geru,28,Sergipe,Nordeste,10,7,26,12834.1,20.424243930584417,16.593571248772175,53.01423810966374,2016,53.01423810966374,1.5955899856599418e-06
2807600,Umbaúba,28,Sergipe,Nordeste,10,10,257,24861.3,104.23701196981975,53.54235748480249,503.3827319587629,2016,503.3827319587629,1.5771793319792503e-05
2900108,Abaíra,29,Bahia,Nordeste,10,9,155,8276.9,206.12226713996102,22.849367262698927,1637.1443907675791,2024,1637.1443907675791,9.512171068357345e-06
2900207,Abaré,29,Bahia,Nordeste,10,8,1806,19275.6,966.0574610573207,56.10604944517525,5734.649122807017,2024,5734.649122807017,0.00011083213515776366
2900306,Acajutiba,29,Bahia,Nordeste,10,7,138,14818.5,94.14421866184001,42.87377034953469,276.55231447948904,2020,276.55231447948904,8.468900693118153e-06
2900355,Adustina,29,Bahia,Nordeste,10,10,303,16022.8,189.41672016639535,41.46346799856288,769.5478906142641,2024,769.5478906142641,1.8594760217498553e-05
2900405,Água Fria,29,Bahia,Nordeste,10,9,461,16163.7,293.4652788272335,34.02113138377591,1654.226346580593,2024,1654.226346580593,2.8291037822662815e-05
2900504,Érico Cardoso,29,Bahia,Nordeste,10,9,527,10806.5,494.8950698079457,234.87364809775656,1950.9896324222432,2019,1950.9896324222432,3.2341381632414974e-05
2900603,Aiquara,29,Bahia,Nordeste,10,8,164,4526.0,366.3251409249918,124.9166735112052,2361.1423431526873,2023,2361.1423431526873,1.0064490678778095e-05
2900702,Alagoinhas,29,Bahia,Nordeste,10,10,3532,154308.7,230.1818219436529,116.47996886442886,824.5419393804118,2020,824.5419393804118,0.00021675476266734287
2900801,Alcobaça,29,Bahia,Nordeste,10,10,1072,23678.0,438.0319569957578,195.20352773569715,1792.5786459559113,2024,1792.5786459559113,6.578740248567144e-05
2900900,Almadina,29,Bahia,Nordeste,10,7,264,5477.5,487.3464450690646,413.539841779636,1284.0168646991183,2022,1284.0168646991183,1.620137523900864e-05
2901007,Amargosa,29,Bahia,Nordeste,10,8,784,37574.9,208.55218986767596,23.911006136881483,1677.3056275206325,2020,1677.3056275206325,4.811317495220748e-05
2901106,Amélia Rodrigues,29,Bahia,Nordeste,10,6,1048,25115.8,420.3524211715004,13.852903955190786,2648.1004507405023,2024,2648.1004507405023,6.431455019121612e-05
2901155,América Dourada,29,Bahia,Nordeste,10,10,1191,15937.5,755.9851770828852,214.9638405737572,4607.585188988,2024,4607.585188988,7.30902951123458e-05
2901205,Anagé,29,Bahia,Nordeste,10,8,780,22676.3,300.3890130640246,47.35448931538353,2313.307130825379,2024,2313.307130825379,4.786769956979826e-05
2901304,Andaraí,29,Bahia,Nordeste,10,10,286,13325.5,216.19560364402906,55.41837269843642,807.1885470606152,2020,807.1885470606152,1.755148984225936e-05
2901353,Andorinha,29,Bahia,Nordeste,10,9,341,15024.5,224.10592035409644,130.31066300284917,826.6063932838231,2024,826.6063932838231,2.092677635038616e-05
2901403,Angical,29,Bahia,Nordeste,10,10,186,14105.1,132.1313731125681,68.53569448688685,557.2012977853011,2024,557.2012977853011,1.1414605282028815e-05
2901502,Anguera,29,Bahia,Nordeste,10,9,187,11292.0,165.32247468278743,53.30574433835052,637.3373461981057,2020,637.3373461981057,1.147597412763112e-05
2901601,Antas,29,Bahia,Nordeste,10,9,440,17602.2,233.31488778310762,41.071283395502896,1780.0020637705086,2016,1780.0020637705086,2.70022920650144e-05
2901700,Antônio Cardoso,29,Bahia,Nordeste,10,8,212,11642.0,183.37901901609496,26.02740195642236,991.2181549430485,2024,991.2181549430485,1.3010195267688757e-05
2901809,Antônio Gonçalves,29,Bahia,Nordeste,10,10,221,11561.5,192.8201331136883,136.35167809381102,451.1139753268275,2022,451.1139753268275,1.3562514878109506e-05
2901908,Aporá,29,Bahia,Nordeste,10,7,127,17317.3,76.26070776089429,12.392713850475197,537.2733378106112,2024,537.2733378106112,7.793843391492793e-06
2901957,Apuarema,29,Bahia,Nordeste,10,9,454,7278.2,646.7290273286636,112.8437258312186,4397.511934037321,2022,4397.511934037321,2.7861455903446678e-05
2902005,Aracatu,29,Bahia,Nordeste,10,9,607,13708.8,426.0117236946371,38.32324108145704,3466.925530439606,2024,3466.925530439606,3.725088928059941e-05
2902054,Araçás,29,Bahia,Nordeste,10,6,64,12088.1,53.34509207143386,29.568015959598213,226.01707684580612,2024,226.01707684580612,3.927606118547549e-06
2902104,Araci,29,Bahia,Nordeste,10,10,1099,52683.3,211.6332924111893,37.27171077152441,1025.1112523839795,2024,1025.1112523839795,6.74443613169337e-05
2902203,Aramari,29,Bahia,Nordeste,10,7,121,10869.1,112.23482268035313,13.810160258287045,579.0997630955515,2019,579.0997630955515,7.4256303178789604e-06
2902252,Arataca,29,Bahia,Nordeste,10,8,69,10859.9,61.6453956888465,14.029545041052454,359.0664272890485,2016,359.0664272890485,4.234450346559076e-06
2902302,Aratuípe,29,Bahia,Nordeste,10,8,21,8897.2,23.570453267785826,11.524720525527256,77.9423226812159,2024,77.9423226812159,1.2887457576484146e-06
2902401,Aurelino Leal,29,Bahia,Nordeste,10,8,209,11638.6,181.36079577833374,128.44524628652454,867.7359978963976,2024,867.7359978963976,1.282608873088184e-05
2902500,Baianópolis,29,Bahia,Nordeste,10,9,402,13967.0,286.3266727837651,66.10841780520053,1878.1006378454995,2024,1878.1006378454995,2.4670275932126794e-05
2902609,Baixa Grande,29,Bahia,Nordeste,10,7,267,19838.0,130.29236041639865,46.29139661338632,400.9976037948066,2020,400.9976037948066,1.6385481775815558e-05
2902658,Banzaê,29,Bahia,Nordeste,10,6,106,12895.3,84.57883087942784,15.125455246573178,333.0896092290194,2024,333.0896092290194,6.505097633844378e-06
2902708,Barra,29,Bahia,Nordeste,10,10,679,53377.6,126.75413919446817,43.380274046226745,786.5042594529966,2024,786.5042594529966,4.16694461639654e-05
2902807,Barra da Estiva,29,Bahia,Nordeste,10,9,504,23369.2,198.08452774984886,35.31296615622807,1479.2899408284022,2023,1479.2899408284022,3.092989818356195e-05
2902906,Barra do Choça,29,Bahia,Nordeste,10,10,8367,34434.3,2179.2438720668556,44.77498464202509,21202.671448247187,2024,21202.671448247187,0.0005134731311544898
2903003,Barra do Mendes,29,Bahia,Nordeste,10,9,1770,14024.9,1260.7375356670286,379.44492627927144,7005.925409550367,2024,7005.925409550367,0.00010862285671608065
2903102,Barra do Rocha,29,Bahia,Nordeste,10,9,633,5862.6,1108.254862748248,103.36732502952717,7412.687099073414,2020,7412.687099073414,3.8846479266259356e-05
2903201,Barreiras,29,Bahia,Nordeste,10,10,11523,159960.3,725.6165855563103,216.48812373379533,3910.8260957382345,2021,3910.8260957382345,0.0007071532078753658
2903235,Barro Alto,29,Bahia,Nordeste,10,9,509,14500.7,356.7570506592203,189.25015253254594,1624.6136151247215,2024,1624.6136151247215,3.123674241157348e-05
2903276,Barrocas,29,Bahia,Nordeste,10,9,851,15854.6,533.6500423580023,98.66473722291653,2806.5818068922695,2020,2806.5818068922695,5.222488760756194e-05
2903300,Barro Preto,29,Bahia,Nordeste,10,9,729,5828.0,1204.4108615473629,657.9270371072492,4758.913145908591,2016,4758.913145908591,4.4737888444080676e-05
2903409,Belmonte,29,Bahia,Nordeste,10,10,1509,22275.9,697.3393785514766,384.36628400266295,2012.8224243327866,2023,2012.8224243327866,9.260558801387893e-05
2903508,Belo Campo,29,Bahia,Nordeste,10,8,1197,18014.9,632.0833840897955,48.44054479535674,4721.142737107447,2024,4721.142737107447,7.345850818595964e-05
2903607,Biritinga,29,Bahia,Nordeste,10,7,1171,15870.9,742.226508014836,16.331956465151,3895.9374599513008,2024,3895.9374599513008,7.186291820029969e-05
2903706,Boa Nova,29,Bahia,Nordeste,10,9,596,13377.7,442.4030802616691,91.56984280433727,2220.3245089666952,2024,2220.3245089666952,3.657583197897405e-05
2903805,Boa Vista do Tupim,29,Bahia,Nordeste,10,8,338,18155.3,179.95576935566586,38.88801972023083,763.4761221561795,2016,763.4761221561795,2.0742669813579244e-05
2903904,Bom Jesus da Lapa,29,Bahia,Nordeste,10,10,3607,68694.8,524.3251929521974,96.10483171064071,3257.452258965999,2024,3257.452258965999,0.0002213574260875158
2903953,Bom Jesus da Serra,29,Bahia,Nordeste,10,8,1052,9991.1,1049.6363283047272,25.459678526698596,10121.659353809335,2024,10121.659353809335,6.456002557362534e-05
2904001,Boninal,29,Bahia,Nordeste,10,7,1221,14252.8,868.8903200456956,92.64131403068139,5870.674985819626,2024,5870.674985819626,7.493136048041496e-05
2904050,Bonito,29,Bahia,Nordeste,10,9,1700,16592.7,1035.6380145541657,114.53086927835591,9540.65759775514,2024,9540.65759775514,0.00010432703752391928
2904100,Boquira,29,Bahia,Nordeste,10,10,889,20917.8,428.90013839730375,173.07662609851548,1846.7693166488348,2020,1846.7693166488348,5.455690374044955e-05
2904209,Botuporã,29,Bahia,Nordeste,10,9,1540,10743.1,1370.972088026599,297.188163241449,10533.695556918763,2024,10533.695556918763,9.45080222275504e-05
2904308,Brejões,29,Bahia,Nordeste,10,8,611,13971.2,447.95729619366347,36.9054430042423,2599.4575045207957,2024,2599.4575045207957,3.749636466300863e-05
2904407,Brejolândia,29,Bahia,Nordeste,10,10,740,10090.0,763.06386883312,575.7845433294016,2186.200277274181,2024,2186.200277274181,4.541294574570604e-05
2904506,Brotas de Macaúbas,29,Bahia,Nordeste,10,10,420,11130.9,367.41562577634227,295.44942521550485,986.1122524447366,2024,986.1122524447366,2.5774915152968293e-05
2904605,Brumado,29,Bahia,Nordeste,10,10,3541,69767.9,500.492771263192,63.62034132437117,2236.3182400971727,2024,2236.3182400971727,0.00021730708227776362
2904704,Buerarema,29,Bahia,Nordeste,10,10,1440,17145.4,805.1740758110512,261.38660868451666,5054.751154704448,2016,5054.751154704448,8.837113766731986e-05
2904753,Buritirama,29,Bahia,Nordeste,10,9,744,20795.9,365.647965140027,65.42841491108726,2345.141500098951,2024,2345.141500098951,4.565842112811526e-05
2904803,Caatiba,29,Bahia,Nordeste,10,8,550,6916.8,852.560819538983,62.7382327545875,5269.922879177378,2024,5269.922879177378,3.3752865081268e-05
2904852,Cabaceiras do Paraguaçu,29,Bahia,Nordeste,10,6,682,18111.8,388.7480363402089,31.58435545671826,2371.0311638006924,2024,2371.0311638006924,4.185355270077232e-05
2904902,Cachoeira,29,Bahia,Nordeste,10,9,401,32425.7,123.98988871524571,32.239746848606416,422.25859247135844,2024,422.25859247135844,2.4608907086524487e-05
2905008,Caculé,29,Bahia,Nordeste,10,10,2309,23187.8,993.960053601328,219.79075810844319,7536.780521380022,2024,7536.780521380022,0.00014170066449572329
2905107,Caém,29,Bahia,Nordeste,10,9,336,9902.2,353.3080601982987,51.344713471983,2605.014653207424,2019,2605.014653207424,2.0619932122374634e-05
2905156,Caetanos,29,Bahia,Nordeste,10,8,541,13696.0,452.90159212472065,127.85949335504712,3191.304347826087,2024,3191.304347826087,3.320054547084725e-05
2905206,Caetité,29,Bahia,Nordeste,10,10,9811,52297.6,1805.0402052395996,119.27863956748733,16433.335776588727,2024,16433.335776588727,0.0006020897442042189
2905305,Cafarnaum,29,Bahia,Nordeste,10,10,1026,18284.2,564.1821975366064,106.03048062840075,3071.1236764787404,2024,3071.1236764787404,6.29644355879654e-05
2905404,Cairu,29,Bahia,Nordeste,10,7,134,18197.7,72.91298077445421,5.558791571573767,455.8528246594671,2020,455.8528246594671,8.22342531070893e-06
2905503,Caldeirão Grande,29,Bahia,Nordeste,10,8,1071,13410.9,798.5578928300755,36.72322288088533,4422.821760283061,2024,4422.821760283061,6.572603364006914e-05
2905602,Camacan,29,Bahia,Nordeste,10,9,1350,28495.1,450.5071097437946,243.58917578280705,2709.2040773371023,2016,2709.2040773371023,8.284794156311236e-05
2905701,Camaçari,29,Bahia,Nordeste,10,10,4966,303710.6,162.746855404011,154.26617117720463,457.657489001511,2019,457.657489001511,0.0003047576872610489
2905800,Camamu,29,Bahia,Nordeste,10,10,247,33898.4,73.75154671449198,24.108793109051504,308.4185680566483,2024,308.4185680566483,1.5158104863769448e-05
2905909,Campo Alegre de Lourdes,29,Bahia,Nordeste,10,10,359,30156.2,116.83266669644874,34.37847557473622,479.2801017247563,2022,479.2801017247563,2.2031415571227657e-05
2906006,Campo Formoso,29,Bahia,Nordeste,10,10,1952,72468.5,265.5669301466734,62.168075815735136,1106.8977488183298,2024,1106.8977488183298,0.00011979198661570025
2906105,Canápolis,29,Bahia,Nordeste,10,9,481,10082.7,476.79849748618074,331.5661240661977,1790.425932906144,2024,1790.425932906144,2.9518414734708925e-05
2906204,Canarana,29,Bahia,Nordeste,10,10,1478,25696.1,574.3103117051568,304.2166453328621,2112.622249388753,2019,2112.622249388753,9.070315380020746e-05
2906303,Canavieiras,29,Bahia,Nordeste,10,10,902,32426.1,275.19365647275635,195.30717181250154,774.1027445460943,2022,774.1027445460943,5.535469873327952e-05
2906402,Candeal,29,Bahia,Nordeste,10,9,198,8207.0,243.25803672964872,47.1818313713608,1150.3996124969726,2019,1150.3996124969726,1.215103142925648e-05
2906501,Candeias,29,Bahia,Nordeste,10,10,597,82271.0,72.75701799386438,45.124727594316184,262.98337487708386,2020,262.98337487708386,3.663720082457636e-05
2906600,Candiba,29,Bahia,Nordeste,10,8,722,13976.8,529.0289807486815,154.47195023291533,1606.2574202109085,2019,1606.2574202109085,4.430830652486454e-05
2906709,Cândido Sales,29,Bahia,Nordeste,10,10,4221,25735.7,1606.394062802638,1160.9220954396233,8471.566219535236,2024,8471.566219535236,0.00025903789728733134
2906808,Cansanção,29,Bahia,Nordeste,10,9,649,36588.4,175.90057431376658,61.03085065293699,612.1035867608365,2016,612.1035867608365,3.982838079589624e-05
2906824,Canudos,29,Bahia,Nordeste,10,6,663,16710.8,386.85061163509215,15.523129462899721,3315.5266519567995,2016,3315.5266519567995,4.068754463432852e-05
2906857,Capela do Alto Alegre,29,Bahia,Nordeste,10,8,421,11449.0,380.1132998347245,45.678543968102574,3012.211668928087,2024,3012.211668928087,2.5836283998570596e-05
2906873,Capim Grosso,29,Bahia,Nordeste,10,10,2144,32273.8,638.3419789124598,55.29897870105473,3891.790621096855,2024,3891.790621096855,0.0001315748049713429
2906899,Caraíbas,29,Bahia,Nordeste,10,6,551,9558.0,539.3736096860017,32.13406104162756,4678.362573099415,2024,4678.362573099415,3.3814233926870305e-05
2906907,Caravelas,29,Bahia,Nordeste,10,10,667,21737.1,305.1793536811386,96.60038745564671,967.0582001236421,2016,967.0582001236421,4.093302001673774e-05
2907004,Cardeal da Silva,29,Bahia,Nordeste,10,6,206,9062.6,221.48025416088734,75.6635961384501,1334.0505648197957,2019,1334.0505648197957,1.2641982194074924e-05
2907103,Carinhanha,29,Bahia,Nordeste,10,10,3828,29488.2,1276.1986354941305,504.4665260203773,8237.037037037036,2024,8237.037037037036,0.0002349199409656253
2907202,Casa Nova,29,Bahia,Nordeste,10,10,2094,73127.0,285.5729370708618,364.9181612449289,560.5750840862627,2024,560.5750840862627,0.00012850636269122763
2907301,Castro Alves,29,Bahia,Nordeste,10,9,331,25992.4,128.41818183834692,84.53636363745082,557.4967610223391,2024,557.4967610223391,2.0313087894363107e-05
2907400,Catolândia,29,Bahia,Nordeste,10,4,91,3570.9,253.66520862586881,0.0,1326.3332412268583,2021,1326.3332412268583,5.584564949809796e-06
2907509,Catu,29,Bahia,Nordeste,10,10,559,52837.4,107.32768833103955,53.73815115448422,396.78583534384785,2024,396.78583534384785,3.430518469168875e-05
2907558,Caturama,29,Bahia,Nordeste,10,10,631,9272.1,685.3810605776825,266.91061679954095,2940.2084476138234,2024,2940.2084476138234,3.872374157505474e-05
2907608,Central,29,Bahia,Nordeste,10,9,346,17138.7,206.08429411640427,39.75431819746677,880.8416931734769,2022,880.8416931734769,2.123362057839769e-05
2907707,Chorrochó,29,Bahia,Nordeste,10,8,836,11092.1,777.01313283509,80.68421619997125,3894.5079875224505,2022,3894.5079875224505,5.130435492352736e-05
2907806,Cícero Dantas,29,Bahia,Nordeste,10,8,572,32639.8,172.80445402192737,57.755919364002764,650.7995537374488,2024,650.7995537374488,3.510297968451872e-05
2907905,Cipó,29,Bahia,Nordeste,10,5,81,17473.4,46.441035815003,2.901915264074289,276.6251728907331,2020,276.6251728907331,4.970876493786742e-06
2908002,Coaraci,29,Bahia,Nordeste,10,10,1564,17541.9,888.7656300023986,541.951385740437,3634.716639302497,2024,3634.716639302497,9.598087452200573e-05
2908101,Cocos,29,Bahia,Nordeste,10,7,1834,19209.6,929.6268776862805,12.876633417657917,8154.614724731292,2024,8154.614724731292,0.0001125504628346282
2908200,Conceição da Feira,29,Bahia,Nordeste,10,8,774,22116.0,342.5647227891721,13.09934070489203,2469.027326245497,2020,2469.027326245497,4.749948649618442e-05
2908309,Conceição do Almeida,29,Bahia,Nordeste,10,7,435,16924.4,264.32527798399025,21.89345942308323,1439.693524468611,2024,1439.693524468611,2.6695447837002875e-05
2908408,Conceição do Coité,29,Bahia,Nordeste,10,10,1511,68195.5,220.48376485052003,59.970853103432404,986.3757778341516,2020,986.3757778341516,9.272832570508355e-05
2908507,Conceição do Jacuípe,29,Bahia,Nordeste,10,10,1942,34623.8,551.3927293333143,49.06973286518088,2429.8965489588068,2024,2429.8965489588068,0.0001191782981596772
2908606,Conde,29,Bahia,Nordeste,10,9,211,25271.0,83.95524764046475,16.562190771410762,343.7832528443971,2024,343.7832528443971,1.2948826422086452e-05
2908705,Condeúba,29,Bahia,Nordeste,10,9,2361,17452.1,1346.9913161883794,105.12452844202028,10904.330999943088,2024,10904.330999943088,0.0001448918444670432
2908804,Contendas do Sincorá,29,Bahia,Nordeste,10,9,189,4248.8,455.8153523469635,108.49399048156812,2941.903584672435,2020,2941.903584672435,1.1598711818835732e-05
2908903,Coração de Maria,29,Bahia,Nordeste,10,9,1368,24811.7,590.4618048971981,71.29276977405527,3844.2822384428227,2019,3844.2822384428227,8.395258078395386e-05
2909000,Cordeiros,29,Bahia,Nordeste,10,8,243,8288.5,313.26274782694753,34.68080878914445,1342.2818791946308,2025,1342.2818791946308,1.4912629481360226e-05
2909109,Coribe,29,Bahia,Nordeste,10,9,1029,14348.5,718.4518756232989,173.81473921209675,3394.6349557522126,2024,3394.6349557522126,6.314854212477232e-05
2909208,Coronel João Sá,29,Bahia,Nordeste,10,8,728,16603.0,433.2728178933153,140.0182491413005,1899.5929443690638,2016,1899.5929443690638,4.467651959847837e-05
2909307,Correntina,29,Bahia,Nordeste,10,10,4755,32864.7,1444.6140947564043,808.2397382477177,4906.521548319143,2024,4906.521548319143,0.00029180886083896246
2909406,Cotegipe,29,Bahia,Nordeste,10,9,455,13698.7,336.8951625108712,190.37110508661993,1818.5866983372923,2024,1818.5866983372923,2.792282474904898e-05
2909505,Cravolândia,29,Bahia,Nordeste,10,3,99,5038.0,202.68609107396327,0.0,1129.818342933097,2024,1129.818342933097,6.07551571462824e-06
2909604,Crisópolis,29,Bahia,Nordeste,10,6,264,20820.7,129.88875291714047,17.049060470451057,575.1364105589146,2024,575.1364105589146,1.620137523900864e-05
2909703,Cristópolis,29,Bahia,Nordeste,10,10,463,14151.6,327.2253749725876,168.72849530121456,1200.5751258087705,2019,1200.5751258087705,2.8413775513867425e-05
2909802,Cruz das Almas,29,Bahia,Nordeste,10,10,801,63033.3,127.48251875264184,41.80270649613489,339.980075586268,2019,339.980075586268,4.915644532744667e-05
2909901,Curaçá,29,Bahia,Nordeste,10,9,343,35039.2,97.20184187622144,20.326361709410932,438.5713466720174,2020,438.5713466720174,2.1049514041590772e-05
2910008,Dário Meira,29,Bahia,Nordeste,10,9,245,10985.6,227.88514798087527,115.81157416755981,705.5185077800329,2021,705.5185077800329,1.5035367172564836e-05
2910057,Dias d'Ávila,29,Bahia,Nordeste,10,10,411,78028.8,52.8686040327428,53.07003546671143,107.9237338947144,2024,107.9237338947144,2.522259554254754e-05
2910107,Dom Basílio,29,Bahia,Nordeste,10,9,231,12243.8,189.16405735306083,145.1307948610434,609.3102607847917,2024,609.3102607847917,1.4176203334132561e-05
2910206,Dom Macedo Costa,29,Bahia,Nordeste,10,6,115,4266.8,268.25130187817604,47.051370903888106,1002.6155187445511,2024,1002.6155187445511,7.057417244265127e-06
2910305,Elísio Medrado,29,Bahia,Nordeste,10,6,81,8115.6,100.12623164286467,12.07467978852798,644.6813786263328,2024,644.6813786263328,4.970876493786742e-06
2910404,Encruzilhada,29,Bahia,Nordeste,10,9,1094,18337.1,573.9849912698412,166.77192716195432,3399.027386741746,2024,3399.027386741746,6.713751708892217e-05
2910503,Entre Rios,29,Bahia,Nordeste,10,7,673,40973.2,162.31648849075412,15.82728877654378,816.1799904260412,2019,816.1799904260412,4.130123309035157e-05
2910602,Esplanada,29,Bahia,Nordeste,10,9,720,35794.6,198.69985517610007,25.531759693823787,773.4242822998631,2019,773.4242822998631,4.418556883365993e-05
2910701,Euclides da Cunha,29,Bahia,Nordeste,10,10,3155,61816.6,509.77339420663304,267.45569084883067,2385.078814888174,2019,2385.078814888174,0.00019361870787527373
2910727,Eunápolis,29,Bahia,Nordeste,10,10,6146,115402.1,533.3697656830266,409.3193460234437,2188.022161639258,2023,2188.022161639258,0.00037717292507176935
2910750,Fátima,29,Bahia,Nordeste,10,10,320,18078.2,177.1176001289612,57.56072370617739,532.3620061641917,2020,532.3620061641917,1.9638030592737745e-05
2910776,Feira da Mata,29,Bahia,Nordeste,10,8,307,5740.8,533.1984997250764,150.43248457018865,3021.459227467811,2024,3021.459227467811,1.8840235599907773e-05
2910800,Feira de Santana,29,Bahia,Nordeste,10,10,28512,626991.5,453.75869613314615,90.33085348822996,1911.4547417999192,2019,1911.4547417999192,0.001749748525812933
2910859,Filadélfia,29,Bahia,Nordeste,10,9,104,17281.0,60.48009400962413,41.90646477063195,269.1954726215968,2020,269.1954726215968,6.382359942639767e-06
2910909,Firmino Alves,29,Bahia,Nordeste,10,8,292,5386.2,535.5224082037723,147.44485895014014,1705.7201929703651,2016,1705.7201929703651,1.7919702915873195e-05
2911006,Floresta Azul,29,Bahia,Nordeste,10,9,1313,10995.3,1166.338652191275,101.5357772634507,4818.856394587517,2025,4818.856394587517,8.057729427582707e-05
2911105,Formosa do Rio Preto,29,Bahia,Nordeste,10,10,1352,26122.0,516.041645537761,38.57400809541449,3293.6310367278156,2021,3293.6310367278156,8.297067925431698e-05
2911204,Gandu,29,Bahia,Nordeste,10,9,410,32858.8,124.50485693376137,100.54559113321314,312.92183089949685,2020,312.92183089949685,2.5161226696945238e-05
2911253,Gavião,29,Bahia,Nordeste,10,8,118,4497.4,264.65954581571754,105.68615631906772,833.3333333333334,2020,833.3333333333334,7.241523781072044e-06
2911303,Gentio do Ouro,29,Bahia,Nordeste,10,9,726,11253.1,646.4020192258365,244.97647910529795,4101.926662523307,2024,4101.926662523307,4.455378190727376e-05
2911402,Glória,29,Bahia,Nordeste,10,9,284,15578.7,180.75121484218948,56.80895893535481,721.0626185958255,2016,721.0626185958255,1.742875215105475e-05
2911501,Gongogi,29,Bahia,Nordeste,10,9,200,6620.6,316.0777954137992,179.09247452483325,1023.8907849829351,2024,1023.8907849829351,1.2273769120461092e-05
2911600,Governador Mangabeira,29,Bahia,Nordeste,10,10,868,20977.0,417.79972885569305,136.54180258326392,2408.068719235595,2019,2408.068719235595,5.3268157982801136e-05
2911659,Guajeru,29,Bahia,Nordeste,10,5,338,7609.8,414.61309140113224,6.114711997064939,3914.8936170212764,2024,3914.8936170212764,2.0742669813579244e-05
2911709,Guanambi,29,Bahia,Nordeste,10,10,5009,87409.1,546.6965907626716,85.40487604905657,4227.153065062053,2024,4227.153065062053,0.00030739654762194804
2911808,Guaratinga,29,Bahia,Nordeste,10,9,234,20450.5,116.67773565929318,60.56586302238089,415.5977424320164,2024,415.5977424320164,1.4360309870939476e-05
2911857,Heliópolis,29,Bahia,Nordeste,10,6,58,13100.0,44.09273114462384,7.8032388290576655,192.5001925001925,2020,192.5001925001925,3.5593930449337165e-06
2911907,Iaçu,29,Bahia,Nordeste,10,10,466,24863.0,189.29611380162595,40.01372843192557,1102.7735168525353,2020,1102.7735168525353,2.8597882050674343e-05
2912004,Ibiassucê,29,Bahia,Nordeste,10,10,791,9940.9,781.9349180813315,92.31871616044924,4063.604240282685,2024,4063.604240282685,4.854275687142362e-05
2912103,Ibicaraí,29,Bahia,Nordeste,10,10,2725,22112.4,1164.9718943328633,325.2615278119597,8927.219183845184,2016,8927.219183845184,0.00016723010426628236
2912202,Ibicoara,29,Bahia,Nordeste,10,8,1567,20314.4,735.1990463855064,78.9557159347381,5712.309820193637,2024,5712.309820193637,9.616498105881265e-05
2912301,Ibicuí,29,Bahia,Nordeste,10,10,1013,15483.4,678.223351851934,222.76752039596872,2705.1586746819517,2024,2705.1586746819517,6.216664059513542e-05
2912400,Ibipeba,29,Bahia,Nordeste,10,9,570,17775.7,323.54439680037564,98.4072143791622,1739.8411957029427,2024,1739.8411957029427,3.498024199331411e-05
2912509,Ibipitanga,29,Bahia,Nordeste,10,9,877,14682.2,616.3632213553636,116.64031698072628,2954.7359597652976,2024,2954.7359597652976,5.3820477593221884e-05
2912608,Ibiquera,29,Bahia,Nordeste,10,5,99,3972.1,244.82557118717585,24.72799208704253,1952.5457241720217,2020,1952.5457241720217,6.07551571462824e-06
2912707,Ibirapitanga,29,Bahia,Nordeste,10,9,101,24648.5,41.25877987749779,16.265496712742582,183.7292770466587,2020,183.7292770466587,6.198253405832851e-06
2912806,Ibirapuã,29,Bahia,Nordeste,10,9,986,8864.4,1109.0315266036696,294.24423423556664,5930.863081789426,2017,5930.863081789426,6.050968176387318e-05
2912905,Ibirataia,29,Bahia,Nordeste,10,9,934,17156.0,553.8809879622124,263.79722498660084,2062.8947722080366,2020,2062.8947722080366,5.73185017925533e-05
2913002,Ibitiara,29,Bahia,Nordeste,10,7,1093,15849.6,722.2455990963329,65.02276612146741,5417.607223476298,2024,5417.607223476298,6.707614824331986e-05
2913101,Ibititá,29,Bahia,Nordeste,10,8,734,17326.0,427.90274530127783,96.49870008499661,1390.7555659440193,2019,1390.7555659440193,4.5044732672092204e-05
2913200,Ibotirama,29,Bahia,Nordeste,10,10,1899,27148.7,692.9013562339553,156.65978600253345,2609.3241778099027,2024,2609.3241778099027,0.00011653943779877806
2913309,Ichu,29,Bahia,Nordeste,10,10,498,6293.0,788.1658334089699,194.67988581430222,3756.8199532346066,2024,3756.8199532346066,3.056168510994812e-05
2913408,Igaporã,29,Bahia,Nordeste,10,10,431,15828.9,271.39972791946644,89.82598615393547,1202.7170187574002,2024,1202.7170187574002,2.644997245459365e-05
2913457,Igrapiúna,29,Bahia,Nordeste,10,6,143,13445.3,106.17376249400213,72.22864660957585,473.0928444707274,2024,473.0928444707274,8.77574492112968e-06
2913507,Iguaí,29,Bahia,Nordeste,10,8,531,25019.9,205.62941839167758,46.12445143382192,1324.0366428068094,2020,1324.0366428068094,3.2586857014824195e-05
2913606,Ilhéus,29,Bahia,Nordeste,10,10,14646,173475.9,809.7631928601154,427.4089060083476,2864.5979462431965,2016,2864.5979462431965,0.0008988081126913658
2913705,Inhambupe,29,Bahia,Nordeste,10,10,390,38020.6,99.87202971813855,20.114094994088198,399.17685270126196,2020,399.17685270126196,2.393384978489913e-05
2913804,Ipecaetá,29,Bahia,Nordeste,10,9,419,14428.8,293.90667840131283,52.424229388267605,1727.8156996587031,2024,1727.8156996587031,2.5713546307365986e-05
2913903,Ipiaú,29,Bahia,Nordeste,10,10,2471,44524.5,531.985168937045,105.0367586811056,2226.610091164979,2016,2226.610091164979,0.00015164241748329678
2914000,Ipirá,29,Bahia,Nordeste,10,10,501,59564.0,84.59597895212893,25.02691619189796,588.8903887688984,2024,588.8903887688984,3.074579164675503e-05
2914109,Ipupiara,29,Bahia,Nordeste,10,10,1071,10034.8,1058.8572966885065,1026.261008488913,3179.05111604986,2025,3179.05111604986,6.572603364006914e-05
2914208,Irajuba,29,Bahia,Nordeste,10,4,235,6878.4,327.5338927329439,0.0,2816.3209232037366,2020,2816.3209232037366,1.4421678716541782e-05
2914307,Iramaia,29,Bahia,Nordeste,10,7,245,9718.8,283.9003883122766,43.04739166433119,1537.1477369769427,2020,1537.1477369769427,1.5035367172564836e-05
2914406,Iraquara,29,Bahia,Nordeste,10,10,2955,24952.9,1196.85678900213,216.0777643892746,4154.2778173290335,2023,4154.2778173290335,0.00018134493875481263
2914505,Irará,29,Bahia,Nordeste,10,8,716,29117.3,245.61576561453495,22.011061386432097,1679.6352791965176,2020,1679.6352791965176,4.394009345125071e-05
2914604,Irecê,29,Bahia,Nordeste,10,10,6703,74754.5,881.9502093601186,371.7285366700144,3784.507491233663,2024,3784.507491233663,0.00041135537207225345
2914653,Itabela,29,Bahia,Nordeste,10,10,297,30079.2,99.09401174510742,83.58994742664038,320.0614517987454,2016,320.0614517987454,1.8226547143884722e-05
2914703,Itaberaba,29,Bahia,Nordeste,10,10,8499,65846.8,1287.9110967302918,847.5366351864761,4552.485845992018,2020,4552.485845992018,0.000521573818773994
2914802,Itabuna,29,Bahia,Nordeste,10,10,26113,206163.9,1231.1527901286863,244.62110248350677,8297.714010871834,2016,8297.714010871834,0.0016025246652130024
2914901,Itacaré,29,Bahia,Nordeste,10,10,1307,28455.8,460.27837123934535,209.356049667918,1809.8739870774282,2016,1809.8739870774282,8.020908120221322e-05
2915007,Itaeté,29,Bahia,Nordeste,10,7,409,15197.5,266.74402778507726,34.50088656641217,1725.6362507759154,2020,1725.6362507759154,2.509985785134293e-05
2915106,Itagi,29,Bahia,Nordeste,10,8,225,13193.7,162.49033116795346,26.19309640973665,1137.4338911830762,2023,1137.4338911830762,1.3807990260518727e-05
2915205,Itagibá,29,Bahia,Nordeste,10,9,1131,15152.8,734.3677942117603,269.06631296058146,2367.732465377497,2016,2367.732465377497,6.940816437620747e-05
2915304,Itagimirim,29,Bahia,Nordeste,10,8,381,6769.8,583.5838028017063,288.50014418398075,2646.9198046321094,2023,2646.9198046321094,2.3381530174478377e-05
2915353,Itaguaçu da Bahia,29,Bahia,Nordeste,10,9,248,13722.8,189.3637544789056,87.9737818626056,1040.7632263660018,2024,1040.7632263660018,1.5219473709371753e-05
2915403,Itaju do Colônia,29,Bahia,Nordeste,10,7,85,6541.4,124.63097437762956,60.19185879345453,658.9785831960461,2016,658.9785831960461,5.216351876195964e-06
2915502,Itajuípe,29,Bahia,Nordeste,10,10,1114,20112.6,561.7659854726191,271.9931515108218,2081.8912730951492,2022,2081.8912730951492,6.836489400096828e-05
2915601,Itamaraju,29,Bahia,Nordeste,10,10,1511,63582.0,240.94527210314178,106.2473894753472,1268.0254571819867,2024,1268.0254571819867,9.272832570508355e-05
2915700,Itamari,29,Bahia,Nordeste,10,9,208,7755.7,281.6044289632856,104.45608914786672,1565.3137553677795,2024,1565.3137553677795,1.2764719885279534e-05
2915809,Itambé,29,Bahia,Nordeste,10,9,730,23866.7,298.6148569260175,86.37873769352785,1573.203759757846,2024,1573.203759757846,4.479925728968298e-05
2915908,Itanagra,29,Bahia,Nordeste,10,8,35,6451.6,56.460564862817535,29.349935119646002,312.14062756694597,2024,312.14062756694597,2.1479095960806908e-06
2916005,Itanhém,29,Bahia,Nordeste,10,10,766,19059.3,399.0667973085948,120.86680123488651,2873.2656864775317,2020,2873.2656864775317,4.700853573136598e-05
2916104,Itaparica,29,Bahia,Nordeste,10,10,290,21502.9,135.50508430211426,100.0705153465484,331.28889286833504,2020,331.28889286833504,1.779696522466858e-05
2916203,Itapé,29,Bahia,Nordeste,10,10,612,9643.6,597.9525110783131,394.3470588503518,2045.4999002195168,2016,2045.4999002195168,3.755773350861094e-05
2916302,Itapebi,29,Bahia,Nordeste,10,10,794,9995.2,820.8567317437964,807.1337294871978,2081.970787006758,2022,2081.970787006758,4.872686340823053e-05
2916401,Itapetinga,29,Bahia,Nordeste,10,10,3271,72948.7,441.31597736168885,99.72681093533912,2173.48889842744,2016,2173.48889842744,0.00020073749396514116
2916500,Itapicuru,29,Bahia,Nordeste,10,9,189,34531.5,53.71392657460873,16.91313434816683,320.48602402251765,2020,320.48602402251765,1.1598711818835732e-05
2916609,Itapitanga,29,Bahia,Nordeste,10,8,219,10464.9,203.99999996690866,28.216732918597792,1564.9597184924532,2016,1564.9597184924532,1.3439777186904894e-05
2916708,Itaquara,29,Bahia,Nordeste,10,4,215,8369.6,256.7361146266099,0.0,1868.9349466874326,2020,1868.9349466874326,1.3194301804495674e-05
2916807,Itarantim,29,Bahia,Nordeste,10,7,235,18879.9,131.84168661201954,50.06173195768956,479.53416680938517,2024,479.53416680938517,1.4421678716541782e-05
2916856,Itatim,29,Bahia,Nordeste,10,8,79,15220.1,51.402403975799416,40.849208072160536,158.19519911960933,2020,158.19519911960933,4.848138802582131e-06
2916906,Itiruçu,29,Bahia,Nordeste,10,8,270,12121.4,226.3428253182004,127.82542167261563,782.2477650063856,2020,782.2477650063856,1.656958831262247e-05
2917003,Itiúba,29,Bahia,Nordeste,10,10,438,35820.0,121.94924492351826,45.85655802235868,543.1017761644822,2019,543.1017761644822,2.687955437380979e-05
2917102,Itororó,29,Bahia,Nordeste,10,10,1191,19101.8,596.688449917552,188.94061808604002,3526.6383781235268,2016,3526.6383781235268,7.30902951123458e-05
2917201,Ituaçu,29,Bahia,Nordeste,10,9,245,18787.4,132.97344313357664,40.918650972112715,524.7292620296975,2023,524.7292620296975,1.5035367172564836e-05
2917300,Ituberá,29,Bahia,Nordeste,10,10,542,26162.7,203.32203452590454,38.22690775503342,1157.2617299489546,2019,1157.2617299489546,3.326191431644956e-05
2917334,Iuiu,29,Bahia,Nordeste,10,9,1198,11210.9,1047.2354908847735,167.15768659305343,7925.771765522026,2024,7925.771765522026,7.351987703156193e-05
2917359,Jaborandi,29,Bahia,Nordeste,10,10,806,8927.0,922.0560337738492,292.3395165606662,3914.4617615077927,2020,3914.4617615077927,4.94632895554582e-05
2917409,Jacaraci,29,Bahia,Nordeste,10,8,2657,14895.8,1787.0336314529486,61.353156344551095,11891.819340983826,2024,11891.819340983826,0.0001630570227653256
2917508,Jacobina,29,Bahia,Nordeste,10,10,5377,82809.1,650.832121923416,855.6591304011994,1337.4778635029536,2021,1337.4778635029536,0.0003299802828035964
2917607,Jaguaquara,29,Bahia,Nordeste,10,10,2871,51724.6,551.7753362540734,29.196902389032317,3199.0196257750627,2020,3199.0196257750627,0.00017618995572421897
2917706,Jaguarari,29,Bahia,Nordeste,10,10,879,33779.3,260.10202824679243,102.91544583986806,988.2229477611941,2016,988.2229477611941,5.39432152844265e-05
2917805,Jaguaripe,29,Bahia,Nordeste,10,6,100,18537.1,54.6031919020529,8.281305684844536,426.2295081967213,2024,426.2295081967213,6.136884560230546e-06
2917904,Jandaíra,29,Bahia,Nordeste,10,10,186,10269.3,192.5523162693982,70.0392560283298,1227.7867528271406,2023,1227.7867528271406,1.1414605282028815e-05
2918001,Jequié,29,Bahia,Nordeste,10,10,4633,160381.8,292.6016188674927,104.44244260804953,1640.9822835402176,2020,1640.9822835402176,0.00028432186167548116
2918100,Jeremoabo,29,Bahia,Nordeste,10,10,580,39946.2,143.7331345344971,42.158078562798536,734.5301664773963,2016,734.5301664773963,3.559393044933716e-05
2918209,Jiquiriçá,29,Bahia,Nordeste,10,8,69,14375.0,48.64389185243148,28.896307506966323,255.93630029859233,2024,255.93630029859233,4.234450346559076e-06
2918308,Jitaúna,29,Bahia,Nordeste,10,7,80,12801.0,59.95456559554348,15.701576145841699,155.24805939925753,2024,155.24805939925753,4.909507648184436e-06
2918357,João Dourado,29,Bahia,Nordeste,10,9,474,25363.6,185.76421832010266,72.45640570809397,887.6313035388968,2024,887.6313035388968,2.9088832815492787e-05
2918407,Juazeiro,29,Bahia,Nordeste,10,10,5546,229786.7,236.83768909759243,92.90030932178095,772.8201978346366,2020,772.8201978346366,0.00034035161771038606
2918456,Jucuruçu,29,Bahia,Nordeste,10,6,386,9538.2,390.50243199454974,10.462902669380403,2976.6693483507643,2024,2976.6693483507643,2.3688374402489905e-05
2918506,Jussara,29,Bahia,Nordeste,10,9,616,15977.7,375.96582156058264,120.04349955001642,2158.5279547062987,2024,2158.5279547062987,3.780320889102016e-05
2918555,Jussari,29,Bahia,Nordeste,10,9,277,5969.1,454.9974091233524,119.60650468846667,1815.4811024921603,2024,1815.4811024921603,1.6999170231838613e-05
2918605,Jussiape,29,Bahia,Nordeste,10,4,358,6856.0,495.70493170352665,0.0,3625.5767963085036,2024,3625.5767963085036,2.1970046725625354e-05
2918704,Lafaiete Coutinho,29,Bahia,Nordeste,10,7,134,3940.7,347.74282419549127,26.162526162526163,2328.7300297860816,2020,2328.7300297860816,8.22342531070893e-06
2918753,Lagoa Real,29,Bahia,Nordeste,10,8,724,15211.5,493.29554651678154,158.46668709009458,2151.794307713461,2024,2151.794307713461,4.443104421606915e-05
2918803,Laje,29,Bahia,Nordeste,10,8,320,22965.5,140.09751378504401,35.24814399881869,608.1828234426833,2024,608.1828234426833,1.9638030592737745e-05
2918902,Lajedão,29,Bahia,Nordeste,10,8,282,3964.1,715.8160456366584,211.22514647093553,3587.5564475664823,2024,3587.5564475664823,1.730601445985014e-05
2919009,Lajedinho,29,Bahia,Nordeste,10,5,34,3741.8,92.41522718122823,13.386880856760376,387.8116343490305,2025,387.8116343490305,2.0865407504783856e-06
2919058,Lajedo do Tabocal,29,Bahia,Nordeste,10,8,107,8239.7,130.0348523868645,50.05864383921363,571.2801869644248,2024,571.2801869644248,6.5664664794466835e-06
2919108,Lamarão,29,Bahia,Nordeste,10,8,311,8775.0,364.1440941794702,38.848813035722934,1660.3589305335124,2020,1660.3589305335124,1.9085710982316997e-05
2919157,Lapão,29,Bahia,Nordeste,10,10,697,27088.4,261.81730396356414,103.71655572552336,815.9776188995959,2022,815.9776188995959,4.2774085384806905e-05
2919207,Lauro de Freitas,29,Bahia,Nordeste,10,10,1246,203630.2,60.665585667080734,37.380290339651346,200.65804033816784,2023,200.65804033816784,7.64655816204726e-05
2919306,Lençóis,29,Bahia,Nordeste,10,9,907,11290.1,818.9153019970585,183.13150013167882,3833.302394653796,2023,3833.302394653796,5.566154296129105e-05
2919405,Licínio de Almeida,29,Bahia,Nordeste,10,7,965,12353.8,790.7822716459433,125.68793506601301,5725.753604193971,2024,5725.753604193971,5.922093600622476e-05
2919504,Livramento de Nossa Senhora,29,Bahia,Nordeste,10,9,3686,45712.3,811.8336249688477,461.5582105055821,3284.395338277584,2024,3284.395338277584,0.0002262055648900979
2919553,Luís Eduardo Magalhães,29,Bahia,Nordeste,10,10,6935,97125.4,688.5051902289831,113.0872960186403,2044.8684054342782,2021,2044.8684054342782,0.0004255929442519883
2919603,Macajuba,29,Bahia,Nordeste,10,8,623,11152.5,588.1459510832934,95.75378111256,3931.509470059307,2022,3931.509470059307,3.82327908102363e-05
2919702,Macarani,29,Bahia,Nordeste,10,6,675,20193.8,330.6589969428113,244.78837533551297,787.9845576180655,2020,787.9845576180655,4.142397078155618e-05
2919801,Macaúbas,29,Bahia,Nordeste,10,10,2405,47266.2,523.8834370890983,227.33734988125838,2799.313893653516,2024,2799.313893653516,0.00014759207367354463
2919900,Macururé,29,Bahia,Nordeste,10,7,313,7718.1,411.40591682098955,19.67203504666049,3165.660630449363,2024,3165.660630449363,1.9208448673521608e-05
2919926,Madre de Deus,29,Bahia,Nordeste,10,10,298,20211.7,147.00876895091207,42.09815034997128,682.6909401223154,2019,682.6909401223154,1.8287915989487025e-05
2919959,Maetinga,29,Bahia,Nordeste,10,6,205,4951.6,287.24472399047784,14.341029685931451,2135.3300055463114,2024,2135.3300055463114,1.2580613348472619e-05
2920007,Maiquinique,29,Bahia,Nordeste,10,9,502,9656.7,544.5460871439807,137.47335680087275,2019.7536344467874,2024,2019.7536344467874,3.080716049235734e-05
2920106,Mairi,29,Bahia,Nordeste,10,10,737,18563.6,402.6116187321919,111.22808152511124,3006.4423765211163,2024,3006.4423765211163,4.522883920889912e-05
2920205,Malhada,29,Bahia,Nordeste,10,9,610,16487.2,374.2544312338106,69.57905850038458,1983.0743968675004,2024,1983.0743968675004,3.7434995817406326e-05
2920304,Malhada de Pedras,29,Bahia,Nordeste,10,9,480,8653.3,542.2594948798578,129.44388600158078,4012.4832813196613,2024,4012.4832813196613,2.9457045889106618e-05
2920403,Manoel Vitorino,29,Bahia,Nordeste,10,10,768,13758.5,556.7800488414838,99.93656896980161,2147.1689462825702,2020,2147.1689462825702,4.713127342257059e-05
2920452,Mansidão,29,Bahia,Nordeste,10,4,370,13943.2,264.066760795616,0.0,1837.650122992331,2021,1837.650122992331,2.270647287285302e-05
2920502,Maracás,29,Bahia,Nordeste,10,10,1124,24265.3,443.2826227662739,178.28411644763463,1298.0785697160668,2024,1298.0785697160668,6.897858245699133e-05
2920601,Maragogipe,29,Bahia,Nordeste,10,8,372,41727.7,87.6397685461042,34.32481799993289,544.7279708883084,2020,544.7279708883084,2.282921056405763e-05
2920700,Maraú,29,Bahia,Nordeste,10,7,1021,22541.2,417.18139024294123,97.0221120933567,2918.910481542184,2024,2918.910481542184,6.265759135995386e-05
2920809,Marcionílio Souza,29,Bahia,Nordeste,10,10,758,10096.5,726.8468609299612,53.244226612831355,4518.304431599229,2020,4518.304431599229,4.6517584966547534e-05
2920908,Mascote,29,Bahia,Nordeste,10,7,674,13956.4,462.6037186450026,106.32257798274247,3662.162162162162,2016,3662.162162162162,4.1362601935953875e-05
2921005,Mata de São João,29,Bahia,Nordeste,10,10,242,45568.9,53.21907418351255,42.287271531269084,150.26941158791834,2019,150.26941158791834,1.4851260635757921e-05
2921054,Matina,29,Bahia,Nordeste,10,8,709,11575.1,632.8391310277357,260.13638290273997,3339.9190892840347,2024,3339.9190892840347,4.351051153203457e-05
2921104,Medeiros Neto,29,Bahia,Nordeste,10,9,770,22803.9,341.28543268054034,118.28345651465514,1248.0850680364063,2023,1248.0850680364063,4.72540111137752e-05
2921203,Miguel Calmon,29,Bahia,Nordeste,10,10,1682,25886.9,663.1984630116356,64.83268189108074,6126.3182841568905,2024,6126.3182841568905,0.00010322239830307777
2921302,Milagres,29,Bahia,Nordeste,10,7,326,11190.8,290.01921292593755,30.893398200030965,1548.014693020815,2024,1548.014693020815,2.000624366635158e-05
2921401,Mirangaba,29,Bahia,Nordeste,10,9,1139,17474.7,690.8859882614634,302.28217375694476,2860.048303038007,2022,2860.048303038007,6.989911514102591e-05
2921450,Mirante,29,Bahia,Nordeste,10,9,282,9493.2,279.72489587666985,84.61206584014676,1168.8681934809465,2024,1168.8681934809465,1.730601445985014e-05
2921500,Monte Santo,29,Bahia,Nordeste,10,6,1877,49656.4,376.98603100720374,7.05031774251446,2592.0051398397814,2025,2592.0051398397814,0.00011518932319552735
2921609,Morpará,29,Bahia,Nordeste,10,8,307,8438.6,364.6475766141164,81.29064532266133,2342.0030599034953,2020,2342.0030599034953,1.8840235599907773e-05
2921708,Morro do Chapéu,29,Bahia,Nordeste,10,10,5338,35299.4,1524.2833685987325,448.0857516936305,9669.543493072904,2024,9669.543493072904,0.0003275868978251065
2921807,Mortugaba,29,Bahia,Nordeste,10,8,751,11847.2,644.8618230381381,35.113478911672324,4448.507007921999,2024,4448.507007921999,4.60880030473314e-05
2921906,Mucugê,29,Bahia,Nordeste,10,6,177,10560.9,145.27733048125364,24.831418522785857,1130.4347826086957,2024,1130.4347826086957,1.0862285671608065e-05
2922003,Mucuri,29,Bahia,Nordeste,10,10,2758,40768.1,678.1655611038348,602.5260440109666,2072.240969878765,2024,2072.240969878765,0.00016925527617115844
2922052,Mulungu do Morro,29,Bahia,Nordeste,10,8,260,12086.9,224.31120618068698,63.66181474857595,1046.928092570484,2019,1046.928092570484,1.595589985659942e-05
2922102,Mundo Novo,29,Bahia,Nordeste,10,7,177,23122.7,79.12965916636585,23.205434341882164,344.49101452603776,2024,344.49101452603776,1.0862285671608065e-05
2922201,Muniz Ferreira,29,Bahia,Nordeste,10,6,41,7433.2,55.47192822941112,59.732397594265436,152.990264255911,2023,152.990264255911,2.5161226696945237e-06
2922250,Muquém do São Francisco,29,Bahia,Nordeste,10,6,441,11122.4,394.27575284703715,40.80006504923196,2282.4287829950345,2021,2282.4287829950345,2.7063660910616706e-05
2922300,Muritiba,29,Bahia,Nordeste,10,10,858,29657.2,287.0135817034478,79.21078313075193,1738.2073906986002,2024,1738.2073906986002,5.265446952677808e-05
2922409,Mutuípe,29,Bahia,Nordeste,10,9,137,21619.0,64.79587326817025,14.972301242701004,354.1626237143412,2024,354.1626237143412,8.407531847515848e-06
2922508,Nazaré,29,Bahia,Nordeste,10,6,195,28417.7,69.06518773465545,26.335025393856746,218.28680069006793,2024,218.28680069006793,1.1966924892449564e-05
2922607,Nilo Peçanha,29,Bahia,Nordeste,10,7,167,13373.6,125.27780240460804,126.62979876617185,440.3721855245401,2020,440.3721855245401,1.024859721558501e-05
2922656,Nordestina,29,Bahia,Nordeste,10,9,310,15599.2,191.93796916101945,70.86390922905855,815.3846153846154,2024,815.3846153846154,1.902434213671469e-05
2922706,Nova Canaã,29,Bahia,Nordeste,10,9,893,15555.6,600.3798273276219,320.00503024432186,1973.6373352333453,2024,1973.6373352333453,5.480237912285877e-05
2922730,Nova Fátima,29,Bahia,Nordeste,10,9,761,7996.6,952.4395844789053,303.44824095639837,3109.8741529525655,2024,3109.8741529525655,4.6701691503354454e-05
2922755,Nova Ibiá,29,Bahia,Nordeste,10,6,170,6668.9,258.2410185561963,69.18000058432722,1632.5907842538907,2020,1632.5907842538907,1.0432703752391927e-05
2922805,Nova Itarana,29,Bahia,Nordeste,10,8,170,8149.7,206.8331528016826,61.47406014212217,1026.694045174538,2020,1026.694045174538,1.0432703752391927e-05
2922854,Nova Redenção,29,Bahia,Nordeste,10,7,437,8592.1,502.0112530261137,292.08954707409987,2422.448755891702,2020,2422.448755891702,2.6818185528207485e-05
2922904,Nova Soure,29,Bahia,Nordeste,10,6,138,25511.9,52.43232714329237,21.470545894775995,281.50233350618566,2020,281.50233350618566,8.468900693118153e-06
2923001,Nova Viçosa,29,Bahia,Nordeste,10,10,1846,42417.7,430.6742814360505,303.2567233279095,1468.5667155425222,2016,1468.5667155425222,0.00011328688898185587
2923035,Novo Horizonte,29,Bahia,Nordeste,10,10,1056,12017.1,917.3307853441784,92.03080174718752,5767.401642888025,2024,5767.401642888025,6.480550095603456e-05
2923050,Novo Triunfo,29,Bahia,Nordeste,10,6,51,13822.0,36.50606234076315,16.19066149817923,131.11888111888112,2016,131.11888111888112,3.129811125717578e-06
2923100,Olindina,29,Bahia,Nordeste,10,8,199,26049.9,73.54702153268528,8.77448683100211,396.7551099932693,2019,396.7551099932693,1.2212400274858786e-05
2923209,Oliveira dos Brejinhos,29,Bahia,Nordeste,10,10,1395,21695.1,653.92572776287,665.0144952833402,2138.5469466570116,2022,2138.5469466570116,8.560953961521612e-05
2923308,Ouriçangas,29,Bahia,Nordeste,10,7,193,8337.3,230.88765013832045,32.05842094676472,1598.5997666277713,2020,1598.5997666277713,1.1844187201244952e-05
2923357,Ourolândia,29,Bahia,Nordeste,10,10,1544,18456.1,834.657700422518,608.0508248017799,2077.759435304833,2021,2077.759435304833,9.475349760995962e-05
2923407,Palmas de Monte Alto,29,Bahia,Nordeste,10,10,1104,21362.8,528.8910004361595,214.8840219116143,3235.47903467621,2024,3235.47903467621,6.775120554494522e-05
2923506,Palmeiras,29,Bahia,Nordeste,10,10,798,9700.6,801.729059747727,258.74684082558844,3225.806451612903,2024,3225.806451612903,4.897233879063975e-05
2923605,Paramirim,29,Bahia,Nordeste,10,10,2199,21380.3,1036.4570216950267,430.589343462904,4112.523204340997,2024,4112.523204340997,0.0001349500914794697
2923704,Paratinga,29,Bahia,Nordeste,10,10,1532,31389.7,484.47013841207036,84.78444958393027,1692.5422357736225,2020,1692.5422357736225,9.401707146273196e-05
2923803,Paripiranga,29,Bahia,Nordeste,10,9,1232,28511.6,435.45392795705936,149.88849914957802,2339.7688939926793,2024,2339.7688939926793,7.560641778204032e-05
2923902,Pau Brasil,29,Bahia,Nordeste,10,10,845,9836.6,805.5911792860103,102.93931334726784,6036.721068249258,2016,6036.721068249258,5.185667453394811e-05
2924009,Paulo Afonso,29,Bahia,Nordeste,10,10,1349,117744.7,113.72192060546281,51.38655089926464,471.10814641874424,2016,471.10814641874424,8.278657271751006e-05
2924058,Pé de Serra,29,Bahia,Nordeste,10,9,352,13656.3,258.3707655687636,101.26853157742269,936.0146252285192,2024,936.0146252285192,2.160183365201152e-05
2924108,Pedrão,29,Bahia,Nordeste,10,4,105,6977.8,154.86991664145384,0.0,748.2462977396726,2024,748.2462977396726,6.443728788242073e-06
2924207,Pedro Alexandre,29,Bahia,Nordeste,10,8,119,16033.7,76.56289905813401,7.097893359356054,377.99244015119694,2019,377.99244015119694,7.302892626674349e-06
2924306,Piatã,29,Bahia,Nordeste,10,7,616,18683.2,298.5417735515373,5.863996301289534,2157.342154465698,2024,2157.342154465698,3.780320889102016e-05
2924405,Pilão Arcado,29,Bahia,Nordeste,10,10,531,35670.8,149.57067126093358,40.066166109135004,520.4061430551235,2022,520.4061430551235,3.2586857014824195e-05
2924504,Pindaí,29,Bahia,Nordeste,10,8,1404,15855.8,917.4035198560648,183.34235390225757,6919.318631982041,2024,6919.318631982041,8.616185922563687e-05
2924603,Pindobaçu,29,Bahia,Nordeste,10,10,112,20025.4,56.53969217246788,41.22627598288918,127.38853503184713,2024,127.38853503184713,6.873310707458211e-06
2924652,Pintadas,29,Bahia,Nordeste,10,9,315,10567.4,298.55956924318673,62.761110549436935,1379.7068123023857,2019,1379.7068123023857,1.9331186364726218e-05
2924678,Piraí do Norte,29,Bahia,Nordeste,10,6,146,10577.1,133.4248302661648,17.822490282635407,831.2188292939015,2024,831.2188292939015,8.959851457936597e-06
2924702,Piripá,29,Bahia,Nordeste,10,8,2269,10301.1,2407.387571400789,538.3528782238141,13603.457590491627,2024,13603.457590491627,0.00013924591067163107
2924801,Piritiba,29,Bahia,Nordeste,10,8,1024,22029.9,548.609126392696,13.625860765990105,4821.168292409463,2024,4821.168292409463,6.284169789676078e-05
2924900,Planaltino,29,Bahia,Nordeste,10,8,108,8902.7,128.47523910655346,53.47169924510407,581.5362248606737,2024,581.5362248606737,6.6278353250489894e-06
2925006,Planalto,29,Bahia,Nordeste,10,8,2305,25375.2,936.4454601139735,128.5677552069941,6739.890164752871,2024,6739.890164752871,0.00014145518911331409
2925105,Poções,29,Bahia,Nordeste,10,10,887,48315.7,177.1739877830993,60.74259094158535,1281.5449626791992,2024,1281.5449626791992,5.443416604924494e-05
2925204,Pojuca,29,Bahia,Nordeste,10,10,659,36810.1,172.58975974973117,107.3562359970127,730.5113579505654,2020,730.5113579505654,4.044206925191929e-05
2925253,Ponto Novo,29,Bahia,Nordeste,10,9,224,16450.5,128.69466804581248,8.724301706410163,760.5784681306909,2024,760.5784681306909,1.3746621414916422e-05
2925303,Porto Seguro,29,Bahia,Nordeste,10,10,3470,159555.5,203.02260103102304,76.79839836515282,657.9856027667438,2024,657.9856027667438,0.00021294989423999993
2925402,Potiraguá,29,Bahia,Nordeste,10,7,370,8727.9,363.2437024949741,52.39042443357333,1859.0617091687755,2022,1859.0617091687755,2.270647287285302e-05
2925501,Prado,29,Bahia,Nordeste,10,10,679,31611.3,200.99497189230146,120.68041441451881,891.490561477941,2024,891.490561477941,4.16694461639654e-05
2925600,Presidente Dutra,29,Bahia,Nordeste,10,9,930,15362.3,606.0378597844041,247.37300880293498,2737.467018469657,2020,2737.467018469657,5.707302641014407e-05
2925709,Presidente Jânio Quadros,29,Bahia,Nordeste,10,9,1591,12703.1,1227.9987217773876,56.09869239510853,11597.104574156785,2024,11597.104574156785,9.763783335326799e-05
2925758,Presidente Tancredo Neves,29,Bahia,Nordeste,10,10,261,28160.2,93.23224964276952,32.38850426906045,573.6137667304016,2019,573.6137667304016,1.6017268702201724e-05
2925808,Queimadas,29,Bahia,Nordeste,10,7,246,26158.9,91.51801234762736,33.42021860294998,371.8691895439134,2025,371.8691895439134,1.5096736018167141e-05
2925907,Quijingue,29,Bahia,Nordeste,10,10,676,27104.3,247.3070632567134,51.232819537972,1221.8999274836838,2019,1221.8999274836838,4.148533962715849e-05
2925931,Quixabeira,29,Bahia,Nordeste,10,8,1255,9325.8,1306.5146461056156,190.8697474643526,9342.8425878757,2024,9342.8425878757,7.701790123089335e-05
2925956,Rafael Jambeiro,29,Bahia,Nordeste,10,8,680,21714.5,323.80679152332743,44.756779675682246,1389.8540653231412,2024,1389.8540653231412,4.173081500956771e-05
2926004,Remanso,29,Bahia,Nordeste,10,10,1338,41662.8,326.15835097417875,138.013586840745,1724.7326664367024,2022,1724.7326664367024,8.21115154158847e-05
2926103,Retirolândia,29,Bahia,Nordeste,10,8,776,14275.4,546.2352023169973,62.896462603696165,2645.689290249753,2025,2645.689290249753,4.7622224187389036e-05
2926202,Riachão das Neves,29,Bahia,Nordeste,10,10,282,22388.5,125.9644491785893,49.88736813795608,344.9357165255566,2024,344.9357165255566,1.730601445985014e-05
2926301,Riachão do Jacuípe,29,Bahia,Nordeste,10,10,1401,34038.2,414.48838247856804,124.9163483599865,2210.1926067711447,2019,2210.1926067711447,8.597775268882994e-05
2926400,Riacho de Santana,29,Bahia,Nordeste,10,10,2561,34028.1,766.5583797752265,225.61146036218472,4167.834781796094,2024,4167.834781796094,0.00015716561358750428
2926509,Ribeira do Amparo,29,Bahia,Nordeste,10,6,141,14661.0,92.90467952995954,10.292358847020505,770.8387771100079,2016,770.8387771100079,8.65300722992507e-06
2926608,Ribeira do Pombal,29,Bahia,Nordeste,10,10,857,54417.2,156.98576192903815,51.00847167422085,774.7053154422122,2020,774.7053154422122,5.2593100681175774e-05
2926657,Ribeirão do Largo,29,Bahia,Nordeste,10,8,205,7717.5,252.36852123031136,37.14794885609434,1314.8719992031079,2024,1314.8719992031079,1.2580613348472619e-05
2926707,Rio de Contas,29,Bahia,Nordeste,10,9,1010,13276.9,744.8841833597462,107.98711236710632,6090.849049680781,2024,6090.849049680781,6.198253405832852e-05
2926806,Rio do Antônio,29,Bahia,Nordeste,10,9,258,14646.0,181.39325918706652,53.31491423972462,653.8063179699637,2020,653.8063179699637,1.5833162165394806e-05
2926905,Rio do Pires,29,Bahia,Nordeste,10,10,435,11345.0,386.4786628984985,208.9794808080516,1305.4346819738914,2024,1305.4346819738914,2.6695447837002875e-05
2927002,Rio Real,29,Bahia,Nordeste,10,10,676,39093.1,174.13645312987242,87.36079084566276,537.6608072277326,2019,537.6608072277326,4.148533962715849e-05
2927101,Rodelas,29,Bahia,Nordeste,10,9,823,9853.7,793.39697265848,69.20812552702132,5626.697710516104,2023,5626.697710516104,5.050655993069739e-05
2927200,Ruy Barbosa,29,Bahia,Nordeste,10,9,851,30304.0,284.35310204621265,112.87608409012063,1210.3559870550162,2021,1210.3559870550162,5.222488760756194e-05
2927309,Salinas da Margarida,29,Bahia,Nordeste,10,5,25,15556.7,16.11467879818175,6.304375236414072,83.50462487153135,2024,83.50462487153135,1.5342211400576365e-06
2927408,Salvador,29,Bahia,Nordeste,10,10,57085,2737725.9,213.95419155386088,126.50007530871312,530.1367675927067,2023,530.1367675927067,0.003503240551207607
2927507,Santa Bárbara,29,Bahia,Nordeste,10,10,763,21147.8,361.60699647760555,16.544486210486877,2106.6807753354815,2019,2106.6807753354815,4.682442919455906e-05
2927606,Santa Brígida,29,Bahia,Nordeste,10,9,566,14711.6,376.03976104194913,32.91730593397867,3286.7271883904314,2016,3286.7271883904314,3.473476661090489e-05
2927705,Santa Cruz Cabrália,29,Bahia,Nordeste,10,10,1266,28856.9,436.7856581851498,455.8781665983331,816.0549173437937,2017,816.0549173437937,7.769295853251871e-05
2927804,Santa Cruz da Vitória,29,Bahia,Nordeste,10,7,506,5735.5,1005.3611661179391,61.53028509473408,5533.005767998291,2022,5533.005767998291,3.105263587476656e-05
2927903,Santa Inês,29,Bahia,Nordeste,10,6,73,10665.9,68.16449012852169,19.26633320943604,357.54610462928116,2024,357.54610462928116,4.479925728968299e-06
2928000,Santaluz,29,Bahia,Nordeste,10,10,1567,38203.8,401.0518380154735,114.63842235837505,1573.0674815890986,2024,1573.0674815890986,9.616498105881265e-05
2928059,Santa Luzia,29,Bahia,Nordeste,10,8,404,13357.2,304.2899599188087,98.22042130635555,1332.5436778205508,2016,1332.5436778205508,2.4793013623331404e-05
2928109,Santa Maria da Vitória,29,Bahia,Nordeste,10,10,5370,40094.7,1348.9828026829207,912.3806126068814,4776.731657894086,2024,4776.731657894086,0.0003295507008843803
2928208,Santana,29,Bahia,Nordeste,10,8,952,26205.2,367.2008008990482,171.98051610965393,2088.557993730408,2024,2088.557993730408,5.8423141013394795e-05
2928307,Santanópolis,29,Bahia,Nordeste,10,8,289,8980.1,322.67761988746577,22.195252331828506,2146.930560214693,2019,2146.930560214693,1.7735596379066278e-05
2928406,Santa Rita de Cássia,29,Bahia,Nordeste,10,10,1895,28425.4,665.61533115713,186.17666989924976,2282.6614861583294,2024,2282.6614861583294,0.00011629396241636884
2928505,Santa Terezinha,29,Bahia,Nordeste,10,8,163,10564.6,154.42081940887698,52.11504238557529,860.0917431192661,2020,860.0917431192661,1.000312183317579e-05
2928604,Santo Amaro,29,Bahia,Nordeste,10,10,268,59253.4,45.46142606215017,20.78600050948261,193.11125538963526,2019,193.11125538963526,1.644685062141786e-05
2928703,Santo Antônio de Jesus,29,Bahia,Nordeste,10,10,8997,103868.0,843.1349284314443,220.06153012578224,4760.815250716136,2024,4760.815250716136,0.0005521355038839422
2928802,Santo Estêvão,29,Bahia,Nordeste,10,10,2845,53420.7,532.851747558154,137.73050730736858,3044.465468306528,2019,3044.465468306528,0.00017459436573855902
2928901,São Desidério,29,Bahia,Nordeste,10,10,1131,33821.5,327.9705018704324,100.67863803002832,1638.7315642699018,2024,1638.7315642699018,6.940816437620747e-05
2928950,São Domingos,29,Bahia,Nordeste,10,9,528,8927.7,593.9277873533339,158.79638439737835,2469.135802469136,2020,2469.135802469136,3.240275047801728e-05
2929008,São Félix,29,Bahia,Nordeste,10,7,276,13393.7,204.4945311420908,65.91045044574057,765.4789323939846,2020,765.4789323939846,1.6937801386236306e-05
2929057,São Félix do Coribe,29,Bahia,Nordeste,10,10,888,15518.3,569.788425861799,231.58449651058902,1988.56416772554,2024,1988.56416772554,5.4495534894847246e-05
2929107,São Felipe,29,Bahia,Nordeste,10,8,522,21061.2,249.6154026790635,23.164438315897108,2251.6492972559518,2024,2251.6492972559518,3.203453740440345e-05
2929206,São Francisco do Conde,29,Bahia,Nordeste,10,10,467,39956.7,116.90815914258724,54.677531744123925,364.3033013416411,2019,364.3033013416411,2.865925089627665e-05
2929255,São Gabriel,29,Bahia,Nordeste,10,9,791,19001.1,414.63359949999113,66.32497286524554,2878.7090057261844,2024,2878.7090057261844,4.854275687142362e-05
2929305,São Gonçalo dos Campos,29,Bahia,Nordeste,10,10,1302,38970.4,336.7325991727745,39.844230633235306,2015.9786950732357,2019,2015.9786950732357,7.99022369742017e-05
2929354,São José da Vitória,29,Bahia,Nordeste,10,10,509,5617.6,852.6144896005924,124.45598132436076,6725.867456010525,2016,6725.867456010525,3.123674241157348e-05
2929370,São José do Jacuípe,29,Bahia,Nordeste,10,7,483,10495.5,458.1578697677467,29.19126725192072,2841.9856006062905,2024,2841.9856006062905,2.9641152425913535e-05
2929404,São Miguel das Matas,29,Bahia,Nordeste,10,7,179,11281.7,165.94885735533455,29.711342781757118,1297.7242806093661,2024,1297.7242806093661,1.0985023362812677e-05
2929503,São Sebastião do Passé,29,Bahia,Nordeste,10,10,791,43673.1,181.36894761020824,27.112288521456783,925.507900677201,2019,925.507900677201,4.854275687142362e-05
2929602,Sapeaçu,29,Bahia,Nordeste,10,9,473,17900.3,258.4894560540655,83.26057683525886,1601.3756784351658,2024,1601.3756784351658,2.902746396989048e-05
2929701,Sátiro Dias,29,Bahia,Nordeste,10,7,253,17733.1,146.58956339381805,117.00495345917719,613.6745209286169,2019,613.6745209286169,1.552631793738328e-05
2929750,Saubara,29,Bahia,Nordeste,10,8,34,11955.7,28.477038330836347,8.390526686000253,143.55683161628102,2024,143.55683161628102,2.0865407504783856e-06
2929800,Saúde,29,Bahia,Nordeste,10,9,191,12077.0,163.81531819776075,21.78675878727138,961.2692487167523,2024,961.2692487167523,1.1721449510040342e-05
2929909,Seabra,29,Bahia,Nordeste,10,10,4909,45717.0,1056.6767402358823,384.49442279435164,4551.823614259221,2024,4551.823614259221,0.00030125966306171747
2930006,Sebastião Laranjeiras,29,Bahia,Nordeste,10,9,812,10710.5,770.3250636676029,407.2585789003699,2819.9791883454736,2024,2819.9791883454736,4.983150262907203e-05
2930105,Senhor do Bonfim,29,Bahia,Nordeste,10,10,1551,78393.9,195.62458327289286,35.929175637328385,654.7139403706689,2020,654.7139403706689,9.518307952917577e-05
2930154,Serra do Ramalho,29,Bahia,Nordeste,10,9,536,33258.8,162.6990247384757,119.05679568519284,548.4344110707225,2021,548.4344110707225,3.289370124283572e-05
2930204,Sento Sé,29,Bahia,Nordeste,10,9,1183,40380.9,299.4552613848707,61.35776938401254,1205.6402998375006,2022,1205.6402998375006,7.259934434752735e-05
2930303,Serra Dourada,29,Bahia,Nordeste,10,9,619,17537.8,353.6015738281883,131.42349742554546,1763.367463026166,2024,1763.367463026166,3.7987315427827074e-05
2930402,Serra Preta,29,Bahia,Nordeste,10,9,164,16481.0,108.25899971241267,24.390266934872056,714.3343084563576,2020,714.3343084563576,1.0064490678778095e-05
2930501,Serrinha,29,Bahia,Nordeste,10,10,7167,81994.8,861.7192580484165,47.69242240503092,5007.817311792297,2024,5007.817311792297,0.0004398305164317232
2930600,Serrolândia,29,Bahia,Nordeste,10,10,1974,13565.0,1446.3209582310715,284.96437945256844,7700.093991757646,2024,7700.093991757646,0.00012114210121895097
2930709,Simões Filho,29,Bahia,Nordeste,10,10,2469,128083.8,185.29732381071832,72.21693252444963,741.6245038038635,2020,741.6245038038635,0.00015151967979209216
2930758,Sítio do Mato,29,Bahia,Nordeste,10,10,865,13369.1,651.5986178912495,198.9252805806756,2468.1835711531044,2018,2468.1835711531044,5.308405144599422e-05
2930766,Sítio do Quinto,29,Bahia,Nordeste,10,10,110,11860.0,94.72048827903231,45.99540632367119,257.7053911967838,2020,257.7053911967838,6.7505730162536e-06
2930774,Sobradinho,29,Bahia,Nordeste,10,9,995,24487.3,407.51301076444804,70.18588077699822,2397.451900314208,2020,2397.451900314208,6.106200137429393e-05
2930808,Souto Soares,29,Bahia,Nordeste,10,9,1346,17248.0,777.7953018569331,343.7330388951028,2806.3822564218626,2024,2806.3822564218626,8.260246618070314e-05
2930907,Tabocas do Brejo Velho,29,Bahia,Nordeste,10,8,244,12486.0,198.88905087110535,23.483166529548058,1140.038809831824,2024,1140.038809831824,1.4973998326962531e-05
2931004,Tanhaçu,29,Bahia,Nordeste,10,9,554,20974.9,267.9239472148864,49.04713483671974,1328.88736331094,2020,1328.88736331094,3.3998340463677225e-05
2931053,Tanque Novo,29,Bahia,Nordeste,10,8,344,17519.1,196.4458771635122,22.65702016796186,658.413055711874,2024,658.413055711874,2.1110882887193075e-05
2931103,Tanquinho,29,Bahia,Nordeste,10,10,510,7954.5,641.9191574859964,179.64034859937917,2182.1392532795157,2020,2182.1392532795157,3.1298111257175785e-05
2931202,Taperoá,29,Bahia,Nordeste,10,9,357,20059.6,178.1717496396596,60.932032717030054,602.6383221030653,2019,602.6383221030653,2.1908677880023047e-05
2931301,Tapiramutá,29,Bahia,Nordeste,10,8,1386,16778.4,812.9553184482642,70.584379687973,3882.3601796591397,2024,3882.3601796591397,8.505722000479536e-05
2931350,Teixeira de Freitas,29,Bahia,Nordeste,10,10,11355,156466.5,742.4008112690451,461.02206738042645,3029.3741684710303,2024,3029.3741684710303,0.0006968432418141784
2931400,Teodoro Sampaio,29,Bahia,Nordeste,10,7,108,7429.4,148.55523494898446,41.537225081528874,475.60809892648456,2020,475.60809892648456,6.6278353250489894e-06
2931509,Teofilândia,29,Bahia,Nordeste,10,8,357,22284.3,159.9426379071445,17.74050009217739,563.0680558634449,2020,563.0680558634449,2.1908677880023047e-05
2931608,Teolândia,29,Bahia,Nordeste,10,9,288,15310.9,182.8638697245917,32.08962316528323,1369.4327533136502,2024,1369.4327533136502,1.767422753346397e-05
2931707,Terra Nova,29,Bahia,Nordeste,10,8,574,12271.1,446.67796187567455,32.4134098907205,3744.341287500959,2019,3744.341287500959,3.5225717375723335e-05
2931806,Tremedal,29,Bahia,Nordeste,10,8,1053,16663.2,622.2931588456765,73.8319537915099,4014.139356539453,2024,4014.139356539453,6.462139441922764e-05
2931905,Tucano,29,Bahia,Nordeste,10,9,810,50732.4,159.52972869903866,72.9208135507676,783.4954132052444,2020,783.4954132052444,4.970876493786742e-05
2932002,Uauá,29,Bahia,Nordeste,10,9,973,24867.6,388.2935537395176,340.6876764746313,1037.9079667545104,2022,1037.9079667545104,5.971188677104321e-05
2932101,Ubaíra,29,Bahia,Nordeste,10,9,751,19669.5,384.6351423923128,110.06120476752926,1534.2866089134748,2024,1534.2866089134748,4.60880030473314e-05
2932200,Ubaitaba,29,Bahia,Nordeste,10,10,191,18799.7,102.59446362058411,56.29324017517533,413.85896959728336,2020,413.85896959728336,1.1721449510040342e-05
2932309,Ubatã,29,Bahia,Nordeste,10,9,357,22752.2,146.90643306975238,12.426991425375917,805.9493717258307,2016,805.9493717258307,2.1908677880023047e-05
2932408,Uibaí,29,Bahia,Nordeste,10,10,877,13911.4,631.2124651137437,110.62430185240855,3757.8288100208765,2020,3757.8288100208765,5.3820477593221884e-05
2932457,Umburanas,29,Bahia,Nordeste,10,7,447,17105.3,285.2942379134982,77.88479452944455,1526.4976958525344,2024,1526.4976958525344,2.743187398423054e-05
2932507,Una,29,Bahia,Nordeste,10,10,520,19109.4,263.8271550432637,122.6618668179021,1096.47102183728,2016,1096.47102183728,3.191179971319884e-05
2932606,Urandi,29,Bahia,Nordeste,10,7,1246,16361.1,792.3162959478275,62.98992423234645,3777.2712471507652,2022,3777.2712471507652,7.64655816204726e-05
2932705,Uruçuca,29,Bahia,Nordeste,10,10,2346,21248.8,1082.797982073246,489.99558240705767,3461.3646633529142,2024,3461.3646633529142,0.0001439713117830086
2932804,Utinga,29,Bahia,Nordeste,10,9,185,18222.0,105.7635930241003,75.50447493474715,533.2214966149422,2024,533.2214966149422,1.135323643642651e-05
2932903,Valença,29,Bahia,Nordeste,10,10,2598,93571.9,281.22625524630587,39.65747033842187,1860.532278846581,2024,1860.532278846581,0.00015943626087478957
2933000,Valente,29,Bahia,Nordeste,10,10,1375,27066.5,486.09968240233485,78.17050632254534,3788.194444444445,2020,3788.194444444445,8.438216270317001e-05
2933059,Várzea da Roça,29,Bahia,Nordeste,10,7,693,14191.4,484.8045510508814,119.05623723747473,2955.389032845437,2024,2955.389032845437,4.252861000239768e-05
2933109,Várzea do Poço,29,Bahia,Nordeste,10,6,205,8849.0,245.09383411768135,16.062654512991678,2289.069990412272,2024,2289.069990412272,1.2580613348472619e-05
2933158,Várzea Nova,29,Bahia,Nordeste,10,9,998,13207.1,749.9032807316461,226.98041167464993,3192.0271538961506,2024,3192.0271538961506,6.124610791110085e-05
2933174,Varzedo,29,Bahia,Nordeste,10,6,283,9448.6,279.54377846849445,54.36426254702337,2321.2898212898212,2024,2321.2898212898212,1.7367383305452443e-05
2933208,Vera Cruz,29,Bahia,Nordeste,10,10,671,43585.9,153.00822493513402,186.3595110175283,349.62713814697616,2025,349.62713814697616,4.117849539914696e-05
2933257,Vereda,29,Bahia,Nordeste,10,9,282,6233.2,466.46093837381585,105.60257054022856,3298.3508245877065,2023,3298.3508245877065,1.730601445985014e-05
2933307,Vitória da Conquista,29,Bahia,Nordeste,10,10,47582,358931.8,1237.930136854181,220.0178494872991,9080.665137149006,2024,9080.665137149006,0.002920052411448898
2933406,Wagner,29,Bahia,Nordeste,10,9,326,9559.3,338.2041383964214,57.32046668822788,1297.384958443138,2025,1297.384958443138,2.000624366635158e-05
2933455,Wanderley,29,Bahia,Nordeste,10,10,841,12758.0,641.1861992516499,209.24176828457843,2709.13962488836,2024,2709.13962488836,5.1611199151538886e-05
2933505,Wenceslau Guimarães,29,Bahia,Nordeste,10,10,88,22889.2,36.5940626035273,23.159879825106962,153.3621706645694,2024,153.3621706645694,5.40045841300288e-06
2933604,Xique-Xique,29,Bahia,Nordeste,10,10,570,46615.9,121.94822052945442,41.215353055161174,591.7537623193342,2024,591.7537623193342,3.498024199331411e-05
3100104,Abadia dos Dourados,31,Minas Gerais,Sudeste,10,10,1089,6733.9,1713.248849013764,491.3745579590672,10778.061224489797,2023,10778.061224489797,6.683067286091065e-05
3100203,Abaeté,31,Minas Gerais,Sudeste,10,10,1200,23184.2,522.6862596112966,159.38874465033015,2412.348401323043,2023,2412.348401323043,7.364261472276654e-05
3100302,Abre Campo,31,Minas Gerais,Sudeste,10,9,1068,13777.6,759.8886886511916,156.1205809235405,3584.4046953605366,2024,3584.4046953605366,6.554192710326223e-05
3100401,Acaiaca,31,Minas Gerais,Sudeste,10,10,1416,3991.6,3555.401814587228,463.1195855109322,17237.92844633475,2024,17237.92844633475,8.689828537286452e-05
3100500,Açucena,31,Minas Gerais,Sudeste,10,10,1068,9355.3,1165.9976318099382,201.18479239514454,7904.391328515841,2024,7904.391328515841,6.554192710326223e-05
3100609,Água Boa,31,Minas Gerais,Sudeste,10,10,1781,13318.5,1390.9673820118144,248.0237569132424,10091.669988043044,2024,10091.669988043044,0.00010929791401770601
3100708,Água Comprida,31,Minas Gerais,Sudeste,10,9,715,2065.3,3333.659441712375,1333.0075853866213,16536.158452326115,2025,16536.158452326115,4.38787246056484e-05
3100807,Aguanil,31,Minas Gerais,Sudeste,10,10,969,4457.2,2159.3034701229344,136.94368613501047,19131.40311804009,2024,19131.40311804009,5.9466411388633984e-05
3100906,Águas Formosas,31,Minas Gerais,Sudeste,10,10,1924,19027.1,1020.4278808389978,453.01896592464146,3741.839605116501,2024,3741.839605116501,0.0001180736589388357
3101003,Águas Vermelhas,31,Minas Gerais,Sudeste,10,9,158,13848.7,112.45882102357473,53.83180883015682,517.7412674306227,2024,517.7412674306227,9.696277605164262e-06
3101102,Aimorés,31,Minas Gerais,Sudeste,10,10,1154,25494.6,450.73577426723807,288.08290355776603,1353.4370176896593,2023,1353.4370176896593,7.08196478250605e-05
3101201,Aiuruoca,31,Minas Gerais,Sudeste,10,3,151,6163.0,236.63928915367325,0.0,2319.022250078345,2024,2319.022250078345,9.266695685948123e-06
3101300,Alagoa,31,Minas Gerais,Sudeste,10,5,25,2732.1,89.28802584822462,18.188432157148053,639.2045454545455,2024,639.2045454545455,1.5342211400576365e-06
3101409,Albertina,31,Minas Gerais,Sudeste,10,6,74,3007.6,244.75116868767253,33.35263982974695,1223.949718822362,2024,1223.949718822362,4.541294574570604e-06
3101508,Além Paraíba,31,Minas Gerais,Sudeste,10,10,5060,33710.9,1554.4115134730087,180.64871167609,7366.035808891585,2024,7366.035808891585,0.0003105263587476656
3101607,Alfenas,31,Minas Gerais,Sudeste,10,10,18250,80206.6,2250.9779035455767,425.4780296315056,14297.742525930445,2024,14297.742525930445,0.0011199814322420745
3101631,Alfredo Vasconcelos,31,Minas Gerais,Sudeste,10,7,677,6953.7,943.3840890414116,28.96147125287785,9061.804008908686,2024,9061.804008908686,4.1546708472760796e-05
3101706,Almenara,31,Minas Gerais,Sudeste,10,10,1103,41604.8,265.9876045350932,259.3659150740085,739.9627631641763,2024,739.9627631641763,6.768983669934292e-05
3101805,Alpercata,31,Minas Gerais,Sudeste,10,8,438,7258.5,618.3456230848963,249.45184192168057,2831.1281832408595,2024,2831.1281832408595,2.687955437380979e-05
3101904,Alpinópolis,31,Minas Gerais,Sudeste,10,10,1790,19314.7,949.4017527215152,187.35563823964992,5237.7892030848325,2024,5237.7892030848325,0.00010985023362812676
3102001,Alterosa,31,Minas Gerais,Sudeste,10,10,1874,14336.3,1316.4839584382341,169.04858667317347,8713.954956851188,2024,8713.954956851188,0.00011500521665872042
3102050,Alto Caparaó,31,Minas Gerais,Sudeste,10,6,273,5860.3,457.9060288290917,17.111330953839957,4028.752925442996,2024,4028.752925442996,1.675369484942939e-05
3102100,Alto Rio Doce,31,Minas Gerais,Sudeste,10,6,669,11092.0,610.0049432276327,12.966239873824684,4311.442605057305,2024,4311.442605057305,4.105575770794235e-05
3102209,Alvarenga,31,Minas Gerais,Sudeste,10,10,1031,3989.6,2580.5657840416575,721.6505375907564,10037.735849056604,2023,10037.735849056604,6.327127981597692e-05
3102308,Alvinópolis,31,Minas Gerais,Sudeste,10,10,3077,15279.0,2012.6321013380716,603.3832952969302,8938.802083333334,2024,8938.802083333334,0.00018883193791829387
3102407,Alvorada de Minas,31,Minas Gerais,Sudeste,10,7,859,3876.3,1997.5533069198038,162.05979414588887,19018.97269782508,2024,19018.97269782508,5.271583837238039e-05
3102506,Amparo do Serra,31,Minas Gerais,Sudeste,10,7,261,4690.7,569.304207156432,164.72508012044153,2972.9134551860825,2023,2972.9134551860825,1.6017268702201724e-05
3102605,Andradas,31,Minas Gerais,Sudeste,10,9,7442,41192.6,1761.019899236669,76.41322918161613,15394.257603708433,2024,15394.257603708433,0.0004567069489723572
3102704,Cachoeira de Pajeú,31,Minas Gerais,Sudeste,10,8,866,9353.0,933.6748353738427,271.469264514867,5185.899496410586,2024,5185.899496410586,5.314542029159652e-05
3102803,Andrelândia,31,Minas Gerais,Sudeste,10,8,669,12206.1,549.5299217427405,20.6552804648874,5012.737283260744,2024,5012.737283260744,4.105575770794235e-05
3102852,Angelândia,31,Minas Gerais,Sudeste,10,8,843,8234.0,1068.5682085503418,161.26870198491167,8613.23155216285,2024,8613.23155216285,5.17339368427435e-05
3102902,Antônio Carlos,31,Minas Gerais,Sudeste,10,9,924,11388.4,813.895223269964,26.196307377479023,7315.998237108859,2024,7315.998237108859,5.6704813336530244e-05
3103009,Antônio Dias,31,Minas Gerais,Sudeste,10,10,524,9368.7,557.5377807748412,171.44966731058165,1927.993182786536,2024,1927.993182786536,3.215727509560806e-05
3103108,Antônio Prado de Minas,31,Minas Gerais,Sudeste,10,7,68,1589.1,433.0434823957004,188.16841783167837,1560.4681404421326,2023,1560.4681404421326,4.173081500956771e-06
3103207,Araçaí,31,Minas Gerais,Sudeste,10,9,342,2293.9,1495.1065998488737,129.1274726464792,6437.9500211774675,2016,6437.9500211774675,2.0988145195988465e-05
3103306,Aracitaba,31,Minas Gerais,Sudeste,10,6,296,2075.5,1412.8892944865897,48.43790399135837,13174.224343675416,2024,13174.224343675416,1.8165178298282415e-05
3103405,Araçuaí,31,Minas Gerais,Sudeste,10,10,6059,36054.7,1712.2625189913947,825.2698799431845,7304.964539007092,2024,7304.964539007092,0.0003718338355043688
3103504,Araguari,31,Minas Gerais,Sudeste,10,10,22884,118638.2,1892.205180482452,843.5118278025217,10659.700180672884,2024,10659.700180672884,0.0014043646627631581
3103603,Arantina,31,Minas Gerais,Sudeste,10,5,291,2873.4,974.107661784079,17.94043774668102,9261.116683383485,2024,9261.116683383485,1.7858334070270888e-05
3103702,Araponga,31,Minas Gerais,Sudeste,10,7,88,8338.3,106.89694373649695,18.381134463600485,827.4519347773181,2024,827.4519347773181,5.40045841300288e-06
3103751,Araporã,31,Minas Gerais,Sudeste,10,10,1469,7604.9,1773.2081722073265,1278.5372830476058,4577.504196978176,2024,4577.504196978176,9.015083418978671e-05
3103801,Arapuá,31,Minas Gerais,Sudeste,10,9,874,2770.4,3260.8561648131144,185.92066277147967,28122.6626776365,2024,28122.6626776365,5.363637105641497e-05
3103900,Araújos,31,Minas Gerais,Sudeste,10,10,2753,9280.8,2946.508566853106,897.244159454543,12840.100460443702,2024,12840.100460443702,0.00016894843194314692
3104007,Araxá,31,Minas Gerais,Sudeste,10,10,20714,109446.7,1829.581953343669,1098.844537114136,8110.335919508485,2024,8110.335919508485,0.0012711942678061553
3104106,Arceburgo,31,Minas Gerais,Sudeste,10,10,863,10139.5,897.7294065584053,465.72923077490105,3051.1060259344013,2023,3051.1060259344013,5.296131375478961e-05
3104205,Arcos,31,Minas Gerais,Sudeste,10,10,7521,41010.4,1817.3860743562484,516.4767343700295,8300.907911802853,2019,8300.907911802853,0.00046155508777493933
3104304,Areado,31,Minas Gerais,Sudeste,10,10,3150,14650.4,2211.343821670444,366.75448775010375,18005.91049817056,2024,18005.91049817056,0.00019331186364726218
3104403,Argirita,31,Minas Gerais,Sudeste,10,8,410,2741.2,1486.0690442197579,223.69995648389903,5431.192660550459,2024,5431.192660550459,2.5161226696945238e-05
3104452,Aricanduva,31,Minas Gerais,Sudeste,10,7,272,5042.2,565.8084969664906,40.451330898172195,3921.161825726141,2024,3921.161825726141,1.6692326003827085e-05
3104502,Arinos,31,Minas Gerais,Sudeste,10,10,1858,17767.8,1052.5835900609895,751.7858338455978,3761.791112626435,2024,3761.791112626435,0.00011402331512908354
3104601,Astolfo Dutra,31,Minas Gerais,Sudeste,10,9,1129,14251.4,792.6747766555907,247.2120723983856,3243.050605844619,2016,3243.050605844619,6.928542668500285e-05
3104700,Ataléia,31,Minas Gerais,Sudeste,10,9,298,13414.0,216.44275374704475,127.56719464250759,1038.1613803966493,2024,1038.1613803966493,1.8287915989487025e-05
3104809,Augusto de Lima,31,Minas Gerais,Sudeste,10,8,934,4773.7,1969.3598204039954,128.87122815420884,9666.884389288047,2024,9666.884389288047,5.73185017925533e-05
3104908,Baependi,31,Minas Gerais,Sudeste,10,8,2179,18953.9,1166.9155211112075,89.4301159341061,5738.491048593351,2024,5738.491048593351,0.0001337227145674236
3105004,Baldim,31,Minas Gerais,Sudeste,10,10,1402,7756.5,1821.163353820805,223.12952168006146,12371.946414499605,2024,12371.946414499605,8.603912153443225e-05
3105103,Bambuí,31,Minas Gerais,Sudeste,10,9,2173,23884.1,902.26680492303,95.60958689837614,7314.446653412857,2024,7314.446653412857,0.00013335450149380975
3105202,Bandeira,31,Minas Gerais,Sudeste,10,8,288,4822.3,601.3576812157822,137.10187724108837,3692.8241712127574,2020,3692.8241712127574,1.767422753346397e-05
3105301,Bandeira do Sul,31,Minas Gerais,Sudeste,10,8,191,5870.7,312.3609047271947,26.019345872197245,2652.131467621217,2024,2652.131467621217,1.1721449510040342e-05
3105400,Barão de Cocais,31,Minas Gerais,Sudeste,10,10,5670,32041.3,1777.9309894058429,418.05936990135046,11054.681414550552,2024,11054.681414550552,0.00034796135456507195
3105509,Barão do Monte Alto,31,Minas Gerais,Sudeste,10,9,487,5270.0,962.5781495119369,272.3332283715682,4552.780016116036,2023,4552.780016116036,2.9886627808322755e-05
3105608,Barbacena,31,Minas Gerais,Sudeste,10,10,15513,133344.7,1190.4306993588414,29.912884104244746,9855.743269304945,2024,9855.743269304945,0.0009520149018285646
3105707,Barra Longa,31,Minas Gerais,Sudeste,10,8,861,5442.4,1511.8305228205345,49.172436496115736,6371.337804447583,2023,6371.337804447583,5.2838576063584995e-05
3105905,Barroso,31,Minas Gerais,Sudeste,10,10,5358,20641.0,2598.98964421443,186.76367701025856,16493.241272002335,2024,16493.241272002335,0.00032881427473715265
3106002,Bela Vista de Minas,31,Minas Gerais,Sudeste,10,8,1967,10302.2,1896.269255627878,139.3704562594857,12744.90971955436,2024,12744.90971955436,0.00012071251929973482
3106101,Belmiro Braga,31,Minas Gerais,Sudeste,10,7,337,3379.3,1016.5940557721763,46.239210850801484,8881.479236132162,2024,8881.479236132162,2.0681300967976938e-05
3106200,Belo Horizonte,31,Minas Gerais,Sudeste,10,10,513450,2456648.7,2083.0440350964186,137.82191715030928,8967.32619057177,2024,8967.32619057177,0.03150983377450373
3106309,Belo Oriente,31,Minas Gerais,Sudeste,10,10,3911,25632.5,1559.3547722802227,793.2054590738508,9655.960494633311,2024,9655.960494633311,0.00024001355515061663
3106408,Belo Vale,31,Minas Gerais,Sudeste,10,9,1266,8174.9,1469.6607980411522,266.7318858522928,9970.93673150011,2024,9970.93673150011,7.769295853251871e-05
3106507,Berilo,31,Minas Gerais,Sudeste,10,10,1191,11142.5,1174.1774687464213,329.53618426388357,8230.115672023749,2024,8230.115672023749,7.30902951123458e-05
3106606,Bertópolis,31,Minas Gerais,Sudeste,10,6,170,4576.5,372.6442484830422,55.93240291731158,2771.6673999120108,2024,2771.6673999120108,1.0432703752391927e-05
3106655,Berizal,31,Minas Gerais,Sudeste,10,6,70,4535.6,162.68946647842344,32.89269217616612,1145.6628477905074,2024,1145.6628477905074,4.2958191921613816e-06
3106705,Betim,31,Minas Gerais,Sudeste,10,10,138177,430058.4,3206.628277388343,160.8843271077216,12563.717861502762,2024,12563.717861502762,0.008479762978789761
3106804,Bias Fortes,31,Minas Gerais,Sudeste,10,3,156,3415.8,460.24613807582534,0.0,4545.454545454546,2024,4545.454545454546,9.57353991395965e-06
3106903,Bicas,31,Minas Gerais,Sudeste,10,9,2087,14376.2,1457.1651649217558,240.49393201036608,6098.667224897076,2024,6098.667224897076,0.0001280767807720115
3107000,Biquinhas,31,Minas Gerais,Sudeste,10,8,591,2484.8,2451.465750245462,182.43021417092098,13512.37935375577,2023,13512.37935375577,3.6268987750962524e-05
3107109,Boa Esperança,31,Minas Gerais,Sudeste,10,10,10619,40409.8,2585.6906878035943,235.4381331673053,20519.210297106358,2024,20519.210297106358,0.0006516757714508816
3107208,Bocaina de Minas,31,Minas Gerais,Sudeste,10,6,27,5245.7,50.11649328151382,19.477622641309026,272.33115468409585,2024,272.33115468409585,1.6569588312622474e-06
3107307,Bocaiúva,31,Minas Gerais,Sudeste,10,10,11233,49628.6,2284.0509040212337,845.2063163878771,8036.309127248501,2023,8036.309127248501,0.0006893562426506972
3107406,Bom Despacho,31,Minas Gerais,Sudeste,10,10,9528,51477.3,1803.6868796141007,725.348592365787,10556.533012315955,2024,10556.533012315955,0.0005847223608987664
3107505,Bom Jardim de Minas,31,Minas Gerais,Sudeste,10,7,621,6668.0,893.4291410712667,36.856848002358845,8051.090700344432,2024,8051.090700344432,3.811005311903169e-05
3107604,Bom Jesus da Penha,31,Minas Gerais,Sudeste,10,9,328,4356.8,719.9528316125501,165.39132817506092,3769.926755708746,2024,3769.926755708746,2.012898135755619e-05
3107703,Bom Jesus do Amparo,31,Minas Gerais,Sudeste,10,10,850,5924.2,1444.1786174870817,509.29736091925577,7809.523809523809,2024,7809.523809523809,5.216351876195964e-05
3107802,Bom Jesus do Galho,31,Minas Gerais,Sudeste,10,10,900,14910.5,607.6200326853993,344.0157444076013,3198.6988343724584,2024,3198.6988343724584,5.523196104207491e-05
3107901,Bom Repouso,31,Minas Gerais,Sudeste,10,4,51,11550.8,39.02358493106111,0.0,348.93423348251537,2024,348.93423348251537,3.129811125717578e-06
3108008,Bom Sucesso,31,Minas Gerais,Sudeste,10,9,3278,17553.7,1874.4931268230525,111.06386268623615,16076.527698458023,2024,16076.527698458023,0.0002011670758843573
3108107,Bonfim,31,Minas Gerais,Sudeste,10,10,862,7174.4,1150.536871196126,251.52518608015993,7286.23566214807,2024,7286.23566214807,5.28999449091873e-05
3108206,Bonfinópolis de Minas,31,Minas Gerais,Sudeste,10,8,916,5571.0,1646.0670436585053,400.99505470221555,6928.364688856729,2023,6928.364688856729,5.6213862571711796e-05
3108255,Bonito de Minas,31,Minas Gerais,Sudeste,10,10,1119,10836.1,1063.7554478037587,436.45624268375775,3698.408159374702,2024,3698.408159374702,6.867173822897981e-05
3108305,Borda da Mata,31,Minas Gerais,Sudeste,10,10,997,18642.1,559.3546332984142,28.541634016570683,5053.057099545224,2024,5053.057099545224,6.118473906549854e-05
3108404,Botelhos,31,Minas Gerais,Sudeste,10,10,1722,15042.1,1137.6894102292165,13.36815940947065,11032.56920129484,2024,11032.56920129484,0.00010567715212716999
3108503,Botumirim,31,Minas Gerais,Sudeste,10,9,1020,6154.0,1740.3139574133597,88.8988617355473,13833.247731552818,2024,13833.247731552818,6.259622251435157e-05
3108552,Brasilândia de Minas,31,Minas Gerais,Sudeste,10,10,1171,15954.0,762.6073793914161,85.4151315481913,4966.711051930759,2023,4966.711051930759,7.186291820029969e-05
3108602,Brasília de Minas,31,Minas Gerais,Sudeste,10,10,6073,32538.2,1848.2195346135181,721.7484313828224,10027.720862962517,2024,10027.720862962517,0.00037269299934280105
3108701,Brás Pires,31,Minas Gerais,Sudeste,10,9,252,4351.2,583.3048994769061,93.13426950720088,4844.691701437181,2024,4844.691701437181,1.5464949091780976e-05
3108800,Braúnas,31,Minas Gerais,Sudeste,10,10,146,4697.1,318.3889284465803,162.89023026464537,968.2503940553928,2023,968.2503940553928,8.959851457936597e-06
3108909,Brazópolis,31,Minas Gerais,Sudeste,10,8,1423,14503.0,981.4182657951726,27.264950805869145,6673.100785881704,2024,6673.100785881704,8.732786729208067e-05
3109006,Brumadinho,31,Minas Gerais,Sudeste,10,10,13539,39843.0,3362.456934462027,644.6058887353536,22674.546925963165,2024,22674.546925963165,0.0008308728006096135
3109105,Bueno Brandão,31,Minas Gerais,Sudeste,10,6,586,11059.6,525.2305336199222,13.451347024286777,4820.356598871069,2024,4820.356598871069,3.5962143522950996e-05
3109204,Buenópolis,31,Minas Gerais,Sudeste,10,10,905,9932.3,947.5536996593697,173.57875039376637,5807.779824466356,2024,5807.779824466356,5.5538805270086435e-05
3109253,Bugre,31,Minas Gerais,Sudeste,10,10,592,4069.9,1440.3349240810116,304.29370252213346,7592.190889370932,2024,7592.190889370932,3.633035659656483e-05
3109303,Buritis,31,Minas Gerais,Sudeste,10,10,4248,24644.1,1726.1081773000165,438.1190220165598,9290.082209533066,2024,9290.082209533066,0.00026069485611859356
3109402,Buritizeiro,31,Minas Gerais,Sudeste,10,10,2942,26473.1,1183.7093144055139,246.80160299921897,3952.3212045169385,2023,3952.3212045169385,0.00018054714376198266
3109451,Cabeceira Grande,31,Minas Gerais,Sudeste,10,10,1056,6857.4,1551.7433965243113,1429.2868999850969,4016.4778578784762,2024,4016.4778578784762,6.480550095603456e-05
3109501,Cabo Verde,31,Minas Gerais,Sudeste,10,8,281,13042.8,245.02943245952605,28.41918294849023,2044.5770445770447,2024,2044.5770445770447,1.7244645614247833e-05
3109600,Cachoeira da Prata,31,Minas Gerais,Sudeste,10,9,564,3676.8,1505.1850688524923,361.366919936533,8833.641893678921,2024,8833.641893678921,3.461202891970028e-05
3109709,Cachoeira de Minas,31,Minas Gerais,Sudeste,10,9,2043,11781.8,1668.3908468034424,17.250330754708443,15782.168517308948,2024,15782.168517308948,0.00012537655156551005
3109808,Cachoeira Dourada,31,Minas Gerais,Sudeste,10,10,365,2547.5,1496.5660536422133,1044.9895028786584,3537.9369138959933,2024,3537.9369138959933,2.239962864484149e-05
3109907,Caetanópolis,31,Minas Gerais,Sudeste,10,10,2147,11603.1,1853.2705248110803,525.941826482255,7800.612155662439,2023,7800.612155662439,0.00013175891150814982
3110004,Caeté,31,Minas Gerais,Sudeste,10,10,9002,42512.6,2196.702078197707,607.9097469495405,14567.126725219572,2024,14567.126725219572,0.0005524423481119538
3110103,Caiana,31,Minas Gerais,Sudeste,10,6,280,5446.4,515.7480944097581,18.28870194365956,3679.2970895112576,2024,3679.2970895112576,1.7183276768645526e-05
3110202,Cajuri,31,Minas Gerais,Sudeste,10,6,683,4069.9,1634.0457082118833,36.57366562689954,15145.723841376015,2024,15145.723841376015,4.191492154637462e-05
3110301,Caldas,31,Minas Gerais,Sudeste,10,7,369,14468.1,252.9633056161884,6.921166578590269,2378.6673978612557,2024,2378.6673978612557,2.2645104027250712e-05
3110400,Camacho,31,Minas Gerais,Sudeste,10,6,302,2908.7,1053.475014355508,49.63984305588414,9766.306243460063,2024,9766.306243460063,1.8533391371896246e-05
3110509,Camanducaia,31,Minas Gerais,Sudeste,10,8,149,23880.9,54.68422897800765,4.562325465267019,464.5929367355087,2024,464.5929367355087,9.143957994743513e-06
3110608,Cambuí,31,Minas Gerais,Sudeste,10,8,489,29780.8,158.94843696797582,17.176647994280845,1298.9957887917071,2024,1298.9957887917071,3.000936549952737e-05
3110707,Cambuquira,31,Minas Gerais,Sudeste,10,9,823,12708.2,655.5096025714831,27.293276745262503,6019.108280254777,2024,6019.108280254777,5.050655993069739e-05
3110806,Campanário,31,Minas Gerais,Sudeste,10,10,924,3405.0,2649.259796765325,785.543451867667,14552.736982643524,2016,14552.736982643524,5.6704813336530244e-05
3110905,Campanha,31,Minas Gerais,Sudeste,10,10,3245,16458.2,1989.9711945210809,93.00318627796123,17148.27966205461,2024,17148.27966205461,0.0001991419039794812
3111002,Campestre,31,Minas Gerais,Sudeste,10,8,348,21076.4,164.71297369033488,23.50694662474058,1234.4511185735232,2024,1234.4511185735232,2.13563582696023e-05
3111101,Campina Verde,31,Minas Gerais,Sudeste,10,10,2107,19158.5,1132.6099441908768,908.0240079582535,3331.297540391983,2023,3331.297540391983,0.0001293041576840576
3111150,Campo Azul,31,Minas Gerais,Sudeste,10,8,432,3803.3,1132.556832451779,731.4159462374557,3787.480273540242,2024,3787.480273540242,2.6511341300195958e-05
3111200,Campo Belo,31,Minas Gerais,Sudeste,10,10,10545,53767.3,1953.5945357582107,139.41600166965975,14090.799547670691,2024,14090.799547670691,0.0006471344768763111
3111309,Campo do Meio,31,Minas Gerais,Sudeste,10,9,1188,11636.0,1019.9893576013361,59.39054219692319,7501.720578114246,2024,7501.720578114246,7.290618857553889e-05
3111408,Campo Florido,31,Minas Gerais,Sudeste,10,10,1044,8320.2,1224.9224567551416,680.237946001334,3366.4068036853296,2022,3366.4068036853296,6.40690748088069e-05
3111507,Campos Altos,31,Minas Gerais,Sudeste,10,10,2065,14488.7,1549.5314411572824,372.48672469503515,9257.00365408039,2024,9257.00365408039,0.00012672666616876077
3111606,Campos Gerais,31,Minas Gerais,Sudeste,10,8,1709,27902.2,630.1595470189725,41.63580352360651,3625.6481032489087,2024,3625.6481032489087,0.00010487935713434003
3111705,Canaã,31,Minas Gerais,Sudeste,10,7,191,4672.9,396.3569573764082,21.877117984766613,3476.8211920529798,2024,3476.8211920529798,1.1721449510040342e-05
3111804,Canápolis,31,Minas Gerais,Sudeste,10,9,2153,11549.3,1947.9287138812228,923.7546369899312,8154.346815434682,2024,8154.346815434682,0.00013212712458176364
3111903,Cana Verde,31,Minas Gerais,Sudeste,10,10,1856,5510.7,3465.384694297098,242.10352843168508,30283.793876026888,2024,30283.793876026888,0.00011390057743787893
3112000,Candeias,31,Minas Gerais,Sudeste,10,10,3156,14627.1,2205.1820520146402,177.81986289257034,19176.735037932,2024,19176.735037932,0.00019368007672087602
3112059,Cantagalo,31,Minas Gerais,Sudeste,10,9,317,4317.3,752.5049041495779,312.1399796118303,4134.686803664274,2024,4134.686803664274,1.9453924055930828e-05
3112109,Caparaó,31,Minas Gerais,Sudeste,10,5,377,5311.6,734.0253409381339,18.3452577508714,6356.920684292379,2024,6356.920684292379,2.3136054792069157e-05
3112208,Capela Nova,31,Minas Gerais,Sudeste,10,5,442,4573.3,983.4954555099466,11.462631820265933,7812.5,2024,7812.5,2.7125029756219013e-05
3112307,Capelinha,31,Minas Gerais,Sudeste,10,10,6028,39013.7,1471.596791963563,96.94236548954832,11327.52311248074,2024,11327.52311248074,0.0003699314012906973
3112406,Capetinga,31,Minas Gerais,Sudeste,10,9,1754,6834.5,2637.469498358071,285.70910702159995,18370.414912808177,2024,18370.414912808177,0.00010764095518644377
3112505,Capim Branco,31,Minas Gerais,Sudeste,10,10,2618,10208.3,2533.1573483884076,1096.4469582806244,9446.19540747411,2024,9446.19540747411,0.00016066363778683568
3112604,Capinópolis,31,Minas Gerais,Sudeste,10,10,3425,15632.4,2271.4140968333004,1000.2590464029815,6367.670790747713,2025,6367.670790747713,0.0002101882961878962
3112653,Capitão Andrade,31,Minas Gerais,Sudeste,10,9,344,5118.2,711.5407261863935,244.52669225124043,2988.0043620501633,2023,2988.0043620501633,2.1110882887193075e-05
3112703,Capitão Enéas,31,Minas Gerais,Sudeste,10,10,1678,14850.2,1125.7808453751209,248.0861922313581,5713.531701524048,2016,5713.531701524048,0.00010297692292066856
3112802,Capitólio,31,Minas Gerais,Sudeste,10,9,2609,9453.3,2570.6482425883496,951.3499851322829,12495.183044315992,2023,12495.183044315992,0.00016011131817641493
3112901,Caputira,31,Minas Gerais,Sudeste,10,7,911,9218.2,999.4572582546061,155.93018372795606,5948.729184925504,2024,5948.729184925504,5.590701834370027e-05
3113008,Caraí,31,Minas Gerais,Sudeste,10,10,1083,22064.4,536.6828111615204,105.08992578054219,4014.4499847359316,2024,4014.4499847359316,6.64624597872968e-05
3113107,Caranaíba,31,Minas Gerais,Sudeste,10,8,293,3107.5,987.1468269656261,111.58339615984961,8682.432432432433,2024,8682.432432432433,1.7981071761475498e-05
3113206,Carandaí,31,Minas Gerais,Sudeste,10,10,3678,24931.3,1507.3288638154377,254.83729049851064,13201.739986868024,2024,13201.739986868024,0.00022571461412527945
3113305,Carangola,31,Minas Gerais,Sudeste,10,10,1968,32587.2,610.4371413306939,131.8670558384081,3889.3206901912017,2024,3889.3206901912017,0.00012077388814533713
3113404,Caratinga,31,Minas Gerais,Sudeste,10,10,8494,90877.2,935.6581850406932,72.66313470624152,6187.215367141928,2024,6187.215367141928,0.0005212669745459826
3113503,Carbonita,31,Minas Gerais,Sudeste,10,8,2908,9096.8,3362.434640651504,210.95084395726013,29329.317734275457,2024,29329.317734275457,0.00017846060301150428
3113602,Careaçu,31,Minas Gerais,Sudeste,10,5,701,6829.7,998.1921564750634,7.32493407559332,9475.032010243278,2024,9475.032010243278,4.3019560767216126e-05
3113701,Carlos Chagas,31,Minas Gerais,Sudeste,10,10,2260,18950.6,1206.4795702761853,354.3018519666772,5635.240397528874,2023,5635.240397528874,0.00013869359106121032
3113800,Carmésia,31,Minas Gerais,Sudeste,10,7,250,2638.4,934.4377693829338,134.06340946040672,7419.8359433258765,2024,7419.8359433258765,1.5342211400576365e-05
3113909,Carmo da Cachoeira,31,Minas Gerais,Sudeste,10,7,762,12001.6,645.3623466970606,36.62905349470834,5324.388586956522,2024,5324.388586956522,4.6763060348956754e-05
3114006,Carmo da Mata,31,Minas Gerais,Sudeste,10,10,3956,11365.7,3517.265039573556,443.07117820828245,20391.878712651833,2024,20391.878712651833,0.00024277515320272037
3114105,Carmo de Minas,31,Minas Gerais,Sudeste,10,6,1311,14499.7,928.6480308631377,7.017027258203466,9061.924330452033,2024,9061.924330452033,8.045455658462245e-05
3114204,Carmo do Cajuru,31,Minas Gerais,Sudeste,10,10,4576,23032.0,1919.8976913367392,167.80424688411898,12007.712504102396,2024,12007.712504102396,0.00028082383747614977
3114303,Carmo do Paranaíba,31,Minas Gerais,Sudeste,10,10,10273,30081.6,3436.3259576603223,1041.8051834410771,25275.092812468647,2024,25275.092812468647,0.0006304421508724839
3114402,Carmo do Rio Claro,31,Minas Gerais,Sudeste,10,10,2972,21271.9,1395.526387945304,47.02735587254324,8460.67834513604,2024,8460.67834513604,0.0001823882091300518
3114501,Carmópolis de Minas,31,Minas Gerais,Sudeste,10,10,3777,18868.6,2041.6386952349924,443.51755009263485,12147.259163152774,2024,12147.259163152774,0.0002317901298399077
3114550,Carneirinho,31,Minas Gerais,Sudeste,10,10,2357,9839.1,2443.6172977694946,1889.9185788674572,9955.361777224125,2025,9955.361777224125,0.00014464636908463396
3114600,Carrancas,31,Minas Gerais,Sudeste,10,6,214,4081.7,516.8928423534875,36.38875265681824,4478.69010353961,2024,4478.69010353961,1.3132932958893367e-05
3114709,Carvalhópolis,31,Minas Gerais,Sudeste,10,5,113,3501.2,329.6044170476415,27.94076557697681,2487.5621890547263,2024,2487.5621890547263,6.934679553060517e-06
3114808,Carvalhos,31,Minas Gerais,Sudeste,10,5,434,4497.5,963.2455846762205,11.165698972755694,9385.400488129577,2024,9385.400488129577,2.6634078991400568e-05
3114907,Casa Grande,31,Minas Gerais,Sudeste,10,9,292,2258.8,1293.8916989136992,130.98315568530685,11106.194690265485,2024,11106.194690265485,1.7919702915873195e-05
3115003,Cascalho Rico,31,Minas Gerais,Sudeste,10,8,638,2939.0,2306.01628104019,200.5392774551125,16793.61624954661,2024,16793.61624954661,3.9153323494270884e-05
3115102,Cássia,31,Minas Gerais,Sudeste,10,9,5083,17634.9,2915.4015366226668,758.5249028377744,17753.643898256643,2024,17753.643898256643,0.0003119378421965186
3115201,Conceição da Barra de Minas,31,Minas Gerais,Sudeste,10,7,362,3819.5,997.2104138369317,50.67799881423885,8954.393770856506,2024,8954.393770856506,2.2215522108034575e-05
3115300,Cataguases,31,Minas Gerais,Sudeste,10,10,8862,71905.6,1242.075719206428,620.5462982518682,3581.742102781707,2024,3581.742102781707,0.000543850709727631
3115359,Catas Altas,31,Minas Gerais,Sudeste,10,10,1584,5450.2,2802.0881019306107,64.8725525074446,25811.573747353563,2024,25811.573747353563,9.720825143405184e-05
3115409,Catas Altas da Noruega,31,Minas Gerais,Sudeste,10,8,505,3439.1,1586.4290941943868,135.13537303172393,14103.788602355939,2024,14103.788602355939,3.099126702916426e-05
3115458,Catuji,31,Minas Gerais,Sudeste,10,9,295,6693.2,419.4452576427173,118.56903552891112,2048.159424301135,2024,2048.159424301135,1.810380945268011e-05
3115474,Catuti,31,Minas Gerais,Sudeste,10,7,624,4928.8,1286.4450519602176,744.7021250489615,3174.6031746031745,2025,3174.6031746031745,3.82941596558386e-05
3115508,Caxambu,31,Minas Gerais,Sudeste,10,10,3325,21592.2,1549.643378008734,94.19518470170124,14125.769733159172,2024,14125.769733159172,0.00020405141162766564
3115607,Cedro do Abaeté,31,Minas Gerais,Sudeste,10,8,244,1140.1,2228.0004048123383,647.7338062745837,13015.582034830431,2024,13015.582034830431,1.4973998326962531e-05
3115706,Central de Minas,31,Minas Gerais,Sudeste,10,9,609,6715.6,929.6799261091206,137.5219569173767,5510.171391958994,2024,5510.171391958994,3.737362697180402e-05
3115805,Centralina,31,Minas Gerais,Sudeste,10,10,1813,10400.0,1751.1080088471099,1399.1371417414907,5900.3831417624515,2024,5900.3831417624515,0.00011126171707697979
3115904,Chácara,31,Minas Gerais,Sudeste,10,9,329,3137.1,1047.4820854146424,599.090684585355,4249.291784702549,2024,4249.291784702549,2.0190350203158497e-05
3116001,Chalé,31,Minas Gerais,Sudeste,10,9,674,5915.0,1096.5026088996806,160.84206779708643,5079.060852898898,2024,5079.060852898898,4.1362601935953875e-05
3116100,Chapada do Norte,31,Minas Gerais,Sudeste,10,9,1651,13320.5,1380.8390181297796,258.1999906906648,7501.995211492418,2024,7501.995211492418,0.00010131996408940631
3116159,Chapada Gaúcha,31,Minas Gerais,Sudeste,10,10,3289,13138.1,2540.9379423184246,940.5709710824223,16307.572209211554,2024,16307.572209211554,0.00020184213318598265
3116209,Chiador,31,Minas Gerais,Sudeste,10,4,504,2763.7,1789.1554791700596,0.0,12928.571428571428,2023,12928.571428571428,3.092989818356195e-05
3116308,Cipotânea,31,Minas Gerais,Sudeste,10,6,912,6319.9,1624.7449503266732,26.980233019704336,15949.27665654581,2024,15949.27665654581,5.5968387189302576e-05
3116407,Claraval,31,Minas Gerais,Sudeste,10,10,993,4792.9,2094.6598949973704,308.70450851425204,11806.573163073059,2024,11806.573163073059,6.093926368308932e-05
3116506,Claro dos Poções,31,Minas Gerais,Sudeste,10,9,1051,7461.3,1425.4296942682101,311.6974308909948,8017.633282821325,2024,8017.633282821325,6.449865672802303e-05
3116605,Cláudio,31,Minas Gerais,Sudeste,10,10,6509,29520.4,2154.4791432027787,136.1214634860177,11176.37770408969,2024,11176.37770408969,0.00039944981602540623
3116704,Coimbra,31,Minas Gerais,Sudeste,10,8,824,7418.9,1132.338760396179,93.83809817069707,7494.852436513384,2024,7494.852436513384,5.0567928776299697e-05
3116803,Coluna,31,Minas Gerais,Sudeste,10,8,1172,8652.2,1402.566440188906,156.23249895663974,11489.516422251849,2024,11489.516422251849,7.192428704590199e-05
3116902,Comendador Gomes,31,Minas Gerais,Sudeste,10,9,364,2989.0,1277.4117893122075,802.209282199639,5028.5306704707555,2025,5028.5306704707555,2.2338259799239185e-05
3117009,Comercinho,31,Minas Gerais,Sudeste,10,9,263,6921.7,389.7027855710205,41.88292921391573,3123.585332729742,2024,3123.585332729742,1.6140006393406334e-05
3117108,Conceição da Aparecida,31,Minas Gerais,Sudeste,10,10,1598,10405.4,1505.6848102950805,96.75577467333854,9926.884139482565,2024,9926.884139482565,9.806741527248412e-05
3117207,Conceição das Pedras,31,Minas Gerais,Sudeste,10,4,44,2818.3,155.16769039151177,0.0,1409.9400775467043,2024,1409.9400775467043,2.70022920650144e-06
3117306,Conceição das Alagoas,31,Minas Gerais,Sudeste,10,10,2644,28268.1,926.2133428530926,696.2501180943555,2054.1911842429795,2023,2054.1911842429795,0.00016225922777249563
3117405,Conceição de Ipanema,31,Minas Gerais,Sudeste,10,7,242,4540.7,533.9660854942053,54.56289613845779,2728.661864221786,2021,2728.661864221786,1.4851260635757921e-05
3117504,Conceição do Mato Dentro,31,Minas Gerais,Sudeste,10,10,3711,20184.9,1646.6295424616278,160.86450300399596,10488.99150655562,2024,10488.99150655562,0.00022773978603015554
3117603,Conceição do Pará,31,Minas Gerais,Sudeste,10,10,1024,5506.2,1854.9746840636988,556.161060999069,9340.758038440812,2024,9340.758038440812,6.284169789676078e-05
3117702,Conceição do Rio Verde,31,Minas Gerais,Sudeste,10,6,2922,13266.4,2277.0190799635993,35.00191022905688,20798.1220657277,2024,20798.1220657277,0.00017931976684993655
3117801,Conceição dos Ouros,31,Minas Gerais,Sudeste,10,8,1782,11375.8,1590.2040401400068,26.67557721662303,14924.43888044353,2024,14924.43888044353,0.00010935928286330832
3117836,Cônego Marinho,31,Minas Gerais,Sudeste,10,10,1137,7521.5,1519.8297397638232,318.9514323400904,7884.097035040431,2024,7884.097035040431,6.977637744982131e-05
3117876,Confins,31,Minas Gerais,Sudeste,10,10,1572,7034.1,2091.0733831076877,295.95315094834365,15398.645127670663,2024,15398.645127670663,9.647182528682418e-05
3117900,Congonhal,31,Minas Gerais,Sudeste,10,8,441,11636.1,385.37586946056217,51.87421666942097,2885.205647636587,2024,2885.205647636587,2.7063660910616706e-05
3118007,Congonhas,31,Minas Gerais,Sudeste,10,10,11230,54333.2,2069.546037546813,172.47175357271956,11970.319717746335,2024,11970.319717746335,0.0006891721361138903
3118106,Congonhas do Norte,31,Minas Gerais,Sudeste,10,6,426,4995.7,864.3884890288595,19.904736075714354,8463.568094174954,2024,8463.568094174954,2.6143128226582124e-05
3118205,Conquista,31,Minas Gerais,Sudeste,10,10,1421,6883.1,2072.473493166898,1501.665394677071,7546.620046620046,2024,7546.620046620046,8.720512960087605e-05
3118304,Conselheiro Lafaiete,31,Minas Gerais,Sudeste,10,10,43197,131027.5,3148.9834382913305,219.7084343254195,28007.68227279316,2024,28007.68227279316,0.0026509500234827886
3118403,Conselheiro Pena,31,Minas Gerais,Sudeste,10,10,2631,22198.2,1218.778166455178,460.5198346627611,6915.170747880453,2024,6915.170747880453,0.00016146143277966565
3118502,Consolação,31,Minas Gerais,Sudeste,10,3,33,1702.5,206.79066202102612,0.0,1901.1406844106464,2024,1901.1406844106464,2.02517190487608e-06
3118601,Contagem,31,Minas Gerais,Sudeste,10,10,157494,652352.2,2410.263644847587,171.89785720109805,11300.588484172467,2024,11300.588484172467,0.009665224969289496
3118700,Coqueiral,31,Minas Gerais,Sudeste,10,8,1145,9188.6,1253.1743000887402,43.12969579108784,7741.654887463304,2024,7741.654887463304,7.026732821463975e-05
3118809,Coração de Jesus,31,Minas Gerais,Sudeste,10,10,1767,26353.4,667.56933238961,141.99536910394087,2864.4462822344185,2019,2864.4462822344185,0.00010843875017927374
3118908,Cordisburgo,31,Minas Gerais,Sudeste,10,10,1546,8383.7,1942.835621736199,481.1460570762689,11288.198103266595,2024,11288.198103266595,9.487623530116423e-05
3119005,Cordislândia,31,Minas Gerais,Sudeste,10,8,376,3421.0,1150.6295488532444,59.16690482495889,10532.79950723745,2024,10532.79950723745,2.307468594646685e-05
3119104,Corinto,31,Minas Gerais,Sudeste,10,10,7522,23864.2,3142.8719098776032,250.85541458393237,12035.339223203868,2024,12035.339223203868,0.00046161645662054165
3119203,Coroaci,31,Minas Gerais,Sudeste,10,10,770,10478.3,720.3917399027189,217.4011921276742,2051.694659559489,2020,2051.694659559489,4.72540111137752e-05
3119302,Coromandel,31,Minas Gerais,Sudeste,10,10,7559,28678.6,2571.096590128006,772.7811472326393,11754.906207310167,2024,11754.906207310167,0.00046388710390782696
3119401,Coronel Fabriciano,31,Minas Gerais,Sudeste,10,10,18990,108717.3,1745.5217051475897,829.0458163218641,4946.430359467307,2016,4946.430359467307,0.0011653943779877806
3119500,Coronel Murta,31,Minas Gerais,Sudeste,10,9,693,8861.0,825.3629455552315,85.2015148778415,6676.32500301823,2024,6676.32500301823,4.252861000239768e-05
3119609,Coronel Pacheco,31,Minas Gerais,Sudeste,10,8,497,2970.5,1727.107517748656,253.43953656770458,11754.197927831368,2024,11754.197927831368,3.050031626434581e-05
3119708,Coronel Xavier Chaves,31,Minas Gerais,Sudeste,10,8,589,3483.8,1644.6169317244155,100.58755828351063,15616.285554935861,2024,15616.285554935861,3.614625005975792e-05
3119807,Córrego Danta,31,Minas Gerais,Sudeste,10,9,203,3140.2,673.8306954222192,202.7027027027027,5171.2558764271325,2024,5171.2558764271325,1.2457875657268007e-05
3119906,Córrego do Bom Jesus,31,Minas Gerais,Sudeste,10,6,26,3984.3,59.74443832036068,22.909857187704077,474.1476631293746,2024,474.1476631293746,1.5955899856599418e-06
3119955,Córrego Fundo,31,Minas Gerais,Sudeste,10,7,1374,6289.0,2179.568959609097,157.23625230304143,20237.71790808241,2024,20237.71790808241,8.43207938575677e-05
3120003,Córrego Novo,31,Minas Gerais,Sudeste,10,9,319,2853.3,1107.129046251594,154.85287659200702,6747.826086956522,2023,6747.826086956522,1.9576661747135442e-05
3120102,Couto de Magalhães de Minas,31,Minas Gerais,Sudeste,10,9,1413,4372.4,3262.410719967568,721.3322958312091,13437.643810400368,2024,13437.643810400368,8.671417883605761e-05
3120151,Crisólita,31,Minas Gerais,Sudeste,10,9,171,6121.6,275.53051556732396,76.05471646567537,1301.775147928994,2020,1301.775147928994,1.0494072597994233e-05
3120201,Cristais,31,Minas Gerais,Sudeste,10,9,3442,12606.1,2728.365002699496,76.58611637774352,20992.366412213738,2024,20992.366412213738,0.00021123156656313537
3120300,Cristália,31,Minas Gerais,Sudeste,10,9,349,5651.3,664.7843973000374,64.03879473995725,5479.18683446273,2024,5479.18683446273,2.1417727115204603e-05
3120409,Cristiano Otoni,31,Minas Gerais,Sudeste,10,10,1036,4984.0,2186.238895146208,86.72839804615646,20422.386483632523,2024,20422.386483632523,6.357812404398845e-05
3120508,Cristina,31,Minas Gerais,Sudeste,10,6,397,10392.0,373.8932748176281,19.3334694776445,3528.7475298767295,2024,3528.7475298767295,2.4363431704115266e-05
3120607,Crucilândia,31,Minas Gerais,Sudeste,10,9,1367,5244.2,2464.9636939573456,81.45944829577293,18817.681519616544,2024,18817.681519616544,8.389121193835155e-05
3120706,Cruzeiro da Fortaleza,31,Minas Gerais,Sudeste,10,9,511,3765.0,1428.821927033602,183.59537963361203,6021.016756603238,2023,6021.016756603238,3.1359480102778086e-05
3120805,Cruzília,31,Minas Gerais,Sudeste,10,9,2870,15504.4,1819.6315642661757,48.492821658498514,17269.78896001014,2024,17269.78896001014,0.00017612858687861665
3120839,Cuparaque,31,Minas Gerais,Sudeste,10,10,1392,4585.8,3409.1791727779796,512.0385872598262,25963.94591887832,2024,25963.94591887832,8.54254330784092e-05
3120870,Curral de Dentro,31,Minas Gerais,Sudeste,10,9,325,7633.7,425.6424688503772,85.1347224238233,3119.266055045872,2024,3119.266055045872,1.9944874820749273e-05
3120904,Curvelo,31,Minas Gerais,Sudeste,10,10,15004,81022.3,1853.552387597753,296.2779721750932,5969.698114633317,2016,5969.698114633317,0.000920778159416991
3121001,Datas,31,Minas Gerais,Sudeste,10,10,813,5477.2,1453.9715241374993,182.9826166514181,12388.75044499822,2024,12388.75044499822,4.9892871474674335e-05
3121100,Delfim Moreira,31,Minas Gerais,Sudeste,10,5,94,8065.8,115.6868745428952,6.222775357809582,799.5079950799508,2024,799.5079950799508,5.7686714866167124e-06
3121209,Delfinópolis,31,Minas Gerais,Sudeste,10,9,1565,7723.7,1869.4194038684284,810.6992448338876,8515.981735159818,2024,8515.981735159818,9.604224336760803e-05
3121258,Delta,31,Minas Gerais,Sudeste,10,10,1530,10533.1,1439.1954714953235,1184.1830120896475,3408.3357068261653,2019,3408.3357068261653,9.389433377152735e-05
3121308,Descoberto,31,Minas Gerais,Sudeste,10,10,840,5014.2,1671.2845156606331,538.4727090753145,7635.712865380792,2016,7635.712865380792,5.1549830305936585e-05
3121407,Desterro de Entre Rios,31,Minas Gerais,Sudeste,10,8,486,7479.4,621.6908171854734,95.63726834126702,4987.341772151899,2024,4987.341772151899,2.9825258962720452e-05
3121506,Desterro do Melo,31,Minas Gerais,Sudeste,10,5,105,2971.9,348.3379399753689,16.523463317911432,2288.329519450801,2024,2288.329519450801,6.443728788242073e-06
3121605,Diamantina,31,Minas Gerais,Sudeste,10,10,11495,48166.4,2354.3897436688176,1032.932638899661,13695.21609628594,2024,13695.21609628594,0.0007054348801985012
3121704,Diogo de Vasconcelos,31,Minas Gerais,Sudeste,10,5,108,3729.1,300.4825472231646,26.219192448872576,1779.7552836484983,2024,1779.7552836484983,6.6278353250489894e-06
3121803,Dionísio,31,Minas Gerais,Sudeste,10,8,1368,7451.5,1917.9672617560616,659.9639684305873,10369.715716600384,2024,10369.715716600384,8.395258078395386e-05
3121902,Divinésia,31,Minas Gerais,Sudeste,10,7,506,3794.2,1359.3923729037874,79.30296871613642,9576.320371445154,2016,9576.320371445154,3.105263587476656e-05
3122009,Divino,31,Minas Gerais,Sudeste,10,8,2132,20418.7,1013.53969882044,117.86216893838188,5485.489240001875,2024,5485.489240001875,0.00013083837882411523
3122108,Divino das Laranjeiras,31,Minas Gerais,Sudeste,10,8,429,4676.5,966.7812722054357,110.14917669059899,3965.599617773531,2024,3965.599617773531,2.632723476338904e-05
3122207,Divinolândia de Minas,31,Minas Gerais,Sudeste,10,9,699,7166.5,1043.8759508477385,65.5341927035861,7961.253216285758,2024,7961.253216285758,4.289682307601151e-05
3122306,Divinópolis,31,Minas Gerais,Sudeste,10,10,36124,237309.5,1519.6832527100944,632.0513022159822,6107.424647585091,2024,6107.424647585091,0.0022168881785376822
3122355,Divisa Alegre,31,Minas Gerais,Sudeste,10,8,261,6617.6,393.95860706739137,60.95888632803823,1504.6829418086902,2024,1504.6829418086902,1.6017268702201724e-05
3122405,Divisa Nova,31,Minas Gerais,Sudeste,10,9,580,5988.6,967.2581168660461,270.1510458348065,6991.490071750375,2024,6991.490071750375,3.559393044933716e-05
3122454,Divisópolis,31,Minas Gerais,Sudeste,10,8,202,10704.5,192.89767133538516,27.838719943013764,1309.9595453669813,2016,1309.9595453669813,1.2396506811665702e-05
3122470,Dom Bosco,31,Minas Gerais,Sudeste,10,9,822,3723.8,2203.341045502869,444.8988700880186,12556.410937085213,2024,12556.410937085213,5.044519108509508e-05
3122504,Dom Cavati,31,Minas Gerais,Sudeste,10,9,476,5050.5,956.0689298624177,88.9567408399866,3915.171288743882,2023,3915.171288743882,2.9211570506697397e-05
3122603,Dom Joaquim,31,Minas Gerais,Sudeste,10,6,487,4669.8,970.397296962136,73.49768399632588,8810.136606612552,2024,8810.136606612552,2.9886627808322755e-05
3122702,Dom Silvério,31,Minas Gerais,Sudeste,10,7,953,5280.0,1799.226594099699,439.2009863947366,7077.276205049732,2023,7077.276205049732,5.84845098589971e-05
3122801,Dom Viçoso,31,Minas Gerais,Sudeste,10,5,115,3069.2,362.45876199401687,15.703517587939698,3494.962216624685,2024,3494.962216624685,7.057417244265127e-06
3122900,Dona Euzébia,31,Minas Gerais,Sudeste,10,9,788,6406.5,1238.44476407045,275.26150785277184,4164.738546968995,2016,4164.738546968995,4.83586503346167e-05
3123007,Dores de Campos,31,Minas Gerais,Sudeste,10,7,2224,10155.3,2161.0710077818826,97.43337531914642,19557.839619897215,2024,19557.839619897215,0.00013648431261952733
3123106,Dores de Guanhães,31,Minas Gerais,Sudeste,10,8,316,5157.8,617.8053678548694,59.11543960102021,5038.0785002929115,2024,5038.0785002929115,1.9392555210328525e-05
3123205,Dores do Indaiá,31,Minas Gerais,Sudeste,10,10,2029,13247.5,1580.3839967047675,335.43609877065717,9924.91787893008,2024,9924.91787893008,0.00012451738772707778
3123304,Dores do Turvo,31,Minas Gerais,Sudeste,10,6,124,4619.7,250.61401102774533,93.59029643368746,1066.0980810234541,2024,1066.0980810234541,7.609736854685877e-06
3123403,Doresópolis,31,Minas Gerais,Sudeste,10,10,148,1509.5,996.9027658071166,195.76208615320155,4411.764705882353,2024,4411.764705882353,9.082589149141208e-06
3123502,Douradoquara,31,Minas Gerais,Sudeste,10,8,423,1889.1,2298.2586350712736,502.06722116834476,13613.996719518862,2023,13613.996719518862,2.5959021689775206e-05
3123528,Durandé,31,Minas Gerais,Sudeste,10,7,1043,7889.3,1306.6215007166288,25.546106766313343,9591.938293107738,2024,9591.938293107738,6.400770596320459e-05
3123601,Elói Mendes,31,Minas Gerais,Sudeste,10,10,3097,27545.4,1131.8273407767938,230.35580392473034,9026.0761438028,2024,9026.0761438028,0.00019005931483033998
3123700,Engenheiro Caldas,31,Minas Gerais,Sudeste,10,10,1020,12285.1,752.2016503510918,143.18602233229223,4116.578138104557,2024,4116.578138104557,6.259622251435157e-05
3123809,Engenheiro Navarro,31,Minas Gerais,Sudeste,10,8,899,6920.5,1362.5825997385966,290.8032742199457,5760.1510859301225,2023,5760.1510859301225,5.517059219647261e-05
3123858,Entre Folhas,31,Minas Gerais,Sudeste,10,10,547,5327.8,1031.5130597477632,196.1402068720987,3050.7820042479243,2023,3050.7820042479243,3.3568758544461084e-05
3123908,Entre Rios de Minas,31,Minas Gerais,Sudeste,10,10,1998,15162.1,1321.6113533321827,16.398368082041685,12579.36507936508,2024,12579.36507936508,0.0001226149535134063
3124005,Ervália,31,Minas Gerais,Sudeste,10,9,758,19621.2,376.978265820725,15.344186966795217,1909.2167438308436,2024,1909.2167438308436,4.6517584966547534e-05
3124104,Esmeraldas,31,Minas Gerais,Sudeste,10,10,12293,77783.0,1614.1096107699689,265.28253872452177,5387.991134985983,2016,5387.991134985983,0.000754407218989141
3124203,Espera Feliz,31,Minas Gerais,Sudeste,10,9,3873,24738.8,1569.9476595589017,20.082473099258564,12786.23642017689,2024,12786.23642017689,0.00023768153901772903
3124302,Espinosa,31,Minas Gerais,Sudeste,10,10,3790,31449.7,1218.796678340817,787.4236876129916,3649.4432217586964,2022,3649.4432217586964,0.00023258792483273768
3124401,Espírito Santo do Dourado,31,Minas Gerais,Sudeste,10,6,104,5556.8,153.15157903999068,31.842627938245037,1284.4298558584273,2024,1284.4298558584273,6.382359942639767e-06
3124500,Estiva,31,Minas Gerais,Sudeste,10,6,160,11505.7,135.34836635978544,8.750804441512603,1250.422440013518,2024,1250.422440013518,9.819015296368873e-06
3124609,Estrela Dalva,31,Minas Gerais,Sudeste,10,4,181,2300.9,816.4940246657723,0.0,7123.411978221416,2024,7123.411978221416,1.1107761054017287e-05
3124708,Estrela do Indaiá,31,Minas Gerais,Sudeste,10,9,684,3217.0,2310.5389350665964,1197.2950806124004,11038.961038961039,2023,11038.961038961039,4.197629039197693e-05
3124807,Estrela do Sul,31,Minas Gerais,Sudeste,10,9,627,7541.3,886.3362414964568,439.4246175006181,4839.181286549708,2023,4839.181286549708,3.847826619264552e-05
3124906,Eugenópolis,31,Minas Gerais,Sudeste,10,10,1196,11149.3,1074.9024013049216,754.5597629849087,3775.9373051919133,2016,3775.9373051919133,7.339713934035733e-05
3125002,Ewbank da Câmara,31,Minas Gerais,Sudeste,10,7,565,3927.7,1421.9445348135996,63.07884045773109,13276.338948956502,2024,13276.338948956502,3.467339776530258e-05
3125101,Extrema,31,Minas Gerais,Sudeste,10,10,2052,43858.5,358.1390917668309,21.62320829394835,3336.0385405694747,2024,3336.0385405694747,0.0001259288711759308
3125200,Fama,31,Minas Gerais,Sudeste,10,10,357,2485.0,1371.3889395549159,320.1064888791627,9579.263711495116,2024,9579.263711495116,2.1908677880023047e-05
3125309,Faria Lemos,31,Minas Gerais,Sudeste,10,5,120,3252.5,370.3225702017986,30.8546744831842,2006.7922198209321,2024,2006.7922198209321,7.3642614722766545e-06
3125408,Felício dos Santos,31,Minas Gerais,Sudeste,10,7,161,4974.0,309.1419712917492,70.85132416496697,2534.298780487805,2024,2534.298780487805,9.880384141971178e-06
3125507,São Gonçalo do Rio Preto,31,Minas Gerais,Sudeste,10,8,1051,3134.2,3392.6827108432867,195.75001213260555,30374.43511943189,2024,30374.43511943189,6.449865672802303e-05
3125606,Felisburgo,31,Minas Gerais,Sudeste,10,10,1340,7088.0,2006.27544499982,145.795080642324,15731.18932038835,2024,15731.18932038835,8.223425310708931e-05
3125705,Felixlândia,31,Minas Gerais,Sudeste,10,10,3224,14849.8,2217.838316210992,313.3513730826954,12654.947825477975,2024,12654.947825477975,0.0001978531582218328
3125804,Fernandes Tourinho,31,Minas Gerais,Sudeste,10,9,156,3171.4,537.7816365877551,145.91628627114045,3115.044247787611,2024,3115.044247787611,9.57353991395965e-06
3125903,Ferros,31,Minas Gerais,Sudeste,10,9,1868,9844.1,1904.014129061121,203.11800806947167,7417.752948479206,2024,7417.752948479206,0.0001146370035851066
3125952,Fervedouro,31,Minas Gerais,Sudeste,10,7,903,10843.3,846.5958330327381,241.1090236074383,4507.621808659871,2024,4507.621808659871,5.541606757888183e-05
3126000,Florestal,31,Minas Gerais,Sudeste,10,10,2722,7754.8,3352.7134219472914,597.5831738861232,22978.774147388507,2024,22978.774147388507,0.00016704599772947545
3126109,Formiga,31,Minas Gerais,Sudeste,10,10,10745,68572.1,1534.7900839740837,287.920525143594,10973.84955000849,2024,10973.84955000849,0.0006594082459967721
3126208,Formoso,31,Minas Gerais,Sudeste,10,10,1722,8906.5,2116.2042490790964,190.76383832822748,13994.816734542761,2024,13994.816734542761,0.00010567715212716999
3126307,Fortaleza de Minas,31,Minas Gerais,Sudeste,10,8,554,4037.7,1545.3715966695377,310.68572523009976,9347.138337647397,2023,9347.138337647397,3.3998340463677225e-05
3126406,Fortuna de Minas,31,Minas Gerais,Sudeste,10,8,317,3029.5,1031.4424566317027,379.744934882422,4833.177424384159,2024,4833.177424384159,1.9453924055930828e-05
3126505,Francisco Badaró,31,Minas Gerais,Sudeste,10,10,2199,9141.0,2798.2428562435844,727.7727599499983,16162.597114317427,2024,16162.597114317427,0.0001349500914794697
3126604,Francisco Dumont,31,Minas Gerais,Sudeste,10,9,914,4943.2,1912.9821849036748,1118.0362567466568,7449.605609114812,2024,7449.605609114812,5.609112488050719e-05
3126703,Francisco Sá,31,Minas Gerais,Sudeste,10,10,3027,25256.3,1226.2373668447124,780.506820790102,3975.8176245854147,2024,3975.8176245854147,0.00018576349563817861
3126752,Franciscópolis,31,Minas Gerais,Sudeste,10,10,827,5299.5,1622.3147416848944,271.88228631184006,9581.193204267089,2024,9581.193204267089,5.075203531310661e-05
3126802,Frei Gaspar,31,Minas Gerais,Sudeste,10,10,453,5830.0,778.3022173506478,431.3214647561152,2665.0409336352554,2024,2665.0409336352554,2.780008705784437e-05
3126901,Frei Inocêncio,31,Minas Gerais,Sudeste,10,8,258,9077.3,306.0521324045544,129.1642531182445,1271.8982481401488,2024,1271.8982481401488,1.5833162165394806e-05
3126950,Frei Lagonegro,31,Minas Gerais,Sudeste,10,6,107,3467.6,308.0087426404447,44.23473901503981,2446.043165467626,2024,2446.043165467626,6.5664664794466835e-06
3127008,Fronteira,31,Minas Gerais,Sudeste,10,10,4560,16591.3,2989.052173923677,1868.7770323338773,8727.647867950482,2023,8727.647867950482,0.00027984193594651286
3127057,Fronteira dos Vales,31,Minas Gerais,Sudeste,10,8,89,4524.5,200.1642218988753,44.61352822432338,1452.894438138479,2024,1452.894438138479,5.461827258605186e-06
3127073,Fruta de Leite,31,Minas Gerais,Sudeste,10,9,529,5124.7,1112.1648764845204,129.22791154499282,8335.142174951161,2024,8335.142174951161,3.246411932361959e-05
3127107,Frutal,31,Minas Gerais,Sudeste,10,10,16484,59543.6,2763.0029607741717,1451.9679011918402,7805.793553651571,2025,7805.793553651571,0.001011604050908403
3127206,Funilândia,31,Minas Gerais,Sudeste,10,10,985,4518.5,2147.51878537921,873.4665808913242,7797.789602947196,2024,7797.789602947196,6.044831291827087e-05
3127305,Galiléia,31,Minas Gerais,Sudeste,10,10,615,6626.5,927.5735600589076,191.11209997309675,5366.646954464814,2021,5366.646954464814,3.7741840045417854e-05
3127339,Gameleiras,31,Minas Gerais,Sudeste,10,9,612,5020.3,1231.6025798656224,442.283798675061,4606.210158338475,2024,4606.210158338475,3.755773350861094e-05
3127354,Glaucilândia,31,Minas Gerais,Sudeste,10,10,557,3077.0,1839.2341246132073,526.0608341697334,5498.633879781421,2023,5498.633879781421,3.418244700048414e-05
3127370,Goiabeira,31,Minas Gerais,Sudeste,10,9,137,3148.1,457.6522084048596,146.33723765603742,2823.2833739979087,2024,2823.2833739979087,8.407531847515848e-06
3127388,Goianá,31,Minas Gerais,Sudeste,10,9,836,4030.0,2032.0835217711137,761.8489492361695,11575.178997613366,2024,11575.178997613366,5.130435492352736e-05
3127404,Gonçalves,31,Minas Gerais,Sudeste,10,4,49,4548.8,100.44219989501137,0.0,858.7200981394398,2024,858.7200981394398,3.0070734345129673e-06
3127503,Gonzaga,31,Minas Gerais,Sudeste,10,8,378,5805.3,694.719856836138,187.37833783875666,4135.83760197306,2024,4135.83760197306,2.3197423637671463e-05
3127602,Gouveia,31,Minas Gerais,Sudeste,10,10,1937,11715.4,1671.5929979486732,132.39694779044825,13542.298034461859,2024,13542.298034461859,0.00011887145393166567
3127701,Governador Valadares,31,Minas Gerais,Sudeste,10,10,17016,272989.8,631.9180956660822,461.9150024461822,1733.3648354203465,2024,1733.3648354203465,0.0010442522767688297
3127800,Grão Mogol,31,Minas Gerais,Sudeste,10,8,834,15117.9,585.1578035861705,33.97448250794922,4030.941735859769,2024,4030.941735859769,5.118161723232275e-05
3127909,Grupiara,31,Minas Gerais,Sudeste,10,9,377,1402.3,2700.20524553383,1131.833411086136,11997.12643678161,2022,11997.12643678161,2.3136054792069157e-05
3128006,Guanhães,31,Minas Gerais,Sudeste,10,10,2563,33707.5,768.214844231248,114.24051055004534,6298.977089190644,2024,6298.977089190644,0.0001572883512787089
3128105,Guapé,31,Minas Gerais,Sudeste,10,9,2446,14159.3,1746.0245938899748,378.09889472293565,11383.500319761244,2024,11383.500319761244,0.00015010819634323915
3128204,Guaraciaba,31,Minas Gerais,Sudeste,10,7,1133,10168.6,1141.6838020983248,44.15484394016913,10724.725330107853,2024,10724.725330107853,6.953090206741208e-05
3128253,Guaraciama,31,Minas Gerais,Sudeste,10,10,1222,5043.2,2432.0972309579897,1148.9990260024283,10235.596911502673,2023,10235.596911502673,7.499272932601727e-05
3128303,Guaranésia,31,Minas Gerais,Sudeste,10,10,3358,19237.2,1731.0020982370556,468.9736800906063,8449.339656315333,2024,8449.339656315333,0.00020607658353254173
3128402,Guarani,31,Minas Gerais,Sudeste,10,10,1219,8467.5,1419.8480463575365,690.5327879454923,4617.428856162109,2016,4617.428856162109,7.480862278921035e-05
3128501,Guarará,31,Minas Gerais,Sudeste,10,9,770,3555.4,2389.813381695169,1282.2913141195663,6637.0276278183555,2023,6637.0276278183555,4.72540111137752e-05
3128600,Guarda-Mor,31,Minas Gerais,Sudeste,10,9,1028,6622.0,1557.0164219076082,248.48994363277575,6671.732522796353,2019,6671.732522796353,6.308717327917001e-05
3128709,Guaxupé,31,Minas Gerais,Sudeste,10,10,16256,51956.8,3099.8287068047066,778.381596196384,21132.247581763935,2024,21132.247581763935,0.0009976119541110775
3128808,Guidoval,31,Minas Gerais,Sudeste,10,10,563,7170.4,775.7927693655246,232.89561253158047,3281.826883631889,2016,3281.826883631889,3.455066007409797e-05
3128907,Guimarânia,31,Minas Gerais,Sudeste,10,9,661,8277.8,797.7765789537173,176.06122420659702,3090.35149799481,2023,3090.35149799481,4.056480694312391e-05
3129004,Guiricema,31,Minas Gerais,Sudeste,10,9,1453,8213.9,1741.5631539191684,284.414484810479,8578.291204392086,2016,8578.291204392086,8.916893266014983e-05
3129103,Gurinhatã,31,Minas Gerais,Sudeste,10,10,1357,5513.8,2543.2329206902555,1313.0119711364869,9225.731895223422,2022,9225.731895223422,8.32775234823285e-05
3129202,Heliodora,31,Minas Gerais,Sudeste,10,5,209,6420.5,332.86832909685415,8.15128790348875,2853.0443098501755,2024,2853.0443098501755,1.282608873088184e-05
3129301,Iapu,31,Minas Gerais,Sudeste,10,10,817,11500.9,664.9507859704615,104.66413467203148,4813.390997917668,2024,4813.390997917668,5.0138346857083555e-05
3129400,Ibertioga,31,Minas Gerais,Sudeste,10,6,622,5144.2,1166.9577909169975,28.685614181289495,11361.079865016873,2024,11361.079865016873,3.8171421964633995e-05
3129509,Ibiá,31,Minas Gerais,Sudeste,10,10,4052,24075.7,1781.965497805068,259.5915149311224,13095.238095238095,2024,13095.238095238095,0.0002486665623805417
3129608,Ibiaí,31,Minas Gerais,Sudeste,10,10,1008,7541.6,1510.941825053839,293.7427870025074,9018.228333866326,2024,9018.228333866326,6.18597963671239e-05
3129657,Ibiracatu,31,Minas Gerais,Sudeste,10,8,979,5484.8,1823.660630949956,640.9850396401077,8172.796263864565,2024,8172.796263864565,6.008009984465704e-05
3129707,Ibiraci,31,Minas Gerais,Sudeste,10,10,1941,12659.7,1741.6542128344033,283.618744834389,9279.189653613095,2024,9279.189653613095,0.00011911692931407489
3129806,Ibirité,31,Minas Gerais,Sudeste,10,10,43176,177796.7,2422.7215639648916,273.5831898476738,11934.218551532345,2024,11934.218551532345,0.0026496612777251404
3129905,Ibitiúra de Minas,31,Minas Gerais,Sudeste,10,4,103,3463.3,299.05732976274464,0.0,2500.726955510323,2024,2500.726955510323,6.320991097037462e-06
3130002,Ibituruna,31,Minas Gerais,Sudeste,10,6,453,2886.6,1651.8720400840452,51.98825146118918,15656.934306569343,2024,15656.934306569343,2.780008705784437e-05
3130051,Icaraí de Minas,31,Minas Gerais,Sudeste,10,10,795,11491.7,715.5385265606498,376.86727903313647,3711.5102639296188,2024,3711.5102639296188,4.878823225383284e-05
3130101,Igarapé,31,Minas Gerais,Sudeste,10,10,10751,44455.3,2398.91644559568,761.4664882868258,6867.457452294998,2024,6867.457452294998,0.0006597764590703859
3130200,Igaratinga,31,Minas Gerais,Sudeste,10,10,2874,10894.4,2647.332599337112,1308.449540487652,9596.928982725527,2016,9596.928982725527,0.00017637406226102587
3130309,Iguatama,31,Minas Gerais,Sudeste,10,9,1113,7537.5,1573.5159814569297,184.58870851103904,11658.144631117604,2024,11658.144631117604,6.830352515536597e-05
3130408,Ijaci,31,Minas Gerais,Sudeste,10,9,1259,6783.6,1775.4910204784683,634.1635664016078,7953.734113951164,2023,7953.734113951164,7.726337661330256e-05
3130507,Ilicínea,31,Minas Gerais,Sudeste,10,10,3214,12618.1,2472.354465726829,277.11078173034696,16263.002049958242,2024,16263.002049958242,0.00019723946976580973
3130556,Imbé de Minas,31,Minas Gerais,Sudeste,10,10,554,6986.9,774.1652782040265,140.4614213969502,6173.69589345172,2024,6173.69589345172,3.3998340463677225e-05
3130606,Inconfidentes,31,Minas Gerais,Sudeste,10,8,682,7369.9,917.2785295597098,67.31879119021528,5778.96138482024,2024,5778.96138482024,4.185355270077232e-05
3130655,Indaiabira,31,Minas Gerais,Sudeste,10,8,537,6982.9,826.080651203523,102.42672549637567,6866.279981188274,2024,6866.279981188274,3.295507008843803e-05
3130705,Indianópolis,31,Minas Gerais,Sudeste,10,9,698,6619.9,1084.010388218157,399.6754393137429,3419.2189272403175,2023,3419.2189272403175,4.2835454230409205e-05
3130804,Ingaí,31,Minas Gerais,Sudeste,10,5,362,2707.0,1384.832591243891,17.953321364452425,8621.344473984049,2024,8621.344473984049,2.2215522108034575e-05
3130903,Inhapim,31,Minas Gerais,Sudeste,10,10,2365,23735.7,1013.6845411406764,319.02314167784345,5282.608695652174,2024,5282.608695652174,0.00014513731984945241
3131000,Inhaúma,31,Minas Gerais,Sudeste,10,9,1107,6298.1,1743.746902583423,1047.7562597714987,8049.72804972805,2024,8049.72804972805,6.793531208175214e-05
3131109,Inimutaba,31,Minas Gerais,Sudeste,10,10,1147,7502.5,1532.180597895151,244.02832238244804,5654.408857255833,2024,5654.408857255833,7.039006590584436e-05
3131158,Ipaba,31,Minas Gerais,Sudeste,10,10,3070,18075.3,1734.210183063818,896.3692994281996,5187.908496732027,2023,5187.908496732027,0.00018840235599907774
3131208,Ipanema,31,Minas Gerais,Sudeste,10,9,1479,19837.0,742.8007358953516,137.99859492453737,2607.6138342871363,2024,2607.6138342871363,9.076452264580977e-05
3131307,Ipatinga,31,Minas Gerais,Sudeste,10,10,32706,250424.1,1358.074158413266,601.682263062117,5257.9578537836305,2023,5257.9578537836305,0.0020071294642690024
3131406,Ipiaçu,31,Minas Gerais,Sudeste,10,10,1285,4063.4,3240.3061294703793,3271.655129387743,8247.96427633307,2025,8247.96427633307,7.885896659896252e-05
3131505,Ipuiúna,31,Minas Gerais,Sudeste,10,5,88,9745.1,93.88974989164055,4.9805757545572265,838.7998709538659,2024,838.7998709538659,5.40045841300288e-06
3131604,Iraí de Minas,31,Minas Gerais,Sudeste,10,10,1376,7117.3,1881.0000826287892,573.8695017443999,8985.585342853294,2024,8985.585342853294,8.44435315487723e-05
3131703,Itabira,31,Minas Gerais,Sudeste,10,10,32261,118211.9,2741.7288072369,256.86875556777954,23987.872302479045,2024,23987.872302479045,0.0019798203279759764
3131802,Itabirinha,31,Minas Gerais,Sudeste,10,9,1381,11093.5,1278.1279588110735,324.64845836617565,7840.909090909091,2024,7840.909090909091,8.475037577678384e-05
3131901,Itabirito,31,Minas Gerais,Sudeste,10,10,5962,52869.5,1079.867326142039,83.11482879779581,9157.61404513485,2024,9157.61404513485,0.0003658810574809451
3132008,Itacambira,31,Minas Gerais,Sudeste,10,6,74,4931.5,165.4590462693374,35.41661241924367,820.6330597889802,2024,820.6330597889802,4.541294574570604e-06
3132107,Itacarambi,31,Minas Gerais,Sudeste,10,9,813,17893.0,462.3137222867411,102.7308930368857,1946.7689446768945,2023,1946.7689446768945,4.9892871474674335e-05
3132206,Itaguara,31,Minas Gerais,Sudeste,10,10,4223,13659.5,3029.716839728533,164.40245104353627,16781.849912739966,2024,16781.849912739966,0.00025916063497853593
3132305,Itaipé,31,Minas Gerais,Sudeste,10,9,687,11852.0,632.5313932671336,90.63181346141124,4464.878187505925,2024,4464.878187505925,4.216039692878385e-05
3132404,Itajubá,31,Minas Gerais,Sudeste,10,10,10923,96153.0,1129.328358085888,45.20181772945897,7851.4363771835415,2024,7851.4363771835415,0.0006703319005139825
3132503,Itamarandiba,31,Minas Gerais,Sudeste,10,10,9286,34269.4,2717.315628324071,190.71862132270678,21730.087588247356,2024,21730.087588247356,0.0005698711002630085
3132602,Itamarati de Minas,31,Minas Gerais,Sudeste,10,8,316,4098.0,786.0029191792048,203.3423180592992,3202.7649769585255,2016,3202.7649769585255,1.9392555210328525e-05
3132701,Itambacuri,31,Minas Gerais,Sudeste,10,10,7285,22467.8,3278.998944093552,2283.403384866594,14265.589782118706,2024,14265.589782118706,0.00044707204021279524
3132800,Itambé do Mato Dentro,31,Minas Gerais,Sudeste,10,6,230,2133.4,1058.085947799374,46.50892452784529,10206.89655172414,2024,10206.89655172414,1.4114834488530254e-05
3132909,Itamogi,31,Minas Gerais,Sudeste,10,8,1070,10541.2,971.1960979291395,120.06799486933693,7900.922075574038,2024,7900.922075574038,6.566466479446683e-05
3133006,Itamonte,31,Minas Gerais,Sudeste,10,10,2521,15324.5,1656.9018948412104,127.07454602021528,12808.530244191405,2024,12808.530244191405,0.00015471085976341206
3133105,Itanhandu,31,Minas Gerais,Sudeste,10,10,1072,15389.8,684.2186881654288,26.23042977107848,6465.187452180567,2024,6465.187452180567,6.578740248567144e-05
3133204,Itanhomi,31,Minas Gerais,Sudeste,10,10,821,11852.3,703.8402443395801,147.08112419122932,3336.873782970437,2024,3336.873782970437,5.0383822239492776e-05
3133303,Itaobim,31,Minas Gerais,Sudeste,10,9,1741,20422.4,866.3075225149305,45.617712053854284,4526.196135165857,2024,4526.196135165857,0.00010684316019361379
3133402,Itapagipe,31,Minas Gerais,Sudeste,10,10,4851,14659.0,3437.818959114583,1462.3041274133811,12965.60582274868,2025,12965.60582274868,0.00029770027001678375
3133501,Itapecerica,31,Minas Gerais,Sudeste,10,9,4891,21634.8,2281.8341203648233,303.8714492445059,13717.26772900941,2024,13717.26772900941,0.00030015502384087597
3133600,Itapeva,31,Minas Gerais,Sudeste,10,8,1120,11055.4,845.5302026011963,10.362808252738606,7155.715571557156,2024,7155.715571557156,6.87331070745821e-05
3133709,Itatiaiuçu,31,Minas Gerais,Sudeste,10,10,4696,11996.4,3623.545787394859,1434.3775221679637,20348.452547232228,2024,20348.452547232228,0.0002881880989484264
3133758,Itaú de Minas,31,Minas Gerais,Sudeste,10,10,5282,15478.2,3619.83454310503,379.50931868831776,18485.35332500347,2023,18485.35332500347,0.00032415024247137744
3133808,Itaúna,31,Minas Gerais,Sudeste,10,10,11262,95997.4,1151.7250525506672,166.24960506790472,5562.926829268293,2024,5562.926829268293,0.000691135939173164
3133907,Itaverava,31,Minas Gerais,Sudeste,10,8,501,5577.5,873.3245337926368,96.85601665896232,7666.898470097358,2024,7666.898470097358,3.074579164675503e-05
3134004,Itinga,31,Minas Gerais,Sudeste,10,9,806,14569.8,571.2969078148192,119.25029309167755,3775.918515823936,2023,3775.918515823936,4.94632895554582e-05
3134103,Itueta,31,Minas Gerais,Sudeste,10,10,540,6101.3,883.8983840691797,414.3424992357894,3156.5030573458935,2019,3156.5030573458935,3.313917662524494e-05
3134202,Ituiutaba,31,Minas Gerais,Sudeste,10,10,16660,104588.8,1604.7617389670584,1241.1016934589766,4625.453691655986,2023,4625.453691655986,0.0010224049677344089
3134301,Itumirim,31,Minas Gerais,Sudeste,10,7,693,6348.4,1018.5905618620345,65.06517519521887,8385.682980277574,2024,8385.682980277574,4.252861000239768e-05
3134400,Iturama,31,Minas Gerais,Sudeste,10,10,6258,39132.2,1578.6033292328143,1106.7529027794749,7046.871506992225,2025,7046.871506992225,0.00038404623577922755
3134509,Itutinga,31,Minas Gerais,Sudeste,10,6,990,4012.5,2284.6645869199538,52.72553777622776,21555.095468138945,2024,21555.095468138945,6.07551571462824e-05
3134608,Jaboticatubas,31,Minas Gerais,Sudeste,10,10,3017,20338.5,1469.8511364387289,696.8525158738531,5746.205336098803,2024,5746.205336098803,0.00018514980718215555
3134707,Jacinto,31,Minas Gerais,Sudeste,10,9,507,11877.6,437.1179072761677,175.94877940024148,2551.7056137523505,2024,2551.7056137523505,3.1114004720368865e-05
3134806,Jacuí,31,Minas Gerais,Sudeste,10,8,277,7668.0,365.3449369893342,58.53532180876682,1614.4096064042694,2023,1614.4096064042694,1.6999170231838613e-05
3134905,Jacutinga,31,Minas Gerais,Sudeste,10,9,2103,25976.0,786.3810067564041,23.300971752254203,4965.362291705673,2024,4965.362291705673,0.00012905868230164838
3135001,Jaguaraçu,31,Minas Gerais,Sudeste,10,10,299,3139.3,955.7039049200191,317.38173972601084,3945.666235446313,2023,3945.666235446313,1.8349284835089332e-05
3135050,Jaíba,31,Minas Gerais,Sudeste,10,10,1206,38635.3,312.19285842862973,120.59253350979444,1137.6622057441784,2024,1137.6622057441784,7.401082779638038e-05
3135076,Jampruca,31,Minas Gerais,Sudeste,10,9,272,4963.1,562.9614018958443,344.19989985019174,1904.3195541105433,2024,1904.3195541105433,1.6692326003827085e-05
3135100,Janaúba,31,Minas Gerais,Sudeste,10,10,10806,71847.1,1502.4622629796165,1529.3306849003247,4076.090664701628,2024,4076.090664701628,0.0006631517455785127
3135209,Januária,31,Minas Gerais,Sudeste,10,10,9315,67269.4,1392.0982434445355,134.5540618670877,9411.659486934876,2024,9411.659486934876,0.0005716507967854753
3135308,Japaraíba,31,Minas Gerais,Sudeste,10,8,1230,4443.9,2659.2378646973752,303.2802599035627,22367.294520547945,2024,22367.294520547945,7.548368009083571e-05
3135357,Japonvar,31,Minas Gerais,Sudeste,10,9,2746,8284.1,3351.283841814298,627.1771853542167,11369.509043927648,2023,11369.509043927648,0.0001685188500239308
3135407,Jeceaba,31,Minas Gerais,Sudeste,10,10,844,5528.9,1462.73265082908,136.9132868887831,5522.713130056005,2024,5522.713130056005,5.1795305688345806e-05
3135456,Jenipapo de Minas,31,Minas Gerais,Sudeste,10,8,780,7055.1,1189.252809447068,402.35750232186444,6270.411495754409,2024,6270.411495754409,4.786769956979826e-05
3135506,Jequeri,31,Minas Gerais,Sudeste,10,9,1080,12529.3,858.5937406464475,141.77729639746892,3533.038254821372,2024,3533.038254821372,6.627835325048989e-05
3135605,Jequitaí,31,Minas Gerais,Sudeste,10,9,727,7163.2,1060.2940999901216,351.5774935860544,5820.433436532508,2024,5820.433436532508,4.461515075287607e-05
3135704,Jequitibá,31,Minas Gerais,Sudeste,10,8,2042,5547.7,3464.5246749461585,65.0104213522109,23138.734011151195,2024,23138.734011151195,0.00012531518271990773
3135803,Jequitinhonha,31,Minas Gerais,Sudeste,10,9,451,24978.9,181.99390428170454,50.977901242717266,632.016958467457,2020,632.016958467457,2.767734936663976e-05
3135902,Jesuânia,31,Minas Gerais,Sudeste,10,4,307,4982.5,580.2207220267378,0.0,5702.416918429003,2024,5702.416918429003,1.8840235599907773e-05
3136009,Joaíma,31,Minas Gerais,Sudeste,10,8,1070,14890.1,748.3255979345103,166.72283752635207,3365.5211587617155,2024,3365.5211587617155,6.566466479446683e-05
3136108,Joanésia,31,Minas Gerais,Sudeste,10,10,562,4537.6,1254.7022217949311,352.3605065160025,4786.245353159851,2024,4786.245353159851,3.4489291228495666e-05
3136207,João Monlevade,31,Minas Gerais,Sudeste,10,10,21795,80683.1,2666.6387301154577,213.2193049888595,14758.877159309022,2024,14758.877159309022,0.0013375339899022473
3136306,João Pinheiro,31,Minas Gerais,Sudeste,10,10,6984,47981.1,1465.6444388289804,658.869620072692,4134.527040020513,2023,4134.527040020513,0.0004286000176865013
3136405,Joaquim Felício,31,Minas Gerais,Sudeste,10,8,682,4361.6,1696.773901484014,276.82727574229637,13287.072731945515,2024,13287.072731945515,4.185355270077232e-05
3136504,Jordânia,31,Minas Gerais,Sudeste,10,9,205,10675.7,193.13136387515058,41.492814377614934,1072.513287775247,2024,1072.513287775247,1.2580613348472619e-05
3136520,José Gonçalves de Minas,31,Minas Gerais,Sudeste,10,8,404,4314.0,943.7734635931977,176.3668430335097,3706.4863511144504,2024,3706.4863511144504,2.4793013623331404e-05
3136553,José Raydan,31,Minas Gerais,Sudeste,10,8,678,4706.3,1540.066857376131,297.1082537646005,8938.41911764706,2024,8938.41911764706,4.1608077318363096e-05
3136579,Josenópolis,31,Minas Gerais,Sudeste,10,7,587,4366.6,1342.510231040715,774.4593944660395,3687.2747435542,2024,3687.2747435542,3.60235123685533e-05
3136603,Nova União,31,Minas Gerais,Sudeste,10,10,680,5851.8,1145.6594807227316,590.9021391325557,5342.758507315469,2024,5342.758507315469,4.173081500956771e-05
3136652,Juatuba,31,Minas Gerais,Sudeste,10,10,6105,28741.6,2078.0742348739377,984.8943088865296,5744.822979291917,2019,5744.822979291917,0.0003746568024020748
3136702,Juiz de Fora,31,Minas Gerais,Sudeste,10,10,71794,562241.1,1275.9664836308118,157.12236375193945,6144.1722834127895,2016,6144.1722834127895,0.004405914901171918
3136801,Juramento,31,Minas Gerais,Sudeste,10,7,444,4120.0,1119.5974338622946,185.01091887758045,7208.387942332896,2024,7208.387942332896,2.7247767447423623e-05
3136900,Juruaia,31,Minas Gerais,Sudeste,10,9,399,10841.9,350.6064387636053,87.71160222251581,2685.610326604869,2024,2685.610326604869,2.4486169395319876e-05
3136959,Juvenília,31,Minas Gerais,Sudeste,10,9,546,5804.3,938.3233074399632,872.7425963070091,3035.925113847192,2024,3035.925113847192,3.350738969885878e-05
3137007,Ladainha,31,Minas Gerais,Sudeste,10,8,846,16624.8,563.3315067973314,166.77289528262511,4222.515452461977,2024,4222.515452461977,5.191804337955041e-05
3137106,Lagamar,31,Minas Gerais,Sudeste,10,10,588,7257.6,847.1803769966831,332.1131842734042,2772.781774580336,2024,2772.781774580336,3.608488121415561e-05
3137205,Lagoa da Prata,31,Minas Gerais,Sudeste,10,10,9672,52196.5,1821.6559858220674,760.4392390188185,11320.754716981133,2024,11320.754716981133,0.0005935594746654983
3137304,Lagoa dos Patos,31,Minas Gerais,Sudeste,10,9,303,3802.6,855.7192118598265,413.314207343829,4200.913242009133,2024,4200.913242009133,1.8594760217498553e-05
3137403,Lagoa Dourada,31,Minas Gerais,Sudeste,10,10,682,13000.1,520.3150153553854,38.33025757736558,4856.663616956389,2024,4856.663616956389,4.185355270077232e-05
3137502,Lagoa Formosa,31,Minas Gerais,Sudeste,10,10,2017,18553.3,1069.8976507003485,365.0859924947595,4173.719847651291,2023,4173.719847651291,0.0001237809615798501
3137536,Lagoa Grande,31,Minas Gerais,Sudeste,10,9,3199,9346.7,3498.8758973867907,1721.7173705225362,19154.8667632958,2023,19154.8667632958,0.00019631893708177515
3137601,Lagoa Santa,31,Minas Gerais,Sudeste,10,10,20228,69439.6,2817.4384229722555,614.8659399095645,11380.202798164564,2024,11380.202798164564,0.0012413690088434349
3137700,Lajinha,31,Minas Gerais,Sudeste,10,10,1568,20486.0,751.2734222822621,358.93398440306055,2609.466903183643,2024,2609.466903183643,9.622634990441496e-05
3137809,Lambari,31,Minas Gerais,Sudeste,10,9,1559,20786.6,744.5928849996418,23.990063449700678,6997.613365155131,2024,6997.613365155131,9.567403029399421e-05
3137908,Lamim,31,Minas Gerais,Sudeste,10,9,183,3334.9,564.7208851595398,153.08200657812202,3595.784252944823,2024,3595.784252944823,1.12304987452219e-05
3138005,Laranjal,31,Minas Gerais,Sudeste,10,9,491,6494.9,741.7890731290988,206.53919926674604,4186.1143523920655,2021,4186.1143523920655,3.013210319073198e-05
3138104,Lassance,31,Minas Gerais,Sudeste,10,10,1270,6836.2,1763.004823313318,516.5518477638143,12883.935852133733,2024,12883.935852133733,7.793843391492793e-05
3138203,Lavras,31,Minas Gerais,Sudeste,10,10,14186,105046.0,1319.8104605837166,315.2744646028623,7218.521349787048,2024,7218.521349787048,0.0008705784437143052
3138302,Leandro Ferreira,31,Minas Gerais,Sudeste,10,10,405,3244.9,1245.5371716509335,667.9943392492798,6055.045871559633,2024,6055.045871559633,2.485438246893371e-05
3138351,Leme do Prado,31,Minas Gerais,Sudeste,10,9,1130,4709.8,2507.463546120771,660.7832473802985,17073.17073170732,2024,17073.17073170732,6.934679553060516e-05
3138401,Leopoldina,31,Minas Gerais,Sudeste,10,10,2991,52478.0,567.0013919854348,234.2597454850379,1909.2806984247486,2021,1909.2806984247486,0.00018355421719649562
3138500,Liberdade,31,Minas Gerais,Sudeste,10,4,141,4981.2,294.90639635381325,0.0,2869.109947643979,2024,2869.109947643979,8.65300722992507e-06
3138609,Lima Duarte,31,Minas Gerais,Sudeste,10,10,3011,17055.9,1711.8485293762467,137.23784895712768,14459.123757904246,2024,14459.123757904246,0.00018478159410854173
3138625,Limeira do Oeste,31,Minas Gerais,Sudeste,10,10,1576,8082.1,1850.5078741205266,1414.7616554692727,4885.213796104886,2025,4885.213796104886,9.67173006692334e-05
3138658,Lontra,31,Minas Gerais,Sudeste,10,10,1912,9169.6,2119.778342114253,312.7985430736215,9255.129348795717,2024,9255.129348795717,0.00011733723279160803
3138674,Luisburgo,31,Minas Gerais,Sudeste,10,6,101,6621.1,142.89587402507806,14.989568202636262,1014.5934676858931,2024,1014.5934676858931,6.198253405832851e-06
3138682,Luislândia,31,Minas Gerais,Sudeste,10,10,1823,6539.3,2849.1237606132245,1157.6894711123434,15231.474166534997,2024,15231.474166534997,0.00011187540553300284
3138708,Luminárias,31,Minas Gerais,Sudeste,10,7,386,5555.9,678.6903005578349,88.12860970735339,5025.3009945908225,2024,5025.3009945908225,2.3688374402489905e-05
3138807,Luz,31,Minas Gerais,Sudeste,10,10,5506,18207.8,3021.1502725084947,1342.4056310181963,16122.159090909092,2024,16122.159090909092,0.00033789686388629385
3138906,Machacalis,31,Minas Gerais,Sudeste,10,9,1001,6901.8,1502.3961223880247,196.0211383450027,11217.51025991792,2024,11217.51025991792,6.143021444790775e-05
3139003,Machado,31,Minas Gerais,Sudeste,10,10,4892,40565.1,1257.1462643205093,124.49869215738306,11156.03512657413,2024,11156.03512657413,0.0003002163926864783
3139102,Madre de Deus de Minas,31,Minas Gerais,Sudeste,10,7,1147,5178.8,2148.7390174116595,39.10836745851934,21044.74817449916,2024,21044.74817449916,7.039006590584436e-05
3139201,Malacacheta,31,Minas Gerais,Sudeste,10,10,1794,18331.2,1005.7923589571931,112.83304778963335,7126.359078361783,2024,7126.359078361783,0.00011009570901053599
3139250,Mamonas,31,Minas Gerais,Sudeste,10,10,475,6359.8,759.1255054651037,585.4487261661252,2821.522309711286,2024,2821.522309711286,2.915020166109509e-05
3139300,Manga,31,Minas Gerais,Sudeste,10,10,3029,18825.2,1590.2268814823233,630.1665913807119,10100.06253908693,2024,10100.06253908693,0.00018588623332938323
3139409,Manhuaçu,31,Minas Gerais,Sudeste,10,10,17132,91668.8,1818.4051963484537,91.92289126906674,10834.325961986639,2024,10834.325961986639,0.0010513710628586971
3139508,Manhumirim,31,Minas Gerais,Sudeste,10,8,2372,21961.3,1121.959380058525,104.42200485621706,4768.835201086693,2023,4768.835201086693,0.00014556690176866855
3139607,Mantena,31,Minas Gerais,Sudeste,10,10,3525,27458.9,1288.3990218684035,485.83224993712344,4444.769354484977,2024,4444.769354484977,0.00021632518074812674
3139706,Maravilhas,31,Minas Gerais,Sudeste,10,9,2172,7744.3,2833.9148202369406,598.7066006152356,10707.635009310987,2024,10707.635009310987,0.00013329313264820745
3139805,Mar de Espanha,31,Minas Gerais,Sudeste,10,10,1459,12856.9,1124.1799223354851,42.22214485261226,7546.306883146581,2024,7546.306883146581,8.953714573376366e-05
3139904,Maria da Fé,31,Minas Gerais,Sudeste,10,8,206,14291.4,142.05877149961546,24.402406646562888,1051.0407364154703,2024,1051.0407364154703,1.2641982194074924e-05
3140001,Mariana,31,Minas Gerais,Sudeste,10,10,13385,61452.2,2114.1605392016063,208.50219624018888,15604.60832370664,2024,15604.60832370664,0.0008214219983868586
3140100,Marilac,31,Minas Gerais,Sudeste,10,9,881,4203.4,2070.4962964473243,802.259224515322,12175.925925925927,2024,12175.925925925927,5.4065952975631105e-05
3140159,Mário Campos,31,Minas Gerais,Sudeste,10,10,5154,15690.6,3229.109471454351,758.5835596994837,14650.066481324791,2024,14650.066481324791,0.00031629503023428233
3140209,Maripá de Minas,31,Minas Gerais,Sudeste,10,8,708,3173.6,2025.9393597262454,181.25932328065073,10064.47995514438,2025,10064.47995514438,4.344914268643226e-05
3140308,Marliéria,31,Minas Gerais,Sudeste,10,10,446,4314.5,1020.5090108938633,346.95220360787533,3680.3135888501747,2023,3680.3135888501747,2.7370505138628233e-05
3140407,Marmelópolis,31,Minas Gerais,Sudeste,10,4,7,2979.9,21.933076987501536,0.0,121.24886329190664,2024,121.24886329190664,4.295819192161382e-07
3140506,Martinho Campos,31,Minas Gerais,Sudeste,10,10,4635,13748.3,3285.5686684279062,756.5155717757191,17315.538344512825,2024,17315.538344512825,0.0002844445993666858
3140530,Martins Soares,31,Minas Gerais,Sudeste,10,7,493,8444.6,573.9583588518033,29.233161961370712,3472.779369627507,2024,3472.779369627507,3.025484088193659e-05
3140555,Mata Verde,31,Minas Gerais,Sudeste,10,10,384,8869.2,416.05427303939257,73.20773100650682,2886.445337280609,2024,2886.445337280609,2.3565636711285294e-05
3140605,Materlândia,31,Minas Gerais,Sudeste,10,8,666,4289.9,1646.7173693283862,81.03733013423182,7559.015570065294,2024,7559.015570065294,4.0871651171135434e-05
3140704,Mateus Leme,31,Minas Gerais,Sudeste,10,10,5963,34271.5,1700.6483490247306,163.8699243760223,6125.897760878749,2024,6125.897760878749,0.00036594242632654743
3140803,Matias Barbosa,31,Minas Gerais,Sudeste,10,9,2410,14413.5,1664.1267847795996,240.56919931673218,8730.432383973519,2024,8730.432383973519,0.00014789891790155615
3140852,Matias Cardoso,31,Minas Gerais,Sudeste,10,10,570,10241.8,589.7797664880708,317.8579394277478,2372.1191680719503,2023,2372.1191680719503,3.498024199331411e-05
3140902,Matipó,31,Minas Gerais,Sudeste,10,7,1606,18882.2,854.5542024319348,37.122854377698495,4263.691246226822,2023,4263.691246226822,9.855836603730256e-05
3141009,Mato Verde,31,Minas Gerais,Sudeste,10,9,1557,12399.0,1258.0999190827356,574.1789003128096,5703.546331099853,2024,5703.546331099853,9.55512926027896e-05
3141108,Matozinhos,31,Minas Gerais,Sudeste,10,10,10708,38035.3,2760.9592225390975,375.30625813677733,18724.389809371103,2024,18724.389809371103,0.0006571375987094868
3141207,Matutina,31,Minas Gerais,Sudeste,10,8,1141,3812.3,2934.8453123579075,181.71512403307548,20655.23419503455,2024,20655.23419503455,7.002185283223052e-05
3141306,Medeiros,31,Minas Gerais,Sudeste,10,7,435,3867.6,1105.861220376475,37.8411866996149,7666.666666666666,2022,7666.666666666666,2.6695447837002875e-05
3141405,Medina,31,Minas Gerais,Sudeste,10,9,1295,20726.3,620.837961902638,54.57432030164715,2191.0989654499317,2024,2191.0989654499317,7.947265505498557e-05
3141504,Mendes Pimentel,31,Minas Gerais,Sudeste,10,7,390,6138.2,673.6338971451619,65.50265884864542,5043.355158379048,2024,5043.355158379048,2.393384978489913e-05
3141603,Mercês,31,Minas Gerais,Sudeste,10,9,634,10667.2,598.5919139369737,183.45186182688965,3336.7895183334904,2024,3336.7895183334904,3.8907848111861656e-05
3141702,Mesquita,31,Minas Gerais,Sudeste,10,10,365,5427.0,668.4014225785068,239.68760694346798,2537.388674172408,2016,2537.388674172408,2.239962864484149e-05
3141801,Minas Novas,31,Minas Gerais,Sudeste,10,10,4086,28677.7,1595.613400603774,557.0858914666987,9181.100409243107,2024,9181.100409243107,0.0002507531031310201
3141900,Minduri,31,Minas Gerais,Sudeste,10,3,1110,3861.9,2909.627600490481,0.0,28990.825688073397,2024,28990.825688073397,6.811941861855905e-05
3142007,Mirabela,31,Minas Gerais,Sudeste,10,10,1573,13723.0,1151.7785322668592,779.1070296763462,5195.3786150562955,2019,5195.3786150562955,9.653319413242648e-05
3142106,Miradouro,31,Minas Gerais,Sudeste,10,10,1480,10063.9,1601.3390974927615,296.8760384721694,7560.214094558431,2023,7560.214094558431,9.082589149141208e-05
3142205,Miraí,31,Minas Gerais,Sudeste,10,10,1189,14515.0,823.1767501761436,253.99121186551653,2801.709963827688,2021,2801.709963827688,7.296755742114118e-05
3142254,Miravânia,31,Minas Gerais,Sudeste,10,9,548,4530.9,1240.2316033092843,214.59375902787,5509.847918224882,2024,5509.847918224882,3.363012739006339e-05
3142304,Moeda,31,Minas Gerais,Sudeste,10,9,473,5045.7,905.9766881785157,144.6165449998768,6841.8068418068415,2024,6841.8068418068415,2.902746396989048e-05
3142403,Moema,31,Minas Gerais,Sudeste,10,10,331,7583.7,431.23051217483163,139.27360833197798,2519.928002057084,2024,2519.928002057084,2.0313087894363107e-05
3142502,Monjolos,31,Minas Gerais,Sudeste,10,9,771,2223.3,3498.413476000107,436.66175268039933,30327.868852459018,2024,30327.868852459018,4.731537995937751e-05
3142601,Monsenhor Paulo,31,Minas Gerais,Sudeste,10,10,813,8600.4,949.6461572229971,123.24069929343565,7251.461988304093,2024,7251.461988304093,4.9892871474674335e-05
3142700,Montalvânia,31,Minas Gerais,Sudeste,10,10,1314,14689.7,904.7284233325092,245.3656220167161,4809.322033898305,2024,4809.322033898305,8.063866312142937e-05
3142809,Monte Alegre de Minas,31,Minas Gerais,Sudeste,10,10,853,20849.2,410.5137097183725,385.05604042041216,817.768315106939,2024,817.768315106939,5.2347625298766554e-05
3142908,Monte Azul,31,Minas Gerais,Sudeste,10,10,1276,20850.8,616.6290597066951,543.9749107227826,2196.627302327842,2024,2196.627302327842,7.830664698854177e-05
3143005,Monte Belo,31,Minas Gerais,Sudeste,10,10,1061,13231.8,803.0816428570175,166.05299367418468,3755.622188905547,2024,3755.622188905547,6.511234518404608e-05
3143104,Monte Carmelo,31,Minas Gerais,Sudeste,10,10,8540,48205.3,1779.8722976168174,549.5118375354391,10433.615700746457,2023,10433.615700746457,0.0005240899414436886
3143153,Monte Formoso,31,Minas Gerais,Sudeste,10,5,215,4715.8,478.0974250328874,11.268875366238449,3933.4681951000225,2024,3933.4681951000225,1.3194301804495674e-05
3143203,Monte Santo de Minas,31,Minas Gerais,Sudeste,10,10,3469,21433.1,1628.1531248383092,262.44387079009533,13553.3543026149,2024,13553.3543026149,0.00021288852539439764
3143302,Montes Claros,31,Minas Gerais,Sudeste,10,10,37153,414582.7,882.0338228230391,85.25732855112776,3920.3722592276217,2024,3920.3722592276217,0.0022800367206624547
3143401,Monte Sião,31,Minas Gerais,Sudeste,10,9,2469,24054.8,994.6143175608338,24.938731157114468,8418.56174547788,2024,8418.56174547788,0.00015151967979209216
3143450,Montezuma,31,Minas Gerais,Sudeste,10,7,268,7710.3,366.5985896514641,36.16342270457663,2421.55036538186,2024,2421.55036538186,1.644685062141786e-05
3143500,Morada Nova de Minas,31,Minas Gerais,Sudeste,10,10,1990,9012.8,2204.443318267652,811.1419452914251,7466.637255983235,2023,7466.637255983235,0.00012212400274858785
3143609,Morro da Garça,31,Minas Gerais,Sudeste,10,7,476,2469.3,1879.02147019847,185.61874453547102,10107.197549770292,2016,10107.197549770292,2.9211570506697397e-05
3143708,Morro do Pilar,31,Minas Gerais,Sudeste,10,8,703,3197.0,2213.292553323755,222.26500967240463,15563.957151858855,2024,15563.957151858855,4.314229845842073e-05
3143807,Munhoz,31,Minas Gerais,Sudeste,10,3,34,6747.2,43.29064436624522,0.0,381.82512409316536,2024,381.82512409316536,2.0865407504783856e-06
3143906,Muriaé,31,Minas Gerais,Sudeste,10,10,16820,107754.2,1576.2292460831518,887.7505278717716,5758.443155185,2023,5758.443155185,0.0010322239830307777
3144003,Mutum,31,Minas Gerais,Sudeste,10,10,2896,27561.1,1053.2881977020156,292.3118725218863,3700.2035475428906,2016,3700.2035475428906,0.0001777241768642766
3144102,Muzambinho,31,Minas Gerais,Sudeste,10,8,989,21320.6,440.27858988416057,42.609170978417495,3893.1060505171577,2024,3893.1060505171577,6.069378830068009e-05
3144201,Nacip Raydan,31,Minas Gerais,Sudeste,10,6,302,2917.9,1173.422516244326,407.6394148438054,3700.691337942253,2023,3700.691337942253,1.8533391371896246e-05
3144300,Nanuque,31,Minas Gerais,Sudeste,10,10,3203,38732.5,877.6423548081721,302.2114929629243,3190.8213939151774,2023,3190.8213939151774,0.00019656441246418437
3144359,Naque,31,Minas Gerais,Sudeste,10,10,1090,6738.9,1678.0722321602152,279.69648337566525,10462.589257994412,2024,10462.589257994412,6.689204170651294e-05
3144375,Natalândia,31,Minas Gerais,Sudeste,10,9,1303,3431.0,3686.177629153449,725.1167465306551,15426.136363636364,2023,15426.136363636364,7.996360581980401e-05
3144409,Natércia,31,Minas Gerais,Sudeste,10,5,132,4753.9,275.0593112138305,10.382059800664452,2562.5,2024,2562.5,8.10068761950432e-06
3144508,Nazareno,31,Minas Gerais,Sudeste,10,8,1201,8480.3,1433.01089037031,18.00806630482027,13253.873659117999,2024,13253.873659117999,7.370398356836885e-05
3144607,Nepomuceno,31,Minas Gerais,Sudeste,10,10,5143,26278.3,1998.5172889626378,391.8732265147088,11236.129432761698,2024,11236.129432761698,0.00031561997293265697
3144656,Ninheira,31,Minas Gerais,Sudeste,10,9,183,10500.9,169.20309910838782,23.6116358141292,1035.2725606962895,2024,1035.2725606962895,1.12304987452219e-05
3144672,Nova Belém,31,Minas Gerais,Sudeste,10,10,368,3220.0,1156.6970638834368,127.9062279928003,5956.907477820026,2024,5956.907477820026,2.258373518164841e-05
3144706,Nova Era,31,Minas Gerais,Sudeste,10,10,2517,17674.6,1414.5891212645752,198.84948438521363,11192.227775593867,2024,11192.227775593867,0.00015446538438100284
3144805,Nova Lima,31,Minas Gerais,Sudeste,10,10,19511,102874.3,1802.8652420641029,416.3316209868252,9297.309093350792,2024,9297.309093350792,0.0011973675465465818
3144904,Nova Módica,31,Minas Gerais,Sudeste,10,8,708,3666.2,1916.943185840235,681.4785800293047,8576.789064593942,2024,8576.789064593942,4.344914268643226e-05
3145000,Nova Ponte,31,Minas Gerais,Sudeste,10,10,1068,15184.9,709.3404089726145,363.50146453502623,1918.0709686258392,2023,1918.0709686258392,6.554192710326223e-05
3145059,Nova Porteirinha,31,Minas Gerais,Sudeste,10,9,1356,7222.2,1931.4526537267798,1471.6760674512807,7123.8938053097345,2024,7123.8938053097345,8.321615463672619e-05
3145109,Nova Resende,31,Minas Gerais,Sudeste,10,9,822,16683.4,489.23667950777656,66.0859030533193,3921.9176456627506,2024,3921.9176456627506,5.044519108509508e-05
3145208,Nova Serrana,31,Minas Gerais,Sudeste,10,10,31306,104204.2,2926.3441037511484,1732.0580160969453,10115.135948985917,2024,10115.135948985917,0.0019212130804257745
3145307,Novo Cruzeiro,31,Minas Gerais,Sudeste,10,9,2422,29773.0,869.5358153556601,56.46463534983583,7194.113575929771,2024,7194.113575929771,0.0001486353440487838
3145356,Novo Oriente de Minas,31,Minas Gerais,Sudeste,10,10,1082,10632.6,1021.788555571486,219.283510979446,3371.107513570136,2024,3371.107513570136,6.64010909416945e-05
3145372,Novorizonte,31,Minas Gerais,Sudeste,10,6,335,5021.8,717.2838596812703,103.45513774436579,5788.336933045356,2024,5788.336933045356,2.0558563276772327e-05
3145406,Olaria,31,Minas Gerais,Sudeste,10,7,231,1856.4,1194.3497529831993,137.27535856547325,6022.187004754358,2016,6022.187004754358,1.4176203334132561e-05
3145455,Olhos-d'Água,31,Minas Gerais,Sudeste,10,7,426,5816.9,757.5733106012788,34.90970123344771,4710.144927536232,2024,4710.144927536232,2.6143128226582124e-05
3145505,Olímpio Noronha,31,Minas Gerais,Sudeste,10,3,270,2704.0,1031.8416069990446,0.0,10206.422018348623,2024,10206.422018348623,1.656958831262247e-05
3145604,Oliveira,31,Minas Gerais,Sudeste,10,10,7264,41034.1,1820.4479413748759,222.80981179291763,10386.633385971169,2023,10386.633385971169,0.00044578329445514684
3145703,Oliveira Fortes,31,Minas Gerais,Sudeste,10,5,137,2106.5,666.6567526179916,68.7442713107241,4170.708050436469,2024,4170.708050436469,8.407531847515848e-06
3145802,Onça de Pitangui,31,Minas Gerais,Sudeste,10,10,583,3096.6,1906.2330758315395,801.8760239572422,10670.630987776676,2024,10670.630987776676,3.577803698614408e-05
3145851,Oratórios,31,Minas Gerais,Sudeste,10,7,304,4805.6,610.5288058956472,94.38090126388053,2935.38219070134,2024,2935.38219070134,1.865612906310086e-05
3145877,Orizânia,31,Minas Gerais,Sudeste,10,6,333,8249.0,386.3178787366238,24.896791971745955,2294.7825094188834,2024,2294.7825094188834,2.0435825585567717e-05
3145901,Ouro Branco,31,Minas Gerais,Sudeste,10,10,8012,39474.1,1985.992398593798,103.53374375700571,18336.591522110317,2024,18336.591522110317,0.0004916871909656713
3146008,Ouro Fino,31,Minas Gerais,Sudeste,10,9,2854,33282.2,861.9349888028413,32.74735700299293,7331.387124928522,2024,7331.387124928522,0.00017514668534897976
3146107,Ouro Preto,31,Minas Gerais,Sudeste,10,10,4386,75182.9,568.4005192944721,54.38309925616871,4783.443512325873,2024,4783.443512325873,0.0002691637568117117
3146206,Ouro Verde de Minas,31,Minas Gerais,Sudeste,10,9,1026,5914.4,1718.5352737762119,194.47353224631263,7425.742574257425,2024,7425.742574257425,6.29644355879654e-05
3146255,Padre Carvalho,31,Minas Gerais,Sudeste,10,10,1348,5847.8,2447.227342591034,903.7963944922292,13549.655850540807,2024,13549.655850540807,8.272520387190775e-05
3146305,Padre Paraíso,31,Minas Gerais,Sudeste,10,10,2679,19072.5,1487.3060242851127,350.21808834808553,9397.274334264697,2024,9397.274334264697,0.00016440713736857633
3146404,Paineiras,31,Minas Gerais,Sudeste,10,10,1263,4418.5,2930.4286282371036,1378.7152317228224,11935.408378188626,2024,11935.408378188626,7.750885199571179e-05
3146503,Pains,31,Minas Gerais,Sudeste,10,10,1344,8289.7,1621.2357610445058,1051.8632252805555,6198.29756623906,2024,6198.29756623906,8.247972848949854e-05
3146552,Pai Pedro,31,Minas Gerais,Sudeste,10,10,917,5907.4,1620.3072611802206,771.7152900394503,4990.091875337777,2022,4990.091875337777,5.62752314173141e-05
3146602,Paiva,31,Minas Gerais,Sudeste,10,6,502,1520.2,3349.9343001592338,65.53105274390884,31441.92256341789,2024,31441.92256341789,3.080716049235734e-05
3146701,Palma,31,Minas Gerais,Sudeste,10,10,439,6281.2,757.6588891340713,216.26803915632252,4092.6506443747826,2024,4092.6506443747826,2.6940923219412095e-05
3146750,Palmópolis,31,Minas Gerais,Sudeste,10,6,332,5948.1,539.6837089666399,55.23893806106973,2918.562686332967,2024,2918.562686332967,2.037445673996541e-05
3146909,Papagaios,31,Minas Gerais,Sudeste,10,10,3085,15010.2,2038.7969291214292,811.7656769258232,7052.8640083127675,2016,7052.8640083127675,0.00018932288868311233
3147006,Paracatu,31,Minas Gerais,Sudeste,10,10,14434,94354.7,1534.1355412556454,1105.0889054572406,4291.503142848026,2023,4291.503142848026,0.000885797917423677
3147105,Pará de Minas,31,Minas Gerais,Sudeste,10,10,20293,96135.7,2092.9589044940885,680.8881220741479,7973.890800035283,2024,7973.890800035283,0.0012453579838075845
3147204,Paraguaçu,31,Minas Gerais,Sudeste,10,9,2996,21755.3,1367.2059766127925,180.8534336834256,6306.679556230723,2022,6306.679556230723,0.00018386106142450714
3147303,Paraisópolis,31,Minas Gerais,Sudeste,10,9,489,20940.1,232.68555382562698,14.261865177342239,1951.916210426089,2024,1951.916210426089,3.000936549952737e-05
3147402,Paraopeba,31,Minas Gerais,Sudeste,10,10,3296,24508.2,1354.246802495716,215.728712619556,6935.744804413655,2023,6935.744804413655,0.00020227171510519879
3147501,Passabém,31,Minas Gerais,Sudeste,10,7,204,1646.5,1259.569691691478,91.55839405351348,10513.296227581943,2024,10513.296227581943,1.2519244502870312e-05
3147600,Passa Quatro,31,Minas Gerais,Sudeste,10,9,673,16107.2,424.07232651266224,58.04422400023433,3358.161848251483,2024,3358.161848251483,4.130123309035157e-05
3147709,Passa Tempo,31,Minas Gerais,Sudeste,10,8,1221,8330.2,1417.5480276905987,193.43701596749503,10315.08739650414,2024,10315.08739650414,7.493136048041496e-05
3147808,Passa Vinte,31,Minas Gerais,Sudeste,10,7,242,2143.2,1072.47098373554,120.20114410364124,5821.764442454098,2022,5821.764442454098,1.4851260635757921e-05
3147907,Passos,31,Minas Gerais,Sudeste,10,10,41528,114560.8,3628.591610731787,1256.6657797818893,15288.766841156785,2024,15288.766841156785,0.002548525420172541
3147956,Patis,31,Minas Gerais,Sudeste,10,8,615,5523.1,1168.5058566261114,413.8393493162057,5140.859551717047,2024,5140.859551717047,3.7741840045417854e-05
3148004,Patos de Minas,31,Minas Gerais,Sudeste,10,10,34716,156780.9,2156.8277743896147,983.4502568441126,8127.717876928576,2024,8127.717876928576,0.0021304808439296364
3148103,Patrocínio,31,Minas Gerais,Sudeste,10,10,14904,91154.0,1626.2581914936416,1357.61349137375,4794.783275795934,2024,4794.783275795934,0.0009146412748567605
3148202,Patrocínio do Muriaé,31,Minas Gerais,Sudeste,10,8,894,5676.5,1572.3054055822738,615.7570306920054,6830.031282586027,2025,6830.031282586027,5.486374796846108e-05
3148301,Paula Cândido,31,Minas Gerais,Sudeste,10,6,544,9254.4,600.2156120800621,15.665257405814623,3107.216025495106,2024,3107.216025495106,3.338465200765417e-05
3148400,Paulistas,31,Minas Gerais,Sudeste,10,8,469,4686.6,1028.270485396463,113.78659361633609,6728.381124407315,2024,6728.381124407315,2.878198858748126e-05
3148509,Pavão,31,Minas Gerais,Sudeste,10,7,740,8357.8,900.7469279800378,151.33686779097764,6868.266405484818,2024,6868.266405484818,4.541294574570604e-05
3148608,Peçanha,31,Minas Gerais,Sudeste,10,8,1323,17648.0,742.8173519867311,37.18590478365866,6226.5314128790005,2024,6226.5314128790005,8.119098273185012e-05
3148707,Pedra Azul,31,Minas Gerais,Sudeste,10,10,1489,24563.4,602.5711704568963,34.458253717662984,4041.7526398834807,2016,4041.7526398834807,9.137821110183282e-05
3148756,Pedra Bonita,31,Minas Gerais,Sudeste,10,5,71,7244.7,94.30259524933625,7.02543206407194,833.4435771927504,2024,833.4435771927504,4.3571880377636875e-06
3148806,Pedra do Anta,31,Minas Gerais,Sudeste,10,7,775,3205.0,2324.3113247465494,78.0689334135035,12141.347025067955,2023,12141.347025067955,4.756085534178673e-05
3148905,Pedra do Indaiá,31,Minas Gerais,Sudeste,10,9,967,4065.7,2302.3609239120838,297.8040576135684,18005.671077504725,2024,18005.671077504725,5.934367369742938e-05
3149002,Pedra Dourada,31,Minas Gerais,Sudeste,10,5,64,2626.2,228.279533096295,18.135654697134566,1144.6409989594174,2024,1144.6409989594174,3.927606118547549e-06
3149101,Pedralva,31,Minas Gerais,Sudeste,10,7,480,11118.6,433.0478546516201,44.22852065007722,2947.638227755401,2024,2947.638227755401,2.9457045889106618e-05
3149150,Pedras de Maria da Cruz,31,Minas Gerais,Sudeste,10,9,681,11286.4,626.9515820654148,203.95029366710287,3154.722666917789,2024,3154.722666917789,4.1792183855170016e-05
3149200,Pedrinópolis,31,Minas Gerais,Sudeste,10,9,1045,3537.8,3055.5824715916547,690.3574077268647,22972.972972972973,2024,22972.972972972973,6.41304436544092e-05
3149309,Pedro Leopoldo,31,Minas Gerais,Sudeste,10,10,11407,64039.5,1768.9362118264398,258.84538701575843,12062.85626251733,2024,12062.85626251733,0.0007000344217854983
3149408,Pedro Teixeira,31,Minas Gerais,Sudeste,10,6,69,1824.1,373.3134309115877,110.52779543343274,2642.9341963322545,2024,2642.9341963322545,4.234450346559076e-06
3149507,Pequeri,31,Minas Gerais,Sudeste,10,8,415,3359.3,1230.404584095289,635.3988564804567,4327.066547299314,2022,4327.066547299314,2.5468070924956765e-05
3149606,Pequi,31,Minas Gerais,Sudeste,10,10,1908,4327.1,4423.782737590665,555.0541516245487,24166.275246594647,2024,24166.275246594647,0.0001170917574091988
3149705,Perdigão,31,Minas Gerais,Sudeste,10,10,3691,11856.6,3020.565781436141,1947.9366330248831,11736.943907156674,2024,11736.943907156674,0.00022651240911810943
3149804,Perdizes,31,Minas Gerais,Sudeste,10,10,3545,16680.1,2045.5208711377072,698.1867690274792,9253.104775231765,2023,9253.104775231765,0.00021755255766017285
3149903,Perdões,31,Minas Gerais,Sudeste,10,10,3026,21536.5,1395.131442367097,223.4290555741382,6698.194716020191,2024,6698.194716020191,0.00018570212679257632
3149952,Periquito,31,Minas Gerais,Sudeste,10,8,248,6768.6,363.14532064315256,155.62476793200725,1228.6400225956786,2016,1228.6400225956786,1.5219473709371753e-05
3150000,Pescador,31,Minas Gerais,Sudeste,10,10,320,3991.4,850.4070579321542,513.3801976304682,4209.645943685531,2024,4209.645943685531,1.9638030592737745e-05
3150109,Piau,31,Minas Gerais,Sudeste,10,9,956,2797.2,3370.572682415187,601.5351749680838,17238.96285914506,2024,17238.96285914506,5.8668616395804015e-05
3150158,Piedade de Caratinga,31,Minas Gerais,Sudeste,10,10,892,8581.0,1017.2076620451013,139.41443686430162,7418.664865473376,2024,7418.664865473376,5.4741010277256466e-05
3150208,Piedade de Ponte Nova,31,Minas Gerais,Sudeste,10,8,438,4104.4,1079.9574283573345,525.3508385224371,4462.524654832347,2024,4462.524654832347,2.687955437380979e-05
3150307,Piedade do Rio Grande,31,Minas Gerais,Sudeste,10,5,1106,4591.3,2364.229692452827,11.195700850873264,18628.912071535022,2024,18628.912071535022,6.787394323614984e-05
3150406,Piedade dos Gerais,31,Minas Gerais,Sudeste,10,8,291,5032.7,568.4830042153875,119.64516868242463,3748.792270531401,2024,3748.792270531401,1.7858334070270888e-05
3150505,Pimenta,31,Minas Gerais,Sudeste,10,10,2966,8683.9,3399.021209677583,228.85535664716014,22105.981350921084,2024,22105.981350921084,0.000182019996056438
3150539,Pingo-d'Água,31,Minas Gerais,Sudeste,10,10,1344,4867.6,2816.804669028014,762.2035234316131,17084.572885677855,2023,17084.572885677855,8.247972848949854e-05
3150570,Pintópolis,31,Minas Gerais,Sudeste,10,7,344,7383.6,469.7468607569819,62.12482882684368,2696.72244502835,2024,2696.72244502835,2.1110882887193075e-05
3150604,Piracema,31,Minas Gerais,Sudeste,10,8,1711,6593.7,2507.5829966968317,566.5295477247937,19102.266124346308,2024,19102.266124346308,0.00010500209482554463
3150703,Pirajuba,31,Minas Gerais,Sudeste,10,10,1349,5918.7,2304.347774275068,1530.047043544313,5865.15307877537,2025,5865.15307877537,8.278657271751006e-05
3150802,Piranga,31,Minas Gerais,Sudeste,10,8,1489,17508.3,855.7453550177536,71.72873884996946,7235.023041474655,2024,7235.023041474655,9.137821110183282e-05
3150901,Piranguçu,31,Minas Gerais,Sudeste,10,8,251,5760.1,404.01700779645523,43.16213178780927,3635.783766544411,2024,3635.783766544411,1.540358024617867e-05
3151008,Piranguinho,31,Minas Gerais,Sudeste,10,6,248,8882.8,263.7576680022554,56.495575257361644,1661.199873029309,2024,1661.199873029309,1.5219473709371753e-05
3151107,Pirapetinga,31,Minas Gerais,Sudeste,10,9,365,10978.6,326.9504674325543,45.68433573212619,1604.1374474053298,2024,1604.1374474053298,2.239962864484149e-05
3151206,Pirapora,31,Minas Gerais,Sudeste,10,10,4302,56576.9,763.2893524640459,209.93163060730893,2445.779232456929,2023,2445.779232456929,0.00026400877378111805
3151305,Piraúba,31,Minas Gerais,Sudeste,10,10,2226,11244.8,1975.1114255812342,1770.3985291194595,4986.474301172228,2016,4986.474301172228,0.00013660705031073194
3151404,Pitangui,31,Minas Gerais,Sudeste,10,10,3441,27653.1,1260.330552156154,378.86437467790074,5609.893198426083,2023,5609.893198426083,0.00021117019771753307
3151503,Piumhi,31,Minas Gerais,Sudeste,10,10,8553,35590.6,2326.9731182893743,564.2016399628272,11512.373483122252,2024,11512.373483122252,0.0005248877364365186
3151602,Planura,31,Minas Gerais,Sudeste,10,10,3771,11759.7,3266.109535620594,2336.310390633657,12009.01760166479,2025,12009.01760166479,0.00023142191676629387
3151701,Poço Fundo,31,Minas Gerais,Sudeste,10,8,845,16741.0,502.97137152812303,23.745462400785996,3436.3647191948066,2024,3436.3647191948066,5.185667453394811e-05
3151800,Poços de Caldas,31,Minas Gerais,Sudeste,10,10,2059,167434.0,120.36442157477666,15.360384933527376,831.326916686585,2024,831.326916686585,0.00012635845309514693
3151909,Pocrane,31,Minas Gerais,Sudeste,10,8,734,8492.3,867.9790163633868,64.72740301417365,6258.8568729333965,2024,6258.8568729333965,4.5044732672092204e-05
3152006,Pompéu,31,Minas Gerais,Sudeste,10,10,5899,31753.1,1854.57113943738,471.76589856101015,6748.18139606872,2024,6748.18139606872,0.0003620148202079999
3152105,Ponte Nova,31,Minas Gerais,Sudeste,10,9,13989,59453.3,2375.40421908432,287.90642395921964,9285.862641927444,2023,9285.862641927444,0.0008584887811306511
3152131,Ponto Chique,31,Minas Gerais,Sudeste,10,10,375,4067.9,934.599475519185,667.1815261463184,2081.6653322658126,2023,2081.6653322658126,2.3013317100864546e-05
3152170,Ponto dos Volantes,31,Minas Gerais,Sudeste,10,10,242,11671.4,208.67530073355698,47.6873757540376,911.7992236165027,2024,911.7992236165027,1.4851260635757921e-05
3152204,Porteirinha,31,Minas Gerais,Sudeste,10,10,2419,38125.0,631.6377022363738,409.5809595360157,2001.6551153408502,2024,2001.6551153408502,0.0001484512375119769
3152303,Porto Firme,31,Minas Gerais,Sudeste,10,7,1525,11047.5,1402.633583336717,88.3368897995698,8551.660516605165,2025,8551.660516605165,9.358748954351582e-05
3152402,Poté,31,Minas Gerais,Sudeste,10,10,943,15428.3,655.9448522499745,521.4946410933476,2290.355627103761,2023,2290.355627103761,5.787082140297405e-05
3152501,Pouso Alegre,31,Minas Gerais,Sudeste,10,10,13699,152643.1,853.2165472949722,33.78688938807353,7361.69603921593,2024,7361.69603921593,0.0008406918159059824
3152600,Pouso Alto,31,Minas Gerais,Sudeste,10,7,1051,6274.4,1557.5485012849617,33.554628940016,15011.102886750554,2024,15011.102886750554,6.449865672802303e-05
3152709,Prados,31,Minas Gerais,Sudeste,10,9,1399,9100.3,1511.1900224084345,197.87348960185852,11740.109359922806,2024,11740.109359922806,8.585501499762533e-05
3152808,Prata,31,Minas Gerais,Sudeste,10,10,7147,28317.4,2486.6409252538233,978.3971254151927,6907.160727567786,2024,6907.160727567786,0.0004386031395196771
3152907,Pratápolis,31,Minas Gerais,Sudeste,10,9,2235,8603.8,2632.9909280152906,927.6675766796268,9754.936949797762,2023,9754.936949797762,0.0001371593699211527
3153004,Pratinha,31,Minas Gerais,Sudeste,10,9,280,3605.9,765.5926655780984,82.2049104472049,6452.491151647155,2024,6452.491151647155,1.7183276768645526e-05
3153103,Presidente Bernardes,31,Minas Gerais,Sudeste,10,8,283,5199.3,573.3176723236286,84.00977701464186,4710.219127585501,2024,4710.219127585501,1.7367383305452443e-05
3153202,Presidente Juscelino,31,Minas Gerais,Sudeste,10,9,886,3606.7,2517.7095652342105,183.07630620442603,20297.738333810477,2024,20297.738333810477,5.437279720364263e-05
3153301,Presidente Kubitschek,31,Minas Gerais,Sudeste,10,7,170,3058.5,542.4646565456245,114.73237808166593,4280.279010779962,2024,4280.279010779962,1.0432703752391927e-05
3153400,Presidente Olegário,31,Minas Gerais,Sudeste,10,10,1799,19329.1,929.415967398933,362.84464161337314,4000.408726306647,2019,4000.408726306647,0.00011040255323854752
3153509,Alto Jequitibá,31,Minas Gerais,Sudeste,10,7,824,8428.0,976.7246482525177,117.2074165201117,4288.639922900856,2020,4288.639922900856,5.0567928776299697e-05
3153608,Prudente de Morais,31,Minas Gerais,Sudeste,10,10,1872,11111.3,1627.500097665964,657.701618014755,7638.19095477387,2024,7638.19095477387,0.00011488247896751581
3153707,Quartel Geral,31,Minas Gerais,Sudeste,10,10,417,3421.3,1266.5834752638998,545.8115527645243,4973.741118319432,2024,4973.741118319432,2.5590808616161376e-05
3153806,Queluzito,31,Minas Gerais,Sudeste,10,9,325,1881.1,1804.2175412264908,180.6387475713502,15166.666666666668,2024,15166.666666666668,1.9944874820749273e-05
3153905,Raposos,31,Minas Gerais,Sudeste,10,10,2483,16435.2,1496.9392150420422,407.80067904942206,7146.69853600239,2024,7146.69853600239,0.00015237884363052446
3154002,Raul Soares,31,Minas Gerais,Sudeste,10,10,2161,23830.1,906.6140394563939,351.9116318100299,5443.4301984758395,2024,5443.4301984758395,0.0001326180753465821
3154101,Recreio,31,Minas Gerais,Sudeste,10,9,659,10818.6,587.5489601973538,103.60997564951896,3237.187968598395,2024,3237.187968598395,4.044206925191929e-05
3154150,Reduto,31,Minas Gerais,Sudeste,10,5,703,7500.7,881.7095674477271,30.31772980839195,5385.556915544676,2024,5385.556915544676,4.314229845842073e-05
3154200,Resende Costa,31,Minas Gerais,Sudeste,10,5,1609,11469.5,1396.7744698113074,8.662508662508662,13793.402777777777,2024,13793.402777777777,9.874247257410948e-05
3154309,Resplendor,31,Minas Gerais,Sudeste,10,10,1333,17469.0,761.3996109857607,299.2481647273219,2431.593469763164,2020,2431.593469763164,8.180467118787318e-05
3154408,Ressaquinha,31,Minas Gerais,Sudeste,10,3,347,4733.5,747.5024715876843,0.0,7304.4602456367165,2024,7304.4602456367165,2.1294989423999992e-05
3154457,Riachinho,31,Minas Gerais,Sudeste,10,10,1223,7655.9,1636.556120245888,925.9060710331638,5791.00145137881,2024,5791.00145137881,7.505409817161957e-05
3154507,Riacho dos Machados,31,Minas Gerais,Sudeste,10,10,989,9250.8,1118.3983835562976,189.92021019181888,5790.315212425765,2022,5790.315212425765,6.069378830068009e-05
3154606,Ribeirão das Neves,31,Minas Gerais,Sudeste,10,10,71704,335161.9,2120.1385985470733,104.01779127251712,11218.926537288156,2024,11218.926537288156,0.00440039170506771
3154705,Ribeirão Vermelho,31,Minas Gerais,Sudeste,10,8,990,4083.8,2410.421776379741,750.4053567869003,14730.392156862745,2023,14730.392156862745,6.07551571462824e-05
3154804,Rio Acima,31,Minas Gerais,Sudeste,10,10,2582,10345.4,2470.255799170957,627.1718352701247,13890.457368718236,2024,13890.457368718236,0.00015845435934515268
3154903,Rio Casca,31,Minas Gerais,Sudeste,10,10,2104,13374.7,1623.9045961810184,517.4058242343258,5634.238836003405,2024,5634.238836003405,0.00012912005114725067
3155009,Rio Doce,31,Minas Gerais,Sudeste,10,8,217,2574.8,857.1856084862972,79.54356155255705,4950.884086444008,2025,4950.884086444008,1.3317039495700284e-05
3155108,Rio do Prado,31,Minas Gerais,Sudeste,10,8,369,4978.4,766.4207316104128,361.8939352287606,3526.3945287454585,2024,3526.3945287454585,2.2645104027250712e-05
3155207,Rio Espera,31,Minas Gerais,Sudeste,10,7,349,5524.2,636.9668903377518,27.23106431918638,5438.948713268845,2024,5438.948713268845,2.1417727115204603e-05
3155306,Rio Manso,31,Minas Gerais,Sudeste,10,10,1567,5753.1,2731.0822896457016,300.8652195830383,19346.953029509343,2024,19346.953029509343,9.616498105881265e-05
3155405,Rio Novo,31,Minas Gerais,Sudeste,10,9,660,8837.0,747.9962055559685,304.6031071590293,2635.5161698699508,2024,2635.5161698699508,4.05034380975216e-05
3155504,Rio Paranaíba,31,Minas Gerais,Sudeste,10,10,3794,13369.2,2564.941601707977,575.0590512832515,19837.548702370732,2024,19837.548702370732,0.0002328334002151469
3155603,Rio Pardo de Minas,31,Minas Gerais,Sudeste,10,9,1440,30057.1,495.4784630525457,43.020352398828166,3680.9394636541565,2024,3680.9394636541565,8.837113766731986e-05
3155702,Rio Piracicaba,31,Minas Gerais,Sudeste,10,9,2413,14587.8,1615.6568027113226,188.30275909262025,12239.184054396374,2024,12239.184054396374,0.00014808302443836306
3155801,Rio Pomba,31,Minas Gerais,Sudeste,10,10,3286,17842.3,1851.213494638705,1328.9155214429886,5830.41907928682,2023,5830.41907928682,0.00020165802664917572
3155900,Rio Preto,31,Minas Gerais,Sudeste,10,8,287,5375.3,545.6664478598768,37.71297333386947,4179.3893129770995,2024,4179.3893129770995,1.7612858687861667e-05
3156007,Rio Vermelho,31,Minas Gerais,Sudeste,10,9,558,12902.0,435.64613411343055,35.364345414085435,2910.651580179477,2024,2910.651580179477,3.4243815846086446e-05
3156106,Ritápolis,31,Minas Gerais,Sudeste,10,9,549,4825.6,1080.534997686329,175.15759547442565,9345.063538611925,2024,9345.063538611925,3.36914962356657e-05
3156205,Rochedo de Minas,31,Minas Gerais,Sudeste,10,8,261,2313.9,1109.3969526563683,152.4514849686658,7998.30723656369,2024,7998.30723656369,1.6017268702201724e-05
3156304,Rodeiro,31,Minas Gerais,Sudeste,10,10,2095,8383.2,2451.089325684731,1982.7931345689044,8737.864077669903,2024,8737.864077669903,0.00012856773153682992
3156403,Romaria,31,Minas Gerais,Sudeste,10,10,541,3504.3,1564.6603098440762,770.7403197518856,5087.209302325581,2024,5087.209302325581,3.320054547084725e-05
3156452,Rosário da Limeira,31,Minas Gerais,Sudeste,10,9,157,4685.3,328.6550343881677,43.601583991270175,1626.5314744402197,2023,1626.5314744402197,9.634908759561957e-06
3156502,Rubelita,31,Minas Gerais,Sudeste,10,8,837,5971.6,1453.6578971875954,361.04403817408297,9493.898061737258,2024,9493.898061737258,5.1365723769129665e-05
3156601,Rubim,31,Minas Gerais,Sudeste,10,9,805,10349.6,772.1667860097139,128.33193163050063,3167.8486997635932,2024,3167.8486997635932,4.9401920709855894e-05
3156700,Sabará,31,Minas Gerais,Sudeste,10,10,44957,134555.3,3346.169263453105,1017.7327417854837,15097.627451856486,2024,15097.627451856486,0.0027589591917428465
3156809,Sabinópolis,31,Minas Gerais,Sudeste,10,9,1477,15084.3,1025.164899748496,90.83332465952837,7370.324016131276,2024,7370.324016131276,9.064178495460516e-05
3156908,Sacramento,31,Minas Gerais,Sudeste,10,10,5798,26622.8,2137.319097900296,978.9074516989988,9347.101215445842,2024,9347.101215445842,0.000355816566802167
3157005,Salinas,31,Minas Gerais,Sudeste,10,10,5824,41334.4,1410.6082667815742,413.1106262388073,6654.499171489638,2024,6654.499171489638,0.00035741215678782696
3157104,Salto da Divisa,31,Minas Gerais,Sudeste,10,8,436,6679.6,704.7195883162345,101.55912296735534,2465.931213497729,2024,2465.931213497729,2.6756816682605178e-05
3157203,Santa Bárbara,31,Minas Gerais,Sudeste,10,10,5539,31133.8,1772.8298725170655,86.519394450808,10438.9721627409,2024,10438.9721627409,0.00033992203579116993
3157252,Santa Bárbara do Leste,31,Minas Gerais,Sudeste,10,8,282,8341.5,330.0519827222712,77.12554217594959,1693.945290145359,2024,1693.945290145359,1.730601445985014e-05
3157278,Santa Bárbara do Monte Verde,31,Minas Gerais,Sudeste,10,4,261,3143.1,815.9421817945904,0.0,6595.811190997186,2024,6595.811190997186,1.6017268702201724e-05
3157302,Santa Bárbara do Tugúrio,31,Minas Gerais,Sudeste,10,5,441,4379.2,1014.1066013589868,11.28668171557562,4106.053496011263,2024,4106.053496011263,2.7063660910616706e-05
3157336,Santa Cruz de Minas,31,Minas Gerais,Sudeste,10,10,2060,8444.6,2465.861611159951,567.5997293114008,16512.43840884509,2024,16512.43840884509,0.00012641982194074925
3157377,Santa Cruz de Salinas,31,Minas Gerais,Sudeste,10,8,387,4087.9,935.5472884046433,255.31396978064112,3716.448726772195,2016,3716.448726772195,2.374974324809221e-05
3157401,Santa Cruz do Escalvado,31,Minas Gerais,Sudeste,10,7,336,4772.7,713.1683920776236,94.79773414199644,3573.721378129681,2023,3573.721378129681,2.0619932122374634e-05
3157500,Santa Efigênia de Minas,31,Minas Gerais,Sudeste,10,9,395,4295.6,971.3054240230995,46.55934483995779,5802.803048930416,2024,5802.803048930416,2.4240694012910656e-05
3157609,Santa Fé de Minas,31,Minas Gerais,Sudeste,10,10,595,3744.9,1624.7162163628773,653.6331940539304,5337.876206700738,2023,5337.876206700738,3.6514463133371744e-05
3157658,Santa Helena de Minas,31,Minas Gerais,Sudeste,10,8,173,6229.1,283.76831168790983,63.79387341471717,2178.5773229905926,2024,2178.5773229905926,1.0616810289198844e-05
3157708,Santa Juliana,31,Minas Gerais,Sudeste,10,10,1828,14789.9,1174.1370383610451,806.3585616204823,4852.728150651859,2024,4852.728150651859,0.00011218224976101438
3157807,Santa Luzia,31,Minas Gerais,Sudeste,10,10,37900,221406.6,1686.0876178049716,447.1119487324223,8930.073251613409,2024,8930.073251613409,0.0023258792483273768
3157906,Santa Margarida,31,Minas Gerais,Sudeste,10,8,768,16394.9,460.7773621930531,42.195840151373716,2839.7325918476013,2024,2839.7325918476013,4.713127342257059e-05
3158003,Santa Maria de Itabira,31,Minas Gerais,Sudeste,10,9,2393,10780.4,2234.142506225161,118.79900248010445,20604.703247480404,2024,20604.703247480404,0.00014685564752631695
3158102,Santa Maria do Salto,31,Minas Gerais,Sudeste,10,7,235,5075.8,487.7053523714527,62.10367456592547,2498.4384759525296,2024,2498.4384759525296,1.4421678716541782e-05
3158201,Santa Maria do Suaçuí,31,Minas Gerais,Sudeste,10,9,1663,13952.3,1250.2446555357192,531.1619598617781,4496.8212125910995,2024,4496.8212125910995,0.00010205639023663397
3158300,Santana da Vargem,31,Minas Gerais,Sudeste,10,10,970,6992.5,1427.0134412024188,155.03008310162278,12033.62335938652,2024,12033.62335938652,5.952778023423629e-05
3158409,Santana de Cataguases,31,Minas Gerais,Sudeste,10,9,311,3733.6,852.9696495808042,349.46075237474713,4531.381930762736,2024,4531.381930762736,1.9085710982316997e-05
3158508,Santana de Pirapama,31,Minas Gerais,Sudeste,10,9,942,7459.6,1284.8646316768857,206.2588904694168,8150.868766774968,2024,8150.868766774968,5.780945255737174e-05
3158607,Santana do Deserto,31,Minas Gerais,Sudeste,10,7,485,3909.7,1255.6126831745928,251.30372791888232,7855.459544383346,2024,7855.459544383346,2.9763890117118145e-05
3158706,Santana do Garambéu,31,Minas Gerais,Sudeste,10,3,15,2334.1,69.07268663917372,0.0,505.74712643678157,2024,505.74712643678157,9.205326840345818e-07
3158805,Santana do Jacaré,31,Minas Gerais,Sudeste,10,9,1518,4595.4,3558.8358969766473,155.04350273498207,20384.432842904604,2023,20384.432842904604,9.315790762429968e-05
3158904,Santana do Manhuaçu,31,Minas Gerais,Sudeste,10,8,256,8885.8,278.81456218591734,22.427895654655575,2100.476396708532,2024,2100.476396708532,1.5710424474190196e-05
3158953,Santana do Paraíso,31,Minas Gerais,Sudeste,10,10,5836,39198.5,1394.5531018686968,508.6261160398735,5107.142857142857,2023,5107.142857142857,0.00035814858293505464
3159001,Santana do Riacho,31,Minas Gerais,Sudeste,10,10,1208,4765.8,2499.614363246081,244.2264553626959,9766.355140186917,2016,9766.355140186917,7.413356548758498e-05
3159100,Santana dos Montes,31,Minas Gerais,Sudeste,10,8,815,3679.8,2320.7115611759154,71.80669391854667,22269.74622184203,2024,22269.74622184203,5.001560916587895e-05
3159209,Santa Rita de Caldas,31,Minas Gerais,Sudeste,10,5,93,8822.2,107.9668254411692,11.82033096926714,675.3609687936655,2024,675.3609687936655,5.707302641014407e-06
3159308,Santa Rita de Jacutinga,31,Minas Gerais,Sudeste,10,5,420,4876.4,868.7301848208601,9.893153937475267,8312.655086848634,2024,8312.655086848634,2.5774915152968293e-05
3159357,Santa Rita de Minas,31,Minas Gerais,Sudeste,10,8,311,7067.0,452.6162898865258,96.63854880934662,2111.324376199616,2023,2111.324376199616,1.9085710982316997e-05
3159407,Santa Rita de Ibitipoca,31,Minas Gerais,Sudeste,10,4,47,3407.9,139.63853353121812,0.0,1136.3636363636365,2024,1136.3636363636365,2.8843357433083562e-06
3159506,Santa Rita do Itueto,31,Minas Gerais,Sudeste,10,9,607,5692.1,1019.3862302334003,105.62116024327781,9191.361125062784,2024,9191.361125062784,3.725088928059941e-05
3159605,Santa Rita do Sapucaí,31,Minas Gerais,Sudeste,10,10,6742,42430.7,1592.0681824446417,20.917927894672083,13702.741020793952,2024,13702.741020793952,0.0004137487570507434
3159704,Santa Rosa da Serra,31,Minas Gerais,Sudeste,10,7,223,3390.4,644.2185135679038,145.52829842545708,5350.978135788263,2024,5350.978135788263,1.3685252569314117e-05
3159803,Santa Vitória,31,Minas Gerais,Sudeste,10,10,3199,20399.0,1529.4185374665428,579.0708072648557,4805.7024603357095,2024,4805.7024603357095,0.00019631893708177515
3159902,Santo Antônio do Amparo,31,Minas Gerais,Sudeste,10,9,3069,18116.2,1745.0555701770886,79.41055417385337,11410.118406889127,2024,11410.118406889127,0.00018834098715347545
3160009,Santo Antônio do Aventureiro,31,Minas Gerais,Sudeste,10,7,571,3705.5,1476.2324785246844,69.4058856191005,10821.95310486988,2024,10821.95310486988,3.5041610838916414e-05
3160108,Santo Antônio do Grama,31,Minas Gerais,Sudeste,10,7,538,4090.5,1287.8544266132835,502.22009528058834,4790.419161676647,2024,4790.419161676647,3.3016438934040336e-05
3160207,Santo Antônio do Itambé,31,Minas Gerais,Sudeste,10,9,383,3916.1,966.1679540543704,216.9182945665742,6785.624528776074,2024,6785.624528776074,2.350426786568299e-05
3160306,Santo Antônio do Jacinto,31,Minas Gerais,Sudeste,10,10,817,11183.5,780.7190515600902,150.22539030361898,3331.0738839934156,2023,3331.0738839934156,5.0138346857083555e-05
3160405,Santo Antônio do Monte,31,Minas Gerais,Sudeste,10,10,2584,28078.4,916.3150357059619,397.4341529644606,4108.18816559701,2024,4108.18816559701,0.0001585770970363573
3160454,Santo Antônio do Retiro,31,Minas Gerais,Sudeste,10,7,538,7053.0,791.8579670837585,59.89256149675448,6836.71956102625,2024,6836.71956102625,3.3016438934040336e-05
3160504,Santo Antônio do Rio Abaixo,31,Minas Gerais,Sudeste,10,4,173,1800.4,934.1341340373386,0.0,9120.345385860766,2024,9120.345385860766,1.0616810289198844e-05
3160603,Santo Hipólito,31,Minas Gerais,Sudeste,10,9,643,2960.0,2273.150944447992,442.8759556167884,14080.882352941177,2024,14080.882352941177,3.946016772228241e-05
3160702,Santos Dumont,31,Minas Gerais,Sudeste,10,10,2061,45236.3,469.50664450693296,26.76435470889856,3910.859144542773,2024,3910.859144542773,0.00012648119078635154
3160801,São Bento Abade,31,Minas Gerais,Sudeste,10,4,500,5063.5,1031.1704646217336,0.0,9162.357807652534,2024,9162.357807652534,3.068442280115273e-05
3160900,São Brás do Suaçuí,31,Minas Gerais,Sudeste,10,10,862,3873.2,2100.1865159581876,294.04917150035493,17444.95523832567,2024,17444.95523832567,5.28999449091873e-05
3160959,São Domingos das Dores,31,Minas Gerais,Sudeste,10,8,268,5680.4,465.75983524283765,35.295759627083505,3582.554517133956,2024,3582.554517133956,1.644685062141786e-05
3161007,São Domingos do Prata,31,Minas Gerais,Sudeste,10,10,3230,17529.2,1819.5196672809282,170.69832796118652,16358.111530020818,2024,16358.111530020818,0.00019822137129544662
3161056,São Félix de Minas,31,Minas Gerais,Sudeste,10,8,123,3327.6,372.7896452972921,75.34973807387954,1281.25,2023,1281.25,7.548368009083571e-06
3161106,São Francisco,31,Minas Gerais,Sudeste,10,10,6740,55299.8,1234.3586638095258,347.55477467700007,7229.115581039473,2024,7229.115581039473,0.00041362601935953877
3161205,São Francisco de Paula,31,Minas Gerais,Sudeste,10,6,1654,6438.6,2630.21521818966,77.20492933874397,24137.93103448276,2024,24137.93103448276,0.00010150407062621322
3161304,São Francisco de Sales,31,Minas Gerais,Sudeste,10,9,1023,6061.2,1728.6088997072825,555.1455645868848,4951.340276592112,2024,4951.340276592112,6.278032905115848e-05
3161403,São Francisco do Glória,31,Minas Gerais,Sudeste,10,9,1036,4880.4,2121.0033177805735,72.62747360349937,10357.583230579532,2024,10357.583230579532,6.357812404398845e-05
3161502,São Geraldo,31,Minas Gerais,Sudeste,10,10,1882,11508.9,1732.3618997605433,708.6303881988478,4640.1064942474095,2024,4640.1064942474095,0.00011549616742353887
3161601,São Geraldo da Piedade,31,Minas Gerais,Sudeste,10,6,368,3728.0,1003.5364485147502,75.64296520423599,4327.80847145488,2024,4327.80847145488,2.258373518164841e-05
3161650,São Geraldo do Baixio,31,Minas Gerais,Sudeste,10,9,151,3655.5,414.8232115282441,316.4579042260439,1291.3385826771655,2024,1291.3385826771655,9.266695685948123e-06
3161700,São Gonçalo do Abaeté,31,Minas Gerais,Sudeste,10,10,820,7582.2,1114.0710679880358,418.69554933183326,4005.8479532163747,2016,4005.8479532163747,5.0322453393890476e-05
3161809,São Gonçalo do Pará,31,Minas Gerais,Sudeste,10,10,1626,12181.7,1335.0137208287422,611.1627993919759,5347.769028871391,2024,5347.769028871391,9.978574294934867e-05
3161908,São Gonçalo do Rio Abaixo,31,Minas Gerais,Sudeste,10,10,4266,11385.5,3530.5433666282324,478.2240189581038,18991.338136485065,2024,18991.338136485065,0.00026179949533943506
3162005,São Gonçalo do Sapucaí,31,Minas Gerais,Sudeste,10,10,4002,24982.3,1633.8337239451366,64.76748875996562,15706.699346405228,2024,15706.699346405228,0.00024559812010042643
3162104,São Gotardo,31,Minas Gerais,Sudeste,10,10,12439,38120.4,3144.0289319088124,305.7273214550672,15918.169433605026,2024,15918.169433605026,0.0007633670704470776
3162203,São João Batista do Glória,31,Minas Gerais,Sudeste,10,8,1341,7589.2,1735.4878304267397,782.1619207346694,5851.870576339737,2024,5851.870576339737,8.229562195269162e-05
3162252,São João da Lagoa,31,Minas Gerais,Sudeste,10,8,525,4911.2,1067.0279812824788,444.184626692273,5595.959595959596,2024,5595.959595959596,3.221864394121037e-05
3162302,São João da Mata,31,Minas Gerais,Sudeste,10,5,180,2845.2,601.1765447878283,17.158544955387782,5333.333333333334,2024,5333.333333333334,1.1046392208414982e-05
3162401,São João da Ponte,31,Minas Gerais,Sudeste,10,10,2549,24859.3,1026.8447937655146,148.9275967275054,4825.085500020603,2024,4825.085500020603,0.0001564291874402766
3162450,São João das Missões,31,Minas Gerais,Sudeste,10,9,1037,13095.4,776.9875129317401,161.96739479569626,5650.8502264795425,2024,5650.8502264795425,6.363949288959076e-05
3162500,São João del Rei,31,Minas Gerais,Sudeste,10,10,18789,91020.4,2015.7758150574223,218.09009825239426,15763.00737811231,2024,15763.00737811231,0.0011530592400217172
3162559,São João do Manhuaçu,31,Minas Gerais,Sudeste,10,5,797,11486.9,691.2911334092262,12.976901116013495,5252.281728947822,2024,5252.281728947822,4.8910969945037446e-05
3162575,São João do Manteninha,31,Minas Gerais,Sudeste,10,9,995,5662.4,1811.0618248437481,724.5402319850801,7278.184205589945,2023,7278.184205589945,6.106200137429393e-05
3162609,São João do Oriente,31,Minas Gerais,Sudeste,10,10,1262,7393.8,1739.9045642984074,499.27943927136585,6760.961810466761,2023,6760.961810466761,7.744748315010949e-05
3162658,São João do Pacuí,31,Minas Gerais,Sudeste,10,8,514,4254.3,1255.0211520302573,296.9772795458548,9081.934846989141,2024,9081.934846989141,3.1543586639585006e-05
3162708,São João do Paraíso,31,Minas Gerais,Sudeste,10,9,1084,23913.7,441.6032049391827,19.07864289352221,3974.9634205820194,2024,3974.9634205820194,6.652382863289911e-05
3162807,São João Evangelista,31,Minas Gerais,Sudeste,10,9,1678,15709.6,1064.5160665554527,131.14444316651185,5423.576871358135,2024,5423.576871358135,0.00010297692292066856
3162906,São João Nepomuceno,31,Minas Gerais,Sudeste,10,10,7083,26272.4,2702.398076354361,1836.0249681026548,7108.98676074504,2019,7108.98676074504,0.00043467553340112956
3162922,São Joaquim de Bicas,31,Minas Gerais,Sudeste,10,10,5665,32945.4,1705.1990440371858,190.01990627565021,5882.836475230162,2024,5882.836475230162,0.0003476545103370604
3162948,São José da Barra,31,Minas Gerais,Sudeste,10,9,1238,7632.1,1562.0972569044459,138.74652831324323,7434.438396833251,2024,7434.438396833251,7.597463085565415e-05
3162955,São José da Lapa,31,Minas Gerais,Sudeste,10,10,3889,24970.5,1493.9736277565664,590.8968411499004,7307.831107903285,2024,7307.831107903285,0.0002386634405473659
3163003,São José da Safira,31,Minas Gerais,Sudeste,10,10,543,4100.8,1357.9989144762371,1062.3732085774736,3444.7034447034443,2024,3444.7034447034443,3.3323283162051863e-05
3163102,São José da Varginha,31,Minas Gerais,Sudeste,10,9,765,4821.2,1575.8948333902392,489.5700297999149,5220.125786163522,2016,5220.125786163522,4.6947166885763675e-05
3163201,São José do Alegre,31,Minas Gerais,Sudeste,10,7,514,4201.2,1212.6779049925926,59.46167484472261,11338.991041961339,2024,11338.991041961339,3.1543586639585006e-05
3163300,São José do Divino,31,Minas Gerais,Sudeste,10,8,389,3723.4,1090.514956531887,180.21791595870678,6455.298486146816,2024,6455.298486146816,2.387248093929682e-05
3163409,São José do Goiabal,31,Minas Gerais,Sudeste,10,9,1066,5466.9,1952.0061203864545,1460.1975117834136,7465.404224326293,2024,7465.404224326293,6.541918941205762e-05
3163508,São José do Jacuri,31,Minas Gerais,Sudeste,10,7,480,6405.4,758.8331130085004,94.58894360733099,6255.954271197206,2024,6255.954271197206,2.9457045889106618e-05
3163607,São José do Mantimento,31,Minas Gerais,Sudeste,10,5,183,2793.5,655.7217644141729,90.22013713460845,2858.151023288638,2024,2858.151023288638,1.12304987452219e-05
3163706,São Lourenço,31,Minas Gerais,Sudeste,10,9,7307,45778.2,1567.1869971917654,48.5929841707544,15072.98566008617,2024,15072.98566008617,0.00044842215481604597
3163805,São Miguel do Anta,31,Minas Gerais,Sudeste,10,6,476,6734.9,735.3779640779479,72.7540961611997,6174.183514774494,2024,6174.183514774494,2.9211570506697397e-05
3163904,São Pedro da União,31,Minas Gerais,Sudeste,10,10,253,4811.8,510.6176849116744,73.26747270654772,4077.123920465957,2024,4077.123920465957,1.552631793738328e-05
3164001,São Pedro dos Ferros,31,Minas Gerais,Sudeste,10,9,1826,7604.9,2475.8547006389877,1080.7537854660277,15582.429802613291,2024,15582.429802613291,0.00011205951206980976
3164100,São Pedro do Suaçuí,31,Minas Gerais,Sudeste,10,7,318,5243.0,613.3579828634738,87.96695058538296,4548.974061169183,2024,4548.974061169183,1.9515292901533135e-05
3164209,São Romão,31,Minas Gerais,Sudeste,10,9,993,11508.2,900.1680784569196,166.1867111393821,2729.081777693547,2024,2729.081777693547,6.093926368308932e-05
3164308,São Roque de Minas,31,Minas Gerais,Sudeste,10,9,1307,7137.8,1796.641007700402,309.2155913129028,11905.734913499524,2024,11905.734913499524,8.020908120221322e-05
3164407,São Sebastião da Bela Vista,31,Minas Gerais,Sudeste,10,5,343,5918.7,514.8028284340595,23.485204321277596,4720.645354048402,2024,4720.645354048402,2.1049514041590772e-05
3164431,São Sebastião da Vargem Alegre,31,Minas Gerais,Sudeste,10,6,214,3074.1,670.7004059563518,50.061502543324465,4784.094439266853,2024,4784.094439266853,1.3132932958893367e-05
3164472,São Sebastião do Anta,31,Minas Gerais,Sudeste,10,7,355,6432.1,554.0095197189511,24.216984178237,3867.835891011588,2024,3867.835891011588,2.1785940188818437e-05
3164506,São Sebastião do Maranhão,31,Minas Gerais,Sudeste,10,9,475,10171.5,467.23414696292883,69.6069154041495,1542.366263178446,2024,1542.366263178446,2.915020166109509e-05
3164605,São Sebastião do Oeste,31,Minas Gerais,Sudeste,10,10,2156,7688.3,2410.047434264038,534.9782730534348,17733.832175307325,2024,17733.832175307325,0.00013231123111857057
3164704,São Sebastião do Paraíso,31,Minas Gerais,Sudeste,10,10,15383,71887.8,2112.3310929573154,1071.8457473430067,7450.275781380579,2023,7450.275781380579,0.0009440369519002649
3164803,São Sebastião do Rio Preto,31,Minas Gerais,Sudeste,10,5,138,1416.4,1103.6523568845278,31.426775612822127,10176.28205128205,2024,10176.28205128205,8.468900693118153e-06
3164902,São Sebastião do Rio Verde,31,Minas Gerais,Sudeste,10,7,150,2282.7,633.2066246782266,44.722942769634244,5267.593763168985,2024,5267.593763168985,9.205326840345818e-06
3165008,São Tiago,31,Minas Gerais,Sudeste,10,10,686,11138.1,599.3488565446328,101.68856751498191,4827.646088391074,2024,4827.646088391074,4.2099028083181544e-05
3165107,São Tomás de Aquino,31,Minas Gerais,Sudeste,10,9,1204,6966.5,1750.8379956104513,578.265634042134,9003.35619436743,2024,9003.35619436743,7.388809010517577e-05
3165206,São Tomé das Letras,31,Minas Gerais,Sudeste,10,8,551,7059.8,783.4308651168385,49.40373278498002,5148.822118775568,2024,5148.822118775568,3.3814233926870305e-05
3165305,São Vicente de Minas,31,Minas Gerais,Sudeste,10,8,1456,7388.8,2097.714399593881,25.929606387264194,20620.04325883201,2024,20620.04325883201,8.935303919695674e-05
3165404,Sapucaí-Mirim,31,Minas Gerais,Sudeste,10,9,581,6703.2,897.5096224275436,30.275363819968476,8449.396471680593,2024,8449.396471680593,3.565529929493947e-05
3165503,Sardoá,31,Minas Gerais,Sudeste,10,9,105,5817.0,198.44552569530916,52.96991265839691,755.2285050348567,2024,755.2285050348567,6.443728788242073e-06
3165537,Sarzedo,31,Minas Gerais,Sudeste,10,10,7866,34678.8,2287.8681517120103,261.86086888899297,7228.164577728198,2016,7228.164577728198,0.0004827273395077347
3165552,Setubinha,31,Minas Gerais,Sudeste,10,10,586,11312.6,540.2667412540577,178.60465969694863,2980.462519936204,2024,2980.462519936204,3.5962143522950996e-05
3165560,Sem-Peixe,31,Minas Gerais,Sudeste,10,7,381,2577.6,1538.099682403009,60.70967349123082,7824.662023760753,2024,7824.662023760753,2.3381530174478377e-05
3165578,Senador Amaral,31,Minas Gerais,Sudeste,10,3,9,5768.9,14.289186251492254,0.0,108.39269123567668,2024,108.39269123567668,5.523196104207491e-07
3165602,Senador Cortes,31,Minas Gerais,Sudeste,10,8,581,2124.7,2541.6731969278226,468.75,15782.664941785251,2024,15782.664941785251,3.565529929493947e-05
3165701,Senador Firmino,31,Minas Gerais,Sudeste,10,9,359,7822.9,459.6414952545697,271.24031399055974,2142.764941267588,2016,2142.764941267588,2.2031415571227657e-05
3165800,Senador José Bento,31,Minas Gerais,Sudeste,10,3,38,1772.7,179.53640484292276,0.0,1263.4534394010295,2024,1263.4534394010295,2.3320161328876075e-06
3165909,Senador Modestino Gonçalves,31,Minas Gerais,Sudeste,10,8,642,4143.9,1589.8531814219427,212.13190194747799,12267.657992565057,2024,12267.657992565057,3.9398798876680104e-05
3166006,Senhora de Oliveira,31,Minas Gerais,Sudeste,10,7,706,5704.9,1263.530280668452,61.445933598990166,12070.200573065902,2024,12070.200573065902,4.332640499522765e-05
3166105,Senhora do Porto,31,Minas Gerais,Sudeste,10,7,401,3357.5,1297.6981573525004,28.36880345859575,12338.082901554404,2024,12338.082901554404,2.4608907086524487e-05
3166204,Senhora dos Remédios,31,Minas Gerais,Sudeste,10,7,139,10514.2,130.73411652268933,9.592018086633125,1005.6390977443609,2024,1005.6390977443609,8.530269538720458e-06
3166303,Sericita,31,Minas Gerais,Sudeste,10,8,371,7395.0,495.3649784275399,39.92230530894702,3237.791932059448,2024,3237.791932059448,2.2767841718455322e-05
3166402,Seritinga,31,Minas Gerais,Sudeste,10,5,72,1852.2,386.25249829208985,26.680896478121667,3540.772532188841,2024,3540.772532188841,4.418556883365993e-06
3166501,Serra Azul de Minas,31,Minas Gerais,Sudeste,10,6,448,4113.1,1145.939410179124,59.77312197955459,9375.81613998433,2024,9375.81613998433,2.7493242829832843e-05
3166600,Serra da Saudade,31,Minas Gerais,Sudeste,10,7,170,811.7,2002.3201330101722,245.8520958626734,16159.250585480095,2024,16159.250585480095,1.0432703752391927e-05
3166709,Serra dos Aimorés,31,Minas Gerais,Sudeste,10,10,769,8010.3,1013.1667711702091,289.9815271804747,5406.574394463668,2024,5406.574394463668,4.7192642268172895e-05
3166808,Serra do Salitre,31,Minas Gerais,Sudeste,10,10,2126,11749.2,1761.0997789628873,276.482988146791,11998.361998361997,2024,11998.361998361997,0.0001304701657505014
3166907,Serrania,31,Minas Gerais,Sudeste,10,9,1159,7714.5,1486.529964010728,128.9697564118282,13265.829274544987,2024,13265.829274544987,7.112649205307202e-05
3166956,Serranópolis de Minas,31,Minas Gerais,Sudeste,10,10,491,4647.9,1094.7464730865554,65.47284828619233,8496.44128113879,2024,8496.44128113879,3.013210319073198e-05
3167004,Serranos,31,Minas Gerais,Sudeste,10,3,16,1993.8,78.73278577980871,0.0,687.9606879606879,2024,687.9606879606879,9.819015296368873e-07
3167103,Serro,31,Minas Gerais,Sudeste,10,10,5041,21575.8,2244.6245189221527,204.1585272935808,20332.59423503326,2024,20332.59423503326,0.0003093603506812218
3167202,Sete Lagoas,31,Minas Gerais,Sudeste,10,10,39291,236479.3,1663.950045221715,245.39083757099547,6145.479151518718,2024,6145.479151518718,0.0024112433125601834
3167301,Silveirânia,31,Minas Gerais,Sudeste,10,7,344,2306.5,1467.5059634883619,331.47720683958914,7533.362031855359,2023,7533.362031855359,2.1110882887193075e-05
3167400,Silvianópolis,31,Minas Gerais,Sudeste,10,6,442,6262.6,697.2268552844246,16.032109558823073,4245.580808080808,2024,4245.580808080808,2.7125029756219013e-05
3167509,Simão Pereira,31,Minas Gerais,Sudeste,10,6,544,2780.1,1830.0929851854573,106.10654384242719,10620.970478452664,2023,10620.970478452664,3.338465200765417e-05
3167608,Simonésia,31,Minas Gerais,Sudeste,10,9,1115,19816.4,551.1880213010656,39.85248142432779,4567.579527017061,2024,4567.579527017061,6.842626284657058e-05
3167707,Sobrália,31,Minas Gerais,Sudeste,10,10,451,5433.3,860.9568172113701,93.71774375536168,5004.830917874397,2024,5004.830917874397,2.767734936663976e-05
3167806,Soledade de Minas,31,Minas Gerais,Sudeste,10,7,479,5959.5,832.1090841909603,33.37372178427627,7762.07919065062,2024,7762.07919065062,2.9395677043504314e-05
3167905,Tabuleiro,31,Minas Gerais,Sudeste,10,10,807,3909.6,2047.5957036720235,290.93564133410956,6720.0,2019,6720.0,4.95246584010605e-05
3168002,Taiobeiras,31,Minas Gerais,Sudeste,10,10,3354,33946.9,977.9032042619986,173.0626685814216,7682.019074203303,2024,7682.019074203303,0.0002058311081501325
3168051,Taparuba,31,Minas Gerais,Sudeste,10,9,670,3259.2,2031.5888121532128,1522.8563118455554,5584.192439862543,2024,5584.192439862543,4.1117126553544655e-05
3168101,Tapira,31,Minas Gerais,Sudeste,10,6,282,4511.7,676.0683672515396,86.87274036865023,2754.036087369421,2024,2754.036087369421,1.730601445985014e-05
3168200,Tapiraí,31,Minas Gerais,Sudeste,10,4,33,1812.2,189.806192218547,0.0,1581.7223198594024,2024,1581.7223198594024,2.02517190487608e-06
3168309,Taquaraçu de Minas,31,Minas Gerais,Sudeste,10,8,1225,4168.9,2846.41342627227,106.5070990482153,22023.809523809523,2024,22023.809523809523,7.517683586282419e-05
3168408,Tarumirim,31,Minas Gerais,Sudeste,10,9,766,14618.9,512.6226572935104,45.33119043322222,3722.1337579617834,2024,3722.1337579617834,4.700853573136598e-05
3168507,Teixeiras,31,Minas Gerais,Sudeste,10,9,804,12014.7,652.1920321623702,33.26322759111778,2676.4585883312934,2023,2676.4585883312934,4.934055186425359e-05
3168606,Teófilo Otoni,31,Minas Gerais,Sudeste,10,10,18344,140672.7,1300.1612002449763,1049.3405374701856,3943.9998316628207,2024,3943.9998316628207,0.0011257501037286912
3168705,Timóteo,31,Minas Gerais,Sudeste,10,10,10607,86937.1,1256.4769258257056,704.3248103708294,6266.318537859007,2023,6266.318537859007,0.000650939345303654
3168804,Tiradentes,31,Minas Gerais,Sudeste,10,9,2612,7918.4,3270.9007457524963,421.9841683045245,26648.351648351647,2024,26648.351648351647,0.00016029542471322186
3168903,Tiros,31,Minas Gerais,Sudeste,10,9,1735,7160.8,2253.3951883260934,481.0721383568016,8920.704845814978,2024,8920.704845814978,0.00010647494711999997
3169000,Tocantins,31,Minas Gerais,Sudeste,10,10,4956,16576.1,2980.6753024176205,1753.6036780054953,9020.15204537227,2024,9020.15204537227,0.0003041439988050258
3169059,Tocos do Moji,31,Minas Gerais,Sudeste,10,5,38,4014.8,97.45807160504266,12.056908608632748,487.3044370351372,2024,487.3044370351372,2.3320161328876075e-06
3169109,Toledo,31,Minas Gerais,Sudeste,10,7,137,6712.8,183.6561276039662,32.19086921253455,1392.3882774167882,2024,1392.3882774167882,8.407531847515848e-06
3169208,Tombos,31,Minas Gerais,Sudeste,10,7,1212,8399.7,1394.1903407696886,112.46648834019605,7104.264858029659,2024,7104.264858029659,7.437904086999421e-05
3169307,Três Corações,31,Minas Gerais,Sudeste,10,10,12483,78380.1,1599.2697006052326,133.17719569924347,12470.70274977907,2024,12470.70274977907,0.000766067299653579
3169356,Três Marias,31,Minas Gerais,Sudeste,10,10,4331,31087.3,1426.737923326546,381.23228280807075,8059.611721856518,2024,8059.611721856518,0.0002657884703035849
3169406,Três Pontas,31,Minas Gerais,Sudeste,10,10,12382,56614.0,2173.5607831258258,473.21001157021476,16042.462249938688,2024,16042.462249938688,0.0007598690462477461
3169505,Tumiritinga,31,Minas Gerais,Sudeste,10,10,502,6413.6,777.0091276385776,635.9575432751124,1862.527716186253,2020,1862.527716186253,3.080716049235734e-05
3169604,Tupaciguara,31,Minas Gerais,Sudeste,10,10,4156,25643.9,1596.8366649649877,391.5534707866416,4724.82413572584,2025,4724.82413572584,0.0002550489223231815
3169703,Turmalina,31,Minas Gerais,Sudeste,10,10,4816,20095.9,2364.276300715582,810.7192947305149,15065.375302663439,2024,15065.375302663439,0.0002955523604207031
3169802,Turvolândia,31,Minas Gerais,Sudeste,10,5,257,5028.2,506.29396165437703,9.950248756218905,4765.655769988184,2024,4765.655769988184,1.5771793319792503e-05
3169901,Ubá,31,Minas Gerais,Sudeste,10,10,16955,111147.0,1546.0365875813325,1091.3611945739588,5646.229318609987,2024,5646.229318609987,0.001040508777187089
3170008,Ubaí,31,Minas Gerais,Sudeste,10,9,1537,12263.4,1259.8921573723062,320.5776031205379,4795.340301603766,2019,4795.340301603766,9.432391569074348e-05
3170057,Ubaporanga,31,Minas Gerais,Sudeste,10,10,957,12808.2,730.4327538514995,43.12871926540719,4157.043879907621,2024,4157.043879907621,5.872998524140632e-05
3170107,Uberaba,31,Minas Gerais,Sudeste,10,10,21185,338165.9,617.3763015428567,396.5786216655666,1721.8413668170354,2023,1721.8413668170354,0.001300098994084841
3170206,Uberlândia,31,Minas Gerais,Sudeste,10,10,134078,706976.8,1860.101202394339,1057.8514930647461,4455.775670651883,2019,4455.775670651883,0.00822821208066591
3170305,Umburatiba,31,Minas Gerais,Sudeste,10,8,61,2669.4,226.76436292052222,109.89223315509054,875.27352297593,2024,875.27352297593,3.743499581740633e-06
3170404,Unaí,31,Minas Gerais,Sudeste,10,10,23303,86128.7,2675.2383643504027,1910.7268565892618,8212.8213041753,2024,8212.8213041753,0.0014300782090705241
3170438,União de Minas,31,Minas Gerais,Sudeste,10,9,569,4141.5,1435.151294937568,1052.734535508609,5474.070193818753,2025,5474.070193818753,3.491887314771181e-05
3170479,Uruana de Minas,31,Minas Gerais,Sudeste,10,10,705,3301.1,2116.8685643349354,1055.1829719495288,12053.57142857143,2024,12053.57142857143,4.3265036149625346e-05
3170503,Urucânia,31,Minas Gerais,Sudeste,10,10,1022,10555.7,954.1727583323793,130.36907848356245,3632.183908045977,2024,3632.183908045977,6.271896020555617e-05
3170529,Urucuia,31,Minas Gerais,Sudeste,10,10,2165,17174.7,1214.1096362028288,224.86154975862462,6839.4292274889285,2024,6839.4292274889285,0.00013286355072899132
3170578,Vargem Alegre,31,Minas Gerais,Sudeste,10,10,899,6236.0,1478.6214130906187,180.60876968922946,6072.664359861592,2023,6072.664359861592,5.517059219647261e-05
3170602,Vargem Bonita,31,Minas Gerais,Sudeste,10,6,354,2175.1,1614.4225545691581,208.9568750546148,10426.11060743427,2024,10426.11060743427,2.172457134321613e-05
3170651,Vargem Grande do Rio Pardo,31,Minas Gerais,Sudeste,10,7,62,4882.5,130.23623337617647,85.5055758188733,803.8925322614767,2024,803.8925322614767,3.8048684273429383e-06
3170701,Varginha,31,Minas Gerais,Sudeste,10,10,39688,137140.5,2803.9473796680427,163.91906021718432,23445.04978921864,2024,23445.04978921864,0.002435606744264299
3170750,Varjão de Minas,31,Minas Gerais,Sudeste,10,10,979,7077.0,1366.3262303118195,438.0973586337135,8725.666160430761,2024,8725.666160430761,6.008009984465704e-05
3170800,Várzea da Palma,31,Minas Gerais,Sudeste,10,10,7119,37321.8,1984.4518520625384,896.5552353334227,6622.593030976645,2024,6622.593030976645,0.00043688481184281255
3170909,Varzelândia,31,Minas Gerais,Sudeste,10,10,2328,19278.9,1202.9719951639922,346.99531017534315,5256.583741022171,2024,5256.583741022171,0.0001428666725621671
3171006,Vazante,31,Minas Gerais,Sudeste,10,10,4154,20480.7,2043.1946813901463,745.2267091036679,7027.847110067048,2024,7027.847110067048,0.00025492618463197685
3171030,Verdelândia,31,Minas Gerais,Sudeste,10,10,188,8680.1,219.22071499023136,245.1294304805084,604.8906048906049,2024,604.8906048906049,1.1537342973233425e-05
3171071,Veredinha,31,Minas Gerais,Sudeste,10,7,1015,5533.5,1918.2671825288985,54.26632815167847,12782.956058588548,2024,12782.956058588548,6.228937828634004e-05
3171105,Veríssimo,31,Minas Gerais,Sudeste,10,10,458,3764.6,1217.6104020205437,600.7581490799262,5851.462865716429,2019,5851.462865716429,2.8106931285855898e-05
3171154,Vermelho Novo,31,Minas Gerais,Sudeste,10,5,401,4904.8,804.8814248134087,20.43318348998774,4906.6348827969805,2024,4906.6348827969805,2.4608907086524487e-05
3171204,Vespasiano,31,Minas Gerais,Sudeste,10,10,5252,129091.7,405.8936053553947,86.16876465524462,1502.6383874409833,2024,1502.6383874409833,0.00032230917710330826
3171303,Viçosa,31,Minas Gerais,Sudeste,10,10,10628,78427.2,1351.9106649309838,360.94136786014997,6890.849648451799,2024,6890.849648451799,0.0006522280910613024
3171402,Vieiras,31,Minas Gerais,Sudeste,10,8,287,3685.1,765.2830893025555,83.2960678728254,2078.3373301358915,2016,2078.3373301358915,1.7612858687861667e-05
3171501,Mathias Lobato,31,Minas Gerais,Sudeste,10,8,116,3166.3,368.3972948162803,202.1654676137105,1010.1010101010102,2024,1010.1010101010102,7.118786089867433e-06
3171600,Virgem da Lapa,31,Minas Gerais,Sudeste,10,10,1207,13031.4,988.4364835046515,98.83640440631308,5578.494986095897,2024,5578.494986095897,7.407219664198269e-05
3171709,Virgínia,31,Minas Gerais,Sudeste,10,4,95,8853.4,104.47253137875514,0.0,864.1435134543864,2024,864.1435134543864,5.8300403322190184e-06
3171808,Virginópolis,31,Minas Gerais,Sudeste,10,9,1216,10524.2,1155.499209828583,52.517891212280404,10818.518870615078,2024,10818.518870615078,7.462451625240344e-05
3171907,Virgolândia,31,Minas Gerais,Sudeste,10,10,984,5079.9,2154.8659000085954,100.9546215207217,12384.1059602649,2024,12384.1059602649,6.0386944072668566e-05
3172004,Visconde do Rio Branco,31,Minas Gerais,Sudeste,10,10,14244,41416.7,3490.080836752619,1093.535199063282,12156.4196408833,2025,12156.4196408833,0.0008741378367592389
3172103,Volta Grande,31,Minas Gerais,Sudeste,10,9,440,4944.3,947.998402994526,32.0438397676651,6639.839034205232,2024,6639.839034205232,2.70022920650144e-05
3172202,Wenceslau Braz,31,Minas Gerais,Sudeste,10,5,21,2490.8,87.49981733380787,19.113149847094803,502.72308336824466,2024,502.72308336824466,1.2887457576484146e-06
3200102,Afonso Cláudio,32,Espírito Santo,Sudeste,10,10,5593,31312.5,1785.9062601529472,220.53817161364404,6145.59575910744,2024,6145.59575910744,0.0003432359534536944
3200136,Águia Branca,32,Espírito Santo,Sudeste,10,8,343,9839.6,343.25241684744185,72.56949953040706,1965.626234689846,2024,1965.626234689846,2.1049514041590772e-05
3200169,Água Doce do Norte,32,Espírito Santo,Sudeste,10,9,2225,11693.9,1799.1557473923756,194.19254501229983,13368.898797674974,2024,13368.898797674974,0.00013654568146512965
3200201,Alegre,32,Espírito Santo,Sudeste,10,9,3911,30461.7,1268.2493062823344,521.210078646286,6515.092375748113,2024,6515.092375748113,0.00024001355515061663
3200300,Alfredo Chaves,32,Espírito Santo,Sudeste,10,8,861,14500.5,598.5517296772863,148.91966801122686,2486.267707429893,2023,2486.267707429893,5.2838576063584995e-05
3200359,Alto Rio Novo,32,Espírito Santo,Sudeste,10,8,411,7779.5,542.8366548137546,70.87896717247563,3336.023675006726,2023,3336.023675006726,2.522259554254754e-05
3200409,Anchieta,32,Espírito Santo,Sudeste,10,9,3602,30026.9,1187.5344221832652,367.8092212299623,6093.249733191035,2023,6093.249733191035,0.00022105058185950424
3200508,Apiacá,32,Espírito Santo,Sudeste,10,9,857,7548.5,1148.229297857092,285.388139341162,4784.240150093809,2025,4784.240150093809,5.2593100681175774e-05
3200607,Aracruz,32,Espírito Santo,Sudeste,10,10,5838,99901.0,584.679558558226,444.7743453151994,1922.5601058441694,2016,1922.5601058441694,0.0003582713206262592
3200706,Atílio Vivácqua,32,Espírito Santo,Sudeste,10,9,1978,11435.4,1811.8890862790645,390.12571937712283,7789.373814041746,2023,7789.373814041746,0.00012138757660136019
3200805,Baixo Guandu,32,Espírito Santo,Sudeste,10,10,2696,31455.3,852.2184886865832,204.0037045834287,3129.68637934407,2023,3129.68637934407,0.0001654504077438155
3200904,Barra de São Francisco,32,Espírito Santo,Sudeste,10,9,9748,44513.5,2190.352700927292,533.9964719021779,11049.723756906076,2024,11049.723756906076,0.0005982235069312736
3201001,Boa Esperança,32,Espírito Santo,Sudeste,10,10,512,14645.6,354.85248594247287,139.24508698798888,1477.377654662973,2024,1477.377654662973,3.142084894838039e-05
3201100,Bom Jesus do Norte,32,Espírito Santo,Sudeste,10,9,1514,10235.7,1498.959089168938,283.13102285136824,7830.112721417069,2019,7830.112721417069,9.291243224189045e-05
3201159,Brejetuba,32,Espírito Santo,Sudeste,10,8,363,12862.7,271.54591892943455,39.021745036027795,1092.2152177100133,2024,1092.2152177100133,2.227689095363688e-05
3201209,Cachoeiro de Itapemirim,32,Espírito Santo,Sudeste,10,9,29585,202926.8,1465.2625550487758,434.30587845508757,4303.3400689409245,2016,4303.3400689409245,0.001815597297144207
3201308,Cariacica,32,Espírito Santo,Sudeste,10,10,34834,376095.6,943.7426096990546,428.78292021190805,3372.6459796713357,2023,3372.6459796713357,0.002137722367710708
3201407,Castelo,32,Espírito Santo,Sudeste,10,8,3571,37975.9,953.0832089350548,439.82845274307914,5781.20769022475,2023,5781.20769022475,0.00021914814764583277
3201506,Colatina,32,Espírito Santo,Sudeste,10,10,11141,123787.4,897.5611030563114,275.6058469838582,3683.15379937184,2023,3683.15379937184,0.0006837103088552851
3201605,Conceição da Barra,32,Espírito Santo,Sudeste,10,9,595,30038.3,202.26776629418168,118.58617554263375,739.1289330984699,2024,739.1289330984699,3.6514463133371744e-05
3201704,Conceição do Castelo,32,Espírito Santo,Sudeste,10,8,840,12564.8,686.7317177075803,157.98652362570158,4054.6200887995305,2023,4054.6200887995305,5.1549830305936585e-05
3201803,Divino de São Lourenço,32,Espírito Santo,Sudeste,10,6,310,4731.2,608.4714836096657,127.60600108661932,3974.031084005509,2023,3974.031084005509,1.902434213671469e-05
3201902,Domingos Martins,32,Espírito Santo,Sudeste,10,9,840,35205.3,231.8970819317911,52.04742782751507,920.4879150666366,2023,920.4879150666366,5.1549830305936585e-05
3202009,Dores do Rio Preto,32,Espírito Santo,Sudeste,10,7,373,6788.8,544.3605852490257,44.403042998971536,3224.400871459695,2024,3224.400871459695,2.2890579409659936e-05
3202108,Ecoporanga,32,Espírito Santo,Sudeste,10,10,2958,22924.5,1285.8861441807212,26.676867700028417,6969.563299514778,2024,6969.563299514778,0.00018152904529161954
3202207,Fundão,32,Espírito Santo,Sudeste,10,9,1941,20178.0,1028.927654581536,608.1339028231378,3946.93016542689,2023,3946.93016542689,0.00011911692931407489
3202256,Governador Lindenberg,32,Espírito Santo,Sudeste,10,8,125,12118.4,109.44025487925805,27.648761765898826,479.6372198482602,2024,479.6372198482602,7.671105700288183e-06
3202306,Guaçuí,32,Espírito Santo,Sudeste,10,9,3439,30753.9,1112.946234203912,90.91156072195389,7225.4895624636465,2016,7225.4895624636465,0.00021104746002632846
3202405,Guarapari,32,Espírito Santo,Sudeste,10,10,11802,126828.5,930.8871643579914,178.10188890431374,5944.358875625722,2023,5944.358875625722,0.000724275115798409
3202454,Ibatiba,32,Espírito Santo,Sudeste,10,9,2796,26206.2,1077.9154931074331,136.51145438694655,6075.65011820331,2023,6075.65011820331,0.00017158729230404605
3202504,Ibiraçu,32,Espírito Santo,Sudeste,10,9,814,12319.9,655.1035967806398,178.7679366592542,2234.727999347525,2024,2234.727999347525,4.995424032027664e-05
3202553,Ibitirama,32,Espírito Santo,Sudeste,10,7,447,9327.7,454.74197040169986,41.2380379011315,3409.2048531033793,2024,3409.2048531033793,2.743187398423054e-05
3202603,Iconha,32,Espírito Santo,Sudeste,10,9,708,13381.6,552.9728269180537,82.75243509055181,2644.8158364432907,2023,2644.8158364432907,4.344914268643226e-05
3202652,Irupi,32,Espírito Santo,Sudeste,10,8,608,13700.1,428.88253673863966,18.501784000150884,2935.2993867567006,2024,2935.2993867567006,3.731225812620172e-05
3202702,Itaguaçu,32,Espírito Santo,Sudeste,10,9,1070,14110.2,777.272677084622,85.86835809892673,4709.691662373979,2023,4709.691662373979,6.566466479446683e-05
3202801,Itapemirim,32,Espírito Santo,Sudeste,10,10,3172,37425.2,799.7909091967092,103.92196265603698,3213.4966860815425,2023,3213.4966860815425,0.0001946619782505129
3202900,Itarana,32,Espírito Santo,Sudeste,10,10,559,10774.4,515.5934019573756,193.33807402163956,2977.0575382374363,2024,2977.0575382374363,3.430518469168875e-05
3203007,Iúna,32,Espírito Santo,Sudeste,10,8,1621,29471.7,556.7160959669515,43.55754634602052,3357.2236891738967,2019,3357.2236891738967,9.947889872133715e-05
3203056,Jaguaré,32,Espírito Santo,Sudeste,10,9,1577,30244.6,515.690061030821,369.0516706990153,2068.3913934426228,2024,2068.3913934426228,9.67786695148357e-05
3203106,Jerônimo Monteiro,32,Espírito Santo,Sudeste,10,9,2579,11986.7,2170.3064374631244,648.5540076170564,7974.082073434126,2023,7974.082073434126,0.00015827025280834578
3203130,João Neiva,32,Espírito Santo,Sudeste,10,9,2220,15788.6,1468.2886079631767,758.1976839060226,7511.639218956292,2024,7511.639218956292,0.0001362388372371181
3203163,Laranja da Terra,32,Espírito Santo,Sudeste,10,9,1266,11202.1,1106.475928782054,121.879931370982,8192.188040096786,2024,8192.188040096786,7.769295853251871e-05
3203205,Linhares,32,Espírito Santo,Sudeste,10,10,37362,173518.2,2131.3409609629116,1102.3598553241914,7889.529003034435,2024,7889.529003034435,0.0022928628093933363
3203304,Mantenópolis,32,Espírito Santo,Sudeste,10,9,2289,14423.5,1667.8621121396966,240.3079349927681,7219.312229560465,2024,7219.312229560465,0.00014047328758367718
3203320,Marataízes,32,Espírito Santo,Sudeste,10,10,2562,40694.9,622.544495070065,89.37764527974696,3236.423477783873,2023,3236.423477783873,0.00015722698243310658
3203346,Marechal Floriano,32,Espírito Santo,Sudeste,10,9,317,17309.2,176.43174763329378,39.39086967515927,896.3346315957958,2024,896.3346315957958,1.9453924055930828e-05
3203353,Marilândia,32,Espírito Santo,Sudeste,10,8,960,12754.3,744.6932252764221,66.39869774713445,3158.1373905025357,2024,3158.1373905025357,5.8914091778213236e-05
3203403,Mimoso do Sul,32,Espírito Santo,Sudeste,10,9,2748,25851.2,1099.3936747197254,206.66633254408714,5601.634320735444,2023,5601.634320735444,0.0001686415877151354
3203502,Montanha,32,Espírito Santo,Sudeste,10,9,1079,19153.3,564.4693573942545,144.05382257122045,2697.392874210163,2019,2697.392874210163,6.621698440488759e-05
3203601,Mucurici,32,Espírito Santo,Sudeste,10,9,631,5601.9,1136.6556578745633,296.22524359968475,6055.6165386022685,2023,6055.6165386022685,3.872374157505474e-05
3203700,Muniz Freire,32,Espírito Santo,Sudeste,10,9,2101,18107.0,1143.9358107137912,208.22981806140092,5591.362309260177,2023,5591.362309260177,0.00012893594461044376
3203809,Muqui,32,Espírito Santo,Sudeste,10,8,1772,14935.8,1221.0830858085442,140.98598109515285,6707.893779556202,2023,6707.893779556202,0.00010874559440728526
3203908,Nova Venécia,32,Espírito Santo,Sudeste,10,10,3915,50525.1,766.4945504863574,269.156950730891,3791.951463021273,2024,3791.951463021273,0.00024025903053302586
3204005,Pancas,32,Espírito Santo,Sudeste,10,9,1877,21640.7,967.5474858147056,126.35836803805617,4620.759011274017,2023,4620.759011274017,0.00011518932319552735
3204054,Pedro Canário,32,Espírito Santo,Sudeste,10,10,1822,24501.0,774.0387534293652,51.06952361541525,4549.1654571843255,2024,4549.1654571843255,0.00011181403668740054
3204104,Pinheiros,32,Espírito Santo,Sudeste,10,9,2360,26022.9,939.127761028993,216.77090791086104,3307.150050352467,2024,3307.150050352467,0.00014483047562144087
3204203,Piúma,32,Espírito Santo,Sudeste,10,9,1552,22207.5,706.774594688063,283.44362813124957,2738.944365192582,2016,2738.944365192582,9.524444837477807e-05
3204252,Ponto Belo,32,Espírito Santo,Sudeste,10,9,865,7369.1,1145.6642567322467,399.28006142767134,6702.276484802239,2019,6702.276484802239,5.308405144599422e-05
3204302,Presidente Kennedy,32,Espírito Santo,Sudeste,10,9,302,12649.0,228.355034328384,100.3459294191079,689.5610022530211,2024,689.5610022530211,1.8533391371896246e-05
3204351,Rio Bananal,32,Espírito Santo,Sudeste,10,9,690,19472.4,346.9653956777094,67.43251909647195,1660.981758861041,2024,1660.981758861041,4.2344503465590764e-05
3204401,Rio Novo do Sul,32,Espírito Santo,Sudeste,10,9,1199,11574.9,1028.3328497523335,276.41454452592154,4540.182270091135,2016,4540.182270091135,7.358124587716424e-05
3204500,Santa Leopoldina,32,Espírito Santo,Sudeste,10,10,474,12844.0,354.26940309320617,157.4924856781565,1222.0848185058558,2024,1222.0848185058558,2.9088832815492787e-05
3204559,Santa Maria de Jetibá,32,Espírito Santo,Sudeste,10,9,1042,41611.6,238.80873452363736,46.43387692420063,1504.5936709422574,2024,1504.5936709422574,6.394633711760228e-05
3204609,Santa Teresa,32,Espírito Santo,Sudeste,10,9,1378,23575.0,586.1844421431961,252.09203557756413,2756.7658429988232,2024,2756.7658429988232,8.456626923997691e-05
3204658,São Domingos do Norte,32,Espírito Santo,Sudeste,10,9,1213,8746.8,1371.4965678812825,241.56914781175496,6993.783303730018,2024,6993.783303730018,7.444040971559652e-05
3204708,São Gabriel da Palha,32,Espírito Santo,Sudeste,10,10,4138,36013.4,1222.0957604588993,327.9185482535614,5811.166325635779,2024,5811.166325635779,0.00025394428310234
3204807,São José do Calçado,32,Espírito Santo,Sudeste,10,9,742,10880.4,671.8348643307752,66.0325783478493,4653.483309143687,2016,4653.483309143687,4.5535683436910645e-05
3204906,São Mateus,32,Espírito Santo,Sudeste,10,10,11499,129659.6,878.005151635253,270.8219164100216,4923.552216198382,2024,4923.552216198382,0.0007056803555809104
3204955,São Roque do Canaã,32,Espírito Santo,Sudeste,10,9,1310,11920.6,1172.570922127362,534.6770601171036,4749.219180598934,2023,4749.219180598934,8.039318773902015e-05
3205002,Serra,32,Espírito Santo,Sudeste,10,10,81501,527914.0,1520.8748850370878,605.1968594386435,5085.72888276837,2023,5085.72888276837,0.005001622285433497
3205010,Sooretama,32,Espírito Santo,Sudeste,10,9,1646,28914.9,577.1059139333873,177.36948219366664,2551.5762836959198,2024,2551.5762836959198,0.00010101311986139478
3205036,Vargem Alta,32,Espírito Santo,Sudeste,10,10,756,20882.7,361.6506039569017,77.11332136750707,2107.8706300243034,2016,2107.8706300243034,4.639484727534293e-05
3205069,Venda Nova do Imigrante,32,Espírito Santo,Sudeste,10,9,477,24899.1,195.9575842863003,30.437884661821215,713.3565523897444,2023,713.3565523897444,2.92729393522997e-05
3205101,Viana,32,Espírito Santo,Sudeste,10,10,5765,77218.7,757.7547197061078,255.5250928873313,2711.684349590728,2023,2711.684349590728,0.000353791394897291
3205150,Vila Pavão,32,Espírito Santo,Sudeste,10,10,458,9221.5,494.57433783786234,192.5116335044189,2215.530221553022,2024,2215.530221553022,2.8106931285855898e-05
3205176,Vila Valério,32,Espírito Santo,Sudeste,10,10,928,14166.5,666.1611644620632,72.6174085626607,3277.972027972028,2023,3277.972027972028,5.6950288718939465e-05
3205200,Vila Velha,32,Espírito Santo,Sudeste,10,10,50652,490120.0,1037.3290430580441,433.9717820964715,3322.5359366393645,2024,3322.5359366393645,0.003108454767447976
3205309,Vitória,32,Espírito Santo,Sudeste,10,10,67277,351036.4,1965.9162513666524,1422.9256356026772,6056.635973103643,2023,6056.635973103643,0.004128711825586304
3300100,Angra dos Reis,33,Rio de Janeiro,Sudeste,10,10,22737,190066.0,1264.352708292601,309.37827951341717,8206.230460026798,2024,8206.230460026798,0.0013953434424596191
3300159,Aperibé,33,Rio de Janeiro,Sudeste,10,9,788,11467.4,696.9384752315791,220.96272744767992,2510.42233097698,2022,2510.42233097698,4.83586503346167e-05
3300209,Araruama,33,Rio de Janeiro,Sudeste,10,10,3635,131994.4,272.62753003938224,73.49354479618833,1436.4207791076626,2024,1436.4207791076626,0.00022307575376438033
3300225,Areal,33,Rio de Janeiro,Sudeste,10,10,1472,12280.7,1210.493713069799,52.652917084819556,6562.602157567833,2024,6562.602157567833,9.033494072659363e-05
3300233,Armação dos Búzios,33,Rio de Janeiro,Sudeste,10,10,975,36556.2,245.1717630067648,101.28621893253377,843.5040761509825,2024,843.5040761509825,5.983462446224782e-05
3300258,Arraial do Cabo,33,Rio de Janeiro,Sudeste,10,10,1429,30783.4,464.36528247242757,164.50152354664414,2035.9734498056885,2016,2035.9734498056885,8.76960803656945e-05
3300308,Barra do Piraí,33,Rio de Janeiro,Sudeste,10,10,4621,97963.1,469.65772120615304,71.14992702419447,2501.497446726429,2024,2501.497446726429,0.00028358543552825353
3300407,Barra Mansa,33,Rio de Janeiro,Sudeste,10,10,6024,180119.0,331.4137037055019,79.65209122559952,2346.329972260138,2024,2346.329972260138,0.00036968592590828805
3300456,Belford Roxo,33,Rio de Janeiro,Sudeste,10,10,2590,504062.2,51.630722358146514,35.524081517276166,128.31323092715473,2024,128.31323092715473,0.00015894531010997114
3300506,Bom Jardim,33,Rio de Janeiro,Sudeste,10,9,3495,27879.8,1191.1746358094128,28.529788743099303,9967.715899919289,2024,9967.715899919289,0.00021448411538005756
3300605,Bom Jesus do Itabapoana,33,Rio de Janeiro,Sudeste,10,10,4854,36538.3,1336.6951708973086,553.1931824843157,4951.291943049041,2016,4951.291943049041,0.00029788437655359066
3300704,Cabo Frio,33,Rio de Janeiro,Sudeste,10,10,2310,226275.3,101.06144108513686,59.282494727210924,377.88769177800356,2024,377.88769177800356,0.0001417620333413256
3300803,Cachoeiras de Macacu,33,Rio de Janeiro,Sudeste,10,10,2275,58368.7,388.10282155902325,63.32331756548035,1978.7088256429968,2024,1978.7088256429968,0.0001396141237452449
3300902,Cambuci,33,Rio de Janeiro,Sudeste,10,9,862,15135.5,576.5291971170691,231.26801032301634,3364.2999336429993,2024,3364.2999336429993,5.28999449091873e-05
3300936,Carapebus,33,Rio de Janeiro,Sudeste,10,8,531,15299.4,371.2963708700658,118.97766710612626,1144.851657940663,2024,1144.851657940663,3.2586857014824195e-05
3300951,Comendador Levy Gasparian,33,Rio de Janeiro,Sudeste,10,5,452,8643.6,503.00753670511057,11.680878402055836,3936.311366651924,2024,3936.311366651924,2.7738718212242067e-05
3301009,Campos dos Goytacazes,33,Rio de Janeiro,Sudeste,10,10,25456,501960.7,497.7396208339348,38.068656873836666,3780.8447219808445,2024,3780.8447219808445,0.0015622053336522878
3301108,Cantagalo,33,Rio de Janeiro,Sudeste,10,8,4575,19887.5,2298.2048499304788,79.23835417677188,14522.904580916182,2024,14522.904580916182,0.00028076246863054745
3301157,Cardoso Moreira,33,Rio de Janeiro,Sudeste,10,10,556,12907.1,425.6605070859372,178.26837163894263,1827.9489666492575,2024,1827.9489666492575,3.412107815488183e-05
3301207,Carmo,33,Rio de Janeiro,Sudeste,10,9,3009,18230.4,1685.085202222391,91.46740109998206,6149.943630214205,2024,6149.943630214205,0.00018465885641733712
3301306,Casimiro de Abreu,33,Rio de Janeiro,Sudeste,10,10,1459,45096.9,315.85195214187985,131.51778060996165,1620.5753351316846,2024,1620.5753351316846,8.953714573376366e-05
3301405,Conceição de Macabu,33,Rio de Janeiro,Sudeste,10,10,813,22377.4,367.1799581701026,142.31115755220767,1765.6285010082904,2016,1765.6285010082904,4.9892871474674335e-05
3301504,Cordeiro,33,Rio de Janeiro,Sudeste,10,9,4265,21479.1,2003.3269619729467,142.70973731358492,9840.249550997258,2016,9840.249550997258,0.0002617381264938328
3301603,Duas Barras,33,Rio de Janeiro,Sudeste,10,7,1141,11302.0,1006.5946098591,44.52293414536572,8728.201514884622,2024,8728.201514884622,7.002185283223052e-05
3301702,Duque de Caxias,33,Rio de Janeiro,Sudeste,10,10,12919,881486.0,149.3048886498455,64.68068748632923,815.72395356595,2024,815.72395356595,0.0007928241163361842
3301801,Engenheiro Paulo de Frontin,33,Rio de Janeiro,Sudeste,10,10,561,13301.3,438.8197490641037,78.39232232498388,2419.3548387096776,2024,2419.3548387096776,3.442792238289336e-05
3301850,Guapimirim,33,Rio de Janeiro,Sudeste,10,9,1123,57077.2,205.42679503278978,27.857556298808102,681.2616228756606,2025,681.2616228756606,6.891721361138903e-05
3301876,Iguaba Grande,33,Rio de Janeiro,Sudeste,10,10,806,28265.2,278.1258754862615,87.21060665872285,1480.8804138350745,2024,1480.8804138350745,4.94632895554582e-05
3301900,Itaboraí,33,Rio de Janeiro,Sudeste,10,10,14047,235812.7,590.297806212627,318.44759012821754,2763.2894517580403,2024,2763.2894517580403,0.0008620481741755848
3302007,Itaguaí,33,Rio de Janeiro,Sudeste,10,10,1245,125520.5,103.43157717665738,30.72977092728143,319.23725404609684,2022,319.23725404609684,7.64042127748703e-05
3302056,Italva,33,Rio de Janeiro,Sudeste,10,10,1773,14755.7,1228.5332904534737,267.73714520014795,5696.769304952813,2024,5696.769304952813,0.00010880696325288757
3302106,Itaocara,33,Rio de Janeiro,Sudeste,10,10,516,23147.0,221.33426536383521,146.62480156902544,892.4417375121601,2024,892.4417375121601,3.166632433078961e-05
3302205,Itaperuna,33,Rio de Janeiro,Sudeste,10,10,9710,103013.0,951.2760816937425,372.68782215863786,3790.8023798038266,2016,3790.8023798038266,0.000595891490798386
3302254,Itatiaia,33,Rio de Janeiro,Sudeste,10,10,4485,31611.9,1396.9553654752567,142.83734759682005,9298.342203462409,2024,9298.342203462409,0.00027523927252633997
3302270,Japeri,33,Rio de Janeiro,Sudeste,10,10,600,101926.9,58.99263142118423,31.148440984950128,282.92004816493557,2024,282.92004816493557,3.682130736138327e-05
3302304,Laje do Muriaé,33,Rio de Janeiro,Sudeste,10,7,444,7367.9,591.3790244129334,197.56736379898686,3059.071729957806,2024,3059.071729957806,2.7247767447423623e-05
3302403,Macaé,33,Rio de Janeiro,Sudeste,10,10,9179,254090.9,357.2170516971395,127.46187211926366,2006.905481225723,2024,2006.905481225723,0.0005633046337835618
3302452,Macuco,33,Rio de Janeiro,Sudeste,10,7,648,5532.6,1174.2902861985208,46.135766357373,6141.760399928584,2024,6141.760399928584,3.976701195029394e-05
3302502,Magé,33,Rio de Janeiro,Sudeste,10,10,6066,240112.9,249.65770888942012,35.97426489238053,1306.884289530177,2024,1306.884289530177,0.0003722634174235849
3302601,Mangaratiba,33,Rio de Janeiro,Sudeste,10,10,677,43301.4,157.0266800112274,61.17804578318234,930.6803594351734,2024,930.6803594351734,4.1546708472760796e-05
3302700,Maricá,33,Rio de Janeiro,Sudeste,10,10,6864,177306.2,339.7357588894216,62.36995517966409,2584.6046437028863,2024,2584.6046437028863,0.00042123575621422465
3302809,Mendes,33,Rio de Janeiro,Sudeste,10,9,1035,18185.6,574.045815319914,45.88287830159253,4199.678652556929,2024,4199.678652556929,6.351675519838615e-05
3302858,Mesquita,33,Rio de Janeiro,Sudeste,10,10,707,173949.5,40.747975803107835,6.744920328329265,157.15619984004744,2024,157.15619984004744,4.338777384082996e-05
3302908,Miguel Pereira,33,Rio de Janeiro,Sudeste,10,10,1059,26138.9,381.37545988610026,77.11985554134377,2233.0476833908187,2024,2233.0476833908187,6.498960749284148e-05
3303005,Miracema,33,Rio de Janeiro,Sudeste,10,10,1462,27240.4,528.4467770765696,78.12209367211041,2697.4313682196216,2019,2697.4313682196216,8.972125227057058e-05
3303104,Natividade,33,Rio de Janeiro,Sudeste,10,10,3016,15245.2,1984.8498390603577,381.90471764490815,7173.361804350728,2016,7173.361804350728,0.00018508843833655325
3303203,Nilópolis,33,Rio de Janeiro,Sudeste,10,10,920,157158.0,58.96312522415432,16.726136757818033,213.4930109462541,2016,213.4930109462541,5.645933795412102e-05
3303302,Niterói,33,Rio de Janeiro,Sudeste,10,10,8554,505158.4,169.22329190108195,58.263995364213386,666.2207787773433,2016,666.2207787773433,0.0005249491052821208
3303401,Nova Friburgo,33,Rio de Janeiro,Sudeste,10,10,13354,192064.3,693.9397232965824,35.48159947345741,4011.3018768030597,2016,4011.3018768030597,0.000819519564173187
3303500,Nova Iguaçu,33,Rio de Janeiro,Sudeste,10,10,2767,814277.5,33.582370302396875,5.091488839572534,193.58374276136772,2024,193.58374276136772,0.0001698075957815792
3303609,Paracambi,33,Rio de Janeiro,Sudeste,10,10,684,48039.9,155.55896339452795,27.767624359613116,820.0476452263149,2024,820.0476452263149,4.197629039197693e-05
3303708,Paraíba do Sul,33,Rio de Janeiro,Sudeste,10,10,1875,43632.0,427.52040895769824,42.79295342700235,2116.1760406593653,2024,2116.1760406593653,0.00011506658550432273
3303807,Paraty,33,Rio de Janeiro,Sudeste,10,10,6488,44184.7,1382.8752664802973,162.92124230369626,9539.211156382577,2024,9539.211156382577,0.00039816107026775777
3303856,Paty do Alferes,33,Rio de Janeiro,Sudeste,10,7,1938,28713.0,635.7398065133498,235.01203436811116,4549.36991545701,2024,4549.36991545701,0.00011893282277726797
3303906,Petrópolis,33,Rio de Janeiro,Sudeste,10,10,9071,296976.4,307.2978565373795,29.134409293126552,2619.8119891654774,2024,2619.8119891654774,0.0005566767984585128
3303955,Pinheiral,33,Rio de Janeiro,Sudeste,10,10,1353,24815.9,541.3096375558625,117.00928379582075,3364.5604943193143,2024,3364.5604943193143,8.303204809991928e-05
3304003,Piraí,33,Rio de Janeiro,Sudeste,10,10,4490,28700.1,1559.683882974098,741.3837895367328,8360.294623803951,2024,8360.294623803951,0.0002755461167543515
3304102,Porciúncula,33,Rio de Janeiro,Sudeste,10,10,1015,18224.9,569.4932421887682,214.6882134432138,1978.250809810273,2023,1978.250809810273,6.228937828634004e-05
3304110,Porto Real,33,Rio de Janeiro,Sudeste,10,10,1925,19957.2,922.7489607435975,237.45779110805145,6613.178883402962,2024,6613.178883402962,0.000118135027784438
3304128,Quatis,33,Rio de Janeiro,Sudeste,10,10,1000,14060.2,711.1619348636284,296.756531448485,4068.3712388755475,2024,4068.3712388755475,6.136884560230546e-05
3304144,Queimados,33,Rio de Janeiro,Sudeste,10,10,1317,147241.5,89.18231922995152,18.43470483717575,599.6257369561281,2024,599.6257369561281,8.082276965823628e-05
3304151,Quissamã,33,Rio de Janeiro,Sudeste,10,9,778,23732.1,338.27007748004,39.9606443163612,2490.7031047306064,2024,2490.7031047306064,4.774496187859364e-05
3304201,Resende,33,Rio de Janeiro,Sudeste,10,10,12108,131477.1,895.1088827108633,110.70229052752515,6311.949539284365,2024,6311.949539284365,0.0007430539825527145
3304300,Rio Bonito,33,Rio de Janeiro,Sudeste,10,10,491,58854.4,83.62832408594421,34.17081216084408,446.60227022820703,2024,446.60227022820703,3.013210319073198e-05
3304409,Rio Claro,33,Rio de Janeiro,Sudeste,10,10,630,18080.3,350.71933465354476,47.448364040906014,2757.660167130919,2024,2757.660167130919,3.8662372729452436e-05
3304508,Rio das Flores,33,Rio de Janeiro,Sudeste,10,9,374,9161.7,404.0789712251267,38.527250932909865,2978.3101327290383,2025,2978.3101327290383,2.295194825526224e-05
3304524,Rio das Ostras,33,Rio de Janeiro,Sudeste,10,10,7289,153866.4,449.5073107243803,128.57978775378402,2785.263445945544,2024,2785.263445945544,0.00044731751559520447
3304557,Rio de Janeiro,33,Rio de Janeiro,Sudeste,10,10,200960,6583337.8,303.52601945737405,110.18603523939794,1634.4536778736783,2024,1634.4536778736783,0.012332683212239305
3304607,Santa Maria Madalena,33,Rio de Janeiro,Sudeste,10,8,161,10358.6,155.97723454121828,24.49079891541791,911.9435183369288,2016,911.9435183369288,9.880384141971178e-06
3304706,Santo Antônio de Pádua,33,Rio de Janeiro,Sudeste,10,10,1657,42272.8,391.38326554757174,248.6754688755573,1295.6095774389964,2024,1295.6095774389964,0.00010168817716302014
3304755,São Francisco de Itabapoana,33,Rio de Janeiro,Sudeste,10,8,4726,43614.4,1030.9301519288742,114.87541668047841,7055.396047964871,2024,7055.396047964871,0.0002900291643164956
3304805,São Fidélis,33,Rio de Janeiro,Sudeste,10,10,615,39047.0,154.88288126295097,30.916528806824168,750.0546156273515,2024,750.0546156273515,3.7741840045417854e-05
3304904,São Gonçalo,33,Rio de Janeiro,Sudeste,10,10,16038,1016084.0,156.4266164304894,64.47745679186926,737.1237996356524,2016,737.1237996356524,0.0009842335457697748
3305000,São João da Barra,33,Rio de Janeiro,Sudeste,10,8,557,36604.6,148.40608530405308,31.06972929467979,736.2819055492405,2024,736.2819055492405,3.418244700048414e-05
3305109,São João de Meriti,33,Rio de Janeiro,Sudeste,10,10,4350,462655.0,94.03121397857424,6.468289849986707,734.5628204468679,2024,734.5628204468679,0.0002669544783700287
3305133,São José de Ubá,33,Rio de Janeiro,Sudeste,10,9,537,7171.3,746.159830832002,326.16816335602743,2667.219458264234,2016,2667.219458264234,3.295507008843803e-05
3305158,São José do Vale do Rio Preto,33,Rio de Janeiro,Sudeste,10,10,528,21931.6,233.0758037570716,11.618506451491562,2039.5631387341548,2024,2039.5631387341548,3.240275047801728e-05
3305208,São Pedro da Aldeia,33,Rio de Janeiro,Sudeste,10,10,2619,104859.4,252.2570434635185,143.00545529323676,830.7098608713313,2016,830.7098608713313,0.000160725006632438
3305307,São Sebastião do Alto,33,Rio de Janeiro,Sudeste,10,7,648,8714.7,788.4380661409688,56.9742585764391,2839.9849868635056,2025,2839.9849868635056,3.976701195029394e-05
3305406,Sapucaia,33,Rio de Janeiro,Sudeste,10,10,1821,18035.9,1003.123967553729,138.13451247911274,7283.066324019903,2024,7283.066324019903,0.00011175266784179823
3305505,Saquarema,33,Rio de Janeiro,Sudeste,10,10,4488,89795.4,518.0308304124701,67.59493723690997,2813.1343283582087,2016,2813.1343283582087,0.0002754233790631469
3305554,Seropédica,33,Rio de Janeiro,Sudeste,10,10,1022,83479.4,122.5066704277875,124.46075280706208,249.00574719425987,2024,249.00574719425987,6.271896020555617e-05
3305604,Silva Jardim,33,Rio de Janeiro,Sudeste,10,8,353,21638.6,161.03854064402304,28.100412139378044,962.4988649777534,2024,962.4988649777534,2.1663202497613827e-05
3305703,Sumidouro,33,Rio de Janeiro,Sudeste,10,6,850,15471.5,548.8035306533968,9.707897104202413,3224.9840662842576,2024,3224.9840662842576,5.216351876195964e-05
3305752,Tanguá,33,Rio de Janeiro,Sudeste,10,9,535,33125.5,163.09634304112913,153.49417274490025,435.2060381033539,2024,435.2060381033539,3.2832332397233416e-05
3305802,Teresópolis,33,Rio de Janeiro,Sudeste,10,10,2711,176786.0,153.81568471733397,10.647627526449288,1167.002467570688,2024,1167.002467570688,0.0001663709404278501
3305901,Trajano de Moraes,33,Rio de Janeiro,Sudeste,10,7,299,10514.3,282.13594304692504,33.90365970863838,1473.6249296039045,2025,1473.6249296039045,1.8349284835089332e-05
3306008,Três Rios,33,Rio de Janeiro,Sudeste,10,9,2399,80781.0,296.26043899309354,22.00822517237623,1718.104495747266,2024,1718.104495747266,0.0001472238605999308
3306107,Valença,33,Rio de Janeiro,Sudeste,10,10,1671,73407.8,232.4571640568282,40.42540558705424,1251.0145252022053,2024,1251.0145252022053,0.00010254734100145242
3306156,Varre-Sai,33,Rio de Janeiro,Sudeste,10,9,841,10683.7,807.9738154685643,78.84953406314705,3295.2380952380954,2016,3295.2380952380954,5.1611199151538886e-05
3306206,Vassouras,33,Rio de Janeiro,Sudeste,10,10,5051,35909.6,1402.680946489425,280.2901599778154,9539.327094474154,2024,9539.327094474154,0.00030997403913724485
3306305,Volta Redonda,33,Rio de Janeiro,Sudeste,10,10,30382,270577.8,1097.9332684833157,151.4358730615374,8110.811795725585,2024,8110.811795725585,0.0018645082670892443
3500105,Adamantina,35,São Paulo,Sudeste,10,10,8920,35127.7,2553.290900387476,1355.5764847194612,9680.860264652463,2023,9680.860264652463,0.0005474101027725647
3500204,Adolfo,35,São Paulo,Sudeste,10,10,1145,3914.2,2851.500207797938,3442.5293235470344,5504.994450610433,2025,5504.994450610433,7.026732821463975e-05
3500303,Aguaí,35,São Paulo,Sudeste,10,10,4481,34650.3,1275.1709454354461,63.915422952771195,5842.065051298842,2020,5842.065051298842,0.00027499379714393074
3500402,Águas da Prata,35,São Paulo,Sudeste,10,9,386,7864.0,509.5731804923348,93.14637089260432,3547.523427041499,2024,3547.523427041499,2.3688374402489905e-05
3500501,Águas de Lindóia,35,São Paulo,Sudeste,10,10,1515,18430.3,829.9403786330134,75.29280535415505,7465.058920252124,2024,7465.058920252124,9.297380108749276e-05
3500550,Águas de Santa Bárbara,35,São Paulo,Sudeste,10,7,1247,6557.3,1693.9593200521576,154.4990255222014,9342.513838261104,2024,9342.513838261104,7.652695046607491e-05
3500600,Águas de São Pedro,35,São Paulo,Sudeste,10,9,427,3173.0,1457.2218406927236,269.19717258371463,6659.836065573771,2025,6659.836065573771,2.620449707218443e-05
3500709,Agudos,35,São Paulo,Sudeste,10,10,6559,37603.1,1732.7631152046524,420.6392789746295,7423.036093418259,2023,7423.036093418259,0.0004025182583055215
3500758,Alambari,35,São Paulo,Sudeste,10,10,280,6070.0,446.773819963129,59.821992588820734,2085.308056872038,2024,2085.308056872038,1.7183276768645526e-05
3500808,Alfredo Marcondes,35,São Paulo,Sudeste,10,10,1637,4297.1,3687.662534881127,895.0545344498316,12958.38020247469,2023,12958.38020247469,0.00010046080025097403
3500907,Altair,35,São Paulo,Sudeste,10,10,380,3873.3,1028.4324670952724,627.6767784226998,3449.2670307559642,2024,3449.2670307559642,2.3320161328876074e-05
3501004,Altinópolis,35,São Paulo,Sudeste,10,9,1037,16517.9,607.7181566772109,145.13362093075136,3450.687806015388,2024,3450.687806015388,6.363949288959076e-05
3501103,Alto Alegre,35,São Paulo,Sudeste,10,9,1195,4013.2,3053.015939634791,584.5390590627114,13680.949922560661,2025,13680.949922560661,7.333577049475502e-05
3501152,Alumínio,35,São Paulo,Sudeste,10,9,1300,18110.0,737.5642494621097,58.54325901985443,6031.493377295208,2024,6031.493377295208,7.977949928299709e-05
3501202,Álvares Florence,35,São Paulo,Sudeste,10,9,1272,3806.0,3267.096074506056,1658.6756453153153,11315.4533844189,2022,11315.4533844189,7.806117160613254e-05
3501301,Álvares Machado,35,São Paulo,Sudeste,10,10,4874,26051.3,1816.4902892467703,1407.9248756115621,7793.065492570171,2023,7793.065492570171,0.0002991117534656368
3501400,Álvaro de Carvalho,35,São Paulo,Sudeste,10,8,536,5060.7,1075.4313153412825,949.3504690952332,2703.826955074875,2022,2703.826955074875,3.289370124283572e-05
3501509,Alvinlândia,35,São Paulo,Sudeste,10,9,660,3090.6,2251.1608344311276,434.9974704490339,13821.41635306192,2024,13821.41635306192,4.05034380975216e-05
3501608,Americana,35,São Paulo,Sudeste,10,10,26384,239729.2,1086.1369612099222,383.671350005845,3689.042739254598,2025,3689.042739254598,0.0016191556223712272
3501707,Américo Brasiliense,35,São Paulo,Sudeste,10,10,10951,37443.6,3124.5845717496004,919.1877852634987,10990.641751718707,2022,10990.641751718707,0.0006720502281908471
3501806,Américo de Campos,35,São Paulo,Sudeste,10,10,1644,5951.7,2765.768852453647,1863.9521843086568,8126.064735945486,2022,8126.064735945486,0.00010089038217019017
3501905,Amparo,35,São Paulo,Sudeste,10,10,10617,70717.7,1522.7921369411804,72.22691152930719,10516.964695093993,2025,10516.964695093993,0.000651553033759677
3502002,Analândia,35,São Paulo,Sudeste,10,8,1053,4828.9,2245.58899299855,289.1363797879378,18018.78736122972,2024,18018.78736122972,6.462139441922764e-05
3502101,Andradina,35,São Paulo,Sudeste,10,10,16661,58603.0,2867.2582869562602,2513.8526374923085,8280.700526619663,2019,8280.700526619663,0.0010224663365800111
3502200,Angatuba,35,São Paulo,Sudeste,10,10,1293,24756.3,526.24775876473,80.9685025658988,3206.592689295039,2024,3206.592689295039,7.934991736378096e-05
3502309,Anhembi,35,São Paulo,Sudeste,10,9,523,6284.2,901.0671937032287,122.54935366912582,3399.236906000694,2024,3399.236906000694,3.2095906250005754e-05
3502408,Anhumas,35,São Paulo,Sudeste,10,8,902,4086.7,2223.05109838933,389.2561827025121,7258.264976385783,2022,7258.264976385783,5.535469873327952e-05
3502507,Aparecida,35,São Paulo,Sudeste,10,10,2354,34871.1,687.8515636260069,279.57145517753986,2781.2057911687684,2024,2781.2057911687684,0.00014446226254782705
3502606,Aparecida d'Oeste,35,São Paulo,Sudeste,10,10,1070,4180.9,2587.7612524793776,1105.906051354412,9593.734703866863,2022,9593.734703866863,6.566466479446683e-05
3502705,Apiaí,35,São Paulo,Sudeste,10,7,352,24614.2,141.5465315008492,14.321453583073135,1125.130595515551,2024,1125.130595515551,2.160183365201152e-05
3502754,Araçariguama,35,São Paulo,Sudeste,10,9,1295,21956.6,584.8914403408113,55.345674379876066,2684.0490797546013,2024,2684.0490797546013,7.947265505498557e-05
3502804,Araçatuba,35,São Paulo,Sudeste,10,10,29934,199536.9,1478.169078529891,927.7140113002761,5284.168605906485,2025,5284.168605906485,0.0018370150242594115
3502903,Araçoiaba da Serra,35,São Paulo,Sudeste,10,10,1687,33459.4,500.56405967236276,102.2046976892197,3520.9175184216783,2024,3520.9175184216783,0.0001035292425310893
3503000,Aramina,35,São Paulo,Sudeste,10,9,459,5552.1,821.411515087377,310.11401319224916,4359.430604982206,2019,4359.430604982206,2.8168300131458205e-05
3503109,Arandu,35,São Paulo,Sudeste,10,4,723,6606.7,1028.8812986673515,0.0,8553.191489361703,2024,8553.191489361703,4.436967537046684e-05
3503158,Arapeí,35,São Paulo,Sudeste,10,5,146,2425.4,618.2472416487592,19.928258270227182,5647.55838641189,2024,5647.55838641189,8.959851457936597e-06
3503208,Araraquara,35,São Paulo,Sudeste,10,10,68089,239837.9,2807.944098078964,685.9664411979272,9823.697854891727,2019,9823.697854891727,0.004178543328215377
3503307,Araras,35,São Paulo,Sudeste,10,10,11079,133360.6,826.8314835612524,404.1374903662211,2887.05209806695,2025,2887.05209806695,0.0006799054404279421
3503356,Arco-Íris,35,São Paulo,Sudeste,10,9,506,1912.1,2546.865834556394,1774.2558948589099,10420.743639921722,2023,10420.743639921722,3.105263587476656e-05
3503406,Arealva,35,São Paulo,Sudeste,10,9,1094,8402.7,1321.171018708778,348.29147750162304,4698.646986469865,2023,4698.646986469865,6.713751708892217e-05
3503505,Areias,35,São Paulo,Sudeste,10,9,257,3770.8,702.5822914931074,120.52895596077666,5434.482758620689,2024,5434.482758620689,1.5771793319792503e-05
3503604,Areiópolis,35,São Paulo,Sudeste,10,9,881,10751.6,858.3270127384167,67.43286655658969,6892.853660914497,2024,6892.853660914497,5.4065952975631105e-05
3503703,Ariranha,35,São Paulo,Sudeste,10,10,2043,8814.7,2542.6936941024246,783.4112530759442,15235.855220175095,2024,15235.855220175095,0.00012537655156551005
3503802,Artur Nogueira,35,São Paulo,Sudeste,10,10,5370,53209.3,1009.014515315184,290.94955084570995,4679.521948117531,2025,4679.521948117531,0.0003295507008843803
3503901,Arujá,35,São Paulo,Sudeste,10,10,3611,88709.0,404.22468579851954,131.13145161908005,2325.9175255439554,2024,2325.9175255439554,0.000221602901469925
3503950,Aspásia,35,São Paulo,Sudeste,10,9,745,1839.9,4007.8573157215114,962.0705609129918,15946.666666666668,2025,15946.666666666668,4.5719789973717565e-05
3504008,Assis,35,São Paulo,Sudeste,10,10,22839,103641.7,2193.359532577879,755.9521619016446,7472.009765587748,2025,7472.009765587748,0.0014016030647110544
3504107,Atibaia,35,São Paulo,Sudeste,10,10,18268,150225.5,1114.8395249980674,214.09776297909434,8049.722059948326,2024,8049.722059948326,0.001121086071462916
3504206,Auriflama,35,São Paulo,Sudeste,10,10,2581,14610.3,1769.489936606924,1304.6424749328428,4009.480545131345,2019,4009.480545131345,0.0001583929904995504
3504305,Avaí,35,São Paulo,Sudeste,10,8,287,5030.6,574.3474224111477,319.97290629856104,2813.251897094207,2019,2813.251897094207,1.7612858687861667e-05
3504404,Avanhandava,35,São Paulo,Sudeste,10,10,1142,12643.4,963.2302898007567,432.04758581335363,3008.0447708989154,2025,3008.0447708989154,7.008322167783283e-05
3504503,Avaré,35,São Paulo,Sudeste,10,10,8807,92031.7,917.5388917145153,28.454712309260664,5824.262731794626,2024,5824.262731794626,0.0005404754232195042
3504602,Bady Bassitt,35,São Paulo,Sudeste,10,10,8487,21673.4,3643.282315930209,3022.735109838378,9010.398811564392,2019,9010.398811564392,0.0005208373926267664
3504701,Balbinos,35,São Paulo,Sudeste,10,7,331,4922.8,803.1125469861481,110.01976429416678,4167.738615899151,2023,4167.738615899151,2.0313087894363107e-05
3504800,Bálsamo,35,São Paulo,Sudeste,10,10,2266,9310.7,2367.105478941632,1052.6173054103879,8271.056352252072,2025,8271.056352252072,0.00013906180413482416
3504909,Bananal,35,São Paulo,Sudeste,10,9,799,10570.5,787.1600882676346,47.238567469291596,6489.26698981106,2024,6489.26698981106,4.903370763624206e-05
3505005,Barão de Antonina,35,São Paulo,Sudeste,10,6,663,3503.1,1859.0687011284729,256.7424546549396,8467.856131407534,2023,8467.856131407534,4.068754463432852e-05
3505104,Barbosa,35,São Paulo,Sudeste,10,10,1441,6674.4,2348.08602050748,2012.9404108438498,10124.113475177304,2022,10124.113475177304,8.843250651292216e-05
3505203,Bariri,35,São Paulo,Sudeste,10,9,4188,33855.8,1287.2246732710837,170.85975699196,10273.10600216016,2024,10273.10600216016,0.00025701272538245526
3505302,Barra Bonita,35,São Paulo,Sudeste,10,9,1963,35614.1,560.2852437024834,250.32921336219314,2761.739526152621,2024,2761.739526152621,0.00012046704391732561
3505351,Barra do Chapéu,35,São Paulo,Sudeste,10,4,194,5510.6,368.9928008609598,0.0,3614.9162861491627,2024,3614.9162861491627,1.1905556046847259e-05
3505401,Barra do Turvo,35,São Paulo,Sudeste,10,9,301,7373.7,409.67652497335223,95.4272355028526,2135.7442348008385,2020,2135.7442348008385,1.8472022526293943e-05
3505500,Barretos,35,São Paulo,Sudeste,10,10,18352,122893.4,1479.1519569220739,901.7877518733578,4460.351520909434,2019,4460.351520909434,0.0011262410544935098
3505609,Barrinha,35,São Paulo,Sudeste,10,10,5360,32613.2,1632.1369352383506,1398.3963668340912,3902.8359603387476,2024,3902.8359603387476,0.00032893701242835724
3505708,Barueri,35,São Paulo,Sudeste,10,10,6461,293166.5,197.92616998050443,21.453084411322994,1394.3252234825436,2024,1394.3252234825436,0.00039650411143649555
3505807,Bastos,35,São Paulo,Sudeste,10,10,3812,21279.7,1785.618226051754,601.1583682885398,7864.018974096637,2023,7864.018974096637,0.0002339380394359884
3505906,Batatais,35,São Paulo,Sudeste,10,10,16614,61008.6,2765.4412429492177,1131.2634925094576,9388.205033988608,2024,9388.205033988608,0.0010195820008367029
3506003,Bauru,35,São Paulo,Sudeste,10,10,78826,379613.0,2056.4861977103346,691.1247217881324,6976.312171923847,2019,6976.312171923847,0.00483746062344733
3506102,Bebedouro,35,São Paulo,Sudeste,10,10,9042,77476.8,1160.1551265967769,306.60415155525953,8688.147295742232,2024,8688.147295742232,0.0005548971019360459
3506201,Bento de Abreu,35,São Paulo,Sudeste,10,8,669,2828.9,2489.457269262585,1177.951982275248,12462.121212121212,2025,12462.121212121212,4.105575770794235e-05
3506300,Bernardino de Campos,35,São Paulo,Sudeste,10,9,1557,11390.7,1317.845638213878,83.9272948951496,8437.394532568343,2024,8437.394532568343,9.55512926027896e-05
3506359,Bertioga,35,São Paulo,Sudeste,10,10,5295,63578.6,822.1182450352748,167.10333106263496,3301.780987842627,2024,3301.780987842627,0.0003249480374642074
3506409,Bilac,35,São Paulo,Sudeste,10,10,2146,7745.2,2772.701936843644,1590.4244595492119,10057.256659198407,2019,10057.256659198407,0.0001316975426625475
3506508,Birigui,35,São Paulo,Sudeste,10,10,39033,122148.8,3208.693473711396,2408.707499404647,8120.760806528883,2022,8120.760806528883,0.002395410150394789
3506607,Biritiba Mirim,35,São Paulo,Sudeste,10,10,2527,31477.8,824.3062355913444,79.0790339211226,6568.171394876498,2024,6568.171394876498,0.00015507907283702588
3506706,Boa Esperança do Sul,35,São Paulo,Sudeste,10,10,4564,14144.5,3450.453329526492,1044.8423698439171,13415.010016951765,2023,13415.010016951765,0.0002800874113289221
3506805,Bocaina,35,São Paulo,Sudeste,10,8,818,11898.7,706.5158000121776,254.91260630357834,2762.2346567190693,2022,2762.2346567190693,5.019971570268586e-05
3506904,Bofete,35,São Paulo,Sudeste,10,8,823,11190.5,761.2403277001738,57.361376673040155,3714.446107784431,2024,3714.446107784431,5.050655993069739e-05
3507001,Boituva,35,São Paulo,Sudeste,10,10,7542,61043.7,1191.973124483446,193.18609714968647,7782.0704880548765,2024,7782.0704880548765,0.00046284383353258773
3507100,Bom Jesus dos Perdões,35,São Paulo,Sudeste,10,10,1122,23948.2,495.7289715476845,81.33767348903615,3679.8364517132572,2024,3679.8364517132572,6.885584476578672e-05
3507159,Bom Sucesso de Itararé,35,São Paulo,Sudeste,10,6,18,3795.1,49.07158743205285,25.31958890806525,277.0083102493075,2024,277.0083102493075,1.1046392208414982e-06
3507209,Borá,35,São Paulo,Sudeste,10,9,206,870.1,2283.2373435908585,692.489526768912,8820.286659316427,2022,8820.286659316427,1.2641982194074924e-05
3507308,Boracéia,35,São Paulo,Sudeste,10,10,785,4786.3,1639.2851210818094,512.4943685138967,10055.98175409496,2024,10055.98175409496,4.8174543797809784e-05
3507407,Borborema,35,São Paulo,Sudeste,10,10,4802,15315.7,3288.240163454415,2021.3087703278647,11050.189793336145,2022,11050.189793336145,0.0002946931965822708
3507456,Borebi,35,São Paulo,Sudeste,10,7,404,2680.9,1487.4240976409596,539.4484665039628,6155.547364541098,2022,6155.547364541098,2.4793013623331404e-05
3507506,Botucatu,35,São Paulo,Sudeste,10,10,18762,146454.8,1249.1573098141282,71.69728985751203,10814.79905877348,2024,10814.79905877348,0.001151402281190455
3507605,Bragança Paulista,35,São Paulo,Sudeste,10,10,14389,172884.2,783.4592288405836,109.21705715705846,7044.74798791122,2024,7044.74798791122,0.0008830363193715732
3507704,Braúna,35,São Paulo,Sudeste,10,10,787,5557.0,1438.6464681019966,956.3847120982671,5526.512322628827,2022,5526.512322628827,4.829728148901439e-05
3507753,Brejo Alegre,35,São Paulo,Sudeste,10,9,621,2744.8,2355.397259557694,1355.0223903994026,7446.393762183236,2022,7446.393762183236,3.811005311903169e-05
3507803,Brodowski,35,São Paulo,Sudeste,10,10,5255,25116.8,2058.414017299917,389.36080814076126,9905.606298008943,2024,9905.606298008943,0.00032249328364011517
3507902,Brotas,35,São Paulo,Sudeste,10,10,3613,24228.3,1481.4479022466812,893.7219471942992,8299.55369938173,2024,8299.55369938173,0.0002217256391611296
3508009,Buri,35,São Paulo,Sudeste,10,7,1158,20097.9,569.1165364333568,79.31133032464331,2618.4538653366585,2021,2618.4538653366585,7.106512320746972e-05
3508108,Buritama,35,São Paulo,Sudeste,10,10,6111,17207.2,3531.3850632165463,3295.275697442849,9535.153980244044,2022,9535.153980244044,0.0003750250154756886
3508207,Buritizal,35,São Paulo,Sudeste,10,10,567,4439.1,1282.6145400530522,832.5223327165393,3816.112474893997,2019,3816.112474893997,3.4796135456507193e-05
3508306,Cabrália Paulista,35,São Paulo,Sudeste,10,8,488,4305.8,1122.7603507058577,138.801014042467,6123.853211009175,2025,6123.853211009175,2.9947996653925062e-05
3508405,Cabreúva,35,São Paulo,Sudeste,10,10,2942,48646.8,605.9789014981689,179.93769651692958,2540.387224072019,2025,2540.387224072019,0.00018054714376198266
3508504,Caçapava,35,São Paulo,Sudeste,10,10,12303,95514.4,1243.7751900632106,152.06027962495926,9796.544874495878,2024,9796.544874495878,0.0007550209074451641
3508603,Cachoeira Paulista,35,São Paulo,Sudeste,10,10,2651,32725.5,809.7898484698296,129.71146220038952,5409.1496829012995,2024,5409.1496829012995,0.00016268880969171176
3508702,Caconde,35,São Paulo,Sudeste,10,10,1684,18270.8,972.6345234090622,60.57309178565047,7674.041468782579,2024,7674.041468782579,0.00010334513599428238
3508801,Cafelândia,35,São Paulo,Sudeste,10,10,1657,17355.4,952.3683499399234,479.7732158027609,3119.9419545682867,2021,3119.9419545682867,0.00010168817716302014
3508900,Caiabu,35,São Paulo,Sudeste,10,9,499,4008.3,1291.541810484716,1450.2767011790543,2616.8224299065423,2024,2616.8224299065423,3.0623053955550424e-05
3509007,Caieiras,35,São Paulo,Sudeste,10,10,4626,99052.7,470.1617564809573,75.24605347319343,3549.874309209522,2024,3549.874309209522,0.00028389227975626503
3509106,Caiuá,35,São Paulo,Sudeste,10,10,626,5707.6,1092.4587365111247,662.2858613337255,3212.2435250588633,2020,3212.2435250588633,3.8416897347043215e-05
3509205,Cajamar,35,São Paulo,Sudeste,10,10,3401,83730.9,378.4506985954877,138.8559091666242,2154.8226739110337,2024,2154.8226739110337,0.00020871544389344085
3509254,Cajati,35,São Paulo,Sudeste,10,10,2891,28742.4,1001.4519786118948,85.91047442584541,4811.539271425563,2020,4811.539271425563,0.00017741733263626508
3509304,Cajobi,35,São Paulo,Sudeste,10,10,1923,9981.8,2031.5099064900264,809.7673477398882,6286.644951140065,2025,6286.644951140065,0.00011801229009323339
3509403,Cajuru,35,São Paulo,Sudeste,10,10,2135,25231.8,875.5736959249543,168.4148529119774,5702.967028432303,2025,5702.967028432303,0.00013102248536092214
3509452,Campina do Monte Alegre,35,São Paulo,Sudeste,10,7,805,6013.0,1325.1682664938255,75.18911031498237,11946.6842191871,2024,11946.6842191871,4.9401920709855894e-05
3509502,Campinas,35,São Paulo,Sudeste,10,10,227301,1184304.0,1919.3508832083771,657.4142109269334,10283.7576108137,2024,10283.7576108137,0.013949199974249633
3509601,Campo Limpo Paulista,35,São Paulo,Sudeste,10,10,2475,81925.4,309.350021806532,82.92794045123536,1714.7232717823833,2024,1714.7232717823833,0.000151887892865706
3509700,Campos do Jordão,35,São Paulo,Sudeste,10,9,244,50146.7,50.03734615236232,12.493387969608621,308.4425734114165,2024,308.4425734114165,1.4973998326962531e-05
3509809,Campos Novos Paulista,35,São Paulo,Sudeste,10,8,1595,4946.2,3216.284257717566,1902.7766088625326,13911.653008195082,2025,13911.653008195082,9.78833087356772e-05
3509908,Cananéia,35,São Paulo,Sudeste,10,10,1733,12493.5,1387.106163985232,171.78147359056604,11970.534069981584,2024,11970.534069981584,0.00010635220942879535
3509957,Canas,35,São Paulo,Sudeste,10,10,593,5054.9,1167.5736975902928,89.88884810863476,8061.002178649237,2024,8061.002178649237,3.639172544216714e-05
3510005,Cândido Mota,35,São Paulo,Sudeste,10,10,7501,30693.6,2488.571048692869,480.80673345805087,12925.688894783963,2025,12925.688894783963,0.00046032771086289325
3510104,Cândido Rodrigues,35,São Paulo,Sudeste,10,10,689,2845.0,2384.830546084583,1954.455413479859,7165.109034267912,2023,7165.109034267912,4.228313461998846e-05
3510153,Canitar,35,São Paulo,Sudeste,10,9,895,5667.2,1438.1460515256258,1012.2977061483466,5841.158682158205,2023,5841.158682158205,5.492511681406338e-05
3510203,Capão Bonito,35,São Paulo,Sudeste,10,10,1414,47093.7,301.41413061797516,41.8629692058208,1202.0631460819648,2023,1202.0631460819648,8.677554768165992e-05
3510302,Capela do Alto,35,São Paulo,Sudeste,10,10,2817,21622.5,1233.1649078894432,215.47850765188423,7022.079077848879,2024,7022.079077848879,0.00017287603806169448
3510401,Capivari,35,São Paulo,Sudeste,10,10,4488,53511.3,861.8601422343978,353.4034064856362,6003.7413772945165,2024,6003.7413772945165,0.0002754233790631469
3510500,Caraguatatuba,35,São Paulo,Sudeste,10,10,18994,127467.5,1401.211493397625,404.1651549379626,8368.773213121262,2024,8368.773213121262,0.0011656398533701898
3510609,Carapicuíba,35,São Paulo,Sudeste,10,10,10139,396981.4,254.29509366403857,28.75732450449877,1508.5503761964756,2024,1508.5503761964756,0.0006222187255617751
3510708,Cardoso,35,São Paulo,Sudeste,10,10,2089,11963.9,1770.4181530480193,1221.8998272554168,4725.437298755548,2024,4725.437298755548,0.0001281995184632161
3510807,Casa Branca,35,São Paulo,Sudeste,10,10,3449,29567.9,1173.810877254345,320.56916933401124,6127.978878621552,2024,6127.978878621552,0.00021166114848235153
3510906,Cássia dos Coqueiros,35,São Paulo,Sudeste,10,10,385,2657.0,1372.5151329834705,581.0244462842803,6024.518388791594,2024,6024.518388791594,2.36270055568876e-05
3511003,Castilho,35,São Paulo,Sudeste,10,10,4652,20587.1,2237.3176427897038,2115.47589221186,5679.329715319433,2019,5679.329715319433,0.000285487869741925
3511102,Catanduva,35,São Paulo,Sudeste,10,10,30590,119949.5,2554.097486696016,1858.8376521335426,6171.751753767664,2024,6171.751753767664,0.001877272986974524
3511201,Catiguá,35,São Paulo,Sudeste,10,10,1734,7488.0,2390.0396410735607,846.0091623913476,9106.263194933144,2024,9106.263194933144,0.00010641357827439766
3511300,Cedral,35,São Paulo,Sudeste,10,10,4159,10671.1,3601.828777825294,1843.9097465676205,9921.886735766862,2025,9921.886735766862,0.0002552330288599884
3511409,Cerqueira César,35,São Paulo,Sudeste,10,7,831,20636.4,380.5336405201163,22.414785434080763,1541.7578834598723,2023,1541.7578834598723,5.099751069551583e-05
3511508,Cerquilho,35,São Paulo,Sudeste,10,8,3128,47213.4,674.0620485688435,124.63462032997802,2836.6185602700307,2024,2836.6185602700307,0.00019196174904401146
3511607,Cesário Lange,35,São Paulo,Sudeste,10,10,1982,18538.9,1028.1535962578105,143.9150351530891,5385.950581988973,2024,5385.950581988973,0.00012163305198376941
3511706,Charqueada,35,São Paulo,Sudeste,10,10,2397,16516.7,1502.4544966693982,702.0923017899049,7304.722116723636,2024,7304.722116723636,0.00014710112290872618
3511904,Clementina,35,São Paulo,Sudeste,10,9,942,7925.3,1262.4076758085587,587.4394023916,4870.12987012987,2025,4870.12987012987,5.780945255737174e-05
3512001,Colina,35,São Paulo,Sudeste,10,10,2018,18538.3,1078.8173706749913,537.6431659658572,5684.109967094788,2024,5684.109967094788,0.00012384233042545242
3512100,Colômbia,35,São Paulo,Sudeste,10,10,1030,6413.6,1592.6725734665772,471.1555685041237,5603.864734299517,2019,5603.864734299517,6.320991097037463e-05
3512209,Conchal,35,São Paulo,Sudeste,10,10,3380,28190.1,1188.3324149766831,188.60538770862246,7523.078555512326,2020,7523.078555512326,0.00020742669813579245
3512308,Conchas,35,São Paulo,Sudeste,10,10,3870,16817.4,2488.2207321831256,89.31009544065677,15581.622678396872,2025,15581.622678396872,0.00023749743248092212
3512407,Cordeirópolis,35,São Paulo,Sudeste,10,10,5137,24544.5,2047.1237007548607,815.715965865,7755.279601360436,2025,7755.279601360436,0.0003152517598590431
3512506,Coroados,35,São Paulo,Sudeste,10,9,1571,5787.7,2819.798667418596,2317.7585806341167,9240.74074074074,2022,9240.74074074074,9.641045644122188e-05
3512605,Coronel Macedo,35,São Paulo,Sudeste,10,5,333,4548.2,775.0683946719882,21.362956633198035,6589.057043073341,2024,6589.057043073341,2.0435825585567717e-05
3512704,Corumbataí,35,São Paulo,Sudeste,10,9,169,4130.8,399.20713904598836,159.77174636078152,1540.2567094515753,2024,1540.2567094515753,1.0371334906789622e-05
3512803,Cosmópolis,35,São Paulo,Sudeste,10,10,4929,67034.9,800.174435554122,153.37378458633287,3851.0554865695053,2024,3851.0554865695053,0.0003024870399737636
3512902,Cosmorama,35,São Paulo,Sudeste,10,10,1536,7939.0,1910.5428500206683,1601.9047270431433,6530.388256276581,2021,6530.388256276581,9.426254684514118e-05
3513009,Cotia,35,São Paulo,Sudeste,10,10,7182,260216.3,253.7977465269354,49.64448027907993,1822.9711084166076,2024,1822.9711084166076,0.00044075104911575776
3513108,Cravinhos,35,São Paulo,Sudeste,10,10,5021,34588.3,1467.4048600053434,942.1927815523347,6729.534041807778,2024,6729.534041807778,0.00030813297376917567
3513207,Cristais Paulista,35,São Paulo,Sudeste,10,10,599,8914.7,641.4879458606762,245.09123342720545,4076.286283139474,2024,4076.286283139474,3.6759938515780965e-05
3513306,Cruzália,35,São Paulo,Sudeste,10,9,619,2105.4,2950.196610154544,2454.056547025842,8538.899430740037,2023,8538.899430740037,3.7987315427827074e-05
3513405,Cruzeiro,35,São Paulo,Sudeste,10,10,5998,79560.8,736.9656296413551,64.61680761907168,5309.3701178379815,2020,5309.3701178379815,0.0003680903359226281
3513504,Cubatão,35,São Paulo,Sudeste,10,10,4561,123615.1,353.7892317404318,156.34667433759785,1980.818134484346,2021,1980.818134484346,0.0002799033047921152
3513603,Cunha,35,São Paulo,Sudeste,10,10,724,21909.0,323.4908871642298,29.92407497582196,2636.2664766654793,2024,2636.2664766654793,4.443104421606915e-05
3513702,Descalvado,35,São Paulo,Sudeste,10,10,6989,33055.3,2146.5520602540573,161.49212467766762,10081.74386920981,2025,10081.74386920981,0.00042890686191451286
3513801,Diadema,35,São Paulo,Sudeste,10,10,20318,412834.5,501.1979711719252,91.74152313140961,2956.562192230982,2024,2956.562192230982,0.0012468922049476423
3513850,Dirce Reis,35,São Paulo,Sudeste,10,9,762,1726.7,4596.786665281007,2228.9818074513278,17367.45886654479,2024,17367.45886654479,4.6763060348956754e-05
3513900,Divinolândia,35,São Paulo,Sudeste,10,8,263,11222.3,232.78485020324274,31.382101892118257,1635.142301573272,2024,1635.142301573272,1.6140006393406334e-05
3514007,Dobrada,35,São Paulo,Sudeste,10,10,2055,8874.8,2312.739646819889,1564.8976056242882,7266.85955931449,2025,7266.85955931449,0.0001261129777127377
3514106,Dois Córregos,35,São Paulo,Sudeste,10,9,4956,26196.2,1989.0683433622658,273.02143115500763,17453.228726614365,2024,17453.228726614365,0.0003041439988050258
3514205,Dolcinópolis,35,São Paulo,Sudeste,10,8,655,2164.7,2998.465090517261,1870.7524190183967,11327.594019030359,2022,11327.594019030359,4.019659386951007e-05
3514304,Dourado,35,São Paulo,Sudeste,10,9,961,8586.1,1179.3427027062648,225.39021323323254,6027.667984189723,2023,6027.667984189723,5.897546062381554e-05
3514403,Dracena,35,São Paulo,Sudeste,10,10,9669,46441.8,2093.396448539028,987.5615981461584,6909.442758499362,2023,6909.442758499362,0.0005933753681286914
3514502,Duartina,35,São Paulo,Sudeste,10,8,1349,12458.0,1086.9355171776206,233.6612497366155,5442.894224529527,2022,5442.894224529527,8.278657271751006e-05
3514601,Dumont,35,São Paulo,Sudeste,10,10,2718,9699.1,2813.4154357226316,2090.514907255915,11091.67609836403,2024,11091.67609836403,0.00016680052234706622
3514700,Echaporã,35,São Paulo,Sudeste,10,9,1304,6185.7,2097.5332999918055,462.84345286719906,9637.389202256245,2023,9637.389202256245,8.002497466540632e-05
3514809,Eldorado,35,São Paulo,Sudeste,10,9,762,14530.6,559.8902073518473,80.63695458522983,4163.50098769184,2024,4163.50098769184,4.6763060348956754e-05
3514908,Elias Fausto,35,São Paulo,Sudeste,10,8,1679,17771.0,927.0129656562146,48.20612823308032,4982.599569132188,2024,4982.599569132188,0.00010303829176627086
3514924,Elisiário,35,São Paulo,Sudeste,10,10,880,3438.0,2689.2813674090075,834.3572868528364,11006.585136406396,2024,11006.585136406396,5.40045841300288e-05
3514957,Embaúba,35,São Paulo,Sudeste,10,9,899,2410.6,3803.167286661426,2264.297567932091,11795.092552733535,2022,11795.092552733535,5.517059219647261e-05
3515004,Embu das Artes,35,São Paulo,Sudeste,10,10,7024,265236.3,269.9153217384966,59.0368222233746,2111.266644300737,2024,2111.266644300737,0.0004310547715105935
3515103,Embu-Guaçu,35,São Paulo,Sudeste,10,10,2063,68626.0,299.9093643059697,50.697610986775594,2332.6793110965773,2024,2332.6793110965773,0.00012660392847755616
3515129,Emilianópolis,35,São Paulo,Sudeste,10,10,629,3141.5,2071.083474395405,416.9326695868559,14465.826144658262,2023,14465.826144658262,3.860100388385013e-05
3515152,Engenheiro Coelho,35,São Paulo,Sudeste,10,9,2651,20210.6,1304.848487549049,201.88081365634264,6732.145501209219,2025,6732.145501209219,0.00016268880969171176
3515186,Espírito Santo do Pinhal,35,São Paulo,Sudeste,10,10,9165,42672.3,2253.482686128321,169.8629056480525,10329.146284506282,2024,10329.146284506282,0.0005624454699451295
3515194,Espírito Santo do Turvo,35,São Paulo,Sudeste,10,9,545,4553.8,1293.7840437592592,187.17975832466027,6062.063988453211,2022,6062.063988453211,3.344602085325647e-05
3515202,Estrela d'Oeste,35,São Paulo,Sudeste,10,10,3115,8879.1,3414.6379359314865,2271.714721216015,9238.73640600725,2024,9238.73640600725,0.0001911639540511815
3515301,Estrela do Norte,35,São Paulo,Sudeste,10,8,964,2751.2,3539.1982913610627,1030.004924267352,21124.67628560858,2023,21124.67628560858,5.9159567160622456e-05
3515350,Euclides da Cunha Paulista,35,São Paulo,Sudeste,10,10,1863,8821.3,2219.0067321818324,1350.243403526576,9515.396264512872,2022,9515.396264512872,0.00011433015935709506
3515400,Fartura,35,São Paulo,Sudeste,10,9,2229,16352.6,1320.4880249342286,195.94132649407655,9308.761186999529,2024,9308.761186999529,0.00013679115684753885
3515509,Fernandópolis,35,São Paulo,Sudeste,10,10,19383,70325.6,2720.1414182694507,1456.7946594651344,8551.450182293083,2025,8551.450182293083,0.0011895123343094866
3515608,Fernando Prestes,35,São Paulo,Sudeste,10,10,1009,5873.6,1691.4185460226367,751.843616241312,8465.163244698755,2023,8465.163244698755,6.192116521272621e-05
3515657,Fernão,35,São Paulo,Sudeste,10,8,129,1695.0,761.074240096563,442.34147495017066,1968.7319050376375,2020,1968.7319050376375,7.916581082697403e-06
3515707,Ferraz de Vasconcelos,35,São Paulo,Sudeste,10,10,10668,188760.3,574.4927676272338,101.0905921833251,4751.591944920322,2024,4751.591944920322,0.0006546828448853946
3515806,Flora Rica,35,São Paulo,Sudeste,10,7,320,1491.2,2158.528326503858,190.20793680031107,16610.62542030935,2023,16610.62542030935,1.9638030592737745e-05
3515905,Floreal,35,São Paulo,Sudeste,10,10,688,2858.2,2477.269665409127,913.6679845853561,10976.948408342481,2022,10976.948408342481,4.222176577438615e-05
3516002,Flórida Paulista,35,São Paulo,Sudeste,10,10,2302,13953.9,1683.34621535949,970.8011431769298,4685.792349726776,2019,4685.792349726776,0.00014127108257650715
3516101,Florínea,35,São Paulo,Sudeste,10,9,711,3190.6,2032.2691697711966,218.83677042031564,7324.364723467862,2019,7324.364723467862,4.363324922323918e-05
3516200,Franca,35,São Paulo,Sudeste,10,10,39227,354486.5,1098.24589067409,747.3061531083407,2864.428225981319,2024,2864.428225981319,0.0024073157064416362
3516309,Francisco Morato,35,São Paulo,Sudeste,10,10,7636,172126.2,445.2764650387251,156.83757319591376,2613.5692870542994,2024,2613.5692870542994,0.00046861250501920444
3516408,Franco da Rocha,35,São Paulo,Sudeste,10,10,17409,150872.9,1163.1263282690222,220.16660777679624,9497.54983776855,2024,9497.54983776855,0.0010683702330905357
3516507,Gabriel Monteiro,35,São Paulo,Sudeste,10,10,898,2783.6,3230.6271682258703,882.1786796477433,17336.228736880203,2022,17336.228736880203,5.51092233508703e-05
3516606,Gália,35,São Paulo,Sudeste,10,9,846,6528.2,1318.1343205999522,641.893296991234,4796.238244514107,2022,4796.238244514107,5.191804337955041e-05
3516705,Garça,35,São Paulo,Sudeste,10,10,15060,43715.3,3529.1268340566066,982.3837513706605,19178.342436475894,2022,19178.342436475894,0.0009242148147707202
3516804,Gastão Vidigal,35,São Paulo,Sudeste,10,9,902,4159.2,2446.1187787221593,719.3138325879165,10824.108241082411,2022,10824.108241082411,5.535469873327952e-05
3516853,Gavião Peixoto,35,São Paulo,Sudeste,10,9,1263,4766.7,2652.497133596067,1704.4705788906194,6869.91021089998,2019,6869.91021089998,7.750885199571179e-05
3516903,General Salgado,35,São Paulo,Sudeste,10,10,2952,10687.9,2815.3605347292983,1497.6663233366558,12926.687354538402,2022,12926.687354538402,0.0001811608322180057
3517000,Getulina,35,São Paulo,Sudeste,10,10,1294,10955.4,1203.1977009825487,385.58060662755975,4365.041042974409,2024,4365.041042974409,7.941128620938326e-05
3517109,Glicério,35,São Paulo,Sudeste,10,10,1092,4548.1,2557.0397552935165,572.5647951674875,10557.960557960558,2025,10557.960557960558,6.701477939771755e-05
3517208,Guaiçara,35,São Paulo,Sudeste,10,10,2207,11795.3,1899.902370394236,663.1842429206839,6786.896671894057,2025,6786.896671894057,0.00013544104224428815
3517307,Guaimbê,35,São Paulo,Sudeste,10,9,752,5679.2,1329.4699218859794,1337.4134263985172,3578.219533275713,2020,3578.219533275713,4.61493718929337e-05
3517406,Guaíra,35,São Paulo,Sudeste,10,10,10878,40345.7,2699.445257734167,1875.0477354311465,7984.884783521451,2025,7984.884783521451,0.0006675703024618787
3517505,Guapiaçu,35,São Paulo,Sudeste,10,10,5929,21560.1,2697.816799569539,1753.7731476565878,10318.556471374472,2025,10318.556471374472,0.000363855885576069
3517604,Guapiara,35,São Paulo,Sudeste,10,8,309,17239.2,179.38180373661106,14.275421973478107,1332.8697264719517,2024,1332.8697264719517,1.8962973291112387e-05
3517703,Guará,35,São Paulo,Sudeste,10,10,701,20187.9,341.9601832569362,91.15404530292506,1809.6135721017909,2019,1809.6135721017909,4.3019560767216126e-05
3517802,Guaraçaí,35,São Paulo,Sudeste,10,10,3140,8001.0,4116.976889613711,1262.3013023226308,20064.50745867491,2022,20064.50745867491,0.00019269817519123914
3517901,Guaraci,35,São Paulo,Sudeste,10,10,1002,10857.7,935.0374302691893,534.9524844581488,3765.8888256497817,2024,3765.8888256497817,6.149158329351006e-05
3518008,Guarani d'Oeste,35,São Paulo,Sudeste,10,10,643,1996.5,3223.271392147925,2244.236955876312,9504.752376188095,2024,9504.752376188095,3.946016772228241e-05
3518107,Guarantã,35,São Paulo,Sudeste,10,10,1395,6592.9,2110.5767339415593,892.3212540913471,8182.4981301421085,2021,8182.4981301421085,8.560953961521612e-05
3518206,Guararapes,35,São Paulo,Sudeste,10,10,8855,32307.2,2760.0235539872165,2866.9909480398155,6786.251881585549,2025,6786.251881585549,0.0005434211278084148
3518305,Guararema,35,São Paulo,Sudeste,10,10,1964,30502.0,619.9693487580978,261.472579307604,3431.372549019608,2024,3431.372549019608,0.00012052841276292792
3518404,Guaratinguetá,35,São Paulo,Sudeste,10,10,11769,120845.2,966.6558763112386,105.3342768571861,6116.999424862378,2024,6116.999424862378,0.0007222499438935329
3518503,Guareí,35,São Paulo,Sudeste,10,9,702,17013.7,456.5069142834444,37.429753012145326,3890.489913544669,2024,3890.489913544669,4.308092961281843e-05
3518602,Guariba,35,São Paulo,Sudeste,10,10,4116,39152.3,1067.7149681942512,516.7561399660055,3218.838338044696,2022,3218.838338044696,0.0002525941684990893
3518701,Guarujá,35,São Paulo,Sudeste,10,10,17897,308038.9,596.9567104012597,227.40912693187323,2933.8278418702726,2024,2933.8278418702726,0.0010983182297444607
3518800,Guarulhos,35,São Paulo,Sudeste,10,10,99264,1350610.2,737.0869618033761,96.68016500196318,6022.608007944318,2024,6022.608007944318,0.006091717089867249
3518859,Guatapará,35,São Paulo,Sudeste,10,10,1213,7534.5,1623.5237461245554,1312.8150121280578,4535.51912568306,2023,4535.51912568306,7.444040971559652e-05
3518909,Guzolândia,35,São Paulo,Sudeste,10,10,521,4849.4,1167.7808073994236,841.2358791026808,4186.155285313377,2024,4186.155285313377,3.197316855880114e-05
3519006,Herculândia,35,São Paulo,Sudeste,10,9,1979,9382.8,2116.260691024837,1465.5737778596358,6016.438356164384,2023,6016.438356164384,0.00012144894544696249
3519055,Holambra,35,São Paulo,Sudeste,10,10,2678,14959.8,1724.7547091750616,321.86029258702627,9431.905616824828,2024,9431.905616824828,0.000164345768522974
3519071,Hortolândia,35,São Paulo,Sudeste,10,10,18704,234071.3,773.102031166937,480.68593354490554,2841.5621157200153,2025,2841.5621157200153,0.0011478428881455211
3519105,Iacanga,35,São Paulo,Sudeste,10,10,1660,11183.3,1548.3436777178895,1001.5975947983217,6188.281764318631,2024,6188.281764318631,0.00010187228369982706
3519204,Iacri,35,São Paulo,Sudeste,10,9,1376,6279.0,2224.8479973057847,1297.8595059591385,6785.190017941609,2023,6785.190017941609,8.44435315487723e-05
3519253,Iaras,35,São Paulo,Sudeste,10,8,628,8680.3,758.053022791605,161.23516950983588,3146.0674157303374,2022,3146.0674157303374,3.853963503824783e-05
3519303,Ibaté,35,São Paulo,Sudeste,10,10,3771,33986.8,1144.4724057898943,340.11649827159994,4372.55267574119,2022,4372.55267574119,0.00023142191676629387
3519402,Ibirá,35,São Paulo,Sudeste,10,10,4027,12115.6,3334.2318176245512,2737.4159714825532,7617.203259904785,2019,7617.203259904785,0.00024713234124048406
3519501,Ibirarema,35,São Paulo,Sudeste,10,10,1714,7186.3,2550.7759796846153,1356.3946867824873,8048.289738430583,2024,8048.289738430583,0.00010518620136235155
3519600,Ibitinga,35,São Paulo,Sudeste,10,10,10826,60225.4,1778.5659951606983,610.4975596755118,7482.741418985243,2025,7482.741418985243,0.0006643791224905588
3519709,Ibiúna,35,São Paulo,Sudeste,10,10,2382,77791.4,306.70117751579374,22.787381097380063,2370.8645091499143,2024,2370.8645091499143,0.0001461805902246916
3519808,Icém,35,São Paulo,Sudeste,10,10,889,8084.7,1102.9458367247296,955.3654571844461,2532.2931321140813,2022,2532.2931321140813,5.455690374044955e-05
3519907,Iepê,35,São Paulo,Sudeste,10,9,2771,7959.4,3592.953403428586,563.879851531686,23992.649954062214,2023,23992.649954062214,0.00017005307116398842
3520004,Igaraçu do Tietê,35,São Paulo,Sudeste,10,9,2485,24102.6,1060.393486227225,115.44479157267293,7042.2535211267605,2024,7042.2535211267605,0.00015250158132172904
3520103,Igarapava,35,São Paulo,Sudeste,10,10,1686,28793.3,587.6241414248135,350.39400889532595,2464.5110410094635,2019,2464.5110410094635,0.000103467873685487
3520202,Igaratá,35,São Paulo,Sudeste,10,9,575,10016.9,531.9679177761947,54.51048566153028,4759.721203228173,2024,4759.721203228173,3.5287086221325635e-05
3520301,Iguape,35,São Paulo,Sudeste,10,10,2750,30284.9,919.6092853960138,53.21522561476094,8162.377430474215,2024,8162.377430474215,0.00016876432540634002
3520400,Ilhabela,35,São Paulo,Sudeste,10,10,7743,34998.0,2150.1883670388243,1007.6461680880125,11558.259241927935,2024,11558.259241927935,0.00047517897149865115
3520426,Ilha Comprida,35,São Paulo,Sudeste,10,10,1134,12107.4,829.4537957637392,149.19083233978785,6313.149408814045,2024,6313.149408814045,6.959227091301439e-05
3520442,Ilha Solteira,35,São Paulo,Sudeste,10,10,2855,26352.0,1078.358943649433,972.4837604587703,2190.7312355872946,2021,2190.7312355872946,0.00017520805419458208
3520509,Indaiatuba,35,São Paulo,Sudeste,10,10,28029,253936.6,1051.4591056850943,203.55082180609668,6483.792373274197,2025,6483.792373274197,0.0017201073733870197
3520608,Indiana,35,São Paulo,Sudeste,10,9,1389,4996.7,2721.647875678972,740.8155150714349,11669.941060903733,2023,11669.941060903733,8.524132654160228e-05
3520707,Indiaporã,35,São Paulo,Sudeste,10,9,1547,3977.0,3877.3401148844014,1682.7921244780368,12229.102167182662,2021,12229.102167182662,9.493760414676654e-05
3520806,Inúbia Paulista,35,São Paulo,Sudeste,10,9,1070,3843.0,2836.3337984314912,855.1930484287003,9206.27021647176,2020,9206.27021647176,6.566466479446683e-05
3520905,Ipaussu,35,São Paulo,Sudeste,10,8,1074,14480.6,770.0648439512604,139.37397332832268,4119.1245066379615,2025,4119.1245066379615,6.591014017687606e-05
3521002,Iperó,35,São Paulo,Sudeste,10,10,2847,36840.4,749.138295634403,183.3217672324019,3764.0922979664947,2020,3764.0922979664947,0.00017471710342976363
3521101,Ipeúna,35,São Paulo,Sudeste,10,9,1641,7237.0,2325.769495947538,527.1586016927631,14916.41663094728,2024,14916.41663094728,0.00010070627563338326
3521150,Ipiguá,35,São Paulo,Sudeste,10,10,1529,5968.4,2561.3814204716296,1792.4961919820607,6057.624736472242,2025,6057.624736472242,9.383296492592504e-05
3521200,Iporanga,35,São Paulo,Sudeste,10,7,257,4171.6,621.7902052107901,24.319606818240946,3617.697384502567,2024,3617.697384502567,1.5771793319792503e-05
3521309,Ipuã,35,São Paulo,Sudeste,10,10,1596,15600.0,1012.0928462222694,364.2808564608605,5698.092510207813,2019,5698.092510207813,9.79446775812795e-05
3521408,Iracemápolis,35,São Paulo,Sudeste,10,10,2538,23272.4,1100.1620375593252,458.03893501376183,4813.906841987965,2024,4813.906841987965,0.00015575413013865124
3521507,Irapuã,35,São Paulo,Sudeste,10,10,1241,7539.6,1754.3112434872412,693.4475267431742,5787.503599193781,2024,5787.503599193781,7.615873739246107e-05
3521606,Irapuru,35,São Paulo,Sudeste,10,9,1350,7813.6,1779.260784928413,546.696243935808,7367.678193366267,2023,7367.678193366267,8.284794156311236e-05
3521705,Itaberá,35,São Paulo,Sudeste,10,9,879,17838.8,482.262390989702,27.939288044592175,4206.3752875451855,2024,4206.3752875451855,5.39432152844265e-05
3521804,Itaí,35,São Paulo,Sudeste,10,7,1905,26408.2,730.7310370528932,49.94120486032086,5730.813729271114,2024,5730.813729271114,0.0001169076508723919
3521903,Itajobi,35,São Paulo,Sudeste,10,10,3010,16047.4,1786.5039077500332,801.128388994419,7398.905173936077,2022,7398.905173936077,0.0001847202252629394
3522000,Itaju,35,São Paulo,Sudeste,10,8,798,3745.2,2159.6749861694934,171.30657912287512,14289.573203673688,2024,14289.573203673688,4.897233879063975e-05
3522109,Itanhaém,35,São Paulo,Sudeste,10,10,9395,106671.5,821.2130171329133,129.80598700876084,5450.6748414016265,2024,5450.6748414016265,0.0005765603044336598
3522158,Itaoca,35,São Paulo,Sudeste,10,4,13,3382.7,37.3574244260396,0.0,286.5329512893983,2024,286.5329512893983,7.977949928299709e-07
3522208,Itapecerica da Serra,35,São Paulo,Sudeste,10,10,6512,169060.6,396.3963971979418,33.16133450102588,3400.273290712996,2024,3400.273290712996,0.00039963392256221313
3522307,Itapetininga,35,São Paulo,Sudeste,10,10,8290,162100.5,505.6487908423407,58.166905513737774,3286.846507992722,2024,3286.846507992722,0.0005087477300431123
3522406,Itapeva,35,São Paulo,Sudeste,10,9,4962,92917.9,537.9930902502567,43.19708847764057,3665.352454399723,2024,3665.352454399723,0.0003045122118786397
3522505,Itapevi,35,São Paulo,Sudeste,10,10,4629,236264.7,191.51744424025233,22.38513626951704,1008.6627296857961,2025,1008.6627296857961,0.00028407638629307193
3522604,Itapira,35,São Paulo,Sudeste,10,10,12061,73924.4,1632.153730958499,128.31338663259635,14621.409921671018,2024,14621.409921671018,0.0007401696468094061
3522653,Itapirapuã Paulista,35,São Paulo,Sudeste,10,6,113,4280.0,256.2498332029787,23.255859232608564,1787.3303167420813,2025,1787.3303167420813,6.934679553060517e-06
3522703,Itápolis,35,São Paulo,Sudeste,10,10,9842,41807.9,2401.8820282160427,1479.8651533480474,11323.525688096624,2023,11323.525688096624,0.0006039921784178903
3522802,Itaporanga,35,São Paulo,Sudeste,10,9,1611,14762.4,1126.115230787536,85.4377629900992,5238.4291725105195,2024,5238.4291725105195,9.88652102653141e-05
3522901,Itapuí,35,São Paulo,Sudeste,10,10,1898,13869.9,1359.015846082017,132.79012422423475,5731.846769582618,2019,5731.846769582618,0.00011647806895317575
3523008,Itapura,35,São Paulo,Sudeste,10,10,386,4524.7,837.1295211684259,636.2102954501822,3261.312678353037,2019,3261.312678353037,2.3688374402489905e-05
3523107,Itaquaquecetuba,35,São Paulo,Sudeste,10,10,8175,371291.8,214.92724065794215,47.83574398867097,1704.2201604617787,2024,1704.2201604617787,0.0005016903127988471
3523206,Itararé,35,São Paulo,Sudeste,10,9,3131,48232.1,679.6690365797101,112.90419643133708,3668.894919143115,2024,3668.894919143115,0.0001921458555808184
3523305,Itariri,35,São Paulo,Sudeste,10,10,493,16676.8,292.8104150177567,57.950020710660326,1568.3600409137402,2020,1568.3600409137402,3.025484088193659e-05
3523404,Itatiba,35,São Paulo,Sudeste,10,10,7556,121489.3,600.8337483796288,95.77412154450604,4946.085140384326,2024,4946.085140384326,0.00046370299737102
3523503,Itatinga,35,São Paulo,Sudeste,10,8,823,20036.2,420.0510621660666,22.437392576317826,1793.2381050251772,2025,1793.2381050251772,5.050655993069739e-05
3523602,Itirapina,35,São Paulo,Sudeste,10,8,1779,17322.5,1075.6499904894667,105.38858018736946,7637.071745877199,2024,7637.071745877199,0.00010917517632650141
3523701,Itirapuã,35,São Paulo,Sudeste,10,9,1025,6212.6,1687.027535303571,1130.9062063693184,4620.176501124762,2022,4620.176501124762,6.290306674236309e-05
3523800,Itobi,35,São Paulo,Sudeste,10,10,716,7960.9,884.5565995541783,133.7411633680608,3130.328867235079,2024,3130.328867235079,4.394009345125071e-05
3523909,Itu,35,São Paulo,Sudeste,10,10,25621,172381.3,1476.8289871790128,263.5314334628608,7880.912689546921,2024,7880.912689546921,0.0015723311931766682
3524006,Itupeva,35,São Paulo,Sudeste,10,10,2741,65101.6,392.4283154594308,170.8945568721071,1279.3408984921498,2021,1279.3408984921498,0.00016821200579591924
3524105,Ituverava,35,São Paulo,Sudeste,10,10,5343,40235.2,1333.1726877056485,510.1538815569811,4817.807957153787,2019,4817.807957153787,0.00032789374205311806
3524204,Jaborandi,35,São Paulo,Sudeste,10,10,1267,6658.1,1904.9034293925492,1026.5082210757278,9092.22109972579,2019,9092.22109972579,7.7754327378121e-05
3524303,Jaboticabal,35,São Paulo,Sudeste,10,10,12181,75314.9,1639.6580812977165,1544.7948081081336,3805.479563921441,2025,3805.479563921441,0.0007475339082816827
3524402,Jacareí,35,São Paulo,Sudeste,10,10,42048,237759.5,1688.473018750361,175.87381207120427,13464.923510209306,2024,13464.923510209306,0.00258043721988574
3524501,Jaci,35,São Paulo,Sudeste,10,10,1497,7290.4,2017.1714776632848,1994.0894418869166,3651.648495993695,2022,3651.648495993695,9.186916186665126e-05
3524600,Jacupiranga,35,São Paulo,Sudeste,10,9,258,17194.8,151.78192950383226,36.33273548154184,609.0808416389812,2024,609.0808416389812,1.5833162165394806e-05
3524709,Jaguariúna,35,São Paulo,Sudeste,10,10,17560,58242.9,2847.579349429252,339.44329775736844,14918.852445753306,2024,14918.852445753306,0.0010776369287764838
3524808,Jales,35,São Paulo,Sudeste,10,10,12561,49238.4,2546.920869355604,1760.4372839284924,5711.090698510324,2025,5711.090698510324,0.0007708540696105588
3524907,Jambeiro,35,São Paulo,Sudeste,10,10,444,6511.7,675.9556634243273,132.8992904973426,4958.174904942965,2024,4958.174904942965,2.7247767447423623e-05
3525003,Jandira,35,São Paulo,Sudeste,10,10,2404,122380.5,197.48874129811307,48.69371475615722,945.1749352395318,2024,945.1749352395318,0.0001475307048279423
3525102,Jardinópolis,35,São Paulo,Sudeste,10,10,6809,44848.7,1524.819644068068,458.6646467932204,6584.35242457151,2016,6584.35242457151,0.00041786046970609784
3525201,Jarinu,35,São Paulo,Sudeste,10,10,2709,33245.0,692.6977363574761,69.92338696238996,4745.642660190737,2024,4745.642660190737,0.00016624820273664548
3525300,Jaú,35,São Paulo,Sudeste,10,10,15519,143706.9,1119.1823469645747,343.72827008391755,6958.047814277288,2024,6958.047814277288,0.0009523831149021784
3525409,Jeriquara,35,São Paulo,Sudeste,10,10,570,3473.4,1552.7616250729893,395.2078705172961,6363.17907444668,2024,6363.17907444668,3.498024199331411e-05
3525508,Joanópolis,35,São Paulo,Sudeste,10,9,1855,13074.9,1416.8282844339865,53.359449922837825,13524.245895379916,2024,13524.245895379916,0.00011383920859227662
3525607,João Ramalho,35,São Paulo,Sudeste,10,10,790,4471.8,1781.308905333051,266.474147098155,6317.204301075269,2025,6317.204301075269,4.848138802582131e-05
3525706,José Bonifácio,35,São Paulo,Sudeste,10,10,7302,36993.0,1965.7939299378227,783.8354347634717,7539.650042311577,2022,7539.650042311577,0.0004481153105880344
3525805,Júlio Mesquita,35,São Paulo,Sudeste,10,8,1197,4571.3,2735.7873387060763,938.7699873555334,11448.048895157499,2023,11448.048895157499,7.345850818595964e-05
3525854,Jumirim,35,São Paulo,Sudeste,10,10,99,3236.1,312.183413582532,95.41843785389553,798.2120051085568,2025,798.2120051085568,6.07551571462824e-06
3525904,Jundiaí,35,São Paulo,Sudeste,10,10,35621,430874.4,783.0217968682304,134.248491688998,4704.190409569141,2024,4704.190409569141,0.0021860196491997226
3526001,Junqueirópolis,35,São Paulo,Sudeste,10,9,3738,20628.9,1814.5975753678044,1050.9852016933091,7052.034428794993,2022,7052.034428794993,0.00022939674486141778
3526100,Juquiá,35,São Paulo,Sudeste,10,8,490,18227.8,265.7484780250675,111.2114043454968,923.523918231815,2016,923.523918231815,3.0070734345129673e-05
3526209,Juquitiba,35,São Paulo,Sudeste,10,10,919,29881.7,327.3490618564341,45.458573874034926,2163.7447780911916,2024,2163.7447780911916,5.639796910851872e-05
3526308,Lagoinha,35,São Paulo,Sudeste,10,10,414,4999.3,801.2740007407308,71.560038074001,6966.4222307989185,2024,6966.4222307989185,2.540670207935446e-05
3526407,Laranjal Paulista,35,São Paulo,Sudeste,10,8,4457,27669.3,1669.7819799260153,336.34138487552207,10330.908952438978,2023,10330.908952438978,0.00027352094484947543
3526506,Lavínia,35,São Paulo,Sudeste,10,10,942,10977.2,915.0295535842426,714.7834234645587,2115.801424295593,2023,2115.801424295593,5.780945255737174e-05
3526605,Lavrinhas,35,São Paulo,Sudeste,10,10,934,7240.9,1279.624150271124,117.52524666314991,6114.074681986048,2020,6114.074681986048,5.73185017925533e-05
3526704,Leme,35,São Paulo,Sudeste,10,10,12942,101607.7,1269.772474557452,145.86555150578351,5123.255562011877,2025,5123.255562011877,0.0007942355997850372
3526803,Lençóis Paulista,35,São Paulo,Sudeste,10,10,5925,67863.6,869.6855893115422,171.5745830259408,4011.98918049565,2024,4011.98918049565,0.00036361041019365985
3526902,Limeira,35,São Paulo,Sudeste,10,10,20005,301443.1,663.5453326322033,202.14548307631162,3065.8934319384957,2024,3065.8934319384957,0.0012276837562741206
3527009,Lindóia,35,São Paulo,Sudeste,10,10,465,7575.6,643.276183801859,227.81423865415684,2495.0099800399203,2022,2495.0099800399203,2.8536513205072036e-05
3527108,Lins,35,São Paulo,Sudeste,10,10,12711,76971.8,1665.3493760566748,1199.7464315131697,5477.473622273633,2023,5477.473622273633,0.0007800593964509046
3527207,Lorena,35,São Paulo,Sudeste,10,10,13977,87575.1,1587.7850167953284,87.97238362439526,9204.532448208767,2024,9204.532448208767,0.0008577523549834233
3527256,Lourdes,35,São Paulo,Sudeste,10,10,663,2153.8,3148.2595007361642,3071.2186854668203,6410.256410256409,2022,6410.256410256409,4.068754463432852e-05
3527306,Louveira,35,São Paulo,Sudeste,10,10,2689,50112.9,503.57373007130036,171.76737529795102,2951.3407625066993,2024,2951.3407625066993,0.00016502082582459937
3527405,Lucélia,35,São Paulo,Sudeste,10,10,2622,21092.2,1253.5302516685208,278.33418617846104,4919.994018244354,2023,4919.994018244354,0.0001609091131692449
3527504,Lucianópolis,35,São Paulo,Sudeste,10,8,292,2393.3,1211.923191881937,396.3110249762989,4457.2843582335945,2025,4457.2843582335945,1.7919702915873195e-05
3527603,Luís Antônio,35,São Paulo,Sudeste,10,10,2495,13780.8,1913.2659006806857,1087.7824266761716,5854.056257643701,2022,5854.056257643701,0.0001531152697777521
3527702,Luiziânia,35,São Paulo,Sudeste,10,10,914,5338.5,1836.9060133880262,703.6811702504042,8317.379281004041,2022,8317.379281004041,5.609112488050719e-05
3527801,Lupércio,35,São Paulo,Sudeste,10,7,377,4347.6,915.7370150755414,525.1959240949484,2813.363476513439,2023,2813.363476513439,2.3136054792069157e-05
3527900,Lutécia,35,São Paulo,Sudeste,10,9,684,2671.1,2561.3277466883787,881.411864215805,13378.429161969185,2022,13378.429161969185,4.197629039197693e-05
3528007,Macatuba,35,São Paulo,Sudeste,10,8,2218,17084.3,1296.356004219081,368.9356475372355,7757.009345794392,2024,7757.009345794392,0.00013611609954591351
3528106,Macaubal,35,São Paulo,Sudeste,10,10,1759,7881.0,2208.3055635956794,1119.366888064203,8160.019574259848,2021,8160.019574259848,0.0001079477994144553
3528205,Macedônia,35,São Paulo,Sudeste,10,10,631,3828.9,1626.2999299561336,1775.1466380222591,3078.475902094373,2023,3078.475902094373,3.872374157505474e-05
3528304,Magda,35,São Paulo,Sudeste,10,10,425,3158.1,1342.4394476488342,491.949515557793,4928.909952606636,2022,4928.909952606636,2.608175938097982e-05
3528403,Mairinque,35,São Paulo,Sudeste,10,9,2866,48562.9,555.3554444431965,29.966985408075395,3652.729384436702,2024,3652.729384436702,0.00017588311149620745
3528502,Mairiporã,35,São Paulo,Sudeste,10,9,10545,97665.7,1082.760342715318,23.71596767282144,10563.763488331502,2024,10563.763488331502,0.0006471344768763111
3528601,Manduri,35,São Paulo,Sudeste,10,6,1342,9883.1,1330.3603996423822,45.63953200635136,11860.87990487515,2024,11860.87990487515,8.235699079829392e-05
3528700,Marabá Paulista,35,São Paulo,Sudeste,10,9,749,5312.4,1518.1444997419383,818.9173979401335,6429.040017493987,2022,6429.040017493987,4.5965265356126786e-05
3528809,Maracaí,35,São Paulo,Sudeste,10,10,1711,13497.9,1305.0097799012167,358.5629846501057,6120.380477155778,2024,6120.380477155778,0.00010500209482554463
3528858,Marapoama,35,São Paulo,Sudeste,10,10,633,3144.5,1936.2103244219968,1566.4229851678465,9204.131227217496,2023,9204.131227217496,3.8846479266259356e-05
3528908,Mariápolis,35,São Paulo,Sudeste,10,8,1207,3860.7,3297.66056766584,1515.3277360786578,16054.654141759182,2023,16054.654141759182,7.407219664198269e-05
3529005,Marília,35,São Paulo,Sudeste,10,10,37611,239695.3,1538.802134192012,933.9588999054951,5964.875398224364,2025,5964.875398224364,0.0023081436519483104
3529104,Marinópolis,35,São Paulo,Sudeste,10,10,620,2017.3,3258.9482322355457,1937.5516956162119,10913.978494623656,2022,10913.978494623656,3.804868427342938e-05
3529203,Martinópolis,35,São Paulo,Sudeste,10,10,5322,25855.9,2086.3430948164278,1022.1534625194085,6080.945299626221,2022,6080.945299626221,0.00032660499629546966
3529302,Matão,35,São Paulo,Sudeste,10,10,17191,81789.1,2125.5342544428668,1553.5382605635666,8294.788775824853,2025,8294.788775824853,0.001054991824749233
3529401,Mauá,35,São Paulo,Sudeste,10,10,14431,451495.4,334.27649822839624,20.800409313801673,2685.732917229494,2024,2685.732917229494,0.0008856138108868701
3529500,Mendonça,35,São Paulo,Sudeste,10,9,2745,5774.7,4492.689285616687,1297.4737012821472,14532.71028037383,2025,14532.71028037383,0.00016845748117832847
3529609,Meridiano,35,São Paulo,Sudeste,10,10,1481,4167.7,3504.1708216695856,3074.969187245755,8430.913348946135,2024,8430.913348946135,9.088726033701438e-05
3529658,Mesópolis,35,São Paulo,Sudeste,10,8,672,1936.2,3457.021939798656,1953.8096711001135,9668.943772990016,2021,9668.943772990016,4.123986424474927e-05
3529708,Miguelópolis,35,São Paulo,Sudeste,10,9,563,21113.7,267.6657439022151,105.0854823427224,896.9430715723961,2016,896.9430715723961,3.455066007409797e-05
3529807,Mineiros do Tietê,35,São Paulo,Sudeste,10,8,3107,12244.6,2710.2710770046606,388.6056062973824,22918.318794607454,2024,22918.318794607454,0.00019067300328636305
3529906,Miracatu,35,São Paulo,Sudeste,10,10,513,19394.4,266.9445707612536,137.61056984873161,891.8046230331609,2021,891.8046230331609,3.14822177939827e-05
3530003,Mira Estrela,35,São Paulo,Sudeste,10,10,862,3111.5,2738.5995481165237,2776.9721305407256,7283.526101906846,2024,7283.526101906846,5.28999449091873e-05
3530102,Mirandópolis,35,São Paulo,Sudeste,10,10,10871,29048.5,3767.825189142627,2192.7920855050024,10770.82514383733,2023,10770.82514383733,0.0006671407205426626
3530201,Mirante do Paranapanema,35,São Paulo,Sudeste,10,10,3206,17331.0,1916.8974798696086,855.9397905992723,7243.827354400954,2023,7243.827354400954,0.00019674851900099128
3530300,Mirassol,35,São Paulo,Sudeste,10,10,8307,61527.2,1301.604790293455,558.0498561829611,5761.954688425947,2025,5761.954688425947,0.0005097910004183514
3530409,Mirassolândia,35,São Paulo,Sudeste,10,10,1291,4794.2,2679.8663291567273,777.2539574203442,11269.07798452854,2025,11269.07798452854,7.922717967257634e-05
3530508,Mococa,35,São Paulo,Sudeste,10,10,7278,68767.4,1053.2345857424655,204.33119556625752,5063.181582136057,2024,5063.181582136057,0.0004466424582935791
3530607,Mogi das Cruzes,35,São Paulo,Sudeste,10,10,20954,449763.7,448.47103778079855,21.939178185603645,4146.159104503118,2024,4146.159104503118,0.0012859227907507085
3530706,Mogi Guaçu,35,São Paulo,Sudeste,10,10,40803,153487.2,2572.3902886094315,831.8567706309823,16005.68869372123,2025,16005.68869372123,0.0025040330071108693
3530805,Mogi Mirim,35,São Paulo,Sudeste,10,10,22290,93433.8,2343.5772396168277,231.36475657553353,11967.579536671472,2025,11967.579536671472,0.0013679115684753886
3530904,Mombuca,35,São Paulo,Sudeste,10,7,419,3601.7,1134.7905763076621,352.5743434362392,3433.813892529489,2024,3433.813892529489,2.5713546307365986e-05
3531001,Monções,35,São Paulo,Sudeste,10,9,726,2131.8,3530.1102996674394,2375.19512597258,13113.061435209087,2022,13113.061435209087,4.455378190727376e-05
3531100,Mongaguá,35,São Paulo,Sudeste,10,10,2832,58955.5,460.0147621040625,100.1954833863185,2476.789782854663,2024,2476.789782854663,0.00017379657074572904
3531209,Monte Alegre do Sul,35,São Paulo,Sudeste,10,10,389,8301.9,445.78006086608985,137.97407140471307,1848.3038431195764,2024,1848.3038431195764,2.387248093929682e-05
3531308,Monte Alto,35,São Paulo,Sudeste,10,10,6186,49485.6,1272.464153709661,930.3574872174349,3663.41713699333,2024,3663.41713699333,0.00037962767889586157
3531407,Monte Aprazível,35,São Paulo,Sudeste,10,10,3610,23930.4,1532.3409155592713,743.7550488980476,4528.241718818512,2019,4528.241718818512,0.0002215415326243227
3531506,Monte Azul Paulista,35,São Paulo,Sudeste,10,10,3008,18745.8,1616.725120686544,1265.6110175133174,4302.129281707782,2024,4302.129281707782,0.0001845974875717348
3531605,Monte Castelo,35,São Paulo,Sudeste,10,10,1108,4209.4,2634.5506524669313,476.363364226965,10847.93936522975,2022,10847.93936522975,6.799668092735445e-05
3531704,Monteiro Lobato,35,São Paulo,Sudeste,10,10,231,4444.0,545.6805762039826,114.1444368720368,3781.212841854935,2024,3781.212841854935,1.4176203334132561e-05
3531803,Monte Mor,35,São Paulo,Sudeste,10,10,5718,61902.5,865.3715053901511,377.26042399797814,4541.13171659534,2024,4541.13171659534,0.0003509070591539826
3531902,Morro Agudo,35,São Paulo,Sudeste,10,10,9240,30958.6,3135.611294413883,1230.1782589552115,10353.774411836892,2025,10353.774411836892,0.0005670481333653024
3532009,Morungaba,35,São Paulo,Sudeste,10,10,1174,13678.2,834.9144851908513,78.1217138214557,4516.724664441446,2024,4516.724664441446,7.20470247371066e-05
3532058,Motuca,35,São Paulo,Sudeste,10,10,703,4464.0,1652.860822234695,416.01094877673916,8899.355478433317,2022,8899.355478433317,4.314229845842073e-05
3532108,Murutinga do Sul,35,São Paulo,Sudeste,10,10,946,4185.5,2317.7886329294874,2031.5653881886014,6663.098742306663,2022,6663.098742306663,5.805492793978096e-05
3532157,Nantes,35,São Paulo,Sudeste,10,8,765,2941.7,2729.011754642871,314.0606991932385,8527.994067482388,2025,8527.994067482388,4.6947166885763675e-05
3532207,Narandiba,35,São Paulo,Sudeste,10,8,1595,5225.8,2861.607223399249,1001.666782937688,18781.725888324872,2023,18781.725888324872,9.78833087356772e-05
3532306,Natividade da Serra,35,São Paulo,Sudeste,10,10,354,6841.9,502.72882239632446,214.0600050119756,3125.87608634707,2024,3125.87608634707,2.172457134321613e-05
3532405,Nazaré Paulista,35,São Paulo,Sudeste,10,10,829,18424.3,446.36323893729775,35.02002645341352,3861.439312567132,2024,3861.439312567132,5.0874773004311224e-05
3532504,Neves Paulista,35,São Paulo,Sudeste,10,10,2377,9298.0,2511.306820552261,957.7934937430028,7704.367301231803,2019,7704.367301231803,0.00014587374599668007
3532603,Nhandeara,35,São Paulo,Sudeste,10,10,2586,10831.9,2442.862207813393,1341.6113556226098,6354.039788875356,2022,6354.039788875356,0.0001586998347275619
3532702,Nipoã,35,São Paulo,Sudeste,10,9,789,5016.4,1621.2505987405045,684.3474603624841,7052.631578947368,2022,7052.631578947368,4.8420019180219005e-05
3532801,Nova Aliança,35,São Paulo,Sudeste,10,10,2712,6858.4,3945.970315985539,3444.0692199375662,9950.694755714925,2022,9950.694755714925,0.00016643230927345238
3532827,Nova Campina,35,São Paulo,Sudeste,10,5,146,9238.9,168.7537916496231,5.019072475406545,1506.1985864905573,2024,1506.1985864905573,8.959851457936597e-06
3532843,Nova Canaã Paulista,35,São Paulo,Sudeste,10,9,345,1962.8,1698.748234451201,885.6911416302412,9294.40389294404,2025,9294.40389294404,2.1172251732795382e-05
3532868,Nova Castilho,35,São Paulo,Sudeste,10,8,392,1182.7,3533.3058550784745,1496.855570270684,19397.363465160077,2022,19397.363465160077,2.405658747610374e-05
3532900,Nova Europa,35,São Paulo,Sudeste,10,10,2183,10396.7,2208.649875311312,597.2169676737385,6497.690903232735,2022,6497.690903232735,0.00013396818994983282
3533007,Nova Granada,35,São Paulo,Sudeste,10,10,3635,20663.0,1799.5150539042213,720.1857675223262,6277.3572274576445,2022,6277.3572274576445,0.00022307575376438033
3533106,Nova Guataporanga,35,São Paulo,Sudeste,10,8,508,2257.0,2272.5012308790842,2369.435623154493,4886.41234462066,2021,4886.41234462066,3.117537356597117e-05
3533205,Nova Independência,35,São Paulo,Sudeste,10,9,1636,4231.2,3717.7736774136597,1822.3800538393507,14840.529399001953,2022,14840.529399001953,0.00010039943140537172
3533254,Novais,35,São Paulo,Sudeste,10,10,803,5224.8,1621.124777078747,832.2033002150691,4989.930633251287,2024,4989.930633251287,4.927918301865128e-05
3533304,Nova Luzitânia,35,São Paulo,Sudeste,10,10,1112,3570.0,3321.7430055167665,3037.577021551967,11385.266126189637,2022,11385.266126189637,6.824215630976366e-05
3533403,Nova Odessa,35,São Paulo,Sudeste,10,10,8209,61081.0,1303.3776257975808,705.4869033897044,6514.29283178676,2024,6514.29283178676,0.0005037768535493255
3533502,Novo Horizonte,35,São Paulo,Sudeste,10,10,9213,40060.1,2330.5954032126615,1205.737874851406,6400.405730949664,2024,6400.405730949664,0.0005653911745340402
3533601,Nuporanga,35,São Paulo,Sudeste,10,9,2272,7436.0,3050.859868243435,2541.7781481244683,10350.426194019754,2023,10350.426194019754,0.000139430017208438
3533700,Ocauçu,35,São Paulo,Sudeste,10,8,1250,4326.6,2865.3438521912008,232.64507047891692,16693.60424844147,2023,16693.60424844147,7.671105700288182e-05
3533809,Óleo,35,São Paulo,Sudeste,10,7,335,2522.3,1320.1260082370677,40.13918138302397,11692.91338582677,2024,11692.91338582677,2.0558563276772327e-05
3533908,Olímpia,35,São Paulo,Sudeste,10,10,11196,55124.7,2010.250747839377,549.638904112689,6439.0398758399315,2024,6439.0398758399315,0.0006870855953634119
3534005,Onda Verde,35,São Paulo,Sudeste,10,9,1565,4553.4,3311.4547577935346,2465.248972833665,7749.898826386078,2025,7749.898826386078,9.604224336760803e-05
3534104,Oriente,35,São Paulo,Sudeste,10,10,1030,6356.3,1622.8676285707543,1253.9583783501853,3805.75430050236,2021,3805.75430050236,6.320991097037463e-05
3534203,Orindiúva,35,São Paulo,Sudeste,10,10,2325,6620.8,3661.2405558856567,904.8709961103024,14608.233731739709,2022,14608.233731739709,0.0001426825660253602
3534302,Orlândia,35,São Paulo,Sudeste,10,10,4960,41803.4,1235.7136840289436,999.5448407676374,4853.988882799656,2023,4853.988882799656,0.00030438947418743505
3534401,Osasco,35,São Paulo,Sudeste,10,10,37990,716461.4,504.18263988975775,68.49215130223574,3013.269005168095,2024,3013.269005168095,0.002331402444431584
3534500,Oscar Bressane,35,São Paulo,Sudeste,10,10,886,2558.8,3536.2534657153656,1643.6782208780971,11310.951239008793,2025,11310.951239008793,5.437279720364263e-05
3534609,Osvaldo Cruz,35,São Paulo,Sudeste,10,10,8286,32380.8,2603.7932177601133,1577.5580916029076,12906.114095676643,2023,12906.114095676643,0.000508502254660703
3534708,Ourinhos,35,São Paulo,Sudeste,10,10,16656,110034.1,1554.57189681083,868.9915350144986,6066.728400258159,2025,6066.728400258159,0.0010221594923519996
3534757,Ouroeste,35,São Paulo,Sudeste,10,10,1975,10326.3,1881.6872440191285,1494.2159842134738,5309.568480300188,2025,5309.568480300188,0.00012120347006455328
3534807,Ouro Verde,35,São Paulo,Sudeste,10,9,2762,8254.6,3436.4607642282704,532.7223068438468,16351.716158889318,2023,16351.716158889318,0.00016950075155356767
3534906,Pacaembu,35,São Paulo,Sudeste,10,9,2428,14527.0,1641.3905371473352,907.2930892858342,6627.680311890837,2023,6627.680311890837,0.00014900355712239765
3535002,Palestina,35,São Paulo,Sudeste,10,10,3667,12342.6,2995.5076630822555,1700.3178751055314,8914.255838271174,2022,8914.255838271174,0.00022503955682365412
3535101,Palmares Paulista,35,São Paulo,Sudeste,10,10,3349,11745.1,3149.5194846668282,2020.9190347434833,12524.461839530331,2024,12524.461839530331,0.00020552426392212098
3535200,Palmeira d'Oeste,35,São Paulo,Sudeste,10,10,2583,9183.5,2871.9219929173464,994.0340934102337,10591.935302706952,2022,10591.935302706952,0.000158515728190755
3535309,Palmital,35,São Paulo,Sudeste,10,10,5660,21199.4,2773.282440166872,310.12686099899423,10829.86709952318,2025,10829.86709952318,0.00034734766610904885
3535408,Panorama,35,São Paulo,Sudeste,10,10,4003,15480.0,2613.853297628014,813.4373309190453,13946.805666933975,2023,13946.805666933975,0.00024565948894602875
3535507,Paraguaçu Paulista,35,São Paulo,Sudeste,10,10,8728,43994.1,2041.5877363895233,1004.9725257997595,7282.533799035332,2024,7282.533799035332,0.000535627284416922
3535606,Paraibuna,35,São Paulo,Sudeste,10,10,1448,18058.2,806.5678465517781,107.16575643397837,6167.130919220055,2024,6167.130919220055,8.88620884321383e-05
3535705,Paraíso,35,São Paulo,Sudeste,10,9,1476,6322.3,2381.475682676864,702.4346035070473,11173.7240379971,2024,11173.7240379971,9.058041610900285e-05
3535804,Paranapanema,35,São Paulo,Sudeste,10,10,858,19889.0,431.9510719151026,22.69345590092108,2575.8876710944996,2024,2575.8876710944996,5.265446952677808e-05
3535903,Paranapuã,35,São Paulo,Sudeste,10,10,1220,4072.3,2996.5737999720923,976.4749283464344,11758.86876705532,2022,11758.86876705532,7.486999163481265e-05
3536000,Parapuã,35,São Paulo,Sudeste,10,10,2465,10859.4,2287.041978257924,1221.5023829960087,8000.730660334277,2020,8000.730660334277,0.00015127420440968293
3536109,Pardinho,35,São Paulo,Sudeste,10,6,133,6745.5,180.7548815473482,23.401650760141326,1273.3676510430778,2024,1273.3676510430778,8.162056465106625e-06
3536208,Pariquera-Açu,35,São Paulo,Sudeste,10,10,1366,19538.5,696.513714110512,51.10520984687764,4714.957090314671,2024,4714.957090314671,8.382984309274925e-05
3536257,Parisi,35,São Paulo,Sudeste,10,9,918,2476.7,3701.581363341539,2162.1103313822427,13416.320885200554,2020,13416.320885200554,5.633660026291641e-05
3536307,Patrocínio Paulista,35,São Paulo,Sudeste,10,10,3180,14627.0,2181.9960894957703,1242.3379941692651,13147.73980154355,2022,13147.73980154355,0.00019515292901533136
3536406,Paulicéia,35,São Paulo,Sudeste,10,9,3014,7621.1,3860.2941807775023,1468.4770654072588,16907.605279698302,2023,16907.605279698302,0.00018496570064534864
3536505,Paulínia,35,São Paulo,Sudeste,10,10,15789,109877.6,1394.4572896389216,435.71693244362746,4793.869925907162,2022,4793.869925907162,0.0009689527032148009
3536570,Paulistânia,35,São Paulo,Sudeste,10,6,253,1949.7,1191.0905708315706,194.7269283548914,6493.506493506493,2025,6493.506493506493,1.552631793738328e-05
3536604,Paulo de Faria,35,São Paulo,Sudeste,10,10,2377,8331.9,2979.5238249025715,1677.876024587066,9066.517607602013,2019,9066.517607602013,0.00014587374599668007
3536703,Pederneiras,35,São Paulo,Sudeste,10,9,6400,46080.8,1387.0958366720354,214.88889359214053,6987.863184994483,2024,6987.863184994483,0.00039276061185475493
3536802,Pedra Bela,35,São Paulo,Sudeste,10,10,133,6312.2,200.70903320300326,32.78210659020553,1443.8821077701696,2024,1443.8821077701696,8.162056465106625e-06
3536901,Pedranópolis,35,São Paulo,Sudeste,10,9,902,2633.4,3360.74304816116,1699.5832013639456,13728.932584269662,2024,13728.932584269662,5.535469873327952e-05
3537008,Pedregulho,35,São Paulo,Sudeste,10,8,1294,16286.3,820.7251911188935,367.82087116262994,4078.2619743361706,2024,4078.2619743361706,7.941128620938326e-05
3537107,Pedreira,35,São Paulo,Sudeste,10,10,7477,46036.8,1638.4674688052983,223.6958816180477,6388.162049986467,2024,6388.162049986467,0.0004588548585684379
3537156,Pedrinhas Paulista,35,São Paulo,Sudeste,10,8,521,2983.3,1824.2299062397615,638.3231491751085,6448.202959830866,2024,6448.202959830866,3.197316855880114e-05
3537206,Pedro de Toledo,35,São Paulo,Sudeste,10,10,214,11340.6,186.21966880002645,79.98304524242407,580.6395701533929,2024,580.6395701533929,1.3132932958893367e-05
3537305,Penápolis,35,São Paulo,Sudeste,10,10,11502,62955.7,1828.2802890111511,284.5542418003265,7455.9328981805575,2025,7455.9328981805575,0.0007058644621177173
3537404,Pereira Barreto,35,São Paulo,Sudeste,10,10,2967,25119.9,1178.4875579280276,1031.0476182466227,2508.862830651759,2019,2508.862830651759,0.00018208136490204029
3537503,Pereiras,35,São Paulo,Sudeste,10,7,601,8705.4,672.7575052521719,143.9475373999903,2762.6761344724287,2025,2762.6761344724287,3.688267620698558e-05
3537602,Peruíbe,35,São Paulo,Sudeste,10,10,4625,68488.5,661.6875687290747,362.9933769227623,3580.7946925988404,2024,3580.7946925988404,0.0002838309109106627
3537701,Piacatu,35,São Paulo,Sudeste,10,9,1967,5796.4,3464.2586585866957,1778.8115819106547,14096.756658815002,2022,14096.756658815002,0.00012071251929973482
3537800,Piedade,35,São Paulo,Sudeste,10,8,874,54621.2,161.09207202916633,13.834513759262638,1109.9433965742942,2024,1109.9433965742942,5.363637105641497e-05
3537909,Pilar do Sul,35,São Paulo,Sudeste,10,10,763,28651.0,268.408870903724,17.21699392106722,1282.546821743561,2025,1282.546821743561,4.682442919455906e-05
3538006,Pindamonhangaba,35,São Paulo,Sudeste,10,10,30958,167871.1,1809.2461257976356,436.99525856298646,13433.356391729207,2024,13433.356391729207,0.0018998567221561722
3538105,Pindorama,35,São Paulo,Sudeste,10,10,2383,16018.6,1547.5025630648377,1279.8759945677139,4972.488282046056,2024,4972.488282046056,0.0001462419590702939
3538204,Pinhalzinho,35,São Paulo,Sudeste,10,9,436,15226.7,280.64552326493254,73.23538679795232,2012.1755847484783,2024,2012.1755847484783,2.6756816682605178e-05
3538303,Piquerobi,35,São Paulo,Sudeste,10,9,499,3527.2,1486.4403722989757,752.4223763399003,7261.029411764706,2023,7261.029411764706,3.0623053955550424e-05
3538501,Piquete,35,São Paulo,Sudeste,10,9,1109,13255.9,863.4131926424276,72.05764611689352,6070.007955449483,2024,6070.007955449483,6.805804977295676e-05
3538600,Piracaia,35,São Paulo,Sudeste,10,10,1717,26897.1,641.6648105264584,30.017879457143717,5720.370647137946,2024,5720.370647137946,0.00010537030789915847
3538709,Piracicaba,35,São Paulo,Sudeste,10,10,53189,414066.7,1240.4590376808503,665.4597814778972,6714.7190122759075,2024,6714.7190122759075,0.0032641475287410247
3538808,Piraju,35,São Paulo,Sudeste,10,10,3075,29829.1,1017.6786983123396,48.61607915862316,7854.9948778956405,2024,7854.9948778956405,0.0001887092002270893
3538907,Pirajuí,35,São Paulo,Sudeste,10,10,2588,24248.3,1090.709403366296,296.00354935775283,4890.553252195622,2023,4890.553252195622,0.00015882257241876653
3539004,Pirangi,35,São Paulo,Sudeste,10,10,2732,11230.0,2461.9075626912904,1231.1379039029457,11746.117732033224,2024,11746.117732033224,0.0001676596861854985
3539103,Pirapora do Bom Jesus,35,São Paulo,Sudeste,10,10,521,18671.8,277.52660560124207,114.31682090364725,1098.9594393714165,2024,1098.9594393714165,3.197316855880114e-05
3539202,Pirapozinho,35,São Paulo,Sudeste,10,10,5647,26723.9,2172.7270358360292,858.6431168925773,10261.164588922204,2023,10261.164588922204,0.0003465498711162189
3539301,Pirassununga,35,São Paulo,Sudeste,10,10,9521,75521.4,1260.7080921413142,259.05723136633964,6452.467704537926,2024,6452.467704537926,0.0005842927789795503
3539400,Piratininga,35,São Paulo,Sudeste,10,10,1737,14277.2,1190.7841887205934,434.52076445877015,4942.79847462599,2019,4942.79847462599,0.00010659768481120458
3539509,Pitangueiras,35,São Paulo,Sudeste,10,10,4277,37314.6,1203.8378795323938,943.4698150580375,3015.0461278775356,2025,3015.0461278775356,0.0002624745526410604
3539608,Planalto,35,São Paulo,Sudeste,10,10,1283,4883.3,2778.8332857884525,1745.0877065696236,11118.705855547962,2022,11118.705855547962,7.87362289077579e-05
3539707,Platina,35,São Paulo,Sudeste,10,10,779,3337.0,2537.8403323274465,602.9885292751478,8925.619834710744,2023,8925.619834710744,4.780633072419595e-05
3539806,Poá,35,São Paulo,Sudeste,10,10,6990,112200.6,651.9542612428642,59.32275519406989,5685.373622346872,2024,5685.373622346872,0.0004289682307601151
3539905,Poloni,35,São Paulo,Sudeste,10,10,924,5874.3,1609.9146185780178,572.0734992911472,8279.685264663805,2022,8279.685264663805,5.6704813336530244e-05
3540002,Pompéia,35,São Paulo,Sudeste,10,10,3151,21298.7,1507.7872393658552,972.9649435531788,6267.056530214425,2025,6267.056530214425,0.0001933732324928645
3540101,Pongaí,35,São Paulo,Sudeste,10,8,384,3428.0,1124.5978067303918,248.2900136798906,4908.510020331107,2024,4908.510020331107,2.3565636711285294e-05
3540200,Pontal,35,São Paulo,Sudeste,10,10,5863,44790.9,1470.7412204733391,575.9573777240062,6676.069581570287,2025,6676.069581570287,0.0003598055417663169
3540259,Pontalinda,35,São Paulo,Sudeste,10,9,1027,4424.4,2352.0193527826386,790.9145353973443,6518.051853646717,2022,6518.051853646717,6.30258044335677e-05
3540309,Pontes Gestal,35,São Paulo,Sudeste,10,10,572,2509.4,2309.09608927827,1587.1661877048457,5355.064027939465,2019,5355.064027939465,3.510297968451872e-05
3540408,Populina,35,São Paulo,Sudeste,10,9,808,4175.8,1938.6891753337513,1444.2490484595198,5379.210079961231,2022,5379.210079961231,4.958602724666281e-05
3540507,Porangaba,35,São Paulo,Sudeste,10,6,599,10150.0,559.1300235477258,19.652672322235787,2914.6941427643183,2024,2914.6941427643183,3.6759938515780965e-05
3540606,Porto Feliz,35,São Paulo,Sudeste,10,9,8100,54765.5,1430.5763335324245,633.0776058652889,5347.186576278386,2023,5347.186576278386,0.0004970876493786742
3540705,Porto Ferreira,35,São Paulo,Sudeste,10,10,8773,54902.5,1620.4218468801757,311.10891466568086,7639.995552755438,2025,7639.995552755438,0.0005383888824690258
3540754,Potim,35,São Paulo,Sudeste,10,10,9704,22814.2,4278.352219498249,1146.8273849283999,12035.87225581301,2019,12035.87225581301,0.0005955232777247721
3540804,Potirendaba,35,São Paulo,Sudeste,10,10,7323,17868.8,3978.8598039068647,2322.1237024221455,13219.964199220807,2024,13219.964199220807,0.0004494040563456829
3540853,Pracinha,35,São Paulo,Sudeste,10,8,826,3437.4,2996.729148777956,348.95112430603047,17300.23273855702,2023,17300.23273855702,5.0690666467504303e-05
3540903,Pradópolis,35,São Paulo,Sudeste,10,9,2347,19616.7,1319.5062623423667,594.1147182098431,7717.531326853261,2023,7717.531326853261,0.0001440326806286109
3541000,Praia Grande,35,São Paulo,Sudeste,10,10,12004,336023.3,349.9365391307393,177.79082826354644,973.0899320560909,2021,973.0899320560909,0.0007366716226100747
3541059,Pratânia,35,São Paulo,Sudeste,10,7,205,5211.5,391.2365941744286,19.46215230575189,3412.12352268395,2024,3412.12352268395,1.2580613348472619e-05
3541109,Presidente Alves,35,São Paulo,Sudeste,10,9,333,3995.0,851.3952713531398,97.17245733200946,2637.0757180156656,2025,2637.0757180156656,2.0435825585567717e-05
3541208,Presidente Bernardes,35,São Paulo,Sudeste,10,9,3239,13773.1,2274.2278432540197,587.4496682380347,12208.419599723948,2023,12208.419599723948,0.00019877369090586736
3541307,Presidente Epitácio,35,São Paulo,Sudeste,10,10,4187,42449.7,988.4509175831681,684.5967985811923,2430.0721427667386,2023,2430.0721427667386,0.00025695135653685294
3541406,Presidente Prudente,35,São Paulo,Sudeste,10,10,103985,228728.4,4546.468028051093,3056.190764639181,16023.539004200862,2023,16023.539004200862,0.006381439409955733
3541505,Presidente Venceslau,35,São Paulo,Sudeste,10,10,3328,37932.9,898.3646367465171,812.111079039353,2593.6763160137493,2022,2593.6763160137493,0.00020423551816447255
3541604,Promissão,35,São Paulo,Sudeste,10,9,3179,38336.9,849.7137443059468,337.33637653777333,4456.119867678537,2025,4456.119867678537,0.00019509156016972904
3541653,Quadra,35,São Paulo,Sudeste,10,8,175,3638.6,463.29494294202203,28.443231125194664,3254.7411583803178,2021,3254.7411583803178,1.0739547980403455e-05
3541703,Quatá,35,São Paulo,Sudeste,10,10,3048,13746.2,2245.359206792313,1369.6840712004205,7806.441992245749,2025,7806.441992245749,0.00018705224139582702
3541802,Queiroz,35,São Paulo,Sudeste,10,7,1127,3346.1,3384.0265067408377,1373.2543194541488,17886.67687595712,2022,17886.67687595712,6.916268899379825e-05
3541901,Queluz,35,São Paulo,Sudeste,10,9,538,11630.6,524.462197017688,323.26373369567295,2427.2906188497705,2024,2427.2906188497705,3.3016438934040336e-05
3542008,Quintana,35,São Paulo,Sudeste,10,9,1282,6822.4,1820.755820472,967.1139533210799,7289.002557544758,2022,7289.002557544758,7.86748600621556e-05
3542107,Rafard,35,São Paulo,Sudeste,10,8,1541,9064.5,1690.831389431698,440.6023424428332,12624.548341180336,2024,12624.548341180336,9.456939107315271e-05
3542206,Rancharia,35,São Paulo,Sudeste,10,10,8766,29435.2,3005.3757970392553,1083.4113207527325,11753.183153770813,2023,11753.183153770813,0.0005379593005498096
3542305,Redenção da Serra,35,São Paulo,Sudeste,10,10,233,4144.3,517.6605432088438,116.05203969352473,4033.832140533507,2024,4033.832140533507,1.4298941025337171e-05
3542404,Regente Feijó,35,São Paulo,Sudeste,10,10,4657,20262.2,2287.692440418822,1277.8325007363728,8632.395732298739,2025,8632.395732298739,0.0002857947139699365
3542503,Reginópolis,35,São Paulo,Sudeste,10,7,1348,8774.2,1706.0211752739754,395.72703943638805,10514.856557377048,2024,10514.856557377048,8.272520387190775e-05
3542602,Registro,35,São Paulo,Sudeste,10,10,2807,58176.6,471.4487891586642,75.31368637933639,2666.3642843257953,2024,2666.3642843257953,0.0001722623496056714
3542701,Restinga,35,São Paulo,Sudeste,10,10,658,7101.2,985.6017538494209,362.2590412755445,5391.250770178682,2024,5391.250770178682,4.038070040631699e-05
3542800,Ribeira,35,São Paulo,Sudeste,10,5,368,3271.8,1164.7572876673253,14.970059880239521,9499.683343888537,2025,9499.683343888537,2.258373518164841e-05
3542909,Ribeirão Bonito,35,São Paulo,Sudeste,10,9,2090,12317.4,1842.265465209137,367.1663767151215,7879.772542648253,2024,7879.772542648253,0.0001282608873088184
3543006,Ribeirão Branco,35,São Paulo,Sudeste,10,4,74,17509.9,39.23692798242118,0.0,237.71790808240888,2024,237.71790808240888,4.541294574570604e-06
3543105,Ribeirão Corrente,35,São Paulo,Sudeste,10,8,570,4683.3,1215.4366282030503,498.11009198917486,6587.3353166170855,2024,6587.3353166170855,3.498024199331411e-05
3543204,Ribeirão do Sul,35,São Paulo,Sudeste,10,9,2361,4620.0,5022.319688645728,858.0059088653085,30168.911695531326,2023,30168.911695531326,0.0001448918444670432
3543238,Ribeirão dos Índios,35,São Paulo,Sudeste,10,9,335,2152.0,1623.657527053217,665.9966144731274,10962.962962962964,2023,10962.962962962964,2.0558563276772327e-05
3543253,Ribeirão Grande,35,São Paulo,Sudeste,10,7,87,7613.2,114.88085128209143,13.033570775066746,937.9128137384412,2024,937.9128137384412,5.339089567400575e-06
3543303,Ribeirão Pires,35,São Paulo,Sudeste,10,10,1703,120732.4,143.03835045416193,26.654855814331,1026.270851384204,2024,1026.270851384204,0.00010451114406072619
3543402,Ribeirão Preto,35,São Paulo,Sudeste,10,10,153418,704379.8,2167.891031942233,1896.7707556514931,6059.994508511807,2024,6059.994508511807,0.009415085554614499
3543501,Riversul,35,São Paulo,Sudeste,10,7,949,5606.9,1707.4610075347823,34.90772395124135,11209.491765539224,2024,11209.491765539224,5.8239034476587874e-05
3543600,Rifaina,35,São Paulo,Sudeste,10,10,918,3819.9,2256.6024782769864,567.6399624032442,9906.67623833453,2025,9906.67623833453,5.633660026291641e-05
3543709,Rincão,35,São Paulo,Sudeste,10,10,1696,10129.5,1746.0677428620213,861.6931716516104,5500.509306417261,2019,5500.509306417261,0.00010408156214151005
3543808,Rinópolis,35,São Paulo,Sudeste,10,10,2243,9730.8,2324.6745467993887,829.3234631090222,7905.821362998164,2022,7905.821362998164,0.00013765032068597114
3543907,Rio Claro,35,São Paulo,Sudeste,10,10,19811,205521.8,950.1224663536781,264.12733717939807,5384.545406665805,2024,5384.545406665805,0.0012157782002272734
3544004,Rio das Pedras,35,São Paulo,Sudeste,10,10,959,33655.4,294.36336748539566,165.23643507342595,1239.6566151176125,2024,1239.6566151176125,5.885272293261093e-05
3544103,Rio Grande da Serra,35,São Paulo,Sudeste,10,10,524,48178.2,113.8036859448893,31.40043163059416,708.3434472714434,2024,708.3434472714434,3.215727509560806e-05
3544202,Riolândia,35,São Paulo,Sudeste,10,10,1587,11593.4,1448.3111437383839,186.28729320256525,4452.4202153458145,2022,4452.4202153458145,9.739235797085876e-05
3544251,Rosana,35,São Paulo,Sudeste,10,9,6673,17163.4,3962.392533393436,2732.5020286206536,13451.83486238532,2023,13451.83486238532,0.00040951430670418433
3544301,Roseira,35,São Paulo,Sudeste,10,10,1147,10785.9,1046.615849720501,307.03344515717515,5371.789094186571,2024,5371.789094186571,7.039006590584436e-05
3544400,Rubiácea,35,São Paulo,Sudeste,10,9,872,2952.0,3016.525682090419,3399.8878484467687,7554.744525547445,2025,7554.744525547445,5.3513633365210357e-05
3544509,Rubinéia,35,São Paulo,Sudeste,10,10,912,3444.6,2497.2146120495695,1559.5554461874756,8902.900378310214,2024,8902.900378310214,5.5968387189302576e-05
3544608,Sabino,35,São Paulo,Sudeste,10,9,623,5407.2,1146.0782449322178,205.14360262149322,6412.540078375489,2020,6412.540078375489,3.82327908102363e-05
3544707,Sagres,35,São Paulo,Sudeste,10,8,1402,2462.0,5678.401555538881,1970.8056571852421,21059.013742926436,2023,21059.013742926436,8.603912153443225e-05
3544806,Sales,35,São Paulo,Sudeste,10,10,976,6382.1,1511.8168970875806,543.4600957873507,5970.620755015006,2019,5970.620755015006,5.9895993307850125e-05
3544905,Sales Oliveira,35,São Paulo,Sudeste,10,10,1864,11711.1,1602.821093111099,993.552397576623,6376.786784216383,2025,6376.786784216383,0.00011439152820269737
3545001,Salesópolis,35,São Paulo,Sudeste,10,8,445,16365.7,288.0314281411722,8.71742816335082,2351.260067550013,2024,2351.260067550013,2.7309136293025926e-05
3545100,Salmourão,35,São Paulo,Sudeste,10,9,1211,5106.2,2417.653726173156,931.8042187180012,11272.87853577371,2023,11272.87853577371,7.43176720243919e-05
3545159,Saltinho,35,São Paulo,Sudeste,10,9,1431,8239.1,1717.0778672232493,694.4065725960168,12077.410106319436,2024,12077.410106319436,8.781881805689911e-05
3545209,Salto,35,São Paulo,Sudeste,10,10,14904,125799.7,1078.4430328464907,213.76252364278938,4651.561106155218,2024,4651.561106155218,0.0009146412748567605
3545308,Salto de Pirapora,35,São Paulo,Sudeste,10,9,2252,44882.2,499.2996498724754,73.97103823366805,3354.1583588107583,2024,3354.1583588107583,0.0001382026402963919
3545407,Salto Grande,35,São Paulo,Sudeste,10,8,2676,9246.3,2938.2179385646705,721.6361189732952,20209.944751381216,2023,20209.944751381216,0.0001642230308317694
3545506,Sandovalina,35,São Paulo,Sudeste,10,8,1310,4029.5,3432.725789848007,1475.8942678027083,19945.130315500686,2023,19945.130315500686,8.039318773902015e-05
3545605,Santa Adélia,35,São Paulo,Sudeste,10,10,2466,14909.5,1710.2540759567528,1726.7434387997423,4168.13349292403,2024,4168.13349292403,0.00015133557325528526
3545704,Santa Albertina,35,São Paulo,Sudeste,10,10,1579,6193.8,2481.542401750316,925.1586203381935,10136.08634443923,2022,10136.08634443923,9.690140720604032e-05
3545803,Santa Bárbara d'Oeste,35,São Paulo,Sudeste,10,10,29887,190408.0,1582.5721807899824,577.1534473134743,5287.243476057765,2025,5287.243476057765,0.001834130688516103
3546009,Santa Branca,35,São Paulo,Sudeste,10,10,1875,14493.6,1315.3555508014492,219.60121778523666,10864.058542077119,2024,10864.058542077119,0.00011506658550432273
3546108,Santa Clara d'Oeste,35,São Paulo,Sudeste,10,8,606,2329.4,2456.9224915972545,1813.2459366578134,6428.02155504234,2022,6428.02155504234,3.7189520434997106e-05
3546207,Santa Cruz da Conceição,35,São Paulo,Sudeste,10,9,531,4416.6,1210.6716207929487,145.2233188653771,5165.714285714286,2025,5165.714285714286,3.2586857014824195e-05
3546256,Santa Cruz da Esperança,35,São Paulo,Sudeste,10,8,540,2135.1,2508.7738860608333,893.0930747809826,13783.533765032376,2024,13783.533765032376,3.313917662524494e-05
3546306,Santa Cruz das Palmeiras,35,São Paulo,Sudeste,10,10,5376,32147.8,1761.5832823583187,355.1174677970842,12524.978831498729,2024,12524.978831498729,0.00032991891395799415
3546405,Santa Cruz do Rio Pardo,35,São Paulo,Sudeste,10,10,8939,47357.9,1900.4086244927742,599.9227205412571,6067.915347022673,2024,6067.915347022673,0.0005485761108390085
3546504,Santa Ernestina,35,São Paulo,Sudeste,10,10,1739,5847.5,2881.06201183191,1672.4360957584986,13991.500490356326,2023,13991.500490356326,0.00010672042250240919
3546603,Santa Fé do Sul,35,São Paulo,Sudeste,10,10,7350,33511.1,2139.795347848635,2217.687368528118,4941.02733686067,2025,4941.02733686067,0.0004510610151769451
3546702,Santa Gertrudes,35,São Paulo,Sudeste,10,9,3351,25388.2,1394.0973197187163,222.2155816797603,8731.903596465756,2024,8731.903596465756,0.0002056470016133256
3546801,Santa Isabel,35,São Paulo,Sudeste,10,10,5352,55778.8,978.8645751366919,107.2450333915003,8427.069211885831,2024,8427.069211885831,0.0003284460616635388
3546900,Santa Lúcia,35,São Paulo,Sudeste,10,10,1620,8144.3,2190.782830588022,461.342440731969,10057.350678416562,2022,10057.350678416562,9.941752987573484e-05
3547007,Santa Maria da Serra,35,São Paulo,Sudeste,10,8,746,5790.5,1380.1761356451761,204.15442588346207,4558.458897577722,2023,4558.458897577722,4.578115881931987e-05
3547106,Santa Mercedes,35,São Paulo,Sudeste,10,10,1220,2959.1,4127.390373112253,605.7868251614393,19451.962110960758,2022,19451.962110960758,7.486999163481265e-05
3547205,Santana da Ponte Pensa,35,São Paulo,Sudeste,10,9,403,1577.4,2424.0804045658942,731.5163965367208,8593.29017068864,2025,8593.29017068864,2.47316447777291e-05
3547304,Santana de Parnaíba,35,São Paulo,Sudeste,10,10,9107,145882.4,568.2141495101679,63.929494997339035,3502.503988517996,2024,3502.503988517996,0.0005588860769001958
3547403,Santa Rita d'Oeste,35,São Paulo,Sudeste,10,9,756,2612.1,2856.984996805367,1150.560088468998,8232.71130625686,2022,8232.71130625686,4.639484727534293e-05
3547502,Santa Rita do Passa Quatro,35,São Paulo,Sudeste,10,10,5478,26517.0,2163.3973044863146,317.5939601672235,8177.308369339094,2025,8177.308369339094,0.0003361785362094293
3547601,Santa Rosa de Viterbo,35,São Paulo,Sudeste,10,10,4326,25276.8,1789.4677417776754,914.6348687426516,10147.617039223956,2025,10147.617039223956,0.0002654816260755734
3547650,Santa Salete,35,São Paulo,Sudeste,10,10,904,1592.8,5521.465284327306,1543.6622421026163,28632.218844984804,2022,28632.218844984804,5.5477436424484135e-05
3547700,Santo Anastácio,35,São Paulo,Sudeste,10,10,4100,19748.6,2128.47433486016,1559.487078197914,6697.099593609085,2023,6697.099593609085,0.00025161226696945237
3547809,Santo André,35,São Paulo,Sudeste,10,10,19550,736671.6,252.27851006010255,29.375673470695762,1870.3986459675027,2024,1870.3986459675027,0.0011997609315250717
3547908,Santo Antônio da Alegria,35,São Paulo,Sudeste,10,9,709,6882.4,1029.0471015440405,315.42014431180576,4485.792586182029,2025,4485.792586182029,4.351051153203457e-05
3548005,Santo Antônio de Posse,35,São Paulo,Sudeste,10,10,7867,23319.8,3324.4654912966153,498.70682361691297,18272.425249169435,2024,18272.425249169435,0.00048278870835333703
3548054,Santo Antônio do Aracanguá,35,São Paulo,Sudeste,10,9,985,8423.0,1165.1587786778155,683.787037019522,4678.362573099415,2022,4678.362573099415,6.044831291827087e-05
3548104,Santo Antônio do Jardim,35,São Paulo,Sudeste,10,9,625,6059.0,1003.3115308426407,65.2954619653934,7455.507455507455,2024,7455.507455507455,3.835552850144091e-05
3548203,Santo Antônio do Pinhal,35,São Paulo,Sudeste,10,10,129,6973.3,179.38066237245698,57.5198254723594,1288.730463394571,2024,1288.730463394571,7.916581082697403e-06
3548302,Santo Expedito,35,São Paulo,Sudeste,10,9,900,3071.5,2949.6359271809424,2671.7205040303043,7700.0,2022,7700.0,5.523196104207491e-05
3548401,Santópolis do Aguapeí,35,São Paulo,Sudeste,10,9,892,4417.5,2138.162768808924,885.855425595858,5610.813567967355,2025,5610.813567967355,5.4741010277256466e-05
3548500,Santos,35,São Paulo,Sudeste,10,10,19290,429934.6,447.8558600592427,158.05356670507095,1258.2437663973258,2024,1258.2437663973258,0.0011838050316684723
3548609,São Bento do Sapucaí,35,São Paulo,Sudeste,10,8,670,11260.0,561.962535941101,18.39758413031941,5415.13223970539,2024,5415.13223970539,4.1117126553544655e-05
3548708,São Bernardo do Campo,35,São Paulo,Sudeste,10,10,18177,831932.3,216.70362287747776,30.749893445391884,1577.872192590354,2024,1577.872192590354,0.0011155015065131063
3548807,São Caetano do Sul,35,São Paulo,Sudeste,10,10,10504,164066.7,611.9833838503525,50.930485291617856,5228.082203719736,2024,5228.082203719736,0.0006446183542066165
3548906,São Carlos,35,São Paulo,Sudeste,10,10,50304,254408.5,1918.6949528701334,260.1305697358983,7681.65388643043,2025,7681.65388643043,0.003087098409178374
3549003,São Francisco,35,São Paulo,Sudeste,10,9,852,2743.7,3190.5734119480267,1165.0983744285386,15026.902382782475,2022,15026.902382782475,5.228625645316425e-05
3549102,São João da Boa Vista,35,São Paulo,Sudeste,10,10,13580,92252.3,1428.0854738835915,166.94220234043243,7662.747227501513,2024,7662.747227501513,0.000833388923279308
3549201,São João das Duas Pontes,35,São Paulo,Sudeste,10,10,426,2587.1,1647.1160359335377,1853.056739274893,3709.488481062085,2020,3709.488481062085,2.6143128226582124e-05
3549250,São João de Iracema,35,São Paulo,Sudeste,10,10,632,1896.0,3344.7481136275155,1799.4951649911397,12296.85807150596,2022,12296.85807150596,3.878511042065705e-05
3549300,São João do Pau d'Alho,35,São Paulo,Sudeste,10,10,995,2174.4,4502.676106220891,1508.4692234469385,21855.48617305977,2023,21855.48617305977,6.106200137429393e-05
3549409,São Joaquim da Barra,35,São Paulo,Sudeste,10,10,8155,50664.8,1587.5095453892757,565.9446060984095,11222.247918593894,2019,11222.247918593894,0.000500462935886801
3549508,São José da Bela Vista,35,São Paulo,Sudeste,10,10,768,8411.9,897.2739125888842,202.7318912828161,3203.4050179211467,2019,3203.4050179211467,4.713127342257059e-05
3549607,São José do Barreiro,35,São Paulo,Sudeste,10,7,211,4043.9,539.877595185317,36.188195386789765,5028.2195997947665,2024,5028.2195997947665,1.2948826422086452e-05
3549706,São José do Rio Pardo,35,São Paulo,Sudeste,10,10,8996,54068.1,1680.5661205241656,350.13662046668867,12580.500224651789,2024,12580.500224651789,0.0005520741350383398
3549805,São José do Rio Preto,35,São Paulo,Sudeste,10,10,200250,471492.7,4155.628834033005,3922.3853180591714,10803.584533665498,2025,10803.584533665498,0.012289111331861667
3549904,São José dos Campos,35,São Paulo,Sudeste,10,10,110661,714808.7,1529.2051594244472,121.99897073107064,13553.526980114686,2024,13553.526980114686,0.006791137823196724
3549953,São Lourenço da Serra,35,São Paulo,Sudeste,10,10,207,15945.6,127.0164770183333,28.019164411461368,923.5630088710657,2024,923.5630088710657,1.270335103967723e-05
3550001,São Luiz do Paraitinga,35,São Paulo,Sudeste,10,9,1028,10588.7,978.6500752044785,127.90884770563181,8821.56806706678,2024,8821.56806706678,6.308717327917001e-05
3550100,São Manuel,35,São Paulo,Sudeste,10,10,5410,39624.4,1415.7755962422905,204.76436409380284,11638.631242467118,2024,11638.631242467118,0.0003320054547084725
3550209,São Miguel Arcanjo,35,São Paulo,Sudeste,10,9,634,32751.9,192.74298614930572,33.60266578285725,1361.536591295891,2024,1361.536591295891,3.8907848111861656e-05
3550308,São Paulo,35,São Paulo,Sudeste,10,10,777309,12000012.5,653.2577474161833,116.2591788560233,5322.658554296395,2024,5322.658554296395,0.047702556006282454
3550407,São Pedro,35,São Paulo,Sudeste,10,10,5549,36883.4,1428.5889803328737,272.6469077711831,6581.357420649855,2025,6581.357420649855,0.00034053572424719297
3550506,São Pedro do Turvo,35,São Paulo,Sudeste,10,9,2520,7504.2,3451.330289541614,806.1299086180603,12124.151309408342,2023,12124.151309408342,0.00015464949091780974
3550605,São Roque,35,São Paulo,Sudeste,10,10,2740,86375.0,335.80973069404797,32.064787909262705,1584.6672075926338,2024,1584.6672075926338,0.00016815063695031695
3550704,São Sebastião,35,São Paulo,Sudeste,10,10,11207,85986.2,1322.7668238045542,724.7635138081284,6517.573406015306,2024,6517.573406015306,0.0006877606526650373
3550803,São Sebastião da Grama,35,São Paulo,Sudeste,10,10,1075,11512.9,1015.9404788397509,95.08793860431541,8031.285768790537,2024,8031.285768790537,6.597150902247837e-05
3550902,São Simão,35,São Paulo,Sudeste,10,10,2333,14583.4,1560.6804433202474,577.1921313699529,5248.928453676229,2016,5248.928453676229,0.00014317351679017862
3551009,São Vicente,35,São Paulo,Sudeste,10,10,11895,352308.9,333.64026738070686,72.95040502786976,1650.311860403032,2021,1650.311860403032,0.0007299824184394234
3551108,Sarapuí,35,São Paulo,Sudeste,10,9,542,10336.2,510.5722393872011,49.27135946069892,3903.3107599699024,2024,3903.3107599699024,3.326191431644956e-05
3551207,Sarutaiá,35,São Paulo,Sudeste,10,5,413,3685.4,1100.3051832797732,13.743815283122595,4802.334836826744,2024,4802.334836826744,2.5345333233752152e-05
3551306,Sebastianópolis do Sul,35,São Paulo,Sudeste,10,10,549,3355.4,1681.344495199825,908.2604184003005,5942.492012779553,2022,5942.492012779553,3.36914962356657e-05
3551405,Serra Azul,35,São Paulo,Sudeste,10,9,1217,13825.3,910.216295616014,1056.0984913092639,2075.356103538061,2024,2075.356103538061,7.468588509800575e-05
3551504,Serrana,35,São Paulo,Sudeste,10,10,8936,44736.1,1980.0829172884846,846.9304257874542,11436.310782241015,2024,11436.310782241015,0.0005483920043022016
3551603,Serra Negra,35,São Paulo,Sudeste,10,8,589,29638.2,192.00557436081493,55.19502241252425,912.0310478654593,2024,912.0310478654593,3.614625005975792e-05
3551702,Sertãozinho,35,São Paulo,Sudeste,10,10,21979,126744.7,1708.678797365775,1491.3726183097751,6911.996126376951,2025,6911.996126376951,0.0013488258574930717
3551801,Sete Barras,35,São Paulo,Sudeste,10,10,1003,12865.3,780.8300992051934,242.91775884822835,3075.1173708920187,2020,3075.1173708920187,6.155295213911237e-05
3551900,Severínia,35,São Paulo,Sudeste,10,10,2116,16295.1,1340.2513804880618,536.081993701683,4538.180155464106,2019,4538.180155464106,0.00012985647729447835
3552007,Silveiras,35,São Paulo,Sudeste,10,10,265,6271.5,419.84302211578495,16.16553507921112,3278.9482021226045,2024,3278.9482021226045,1.6262744084610944e-05
3552106,Socorro,35,São Paulo,Sudeste,10,9,5484,40798.7,1325.660741965968,76.1575763458197,12235.237290182346,2024,12235.237290182346,0.0003365467492830431
3552205,Sorocaba,35,São Paulo,Sudeste,10,10,71224,701259.6,949.2749033754232,168.0072210900853,6156.504840526022,2024,6156.504840526022,0.004370934659178604
3552304,Sud Mennucci,35,São Paulo,Sudeste,10,10,2845,7598.8,3744.6253880468284,1768.2385821937296,13317.256162915328,2025,13317.256162915328,0.00017459436573855902
3552403,Sumaré,35,São Paulo,Sudeste,10,10,18595,281962.0,647.2145838513248,249.54165761763952,2293.7536880536395,2024,2293.7536880536395,0.00114115368397487
3552502,Suzano,35,São Paulo,Sudeste,10,10,11688,302894.0,370.8428844247267,140.78874315697973,2859.1595689614605,2024,2859.1595689614605,0.0007172790673997462
3552551,Suzanápolis,35,São Paulo,Sudeste,10,9,1354,3732.2,3786.430442003248,1191.7420925586334,11062.206572769954,2022,11062.206572769954,8.309341694552159e-05
3552601,Tabapuã,35,São Paulo,Sudeste,10,10,3083,11985.3,2576.8276222060313,1873.1671682606602,8070.266979737368,2024,8070.266979737368,0.00018920015099190772
3552700,Tabatinga,35,São Paulo,Sudeste,10,10,3122,15798.1,2063.893472835324,992.3957395267674,11402.261493669172,2023,11402.261493669172,0.00019159353597039764
3552809,Taboão da Serra,35,São Paulo,Sudeste,10,10,8166,283866.1,287.48533814042213,45.1484598343216,2083.201418349902,2024,2083.201418349902,0.0005011379931884264
3552908,Taciba,35,São Paulo,Sudeste,10,9,970,6290.7,1530.0378307575334,321.48576553873085,7463.384231847927,2025,7463.384231847927,5.952778023423629e-05
3553005,Taguaí,35,São Paulo,Sudeste,10,8,2583,13335.8,1983.2673979621118,56.10262412627709,16969.09118868215,2024,16969.09118868215,0.000158515728190755
3553104,Taiaçu,35,São Paulo,Sudeste,10,10,462,6056.3,780.3295205549739,416.53354683829184,2872.5626740947073,2025,2872.5626740947073,2.8352406668265122e-05
3553203,Taiúva,35,São Paulo,Sudeste,10,9,1004,6006.6,1647.510086744132,878.1284711287806,5198.277142432794,2024,5198.277142432794,6.161432098471468e-05
3553302,Tambaú,35,São Paulo,Sudeste,10,10,4166,22558.6,1903.265982301563,156.9163517972705,13213.725671063556,2024,13213.725671063556,0.00025566261077920454
3553401,Tanabi,35,São Paulo,Sudeste,10,10,6428,25807.1,2487.6585472250413,2291.108644877239,6569.877151769554,2019,6569.877151769554,0.00039447893953161947
3553500,Tapiraí,35,São Paulo,Sudeste,10,9,147,7936.7,181.40511202927962,12.910812795298067,1181.9748830337355,2024,1181.9748830337355,9.021220303538902e-06
3553609,Tapiratiba,35,São Paulo,Sudeste,10,10,1978,12542.2,1636.620897745624,48.356688951925236,11494.638069705094,2024,11494.638069705094,0.00012138757660136019
3553658,Taquaral,35,São Paulo,Sudeste,10,8,441,2743.2,1661.3541106919224,145.89482497696665,8476.517754868271,2022,8476.517754868271,2.7063660910616706e-05
3553708,Taquaritinga,35,São Paulo,Sudeste,10,10,15993,55390.0,2950.4405612800633,794.5021423806288,12632.988901645616,2023,12632.988901645616,0.000981471947717671
3553807,Taquarituba,35,São Paulo,Sudeste,10,8,574,23788.3,232.02790659192715,33.41383968762265,1846.116719623537,2024,1846.116719623537,3.5225717375723335e-05
3553856,Taquarivaí,35,São Paulo,Sudeste,10,7,92,6293.2,131.8430675549158,34.46618473585184,655.5090655509066,2025,655.5090655509066,5.645933795412102e-06
3553906,Tarabai,35,São Paulo,Sudeste,10,8,2480,7089.0,3700.277037986886,781.2440768609437,18711.75030599755,2023,18711.75030599755,0.00015219473709371752
3553955,Tarumã,35,São Paulo,Sudeste,10,9,4383,14960.8,2893.2265469778313,1133.8931699927552,13392.099249102188,2025,13392.099249102188,0.0002689796502749048
3554003,Tatuí,35,São Paulo,Sudeste,10,10,24701,123173.6,1978.5548139724972,72.76934735657117,16193.79058114618,2021,16193.79058114618,0.001515871855222547
3554102,Taubaté,35,São Paulo,Sudeste,10,10,41177,314381.3,1291.0191084845712,503.4771946875031,8945.90069032487,2024,8945.90069032487,0.0025269849553661316
3554201,Tejupá,35,São Paulo,Sudeste,10,5,154,4395.4,371.7104063200926,11.032656663724625,3090.294543698696,2024,3090.294543698696,9.45080222275504e-06
3554300,Teodoro Sampaio,35,São Paulo,Sudeste,10,10,6232,22804.7,2776.8222458722457,1237.5416707873237,16384.792314977676,2022,16384.792314977676,0.0003824506457935676
3554409,Terra Roxa,35,São Paulo,Sudeste,10,10,650,8776.0,771.5140141352163,344.21261821393074,2443.9701173959447,2019,2443.9701173959447,3.9889749641498545e-05
3554508,Tietê,35,São Paulo,Sudeste,10,10,3303,40353.5,843.1786516005416,488.9645151492299,3564.2284828120964,2024,3564.2284828120964,0.00020270129702441492
3554607,Timburi,35,São Paulo,Sudeste,10,8,77,2590.7,302.46662912120354,131.76307161169728,1365.4618473895582,2024,1365.4618473895582,4.72540111137752e-06
3554656,Torre de Pedra,35,São Paulo,Sudeste,10,7,110,2265.8,517.9297695844364,90.16404690467715,3005.332040717402,2024,3005.332040717402,6.7505730162536e-06
3554706,Torrinha,35,São Paulo,Sudeste,10,8,1956,9759.1,2063.0514123987473,94.10717230429785,16775.622100379587,2024,16775.622100379587,0.00012003746199810948
3554755,Trabiju,35,São Paulo,Sudeste,10,10,350,1709.8,2042.3862935932666,1147.8170465227759,5120.828538550058,2020,5120.828538550058,2.147909596080691e-05
3554805,Tremembé,35,São Paulo,Sudeste,10,10,6561,48994.2,1271.3569911786867,555.3696940358066,8132.547143153175,2024,8132.547143153175,0.0004026409959967261
3554904,Três Fronteiras,35,São Paulo,Sudeste,10,10,915,6246.7,1399.5885340546854,752.4038530156455,4644.326866549089,2022,4644.326866549089,5.615249372610949e-05
3554953,Tuiuti,35,São Paulo,Sudeste,10,10,381,6851.7,548.3991547624253,57.00225486867692,3483.51806535195,2024,3483.51806535195,2.3381530174478377e-05
3555000,Tupã,35,São Paulo,Sudeste,10,10,17990,65235.4,2774.0513458118166,1313.4693023832604,9675.843965569868,2019,9675.843965569868,0.0011040255323854751
3555109,Tupi Paulista,35,São Paulo,Sudeste,10,10,4062,15688.4,2576.4006396660757,979.3366374740784,8168.285606156175,2022,8168.285606156175,0.0002492802508365648
3555208,Turiúba,35,São Paulo,Sudeste,10,9,763,1941.1,3881.8258825863204,2110.4883734703,17490.118577075096,2021,17490.118577075096,4.682442919455906e-05
3555307,Turmalina,35,São Paulo,Sudeste,10,9,581,1720.2,3441.462653160931,2536.554059555067,10529.4825511432,2025,10529.4825511432,3.565529929493947e-05
3555356,Ubarana,35,São Paulo,Sudeste,10,10,2054,5913.3,3608.605158631908,2180.797615076718,10791.49871747893,2025,10791.49871747893,0.0001260516088671354
3555406,Ubatuba,35,São Paulo,Sudeste,10,10,12636,92052.2,1333.5501949100665,605.8363859208973,7058.117145282511,2024,7058.117145282511,0.0007754567330307317
3555505,Ubirajara,35,São Paulo,Sudeste,10,8,348,4942.9,664.6054225876661,104.80579375054134,3684.710351377018,2024,3684.710351377018,2.13563582696023e-05
3555604,Uchoa,35,São Paulo,Sudeste,10,10,2643,10266.0,2564.398467822334,2439.413858957061,6577.645895153314,2019,6577.645895153314,0.0001621978589268933
3555703,União Paulista,35,São Paulo,Sudeste,10,10,381,1744.6,2127.467891679112,952.0884520884521,8188.720173535792,2019,8188.720173535792,2.3381530174478377e-05
3555802,Urânia,35,São Paulo,Sudeste,10,10,4709,9036.8,5250.249536479854,3871.826273593839,18929.016189290163,2022,18929.016189290163,0.00028898589394125637
3555901,Uru,35,São Paulo,Sudeste,10,7,122,1267.9,905.729696492683,424.1687012385726,3821.1968276856524,2023,3821.1968276856524,7.486999163481266e-06
3556008,Urupês,35,São Paulo,Sudeste,10,10,1602,13822.3,1148.1853131209602,628.4954334337458,3618.7491095597666,2024,3618.7491095597666,9.831289065489335e-05
3556107,Valentim Gentil,35,São Paulo,Sudeste,10,10,3009,13647.6,2136.6256066830565,1927.3333431752517,7294.7491569747435,2024,7294.7491569747435,0.00018465885641733712
3556206,Valinhos,35,São Paulo,Sudeste,10,10,11299,128316.3,866.3314055982462,250.6253389586148,5121.9939517204075,2024,5121.9939517204075,0.0006934065864604494
3556305,Valparaíso,35,São Paulo,Sudeste,10,10,4657,25551.8,1806.4259913953088,955.9655565573239,6493.401670769604,2025,6493.401670769604,0.0002857947139699365
3556354,Vargem,35,São Paulo,Sudeste,10,10,735,10528.4,681.6134451507344,80.11780126972096,6089.773253123553,2024,6089.773253123553,4.510610151769451e-05
3556404,Vargem Grande do Sul,35,São Paulo,Sudeste,10,10,5262,41901.5,1270.4353957642172,419.4400781125728,8700.819870955222,2024,8700.819870955222,0.0003229228655593313
3556453,Vargem Grande Paulista,35,São Paulo,Sudeste,10,9,2329,51725.5,447.3167616652969,31.80259466423164,4034.316642035967,2024,4034.316642035967,0.0001429280414077694
3556503,Várzea Paulista,35,São Paulo,Sudeste,10,10,6578,119721.2,552.0179320922665,196.61179613179334,2740.516491603666,2024,2740.516491603666,0.0004036842663719653
3556602,Vera Cruz,35,São Paulo,Sudeste,10,9,3049,10619.7,2957.339196649128,719.7301486279007,10917.845911949686,2022,10917.845911949686,0.00018711361024142934
3556701,Vinhedo,35,São Paulo,Sudeste,10,10,9602,77805.1,1214.8557457013756,109.85235792737318,6099.577207042342,2024,6099.577207042342,0.000589263655473337
3556800,Viradouro,35,São Paulo,Sudeste,10,10,3295,18321.3,1864.202058817857,415.0241310811783,9176.524635350868,2023,9176.524635350868,0.00020221034625959647
3556909,Vista Alegre do Alto,35,São Paulo,Sudeste,10,10,1799,8500.7,2155.2535293028504,1051.0214996608465,8922.781313798487,2024,8922.781313798487,0.00011040255323854752
3556958,Vitória Brasil,35,São Paulo,Sudeste,10,10,685,1827.4,3733.6696689077544,3324.305109350087,9395.24838012959,2021,9395.24838012959,4.203765923757924e-05
3557006,Votorantim,35,São Paulo,Sudeste,10,10,14609,125283.9,1114.7381933076344,203.36894359128183,7160.761466025337,2024,7160.761466025337,0.0008965374654040804
3557105,Votuporanga,35,São Paulo,Sudeste,10,10,46611,95852.2,4789.349762263713,3514.570396181726,11862.13919867411,2024,11862.13919867411,0.00286046326236906
3557154,Zacarias,35,São Paulo,Sudeste,10,10,581,2709.7,2122.8632368920316,435.27659973214963,9015.506671474936,2025,9015.506671474936,3.565529929493947e-05
3557204,Chavantes,35,São Paulo,Sudeste,10,9,2483,12389.3,2003.5202807967828,865.3388948725818,10664.518727345952,2025,10664.518727345952,0.00015237884363052446
3557303,Estiva Gerbi,35,São Paulo,Sudeste,10,9,1752,11321.9,1526.1152197220454,388.81401039326715,8054.095960031011,2025,8054.095960031011,0.00010751821749523915
4100103,Abatiá,41,Paraná,Sul,10,8,789,7428.1,1082.0491005385024,204.50742755660337,7715.582450832073,2024,7715.582450832073,4.8420019180219005e-05
4100202,Adrianópolis,41,Paraná,Sul,10,6,663,6126.1,1049.1329629242464,15.984654731457802,8482.354802975155,2025,8482.354802975155,4.068754463432852e-05
4100301,Agudos do Sul,41,Paraná,Sul,10,4,21,9779.3,19.967252408358956,0.0,159.68438850272403,2024,159.68438850272403,1.2887457576484146e-06
4100400,Almirante Tamandaré,41,Paraná,Sul,10,10,514,119704.4,41.58623007714656,9.170293341234846,318.1395647017341,2024,318.1395647017341,3.1543586639585006e-05
4100459,Altamira do Paraná,41,Paraná,Sul,10,7,586,2757.2,1938.0597813124564,167.13091922005572,9285.915890488288,2024,9285.915890488288,3.5962143522950996e-05
4100509,Altônia,41,Paraná,Sul,10,8,2849,20718.1,1389.1920236408773,208.23471815612032,6723.484848484848,2020,6723.484848484848,0.00017483984112096824
4100608,Alto Paraná,41,Paraná,Sul,10,10,3691,14469.1,2548.297052449617,599.9610194769728,11649.505350292751,2020,11649.505350292751,0.00022651240911810943
4100707,Alto Piquiri,41,Paraná,Sul,10,9,3622,9873.4,3699.6629232946643,765.1436945403298,14119.567435217303,2024,14119.567435217303,0.00022227795877155035
4100806,Alvorada do Sul,41,Paraná,Sul,10,10,2015,10980.9,1874.5632843817116,893.318609873558,6974.525331552332,2025,6974.525331552332,0.00012365822388864548
4100905,Amaporã,41,Paraná,Sul,10,10,804,5622.6,1523.81590179401,1067.4398286778292,4052.9189416211675,2023,4052.9189416211675,4.934055186425359e-05
4101002,Ampére,41,Paraná,Sul,10,10,8696,19432.0,4359.181577185975,608.2609780671833,30595.57403831873,2024,30595.57403831873,0.0005336634813576483
4101051,Anahy,41,Paraná,Sul,10,9,1006,2876.0,3461.780873422316,463.3004106969989,15352.981494174091,2022,15352.981494174091,6.173705867591929e-05
4101101,Andirá,41,Paraná,Sul,10,9,5157,20129.9,2587.8729493817573,656.429027723054,9437.569171948888,2023,9437.569171948888,0.00031647913677108924
4101150,Ângulo,41,Paraná,Sul,10,10,573,3081.8,1828.3244440140702,767.1805298301688,4561.824729891957,2024,4561.824729891957,3.516434853012103e-05
4101200,Antonina,41,Paraná,Sul,10,10,3309,18724.2,1803.0328561657468,126.92600199518093,13642.100642045765,2024,13642.100642045765,0.00020306951009802876
4101309,Antônio Olinto,41,Paraná,Sul,10,5,12,7304.7,16.729213461803955,6.725854183481302,84.8536274925753,2024,84.8536274925753,7.364261472276654e-07
4101408,Apucarana,41,Paraná,Sul,10,10,22481,133614.0,1677.9440515272356,189.17601588599587,12522.150909117985,2024,12522.150909117985,0.001379633017985429
4101507,Arapongas,41,Paraná,Sul,10,10,16971,121799.4,1381.6111825788232,231.2993177810847,8716.888820713208,2024,8716.888820713208,0.0010414906787167258
4101606,Arapoti,41,Paraná,Sul,10,8,1135,27264.3,429.7564660846384,31.88327440953962,3778.0311668567088,2024,3778.0311668567088,6.96536397586167e-05
4101655,Arapuã,41,Paraná,Sul,10,7,941,3308.3,2673.9788726690244,211.18521856620683,23145.815841029947,2024,23145.815841029947,5.774808371176943e-05
4101705,Araruna,41,Paraná,Sul,10,7,3071,14278.0,2082.9377941625416,313.4657356646436,16999.460334592553,2024,16999.460334592553,0.00018846372484468006
4101804,Araucária,41,Paraná,Sul,10,9,774,147851.7,49.17426920411511,8.858337053219632,342.4186755645534,2024,342.4186755645534,4.749948649618442e-05
4101853,Ariranha do Ivaí,41,Paraná,Sul,10,8,608,2234.2,2610.2825213500537,171.72910328255233,22586.133560187154,2024,22586.133560187154,3.731225812620172e-05
4101903,Assaí,41,Paraná,Sul,10,10,6340,14697.1,4359.577327589166,1496.7021816336885,15159.823458606392,2020,15159.823458606392,0.0003890784811186166
4102000,Assis Chateaubriand,41,Paraná,Sul,10,10,6774,35159.3,1905.2832017830824,246.2256709100429,8671.26574685063,2020,8671.26574685063,0.00041571256011001717
4102109,Astorga,41,Paraná,Sul,10,9,5102,26021.6,1980.4419890644597,1017.2759656457164,10182.53189401374,2023,10182.53189401374,0.00031310385026296243
4102208,Atalaia,41,Paraná,Sul,10,9,1459,3959.8,3663.2179587976498,1493.8698992212437,11641.127039050914,2025,11641.127039050914,8.953714573376366e-05
4102307,Balsa Nova,41,Paraná,Sul,10,9,33,13165.9,24.54171121701873,15.165832473311173,79.30214115781126,2024,79.30214115781126,2.02517190487608e-06
4102406,Bandeirantes,41,Paraná,Sul,10,10,8635,31631.3,2754.087133710502,1014.5032966586016,14296.241709653648,2020,14296.241709653648,0.0005299199817759076
4102505,Barbosa Ferraz,41,Paraná,Sul,10,8,4180,11355.0,3805.2139626125636,450.39016438019485,19126.449682005237,2024,19126.449682005237,0.0002565217746176368
4102604,Barracão,41,Paraná,Sul,10,7,587,10108.0,592.1899507500593,79.15578046515296,5202.020202020202,2024,5202.020202020202,3.60235123685533e-05
4102703,Barra do Jacaré,41,Paraná,Sul,10,10,855,2814.3,3000.281690657862,873.8094088043372,11688.764829030008,2024,11688.764829030008,5.247036298997117e-05
4102752,Bela Vista da Caroba,41,Paraná,Sul,10,7,728,3780.8,1806.7478801587415,180.7091782501966,13951.219512195123,2024,13951.219512195123,4.467651959847837e-05
4102802,Bela Vista do Paraíso,41,Paraná,Sul,10,10,6840,15252.7,4545.670685565952,2049.6416853876835,15870.019551001147,2023,15870.019551001147,0.00041976290391976934
4102901,Bituruna,41,Paraná,Sul,10,8,44,16112.0,27.66702672873281,15.762984032077716,127.4778507234368,2024,127.4778507234368,2.70022920650144e-06
4103008,Boa Esperança,41,Paraná,Sul,10,9,1326,4347.1,2953.065019659597,439.4704300469583,11891.180342255375,2022,11891.180342255375,8.137508926865704e-05
4103024,Boa Esperança do Iguaçu,41,Paraná,Sul,10,7,492,2509.2,2009.8012420781513,61.40065704636682,18178.104575163397,2024,18178.104575163397,3.0193472036334283e-05
4103040,Boa Ventura de São Roque,41,Paraná,Sul,10,8,59,6367.0,93.73846293511983,61.769978469388704,384.3689942344651,2024,384.3689942344651,3.620761890536022e-06
4103057,Boa Vista da Aparecida,41,Paraná,Sul,10,10,3295,7805.3,4113.232265696513,680.9608383853979,34553.14911625591,2024,34553.14911625591,0.00020221034625959647
4103107,Bocaiúva do Sul,41,Paraná,Sul,10,6,40,13074.0,29.641657290781392,7.671156737822959,202.83975659229208,2024,202.83975659229208,2.454753824092218e-06
4103156,Bom Jesus do Sul,41,Paraná,Sul,10,7,96,3767.7,239.92176440850636,103.51357319219265,1649.8399409012557,2024,1649.8399409012557,5.8914091778213236e-06
4103206,Bom Sucesso,41,Paraná,Sul,10,9,1710,6871.2,2566.372675822362,1012.5235124593345,14040.419389150586,2023,14040.419389150586,0.00010494072597994234
4103222,Bom Sucesso do Sul,41,Paraná,Sul,10,6,134,3263.7,415.5785005943318,61.115735694597966,2442.795299938157,2024,2442.795299938157,8.22342531070893e-06
4103305,Borrazópolis,41,Paraná,Sul,10,7,1986,7184.9,2562.9771024305405,207.26797261220588,19683.026584867075,2024,19683.026584867075,0.00012187852736617864
4103354,Braganey,41,Paraná,Sul,10,9,1259,5227.6,2533.192184379361,412.0313143798929,17700.957934194088,2024,17700.957934194088,7.726337661330256e-05
4103370,Brasilândia do Sul,41,Paraná,Sul,10,8,628,3151.4,1947.284492322092,342.57813384026974,8394.58413926499,2020,8394.58413926499,3.853963503824783e-05
4103404,Cafeara,41,Paraná,Sul,10,8,1255,2813.5,4709.915796074869,1949.5449356710687,32318.23372668443,2023,32318.23372668443,7.701790123089335e-05
4103453,Cafelândia,41,Paraná,Sul,10,10,7697,18518.8,4012.893000889214,1395.8430321724672,17012.699052610362,2024,17012.699052610362,0.0004723560046009451
4103479,Cafezal do Sul,41,Paraná,Sul,10,10,1607,4270.6,3690.6034449155522,1117.0897420946014,13838.587078023698,2023,13838.587078023698,9.861973488290487e-05
4103503,Califórnia,41,Paraná,Sul,10,9,1440,8678.2,1617.0306688298072,236.61034821245852,13339.311736352427,2024,13339.311736352427,8.837113766731986e-05
4103602,Cambará,41,Paraná,Sul,10,9,4492,24558.2,1883.7474362038654,1181.5686268015747,6382.251100756636,2025,6382.251100756636,0.0002756688544455561
4103701,Cambé,41,Paraná,Sul,10,10,48638,107399.1,4451.961263835778,1121.9066852613641,18984.947166445963,2024,18984.947166445963,0.002984857912404933
4103800,Cambira,41,Paraná,Sul,10,8,1744,8599.3,1777.4301035541637,196.55286531128158,14658.046267299726,2024,14658.046267299726,0.00010702726673042071
4103909,Campina da Lagoa,41,Paraná,Sul,10,9,3364,15012.4,2251.728899025023,491.46559820641573,9543.776206270732,2024,9543.776206270732,0.00020644479660615554
4103958,Campina do Simão,41,Paraná,Sul,10,3,38,3943.4,95.74077961365114,0.0,830.6065945129625,2024,830.6065945129625,2.3320161328876075e-06
4104006,Campina Grande do Sul,41,Paraná,Sul,10,10,323,45488.0,66.70727111365761,23.048331299002424,438.25418742870863,2024,438.25418742870863,1.9822137129544662e-05
4104055,Campo Bonito,41,Paraná,Sul,10,6,369,3965.0,917.5686572939245,102.6873423019416,7886.9047619047615,2024,7886.9047619047615,2.2645104027250712e-05
4104105,Campo do Tenente,41,Paraná,Sul,10,2,6,7799.4,7.854218914034961,0.0,65.22306287503261,2024,65.22306287503261,3.682130736138327e-07
4104204,Campo Largo,41,Paraná,Sul,10,10,335,134451.7,23.95193757923275,7.528199173705939,128.94635411191703,2024,128.94635411191703,2.0558563276772327e-05
4104253,Campo Magro,41,Paraná,Sul,10,8,86,29798.5,27.854788552689616,6.951448855262715,174.29884328949453,2024,174.29884328949453,5.277720721798269e-06
4104303,Campo Mourão,41,Paraná,Sul,10,9,11149,97468.7,1103.8510898925847,133.90935926282884,6240.565124830656,2024,6240.565124830656,0.0006842012596201036
4104402,Cândido de Abreu,41,Paraná,Sul,10,6,1795,15274.7,1179.661490600175,9.889296143848933,10632.579482137004,2024,10632.579482137004,0.0001101570778561383
4104428,Candói,41,Paraná,Sul,10,6,277,15623.4,182.6303056633021,6.288517192520091,1680.5061289047053,2024,1680.5061289047053,1.6999170231838613e-05
4104451,Cantagalo,41,Paraná,Sul,10,6,1141,12359.0,1054.1385140383506,24.148336013278836,10223.168811927031,2024,10223.168811927031,7.002185283223052e-05
4104501,Capanema,41,Paraná,Sul,10,10,4697,19829.9,2295.2555574730195,860.2919897772114,9125.53097993262,2023,9125.53097993262,0.00028824946779402874
4104600,Capitão Leônidas Marques,41,Paraná,Sul,10,10,3062,15373.1,2031.209118029509,528.9774236131916,5474.4525547445255,2024,5474.4525547445255,0.0001879114052342593
4104659,Carambeí,41,Paraná,Sul,10,8,187,23387.3,77.51884580840374,10.70112907325878,467.7345916635623,2024,467.7345916635623,1.147597412763112e-05
4104709,Carlópolis,41,Paraná,Sul,10,10,3201,15533.0,1839.5283521642027,59.43895354590704,11485.270969192714,2025,11485.270969192714,0.00019644167477297976
4104808,Cascavel,41,Paraná,Sul,10,10,66284,338557.1,1871.6374751369488,611.5068651122656,9291.026739612858,2024,9291.026739612858,0.004067772561903215
4104907,Castro,41,Paraná,Sul,10,9,1382,72631.4,183.7120604053285,9.689739106176996,1596.472353933405,2024,1596.472353933405,8.481174462238614e-05
4105003,Catanduvas,41,Paraná,Sul,10,10,1624,10375.9,1552.2931927494087,161.63758817884212,10894.122152019912,2022,10894.122152019912,9.966300525814406e-05
4105102,Centenário do Sul,41,Paraná,Sul,10,10,3403,10921.4,3127.623227952687,959.8341350188914,13137.001477104874,2023,13137.001477104874,0.00020883818158464547
4105201,Cerro Azul,41,Paraná,Sul,10,5,21,17172.2,12.605764444402785,5.607581450120563,43.10344827586207,2024,43.10344827586207,1.2887457576484146e-06
4105300,Céu Azul,41,Paraná,Sul,10,10,2163,11531.6,1914.098460120691,494.7697419843108,12683.317038485467,2024,12683.317038485467,0.0001327408130377867
4105409,Chopinzinho,41,Paraná,Sul,10,6,2560,20204.2,1199.1292663713953,116.38592807060722,9865.949255531332,2024,9865.949255531332,0.00015710424474190196
4105508,Cianorte,41,Paraná,Sul,10,10,21513,81533.4,2629.3963610246437,885.5750830488969,10052.331864155709,2024,10052.331864155709,0.0013202279754423972
4105607,Cidade Gaúcha,41,Paraná,Sul,10,9,2111,12173.9,1778.1826039676266,370.75937483875066,6467.321657411362,2025,6467.321657411362,0.0001295496330664668
4105706,Clevelândia,41,Paraná,Sul,10,6,436,16053.3,291.01191604274754,8.967364251238605,2464.1068447412354,2024,2464.1068447412354,2.6756816682605178e-05
4105805,Colombo,41,Paraná,Sul,10,10,4207,239954.2,174.81571983283135,12.711644078214945,1628.4479893652376,2024,1628.4479893652376,0.0002581787334488991
4105904,Colorado,41,Paraná,Sul,10,9,3684,23644.2,1539.278123158628,391.93498640591775,7778.007869124043,2020,7778.007869124043,0.0002260828271988933
4106001,Congonhinhas,41,Paraná,Sul,10,8,564,8647.5,664.3901629779201,65.47735746142456,5342.3359393508645,2024,5342.3359393508645,3.461202891970028e-05
4106100,Conselheiro Mairinck,41,Paraná,Sul,10,6,291,3706.7,827.8497781162483,52.99719286411399,7056.7986230636825,2024,7056.7986230636825,1.7858334070270888e-05
4106209,Contenda,41,Paraná,Sul,10,8,25,18862.4,12.849648372313151,5.474295804683045,65.56715589852222,2024,65.56715589852222,1.5342211400576365e-06
4106308,Corbélia,41,Paraná,Sul,10,10,7598,17343.7,4333.305277575891,781.5598869123311,22987.347441495913,2024,22987.347441495913,0.00046628048888631686
4106407,Cornélio Procópio,41,Paraná,Sul,10,9,7051,47062.8,1526.741452844888,485.0153835013491,9923.630809513419,2024,9923.630809513419,0.00043271173034185574
4106456,Coronel Domingos Soares,41,Paraná,Sul,10,5,11,6742.3,19.25997304596654,6.572893387669252,72.51631617113851,2024,72.51631617113851,6.7505730162536e-07
4106506,Coronel Vivida,41,Paraná,Sul,10,6,1845,22058.8,783.0346249780346,48.197201854113935,4144.700184304144,2022,4144.700184304144,0.00011322552013625357
4106555,Corumbataí do Sul,41,Paraná,Sul,10,8,1091,3506.6,2963.6822424905904,160.73607787256668,17579.787234042553,2022,17579.787234042553,6.695341055211525e-05
4106571,Cruzeiro do Iguaçu,41,Paraná,Sul,10,7,1374,4229.3,3298.3892160170826,82.41442174944245,27739.151282666026,2024,27739.151282666026,8.43207938575677e-05
4106605,Cruzeiro do Oeste,41,Paraná,Sul,10,9,5542,22333.5,2453.276440516393,326.3988938542043,12202.224662242803,2020,12202.224662242803,0.00034010614232797684
4106704,Cruzeiro do Sul,41,Paraná,Sul,10,8,679,4516.2,1514.2843577733333,792.7204199342839,8293.998651382333,2020,8293.998651382333,4.16694461639654e-05
4106803,Cruz Machado,41,Paraná,Sul,10,4,39,17628.6,24.35675867071756,0.0,194.84600879949718,2024,194.84600879949718,2.3933849784899126e-06
4106852,Cruzmaltina,41,Paraná,Sul,10,6,939,2953.1,3243.1569384993204,380.4013652120445,17852.209944751383,2024,17852.209944751383,5.7625346020564826e-05
4106902,Curitiba,41,Paraná,Sul,10,10,21366,1877245.4,116.6677435177032,15.394856404339475,967.8415722505433,2024,967.8415722505433,0.0013112067551388584
4107009,Curiúva,41,Paraná,Sul,10,7,2132,14538.4,1544.2325747033155,45.76603722818062,10592.667729314591,2024,10592.667729314591,0.00013083837882411523
4107108,Diamante do Norte,41,Paraná,Sul,10,9,1334,5163.9,2612.4937609400286,2921.4498784481984,6660.0397614314115,2020,6660.0397614314115,8.186604003347548e-05
4107124,Diamante do Sul,41,Paraná,Sul,10,7,317,3350.2,999.5601028832665,30.434954350806237,8958.990536277603,2024,8958.990536277603,1.9453924055930828e-05
4107157,Diamante D'Oeste,41,Paraná,Sul,10,9,853,4979.2,1842.1573906309484,134.66395638818906,10708.799648891814,2022,10708.799648891814,5.2347625298766554e-05
4107207,Dois Vizinhos,41,Paraná,Sul,10,10,9005,42703.4,1931.2851275522803,147.9288414997893,15435.827625813587,2024,15435.827625813587,0.0005526264546487607
4107256,Douradina,41,Paraná,Sul,10,8,2401,8947.7,2619.757505636135,1645.8013823742485,8670.650580674259,2020,8670.650580674259,0.0001473465982911354
4107306,Doutor Camargo,41,Paraná,Sul,10,9,796,6170.7,1286.111053545818,233.16242435469076,5281.631288651179,2020,5281.631288651179,4.8849601099435146e-05
4107405,Enéas Marques,41,Paraná,Sul,10,7,1416,6035.4,2335.006434062656,32.65184662237033,21499.176276771002,2024,21499.176276771002,8.689828537286452e-05
4107504,Engenheiro Beltrão,41,Paraná,Sul,10,10,2330,13427.4,1751.1668387911282,523.746411792732,6880.766754881624,2020,6880.766754881624,0.00014298941025337172
4107520,Esperança Nova,41,Paraná,Sul,10,7,619,1786.3,3412.5481945093825,536.7081305210023,17090.319091400757,2022,17090.319091400757,3.7987315427827074e-05
4107538,Entre Rios do Oeste,41,Paraná,Sul,10,9,1205,4567.9,2596.6643706093114,1700.8232390246687,12877.986889405793,2024,12877.986889405793,7.394945895077808e-05
4107546,Espigão Alto do Iguaçu,41,Paraná,Sul,10,7,940,4462.9,1981.6244379921482,175.95312302429454,15304.24093423479,2024,15304.24093423479,5.7686714866167126e-05
4107553,Farol,41,Paraná,Sul,10,7,310,3103.7,1022.7558840003685,195.302866980894,6582.864703936486,2024,6582.864703936486,1.902434213671469e-05
4107603,Faxinal,41,Paraná,Sul,10,10,3432,16966.2,2064.3944441041353,548.2024468610279,10945.962209652183,2024,10945.962209652183,0.00021061787810711233
4107652,Fazenda Rio Grande,41,Paraná,Sul,10,10,252,121848.1,16.364959270954067,5.118119955992295,115.16600002476687,2024,115.16600002476687,1.5464949091780976e-05
4107702,Fênix,41,Paraná,Sul,10,10,1205,4680.6,2608.6270241519733,468.3018539094935,11057.287278854254,2020,11057.287278854254,7.394945895077808e-05
4107736,Fernandes Pinheiro,41,Paraná,Sul,10,4,19,5962.9,30.451771554723468,0.0,172.22483168936904,2024,172.22483168936904,1.1660080664438037e-06
4107751,Figueira,41,Paraná,Sul,10,8,1218,7973.2,1506.2076394355995,55.33465677486949,12856.090373280942,2024,12856.090373280942,7.474725394360804e-05
4107801,Floraí,41,Paraná,Sul,10,9,1414,4910.2,2905.8121350040433,864.107105321217,9202.838063439065,2022,9202.838063439065,8.677554768165992e-05
4107850,Flor da Serra do Sul,41,Paraná,Sul,10,5,224,4546.6,512.9201458452221,10.909884355225834,4808.793221891458,2024,4808.793221891458,1.3746621414916422e-05
4107900,Floresta,41,Paraná,Sul,10,10,2197,8404.8,2548.168422798915,974.4512351881384,12874.03298788498,2020,12874.03298788498,0.00013482735378826508
4108007,Florestópolis,41,Paraná,Sul,10,10,4807,11042.3,4269.30897453215,1890.0590574250896,15858.577190423068,2025,15858.577190423068,0.0002950000408102823
4108106,Flórida,41,Paraná,Sul,10,8,553,2687.7,2066.3363004115286,996.6108927250148,6749.622926093514,2023,6749.622926093514,3.393697161807492e-05
4108205,Formosa do Oeste,41,Paraná,Sul,10,9,919,7121.9,1273.8159643737151,162.06203331306244,6059.8246518824135,2024,6059.8246518824135,5.639796910851872e-05
4108304,Foz do Iguaçu,41,Paraná,Sul,10,10,108602,272521.5,3924.973126530622,2647.668674843935,15838.34066184328,2023,15838.34066184328,0.006664779370101577
4108320,Francisco Alves,41,Paraná,Sul,10,10,1629,7008.3,2246.3163591731072,828.2738000696947,8187.618147448015,2024,8187.618147448015,9.996984948615559e-05
4108403,Francisco Beltrão,41,Paraná,Sul,10,10,28011,93946.1,2814.0591747594235,87.62709678655243,17171.428007344377,2024,17171.428007344377,0.001719002734166178
4108452,Foz do Jordão,41,Paraná,Sul,10,8,333,4831.0,683.3479377581114,215.245644495088,2091.3705583756346,2024,2091.3705583756346,2.0435825585567717e-05
4108502,General Carneiro,41,Paraná,Sul,10,6,73,12654.3,66.07043341054322,7.300608379590062,433.9179171939975,2022,433.9179171939975,4.479925728968299e-06
4108551,Godoy Moreira,41,Paraná,Sul,10,8,791,2991.4,2673.204406108533,287.81987999875037,18585.858585858587,2024,18585.858585858587,4.854275687142362e-05
4108601,Goioerê,41,Paraná,Sul,10,10,6941,28951.0,2399.796169709612,519.2023474320952,15861.235761132206,2024,15861.235761132206,0.0004259611573256022
4108650,Goioxim,41,Paraná,Sul,10,4,71,6939.3,108.50786655538145,0.0,1010.5649977032614,2024,1010.5649977032614,4.3571880377636875e-06
4108700,Grandes Rios,41,Paraná,Sul,10,8,860,5704.9,1541.7177253910904,145.14211544754693,10239.885427855352,2024,10239.885427855352,5.2777207217982695e-05
4108809,Guaíra,41,Paraná,Sul,10,10,4253,32882.5,1297.6730312985692,226.97364330689373,5484.8393875713,2020,5484.8393875713,0.0002610017003466051
4108908,Guairaçá,41,Paraná,Sul,10,8,823,6620.0,1238.3031120138814,582.3639724771917,4055.076410954759,2020,4055.076410954759,5.050655993069739e-05
4108957,Guamiranga,41,Paraná,Sul,10,6,124,8385.5,155.35728066543263,17.576314618435585,1218.4398944856173,2024,1218.4398944856173,7.609736854685877e-06
4109005,Guapirama,41,Paraná,Sul,10,7,670,4195.0,1408.1386162181395,104.64901751935838,12562.604340567612,2024,12562.604340567612,4.1117126553544655e-05
4109104,Guaporema,41,Paraná,Sul,10,6,456,2236.1,2062.477175686346,567.3414098489484,8306.70926517572,2023,8306.70926517572,2.7984193594651288e-05
4109203,Guaraci,41,Paraná,Sul,10,9,2389,5201.8,4818.238954560008,711.8153254783322,27485.25695029486,2023,27485.25695029486,0.00014661017214390772
4109302,Guaraniaçu,41,Paraná,Sul,10,10,1166,13190.3,848.750650710747,105.21491921926453,7485.159982626322,2024,7485.159982626322,7.155607397228816e-05
4109401,Guarapuava,41,Paraná,Sul,10,9,5691,183038.3,301.54608882996325,7.683408811368656,2463.56843834455,2024,2463.56843834455,0.00034925010032272035
4109500,Guaraqueçaba,41,Paraná,Sul,10,10,418,7611.0,551.5787944029163,106.19202842349308,3189.7711978465677,2023,3189.7711978465677,2.565217746176368e-05
4109609,Guaratuba,41,Paraná,Sul,10,10,15331,39409.7,3533.439301051128,206.27313895733897,23227.21837420752,2024,23227.21837420752,0.000940845771928945
4109658,Honório Serpa,41,Paraná,Sul,10,5,118,5157.0,241.6910573983842,8.76424189307625,2093.5960591133003,2024,2093.5960591133003,7.241523781072044e-06
4109708,Ibaiti,41,Paraná,Sul,10,8,4802,30455.1,1629.038314027681,44.05194181468895,15631.79347826087,2024,15631.79347826087,0.0002946931965822708
4109757,Ibema,41,Paraná,Sul,10,8,953,6331.9,1507.7870569961055,141.69700819796407,13229.018492176387,2024,13229.018492176387,5.84845098589971e-05
4109807,Ibiporã,41,Paraná,Sul,10,10,17930,53508.7,3368.67444911994,2563.941248664595,12005.115981628975,2023,12005.115981628975,0.0011003434016493368
4109906,Icaraíma,41,Paraná,Sul,10,10,3005,8469.9,3561.309117733359,546.6896616651983,17210.377600821987,2020,17210.377600821987,0.0001844133810349279
4110003,Iguaraçu,41,Paraná,Sul,10,8,1206,4830.5,2374.383685029592,1079.6975250508208,7662.0457100037465,2023,7662.0457100037465,7.401082779638038e-05
4110052,Iguatu,41,Paraná,Sul,10,9,949,2223.1,4371.5612334173,227.470098290767,37511.563367252544,2024,37511.563367252544,5.8239034476587874e-05
4110078,Imbaú,41,Paraná,Sul,10,8,1306,13640.6,894.9103045208751,45.32121461463872,4940.938238272021,2024,4940.938238272021,8.014771235661093e-05
4110102,Imbituva,41,Paraná,Sul,10,8,2669,31555.3,867.6922468033135,6.377621932656435,8612.673537731249,2024,8612.673537731249,0.00016379344891255326
4110201,Inácio Martins,41,Paraná,Sul,10,4,20,10567.0,20.25689243302715,0.0,103.80982040901068,2024,103.80982040901068,1.227376912046109e-06
4110300,Inajá,41,Paraná,Sul,10,8,1227,2877.8,4239.977349500054,1940.6642995572279,19105.821807655193,2019,19105.821807655193,7.52995735540288e-05
4110409,Indianópolis,41,Paraná,Sul,10,7,1549,4481.1,3460.9912548290886,617.5063314840611,13714.028776978417,2022,13714.028776978417,9.506034183797115e-05
4110508,Ipiranga,41,Paraná,Sul,10,7,359,14797.9,246.5447668534498,47.69828948436404,795.0899707072115,2024,795.0899707072115,2.2031415571227657e-05
4110607,Iporã,41,Paraná,Sul,10,9,2951,14857.7,1930.9129996845816,418.69127639673445,10643.973072526356,2023,10643.973072526356,0.0001810994633724034
4110656,Iracema do Oeste,41,Paraná,Sul,10,9,1152,2338.7,5007.8891521854175,215.5275995482181,24413.1455399061,2022,24413.1455399061,7.069691013385588e-05
4110706,Irati,41,Paraná,Sul,10,10,511,60440.6,84.25121771524695,11.542104318141842,679.3210079610501,2024,679.3210079610501,3.1359480102778086e-05
4110805,Iretama,41,Paraná,Sul,10,8,4396,10483.6,4146.877489788429,139.5155240282015,27510.836484367795,2024,27510.836484367795,0.0002697774452677348
4110904,Itaguajé,41,Paraná,Sul,10,8,516,4509.8,1155.7288815965371,359.98935590339624,7377.4179037336935,2020,7377.4179037336935,3.166632433078961e-05
4110953,Itaipulândia,41,Paraná,Sul,10,10,2770,11318.0,2382.2147139602744,904.2427569697667,9746.328437917224,2024,9746.328437917224,0.00016999170231838613
4111001,Itambaracá,41,Paraná,Sul,10,10,554,6342.6,904.2829626893117,397.76574136763713,4579.502894109635,2024,4579.502894109635,3.3998340463677225e-05
4111100,Itambé,41,Paraná,Sul,10,9,1699,6151.0,2759.7621193099635,1988.1706729927932,9187.44971842317,2024,9187.44971842317,0.00010426566867831697
4111209,Itapejara d'Oeste,41,Paraná,Sul,10,5,2023,12168.8,1630.2591232915654,36.4549578742709,12767.336357744653,2022,12767.336357744653,0.00012414917465346394
4111258,Itaperuçu,41,Paraná,Sul,10,6,48,29864.9,16.27112259755479,5.212337989778305,84.77387490324722,2016,84.77387490324722,2.9457045889106618e-06
4111308,Itaúna do Sul,41,Paraná,Sul,10,9,1137,3218.5,3620.098867007884,1056.5911664078499,17583.603020496226,2020,17583.603020496226,6.977637744982131e-05
4111407,Ivaí,41,Paraná,Sul,10,4,1389,13660.2,1031.0622343347695,0.0,10161.062866473689,2024,10161.062866473689,8.524132654160228e-05
4111506,Ivaiporã,41,Paraná,Sul,10,8,4674,32581.0,1420.7762846590306,318.6954112753198,7509.916788451788,2024,7509.916788451788,0.0002868379843451757
4111555,Ivaté,41,Paraná,Sul,10,9,2274,7631.7,3192.841456247454,714.231100143825,12340.799297321037,2022,12340.799297321037,0.00013955275489964261
4111605,Ivatuba,41,Paraná,Sul,10,10,638,3034.1,2156.3047480278897,802.0646122824705,7868.252516010979,2020,7868.252516010979,3.9153323494270884e-05
4111704,Jaboti,41,Paraná,Sul,10,6,601,5371.9,1079.2916175560968,37.18107525775861,10114.77761836442,2024,10114.77761836442,3.688267620698558e-05
4111803,Jacarezinho,41,Paraná,Sul,10,10,8590,40156.2,2126.501726797264,1006.0376031198966,7765.700483091788,2024,7765.700483091788,0.0005271583837238038
4111902,Jaguapitã,41,Paraná,Sul,10,10,10646,14327.3,7017.039512936244,1605.161267250111,20781.996479758614,2025,20781.996479758614,0.0006533327302821439
4112009,Jaguariaíva,41,Paraná,Sul,10,9,1899,35212.5,523.8728467549179,31.525623880876346,2958.7921945295466,2024,2958.7921945295466,0.00011653943779877806
4112108,Jandaia do Sul,41,Paraná,Sul,10,9,4530,21402.0,2090.9491153617478,358.07128012021167,12260.308452702395,2024,12260.308452702395,0.00027800087057844373
4112207,Janiópolis,41,Paraná,Sul,10,10,1565,5597.2,2704.711575592202,233.02796692883464,23393.31619537275,2024,23393.31619537275,9.604224336760803e-05
4112306,Japira,41,Paraná,Sul,10,5,312,5006.8,617.3386454324414,9.846396218983852,5671.93675889328,2024,5671.93675889328,1.91470798279193e-05
4112405,Japurá,41,Paraná,Sul,10,8,1703,9342.7,1831.6418309710166,381.27495121876933,7469.378827646545,2022,7469.378827646545,0.00010451114406072619
4112504,Jardim Alegre,41,Paraná,Sul,10,9,3088,11745.5,2591.7281973958006,270.6151268786111,16999.175597691672,2024,16999.175597691672,0.00018950699521991924
4112603,Jardim Olinda,41,Paraná,Sul,10,8,277,1349.0,2074.355854940212,1191.3626209977663,6666.666666666667,2020,6666.666666666667,1.6999170231838613e-05
4112702,Jataizinho,41,Paraná,Sul,10,10,4586,12321.7,3743.389149730609,3204.0560679937516,10253.417805935313,2025,10253.417805935313,0.0002814375259321728
4112751,Jesuítas,41,Paraná,Sul,10,10,1530,9408.7,1591.8099439768862,584.9180709669192,4993.997599039616,2020,4993.997599039616,9.389433377152735e-05
4112801,Joaquim Távora,41,Paraná,Sul,10,7,1341,11970.9,1094.433765122933,80.081434040682,4715.98735920914,2025,4715.98735920914,8.229562195269162e-05
4112900,Jundiaí do Sul,41,Paraná,Sul,10,7,308,3340.1,918.4484155731523,330.03300330033005,4634.581105169341,2024,4634.581105169341,1.890160444551008e-05
4112959,Juranda,41,Paraná,Sul,10,10,2623,7592.5,3447.9057210474302,1003.7318234461459,15484.932894403646,2024,15484.932894403646,0.0001609704820148472
4113007,Jussara,41,Paraná,Sul,10,9,1547,6908.8,2260.062770889522,296.83904741891445,13907.284768211919,2024,13907.284768211919,9.493760414676654e-05
4113106,Kaloré,41,Paraná,Sul,10,7,847,4355.4,1898.7542267274282,687.4727193365343,9705.81919690788,2024,9705.81919690788,5.197941222515272e-05
4113205,Lapa,41,Paraná,Sul,10,8,278,47075.5,60.488956434738725,6.3534518984510955,475.3908890681903,2024,475.3908890681903,1.7060539077440916e-05
4113254,Laranjal,41,Paraná,Sul,10,6,1123,5802.9,2025.2765831602421,42.23348324060307,13520.361990950227,2025,13520.361990950227,6.891721361138903e-05
4113304,Laranjeiras do Sul,41,Paraná,Sul,10,8,3475,32372.8,1051.3719184897104,29.507463853452315,9434.190254659698,2024,9434.190254659698,0.00021325673846801145
4113403,Leópolis,41,Paraná,Sul,10,8,1238,3901.7,3263.1046448274788,366.67323075251585,25833.111170354572,2024,25833.111170354572,7.597463085565415e-05
4113429,Lidianópolis,41,Paraná,Sul,10,8,1297,3631.8,3313.7404748851213,62.64932179775066,16996.7410378541,2024,16996.7410378541,7.959539274619017e-05
4113452,Lindoeste,41,Paraná,Sul,10,10,2130,4951.1,4184.768376950413,1430.361342141311,21067.738231917334,2024,21067.738231917334,0.00013071564113291062
4113502,Loanda,41,Paraná,Sul,10,10,6542,23253.4,2769.5320771905763,1645.1377994407956,12388.383543353084,2025,12388.383543353084,0.0004014749879302823
4113601,Lobato,41,Paraná,Sul,10,9,808,4728.5,1735.847409297951,588.4067037133779,11236.687676592046,2022,11236.687676592046,4.958602724666281e-05
4113700,Londrina,41,Paraná,Sul,10,10,162494,567238.5,2853.37457477052,927.1800292446321,8264.07629763839,2024,8264.07629763839,0.009972069197301023
4113734,Luiziana,41,Paraná,Sul,10,10,2505,7065.7,3734.7549654383342,230.0328388696725,30316.606929510155,2024,30316.606929510155,0.00015372895823377515
4113759,Lunardelli,41,Paraná,Sul,10,8,1614,4874.6,3313.2460909056294,143.55120871976462,14157.486740106078,2024,14157.486740106078,9.9049316802121e-05
4113809,Lupionópolis,41,Paraná,Sul,10,10,2245,4899.0,4615.614084778796,2259.228516031322,20319.966756700604,2023,20319.966756700604,0.00013777305837717576
4113908,Mallet,41,Paraná,Sul,10,6,70,13612.6,51.391212779303956,7.309952809071391,388.1362138410839,2024,388.1362138410839,4.2958191921613816e-06
4114005,Mamborê,41,Paraná,Sul,10,8,1854,13399.3,1373.8711810421996,127.73386612423872,5349.248452696728,2024,5349.248452696728,0.00011377783974667432
4114104,Mandaguaçu,41,Paraná,Sul,10,10,8180,26709.4,2675.4613842056833,1550.6408905077005,7163.755395266649,2025,7163.755395266649,0.0005019971570268587
4114203,Mandaguari,41,Paraná,Sul,10,10,6813,35660.3,1838.1301823237973,705.1730252824644,11098.55453350854,2024,11098.55453350854,0.00041810594508850707
4114302,Mandirituba,41,Paraná,Sul,10,7,40,27203.7,14.249912725468988,5.296834389465751,93.87712527380828,2024,93.87712527380828,2.454753824092218e-06
4114351,Manfrinópolis,41,Paraná,Sul,10,9,199,2701.7,722.2200701487586,74.99645448328833,6193.408185440058,2024,6193.408185440058,1.2212400274858786e-05
4114401,Mangueirinha,41,Paraná,Sul,10,6,1004,16799.2,599.5083331788431,20.687805397801128,5213.552851348127,2024,5213.552851348127,6.161432098471468e-05
4114500,Manoel Ribas,41,Paraná,Sul,10,9,1776,13914.6,1221.0479260335298,103.06222441570557,11217.069154774972,2024,11217.069154774972,0.00010899106978969449
4114609,Marechal Cândido Rondon,41,Paraná,Sul,10,10,13597,54449.6,2409.408778628006,541.7836237512503,10832.473340213277,2024,10832.473340213277,0.0008344321936545472
4114708,Maria Helena,41,Paraná,Sul,10,8,1832,5810.4,3133.9289926630104,757.965079418506,16624.040920716114,2023,16624.040920716114,0.00011242772514342359
4114807,Marialva,41,Paraná,Sul,10,10,6222,38476.2,1520.2764536578034,549.2458208613446,7900.585060546963,2024,7900.585060546963,0.00038183695733754456
4114906,Marilândia do Sul,41,Paraná,Sul,10,8,1803,8833.1,2055.4863545518424,280.3436218699691,16503.305219968086,2024,16503.305219968086,0.00011064802862095673
4115002,Marilena,41,Paraná,Sul,10,10,2283,7200.1,3119.640640645688,1318.7462180085777,12268.456375838927,2025,12268.456375838927,0.00014010507451006336
4115101,Mariluz,41,Paraná,Sul,10,10,4986,10200.3,4995.172881650015,1485.5253589702197,30752.96959935575,2024,30752.96959935575,0.000305985064173095
4115200,Maringá,41,Paraná,Sul,10,10,54968,419201.8,1300.9937932120956,821.2433615496134,5343.170971611543,2024,5343.170971611543,0.0033733227050675263
4115309,Mariópolis,41,Paraná,Sul,10,7,89,6545.6,138.07064290210482,22.688313459322572,633.2046332046332,2024,633.2046332046332,5.461827258605186e-06
4115358,Maripá,41,Paraná,Sul,10,9,2202,6063.2,3490.7351787462817,567.9370033461153,16388.35525343579,2024,16388.35525343579,0.0001351341980162766
4115408,Marmeleiro,41,Paraná,Sul,10,8,2539,15134.4,1565.5441698165237,141.6045988565137,12791.407298913708,2024,12791.407298913708,0.00015581549898425356
4115457,Marquinho,41,Paraná,Sul,10,7,141,4509.3,311.82770267807257,22.74825735885958,2742.75602742756,2024,2742.75602742756,8.65300722992507e-06
4115507,Marumbi,41,Paraná,Sul,10,9,1238,4719.4,2620.453630476954,298.29958864529476,15875.718237922962,2022,15875.718237922962,7.597463085565415e-05
4115606,Matelândia,41,Paraná,Sul,10,9,4533,18236.7,2443.7531662402635,536.0117248886165,14823.848238482384,2022,14823.848238482384,0.00027818497711525064
4115705,Matinhos,41,Paraná,Sul,10,10,7052,36832.2,1779.3552943835116,406.55870481016785,7180.519116635675,2023,7180.519116635675,0.00043277309918745806
4115739,Mato Rico,41,Paraná,Sul,10,6,230,3317.8,710.0982567442984,42.89022936442469,6796.4164349706525,2024,6796.4164349706525,1.4114834488530254e-05
4115754,Mauá da Serra,41,Paraná,Sul,10,8,2029,10078.8,2095.8899360097703,95.91814984546521,17781.47071042792,2024,17781.47071042792,0.00012451738772707778
4115804,Medianeira,41,Paraná,Sul,10,10,13151,50011.7,2572.1488851493496,1518.9920745692987,6365.546218487395,2024,6365.546218487395,0.0008070616885159191
4115853,Mercedes,41,Paraná,Sul,10,9,1742,5732.8,3034.5827749809755,2349.2052090161114,11162.54228235713,2021,11162.54228235713,0.0001069045290392161
4115903,Mirador,41,Paraná,Sul,10,8,724,2244.0,3239.167478873883,448.8466277141289,13507.528786536757,2024,13507.528786536757,4.443104421606915e-05
4116000,Miraselva,41,Paraná,Sul,10,10,1015,1891.6,5208.157589374279,2007.15352481548,15139.442231075698,2024,15139.442231075698,6.228937828634004e-05
4116059,Missal,41,Paraná,Sul,10,10,2237,10940.6,2027.7251314577952,1340.3844072367117,8468.277143615609,2024,8468.277143615609,0.0001372821076123573
4116109,Moreira Sales,41,Paraná,Sul,10,10,3518,11814.5,3118.4418241302983,899.3288590604028,18990.751548891083,2024,18990.751548891083,0.0002158955988289106
4116208,Morretes,41,Paraná,Sul,10,10,2349,17334.6,1318.2936544943632,578.6844020230677,6119.103025174529,2024,6119.103025174529,0.0001441554183198155
4116307,Munhoz de Melo,41,Paraná,Sul,10,8,929,3988.1,2334.6047614450613,448.7790469666056,10630.220197418375,2023,10630.220197418375,5.701165756454177e-05
4116406,Nossa Senhora das Graças,41,Paraná,Sul,10,9,1427,3887.0,3747.037398161844,572.9036611976375,17988.552739165985,2023,17988.552739165985,8.757334267448988e-05
4116505,Nova Aliança do Ivaí,41,Paraná,Sul,10,7,322,1454.6,2237.771919479479,1199.1262342090295,9864.603481624757,2020,9864.603481624757,1.9760768283942356e-05
4116604,Nova América da Colina,41,Paraná,Sul,10,8,1282,3399.8,3873.2542378330227,750.0142466377935,25007.57805395574,2024,25007.57805395574,7.86748600621556e-05
4116703,Nova Aurora,41,Paraná,Sul,10,10,4265,12035.0,3345.875105886776,643.5684163995516,13784.3730220128,2024,13784.3730220128,0.0002617381264938328
4116802,Nova Cantu,41,Paraná,Sul,10,8,1830,6062.4,2994.2154787637164,483.0366662411895,15222.82688630681,2024,15222.82688630681,0.00011230498745221898
4116901,Nova Esperança,41,Paraná,Sul,10,10,5758,27529.5,2113.148599878467,506.8122456133047,9242.053789731051,2022,9242.053789731051,0.0003533618129780748
4116950,Nova Esperança do Sudoeste,41,Paraná,Sul,10,8,1730,5326.8,3029.852365882126,321.6117440265892,25452.646239554317,2024,25452.646239554317,0.00010616810289198844
4117008,Nova Fátima,41,Paraná,Sul,10,9,1893,7808.3,2563.528139316472,895.5465477076178,9190.311418685122,2023,9190.311418685122,0.00011617122472516423
4117057,Nova Laranjeiras,41,Paraná,Sul,10,8,1760,11873.3,1433.187320380904,12.64449984705784,14039.22845283633,2024,14039.22845283633,0.0001080091682600576
4117107,Nova Londrina,41,Paraná,Sul,10,10,3762,13179.5,2883.2000293635974,1928.3830224636342,8891.124351930666,2023,8891.124351930666,0.00023086959715587312
4117206,Nova Olímpia,41,Paraná,Sul,10,9,2734,5850.6,4637.93418205849,2882.826765556306,15262.454028752925,2025,15262.454028752925,0.0001677824238767031
4117214,Nova Santa Bárbara,41,Paraná,Sul,10,8,565,4241.3,1323.0700834176907,107.50124351433124,8668.224299065421,2024,8668.224299065421,3.467339776530258e-05
4117222,Nova Santa Rosa,41,Paraná,Sul,10,10,2615,8305.3,3136.1020216229763,583.2458674901222,17916.36625811103,2022,17916.36625811103,0.00016047953125002877
4117255,Nova Prata do Iguaçu,41,Paraná,Sul,10,8,1672,11559.6,1298.591578110269,94.94427765227738,6638.3179777935275,2022,6638.3179777935275,0.00010260870984705472
4117271,Nova Tebas,41,Paraná,Sul,10,8,1213,6276.5,1776.6902194626468,106.86879283902701,13362.445414847163,2024,13362.445414847163,7.444040971559652e-05
4117297,Novo Itacolomi,41,Paraná,Sul,10,10,971,2987.0,3055.5044984886254,216.39903680770556,20342.679127725856,2024,20342.679127725856,5.95891490798386e-05
4117305,Ortigueira,41,Paraná,Sul,10,10,3400,23243.6,1387.0873672782132,51.90063431843387,12299.508669346653,2024,12299.508669346653,0.00020865407504783856
4117404,Ourizona,41,Paraná,Sul,10,8,1485,3346.4,4547.89417509962,730.5396089114174,20018.826482585504,2022,20018.826482585504,9.11327357194236e-05
4117453,Ouro Verde do Oeste,41,Paraná,Sul,10,8,973,6374.9,1475.8549001134538,579.3390218579383,6471.341203242782,2024,6471.341203242782,5.971188677104321e-05
4117503,Paiçandu,41,Paraná,Sul,10,10,3228,43479.2,743.4001160140931,638.1149632848708,2434.5869341440643,2020,2434.5869341440643,0.000198098633604242
4117602,Palmas,41,Paraná,Sul,10,6,78,49939.4,15.76729148150288,2.00127781035706,108.2359543805496,2024,108.2359543805496,4.786769956979825e-06
4117701,Palmeira,41,Paraná,Sul,10,8,964,34111.3,277.02977130233575,5.882587534064784,2488.076768373269,2024,2488.076768373269,5.9159567160622456e-05
4117800,Palmital,41,Paraná,Sul,10,6,1923,13270.9,1483.4808268546367,46.12059914970841,12539.523405567981,2024,12539.523405567981,0.00011801229009323339
4117909,Palotina,41,Paraná,Sul,10,10,7020,33408.5,2013.7081444156618,417.9828888683304,8745.870081642683,2024,8745.870081642683,0.0004308092961281843
4118006,Paraíso do Norte,41,Paraná,Sul,10,10,2275,13607.2,1659.4496694773225,620.3667081835817,7848.026991345167,2024,7848.026991345167,0.0001396141237452449
4118105,Paranacity,41,Paraná,Sul,10,9,1865,10679.1,1771.7118701716652,262.1797883995114,8046.458093544,2022,8046.458093544,0.00011445289704829968
4118204,Paranaguá,41,Paraná,Sul,10,10,30924,151853.9,2043.0677487400317,1283.9809665441808,9254.490248898432,2016,9254.490248898432,0.0018977701814056939
4118303,Paranapoema,41,Paraná,Sul,10,9,1034,2861.2,3456.8363366976214,2829.812538976903,13514.347423634681,2020,13514.347423634681,6.345538635278384e-05
4118402,Paranavaí,41,Paraná,Sul,10,10,19081,90546.5,2082.158099195013,1425.527983391485,7780.976586221633,2020,7780.976586221633,0.0011709789429375905
4118451,Pato Bragado,41,Paraná,Sul,10,9,1084,5679.4,1879.4161091619437,419.18367441797153,6280.788177339902,2020,6280.788177339902,6.652382863289911e-05
4118501,Pato Branco,41,Paraná,Sul,10,8,10157,87207.0,1076.9574294919605,66.17074434297962,4725.815584302452,2022,4725.815584302452,0.0006233233647826165
4118600,Paula Freitas,41,Paraná,Sul,10,3,7,5802.6,12.205178884321375,0.0,69.22810661128419,2024,69.22810661128419,4.295819192161382e-07
4118709,Paulo Frontin,41,Paraná,Sul,10,4,23,6963.5,35.69763203455024,0.0,298.3199874391584,2024,298.3199874391584,1.4114834488530255e-06
4118808,Peabiru,41,Paraná,Sul,10,10,2876,13805.6,2097.630795252916,558.5556327091753,9395.37640782454,2024,9395.37640782454,0.0001764967999522305
4118857,Perobal,41,Paraná,Sul,10,9,3184,6618.0,4581.62197175831,1340.7827084529797,20157.41728922092,2024,20157.41728922092,0.00019539840439774058
4118907,Pérola,41,Paraná,Sul,10,10,3163,11564.6,2679.1931041216208,1342.458234201378,8183.19582421283,2023,8183.19582421283,0.00019410965864009215
4119004,Pérola d'Oeste,41,Paraná,Sul,10,9,2232,6355.3,3568.733040733073,1061.1506485726002,23993.584603047315,2024,23993.584603047315,0.00013697526338434578
4119103,Piên,41,Paraná,Sul,10,6,18,13193.6,13.0248753267627,7.980817250207999,35.263417730446434,2024,35.263417730446434,1.1046392208414982e-06
4119152,Pinhais,41,Paraná,Sul,10,9,2646,130541.7,201.85953111239456,16.453231314985977,1813.2760158232913,2024,1813.2760158232913,0.00016238196546370024
4119202,Pinhalão,41,Paraná,Sul,10,6,405,6468.8,605.7048846294224,30.774819469307545,5442.075443566423,2024,5442.075443566423,2.485438246893371e-05
4119251,Pinhal de São Bento,41,Paraná,Sul,10,6,672,2758.7,2417.24724760952,108.08814652264383,15537.848605577688,2022,15537.848605577688,4.123986424474927e-05
4119301,Pinhão,41,Paraná,Sul,10,9,192,31506.0,62.80350202928861,12.834791434084245,420.057757941717,2024,420.057757941717,1.1782818355642647e-05
4119400,Piraí do Sul,41,Paraná,Sul,10,8,882,24782.3,369.3739702180716,7.860493622227046,2141.6666666666665,2024,2141.6666666666665,5.412732182123341e-05
4119509,Piraquara,41,Paraná,Sul,10,10,818,115962.0,66.47385360462002,13.889692446919724,432.2282164983111,2024,432.2282164983111,5.019971570268586e-05
4119608,Pitanga,41,Paraná,Sul,10,9,3371,32125.1,982.1194587419661,57.19572182841556,7006.055689160607,2024,7006.055689160607,0.0002068743785253717
4119657,Pitangueiras,41,Paraná,Sul,10,10,847,3157.0,2677.142037856801,960.8583261938336,9411.40404659718,2020,9411.40404659718,5.197941222515272e-05
4119707,Planaltina do Paraná,41,Paraná,Sul,10,9,1485,4205.1,3587.4635200176695,950.4443987202608,15474.16929420325,2024,15474.16929420325,9.11327357194236e-05
4119806,Planalto,41,Paraná,Sul,10,8,3497,13975.2,2418.2757328531816,497.5229638632683,14130.805428629883,2024,14130.805428629883,0.00021460685307126217
4119905,Ponta Grossa,41,Paraná,Sul,10,10,21846,356435.1,586.5984331007244,16.468997435482848,5495.729569843408,2024,5495.729569843408,0.001340663801027965
4119954,Pontal do Paraná,41,Paraná,Sul,10,10,4191,28704.2,1361.6251798008775,434.3013922473944,4696.795398520953,2023,4696.795398520953,0.00025719683191926217
4120002,Porecatu,41,Paraná,Sul,10,10,5005,12490.7,4245.9789462488525,1931.9150606469925,19944.99157128915,2025,19944.99157128915,0.0003071510722395388
4120101,Porto Amazonas,41,Paraná,Sul,10,5,14,4545.3,33.81130187835553,10.313531353135314,219.56574774335203,2024,219.56574774335203,8.591638384322764e-07
4120150,Porto Barreiro,41,Paraná,Sul,10,5,104,3221.9,336.32769404268936,16.077170418006432,3086.4197530864194,2024,3086.4197530864194,6.382359942639767e-06
4120200,Porto Rico,41,Paraná,Sul,10,9,1136,2850.1,3862.2004944439386,2819.1978552457695,11470.773098680076,2022,11470.773098680076,6.9715008604219e-05
4120309,Porto Vitória,41,Paraná,Sul,10,2,9,3873.3,25.38651121647073,0.0,225.41561003099463,2024,225.41561003099463,5.523196104207491e-07
4120333,Prado Ferreira,41,Paraná,Sul,10,10,2264,3750.9,6024.555489678414,1458.7215018510533,23321.650040442168,2023,23321.650040442168,0.00013893906644361955
4120358,Pranchita,41,Paraná,Sul,10,7,1815,5464.0,3123.9654305710947,267.5065892788052,29127.378707354706,2024,29127.378707354706,0.0001113844547681844
4120408,Presidente Castelo Branco,41,Paraná,Sul,10,9,821,4903.7,1654.968044354608,266.90491041946706,9605.681181087646,2020,9605.681181087646,5.0383822239492776e-05
4120507,Primeiro de Maio,41,Paraná,Sul,10,10,6680,10740.5,6426.769891960377,3664.2787155311335,23792.115403616244,2024,23792.115403616244,0.00040994388862340046
4120606,Prudentópolis,41,Paraná,Sul,10,9,1010,51362.5,199.87738151693276,21.548634104930432,1768.8585706353615,2024,1768.8585706353615,6.198253405832852e-05
4120655,Quarto Centenário,41,Paraná,Sul,10,9,1639,4421.4,3897.3946267429833,482.2142889275723,26282.973621103116,2024,26282.973621103116,0.00010058353794217865
4120705,Quatiguá,41,Paraná,Sul,10,7,1293,7774.4,1556.0425728653267,200.6510185840432,12504.487256192415,2024,12504.487256192415,7.934991736378096e-05
4120804,Quatro Barras,41,Paraná,Sul,10,8,148,23881.4,60.251007685831404,16.607685244034837,402.2462065394878,2024,402.2462065394878,9.082589149141208e-06
4120853,Quatro Pontes,41,Paraná,Sul,10,8,1625,4240.0,3727.989383612301,641.3449564134496,16458.15358067299,2024,16458.15358067299,9.972437410374636e-05
4120903,Quedas do Iguaçu,41,Paraná,Sul,10,10,8701,32811.9,2732.256001420733,514.9346817424166,18977.869765960833,2024,18977.869765960833,0.0005339703255856598
4121000,Querência do Norte,41,Paraná,Sul,10,10,4098,11616.7,3678.629296328711,485.59930213751437,15990.588235294117,2025,15990.588235294117,0.0002514895292782478
4121109,Quinta do Sol,41,Paraná,Sul,10,8,2376,4811.7,4908.666057265573,578.1682143381299,25474.308300395252,2024,25474.308300395252,0.00014581237715107778
4121208,Quitandinha,41,Paraná,Sul,10,4,15,18834.3,8.003536672668101,0.0,47.813844764384,2024,47.813844764384,9.205326840345818e-07
4121257,Ramilândia,41,Paraná,Sul,10,10,731,4371.2,1687.1969835586497,688.9497249394421,9154.437456324249,2024,9154.437456324249,4.486062613528529e-05
4121307,Rancho Alegre,41,Paraná,Sul,10,10,1071,3712.1,2929.379940582721,986.3241993836259,13910.311339617252,2024,13910.311339617252,6.572603364006914e-05
4121356,Rancho Alegre D'Oeste,41,Paraná,Sul,10,8,360,2668.0,1367.549183241124,429.28405408449726,6149.732620320856,2022,6149.732620320856,2.2092784416829964e-05
4121406,Realeza,41,Paraná,Sul,10,9,5444,18041.5,2839.4024064980517,616.9555528589564,13234.185801135507,2024,13234.185801135507,0.0003340919954589509
4121505,Rebouças,41,Paraná,Sul,10,5,906,14820.1,614.1203019612022,6.699718611818303,5991.595499525552,2024,5991.595499525552,5.560017411568874e-05
4121604,Renascença,41,Paraná,Sul,10,7,594,6872.0,858.2820439771427,29.34325418884532,6449.75525482292,2024,6449.75525482292,3.6453094287769444e-05
4121703,Reserva,41,Paraná,Sul,10,7,2087,25935.6,839.4711767107632,31.923705258750434,7935.294354351938,2024,7935.294354351938,0.0001280767807720115
4121752,Reserva do Iguaçu,41,Paraná,Sul,10,3,125,7409.7,191.11702680363436,0.0,1650.6189821182943,2024,1650.6189821182943,7.671105700288183e-06
4121802,Ribeirão Claro,41,Paraná,Sul,10,9,1504,11486.8,1193.1312005126326,64.85435914610257,6898.981989036805,2024,6898.981989036805,9.22987437858674e-05
4121901,Ribeirão do Pinhal,41,Paraná,Sul,10,8,1696,13157.4,1292.7694106049591,325.4666789375615,4430.955993930197,2024,4430.955993930197,0.00010408156214151005
4122008,Rio Azul,41,Paraná,Sul,10,2,46,14781.4,32.2208850994344,0.0,302.51864359082595,2024,302.51864359082595,2.822966897706051e-06
4122107,Rio Bom,41,Paraná,Sul,10,7,519,3228.8,1611.7139282120606,62.73176327348319,12627.986348122866,2024,12627.986348122866,3.1850430867596533e-05
4122156,Rio Bonito do Iguaçu,41,Paraná,Sul,10,8,1314,13653.3,925.7084028970585,64.10684476021927,8311.086131797107,2024,8311.086131797107,8.063866312142937e-05
4122172,Rio Branco do Ivaí,41,Paraná,Sul,10,6,526,3993.9,1366.6868301602703,24.32210452488752,12000.0,2024,12000.0,3.228001278681267e-05
4122206,Rio Branco do Sul,41,Paraná,Sul,10,8,45,34942.6,12.070859707443095,6.151858876204106,58.51375073142189,2024,58.51375073142189,2.7615980521037455e-06
4122305,Rio Negro,41,Paraná,Sul,10,7,75,33122.4,23.403234690478605,5.812963148567436,168.79219804951236,2024,168.79219804951236,4.602663420172909e-06
4122404,Rolândia,41,Paraná,Sul,10,10,19001,69073.2,2671.790295721516,556.718292172457,10665.243210782679,2024,10665.243210782679,0.001166069435289406
4122503,Roncador,41,Paraná,Sul,10,10,3013,10591.1,2700.709685006683,147.90305436822715,22926.74347023129,2024,22926.74347023129,0.00018490433179974635
4122602,Rondon,41,Paraná,Sul,10,9,1521,9420.4,1649.443110539045,817.5317218536761,7815.7634384962075,2023,7815.7634384962075,9.33420141611066e-05
4122651,Rosário do Ivaí,41,Paraná,Sul,10,9,772,5133.0,1451.0902574323884,149.8680353559784,10471.680932434892,2024,10471.680932434892,4.737674880497981e-05
4122701,Sabáudia,41,Paraná,Sul,10,9,1759,7725.3,2017.0288394015456,602.1595619620425,11309.01287553648,2024,11309.01287553648,0.0001079477994144553
4122800,Salgado Filho,41,Paraná,Sul,10,9,635,3854.3,1556.2210060412244,39.20349238619696,12985.111056870883,2024,12985.111056870883,3.896921695746396e-05
4122909,Salto do Itararé,41,Paraná,Sul,10,8,471,5087.0,901.5733997668027,59.814621733229686,7385.608505790772,2024,7385.608505790772,2.890472627868587e-05
4123006,Salto do Lontra,41,Paraná,Sul,10,8,2681,15043.7,1742.1704775170758,152.69315763932337,8365.310821181889,2024,8365.310821181889,0.00016452987505978094
4123105,Santa Amélia,41,Paraná,Sul,10,8,844,3396.1,2498.5248253565796,932.7955384691343,9516.794342958161,2023,9516.794342958161,5.1795305688345806e-05
4123204,Santa Cecília do Pavão,41,Paraná,Sul,10,9,1509,3383.2,4440.405176812934,3705.0675732078807,10366.398570151921,2025,10366.398570151921,9.260558801387893e-05
4123303,Santa Cruz de Monte Castelo,41,Paraná,Sul,10,9,3170,8223.0,3776.852468634776,1212.8267645509027,14174.20814479638,2025,14174.20814479638,0.0001945392405593083
4123402,Santa Fé,41,Paraná,Sul,10,10,2220,11784.6,1887.6252089842408,419.2720520614032,7540.868342415187,2023,7540.868342415187,0.0001362388372371181
4123501,Santa Helena,41,Paraná,Sul,10,10,6880,26186.1,2625.495561667805,1043.9749395665021,9225.162294521848,2024,9225.162294521848,0.00042221765774386156
4123600,Santa Inês,41,Paraná,Sul,10,8,688,1685.6,4140.246747641556,973.0642907882286,21957.3400250941,2020,21957.3400250941,4.222176577438615e-05
4123709,Santa Isabel do Ivaí,41,Paraná,Sul,10,10,3832,8783.3,4375.935573002507,2760.32315978456,12554.264930188901,2020,12554.264930188901,0.00023516541634803452
4123808,Santa Izabel do Oeste,41,Paraná,Sul,10,9,4262,14458.5,2978.158153091207,1601.0148740329898,12589.502954466458,2024,12589.502954466458,0.00026155401995702583
4123824,Santa Lúcia,41,Paraná,Sul,10,9,1521,3773.8,4155.296202706774,542.5733953653192,29258.955427946403,2024,29258.955427946403,9.33420141611066e-05
4123857,Santa Maria do Oeste,41,Paraná,Sul,10,5,372,9955.2,372.5937714965582,4.603627658594974,3575.3630445668505,2024,3575.3630445668505,2.282921056405763e-05
4123907,Santa Mariana,41,Paraná,Sul,10,10,2266,11548.1,2037.6977428466023,1394.876867663717,8283.487402573863,2024,8283.487402573863,0.00013906180413482416
4123956,Santa Mônica,41,Paraná,Sul,10,8,668,3723.7,1826.365626701551,998.2121573301549,6547.174508339556,2020,6547.174508339556,4.099438886234004e-05
4124004,Santana do Itararé,41,Paraná,Sul,10,7,263,5266.1,480.1190998086261,50.62030403060476,2160.8218207580585,2025,2160.8218207580585,1.6140006393406334e-05
4124020,Santa Tereza do Oeste,41,Paraná,Sul,10,9,5112,11546.7,3852.235507186677,1437.2105015608383,23318.05949523602,2024,23318.05949523602,0.00031371753871898547
4124053,Santa Terezinha de Itaipu,41,Paraná,Sul,10,10,6869,23896.9,2855.3822765378,1647.2965558613537,11124.392053416866,2023,11124.392053416866,0.0004215426004422362
4124103,Santo Antônio da Platina,41,Paraná,Sul,10,10,7882,45575.6,1725.7096603863167,182.92526037290958,9768.524618966047,2024,9768.524618966047,0.0004837092410373716
4124202,Santo Antônio do Caiuá,41,Paraná,Sul,10,10,883,2598.0,3409.0656558638557,942.6393902928199,18202.5894897182,2020,18202.5894897182,5.418869066683572e-05
4124301,Santo Antônio do Paraíso,41,Paraná,Sul,10,8,214,2139.2,1003.9438273458687,382.95596768688137,6852.551984877126,2024,6852.551984877126,1.3132932958893367e-05
4124400,Santo Antônio do Sudoeste,41,Paraná,Sul,10,9,5733,21803.7,2363.6938582000466,109.97581154808685,20942.217172536926,2024,20942.217172536926,0.00035182759183801716
4124509,Santo Inácio,41,Paraná,Sul,10,9,552,5792.9,944.8262288663167,571.3149618824955,2584.93353028065,2020,2584.93353028065,3.387560277247261e-05
4124608,São Carlos do Ivaí,41,Paraná,Sul,10,9,1242,6784.2,1846.6447446558643,697.2472977155046,9177.592371871275,2024,9177.592371871275,7.622010623806338e-05
4124707,São Jerônimo da Serra,41,Paraná,Sul,10,8,784,11111.0,716.2959066783469,149.88187484110026,5699.624301292037,2024,5699.624301292037,4.811317495220748e-05
4124806,São João,41,Paraná,Sul,10,9,2982,11046.6,2479.8144975432497,91.56037625409067,17399.83646770237,2024,17399.83646770237,0.00018300189758607488
4124905,São João do Caiuá,41,Paraná,Sul,10,8,2001,5784.0,3529.777933224472,1104.8999514965944,19252.66903914591,2024,19252.66903914591,0.00012279906005021322
4125001,São João do Ivaí,41,Paraná,Sul,10,9,2305,10535.1,2177.840141302571,605.0140205136636,12289.719626168224,2024,12289.719626168224,0.00014145518911331409
4125100,São João do Triunfo,41,Paraná,Sul,10,5,36,14573.2,25.714800484854827,3.3749578130273368,201.1060834590246,2024,201.1060834590246,2.2092784416829963e-06
4125209,São Jorge d'Oeste,41,Paraná,Sul,10,8,2477,9263.7,2606.277148792463,202.2665832083643,19790.575916230366,2024,19790.575916230366,0.00015201063055691062
4125308,São Jorge do Ivaí,41,Paraná,Sul,10,9,2232,5423.8,4268.529749075527,597.7533721580448,16969.814241486067,2022,16969.814241486067,0.00013697526338434578
4125357,São Jorge do Patrocínio,41,Paraná,Sul,10,8,2334,6074.0,3639.6586527424965,1355.8171328465864,11644.24514200299,2025,11644.24514200299,0.00014323488563578094
4125407,São José da Boa Vista,41,Paraná,Sul,10,5,528,6189.5,872.8742560246721,7.99488327470419,5808.580858085808,2024,5808.580858085808,3.240275047801728e-05
4125456,São José das Palmeiras,41,Paraná,Sul,10,9,477,3818.7,1195.9995658649773,103.07025315708026,7369.727047146402,2024,7369.727047146402,2.92729393522997e-05
4125506,São José dos Pinhais,41,Paraná,Sul,10,10,1097,326956.3,32.351162632346515,12.450613148575052,203.96708752357918,2024,203.96708752357918,6.732162362572909e-05
4125555,São Manoel do Paraná,41,Paraná,Sul,10,8,434,2164.4,2012.4871850291133,391.98665577342047,7685.227795674184,2024,7685.227795674184,2.6634078991400568e-05
4125605,São Mateus do Sul,41,Paraná,Sul,10,9,211,44794.2,48.33701660462929,8.99837527755013,393.89123073733674,2024,393.89123073733674,1.2948826422086452e-05
4125704,São Miguel do Iguaçu,41,Paraná,Sul,10,10,7082,28369.8,2427.2858583152765,2076.106924069838,7586.595138750911,2024,7586.595138750911,0.00043461416455552724
4125753,São Pedro do Iguaçu,41,Paraná,Sul,10,8,589,5912.7,1015.3706917638583,140.83075519593845,4587.628865979381,2020,4587.628865979381,3.614625005975792e-05
4125803,São Pedro do Ivaí,41,Paraná,Sul,10,9,2597,10034.8,2886.9709664363345,829.0660849240003,18023.45836720474,2024,18023.45836720474,0.00015937489202918727
4125902,São Pedro do Paraná,41,Paraná,Sul,10,7,611,2487.7,2371.3969927013663,1907.2231100895076,6290.956749672346,2020,6290.956749672346,3.749636466300863e-05
4126009,São Sebastião da Amoreira,41,Paraná,Sul,10,8,2123,8566.6,2595.094626939031,859.0052931735288,9413.36971350614,2022,9413.36971350614,0.0001302860592136945
4126108,São Tomé,41,Paraná,Sul,10,8,986,5538.0,1842.8317550178185,247.02353037898024,8922.495274102079,2024,8922.495274102079,6.050968176387318e-05
4126207,Sapopema,41,Paraná,Sul,10,6,929,6768.0,1370.05955399269,22.39030631444269,11718.75,2024,11718.75,5.701165756454177e-05
4126256,Sarandi,41,Paraná,Sul,10,10,14600,106524.8,1398.0196345676302,579.5989948305208,5981.411613140701,2020,5981.411613140701,0.0008959851457936597
4126272,Saudade do Iguaçu,41,Paraná,Sul,10,7,811,5790.5,1287.6355677589115,102.89863137599932,10454.115421002838,2024,10454.115421002838,4.977013378346972e-05
4126306,Sengés,41,Paraná,Sul,10,7,3281,18537.6,1785.6163221103166,10.95221111193173,8833.025830258302,2024,8833.025830258302,0.0002013511824211642
4126355,Serranópolis do Iguaçu,41,Paraná,Sul,10,10,1215,4754.0,2595.8194797802307,1727.5813860595167,7690.582959641255,2021,7690.582959641255,7.456314740680113e-05
4126405,Sertaneja,41,Paraná,Sul,10,8,1513,5486.8,2739.226753579414,920.5206924737583,11928.710075877889,2024,11928.710075877889,9.285106339628816e-05
4126504,Sertanópolis,41,Paraná,Sul,10,10,5928,16272.8,3643.9927999229585,2064.5315837400867,9870.224821787608,2020,9870.224821787608,0.00036379451673046676
4126603,Siqueira Campos,41,Paraná,Sul,10,10,3193,21869.5,1348.972720411025,33.77942179564082,12786.774628879893,2024,12786.774628879893,0.00019595072400816133
4126652,Sulina,41,Paraná,Sul,10,7,828,3217.6,2374.588179924606,74.24037529002433,21087.267525035764,2024,21087.267525035764,5.081340415870892e-05
4126678,Tamarana,41,Paraná,Sul,10,10,3237,13034.3,2915.224534107825,376.9503617522077,21240.018788163456,2024,21240.018788163456,0.00019865095321466275
4126702,Tamboara,41,Paraná,Sul,10,10,957,5037.1,1902.1138406747991,606.9245071033016,6552.927491275688,2020,6552.927491275688,5.872998524140632e-05
4126801,Tapejara,41,Paraná,Sul,10,10,2421,16120.8,1493.5405829396936,602.3504889178876,8803.915570510859,2020,8803.915570510859,0.00014857397520318152
4126900,Tapira,41,Paraná,Sul,10,10,1852,5680.2,3213.4615944387397,1167.7093228887463,13366.592121107862,2024,13366.592121107862,0.0001136551020554697
4127007,Teixeira Soares,41,Paraná,Sul,10,5,48,11157.3,49.94388775523786,4.285959197668438,407.05563093622794,2024,407.05563093622794,2.9457045889106618e-06
4127106,Telêmaco Borba,41,Paraná,Sul,10,10,12149,77606.0,1575.5260443196225,54.13925978936482,14217.045425099117,2024,14217.045425099117,0.000745570105222409
4127205,Terra Boa,41,Paraná,Sul,10,8,5092,17381.2,2915.4853866684753,182.8143697257526,18528.005464480873,2022,18528.005464480873,0.0003124901618069394
4127304,Terra Rica,41,Paraná,Sul,10,9,2404,16008.4,1531.063853450149,925.8561110715445,4797.920113448357,2020,4797.920113448357,0.0001475307048279423
4127403,Terra Roxa,41,Paraná,Sul,10,10,3496,17862.6,1929.1806351873431,756.1505271583405,8351.304722881172,2024,8351.304722881172,0.00021454548422565988
4127502,Tibagi,41,Paraná,Sul,10,6,1393,20388.5,695.657825583256,14.64466469728713,5906.51770953359,2022,5906.51770953359,8.54868019240115e-05
4127601,Tijucas do Sul,41,Paraná,Sul,10,8,37,17238.1,21.106930469896277,12.045341310490198,87.53214070791618,2024,87.53214070791618,2.270647287285302e-06
4127700,Toledo,41,Paraná,Sul,10,10,22386,145607.6,1473.1238938328165,639.7002904272606,6270.962047661077,2024,6270.962047661077,0.0013738029776532098
4127809,Tomazina,41,Paraná,Sul,10,9,356,8234.0,422.569624496356,66.41628795797801,2566.2154208357856,2024,2566.2154208357856,2.1847309034420744e-05
4127858,Três Barras do Paraná,41,Paraná,Sul,10,10,3473,11727.9,3094.1112092616686,318.53887115207215,24238.63534875413,2024,24238.63534875413,0.00021313400077680684
4127882,Tunas do Paraná,41,Paraná,Sul,10,3,5,7635.1,7.186762526574308,0.0,47.588832487309645,2025,47.588832487309645,3.0684422801152727e-07
4127908,Tuneiras do Oeste,41,Paraná,Sul,10,9,2339,8417.6,2863.759653027978,314.1185787073275,21000.617665225447,2024,21000.617665225447,0.00014354172986379246
4127957,Tupãssi,41,Paraná,Sul,10,8,2701,8157.8,3311.0885004698785,475.6951600812637,17515.84592881521,2024,17515.84592881521,0.00016575725197182705
4127965,Turvo,41,Paraná,Sul,10,6,86,13698.5,59.92699670426051,10.845164318016888,450.04500450045003,2024,450.04500450045003,5.277720721798269e-06
4128005,Ubiratã,41,Paraná,Sul,10,10,4229,22817.1,1908.7816347911157,1098.3159464940136,7346.118896169114,2020,7346.118896169114,0.0002595288480521498
4128104,Umuarama,41,Paraná,Sul,10,10,18567,114637.1,1578.4575061635517,461.2595619211321,7187.715213327649,2024,7187.715213327649,0.0011394353562980055
4128203,União da Vitória,41,Paraná,Sul,10,8,259,56753.9,45.925049119248015,3.570646896682419,398.9573913506038,2024,398.9573913506038,1.5894531010997113e-05
4128302,Uniflor,41,Paraná,Sul,10,7,507,2415.4,2159.1877724855435,1755.6179775280898,6082.036775106082,2024,6082.036775106082,3.1114004720368865e-05
4128401,Uraí,41,Paraná,Sul,10,10,2062,11004.3,1894.780644872061,540.5721722140096,7494.955318535601,2024,7494.955318535601,0.00012654255963195384
4128500,Wenceslau Braz,41,Paraná,Sul,10,7,1390,19451.4,715.4984106894748,30.70799849974096,6896.551724137931,2024,6896.551724137931,8.530269538720458e-05
4128534,Ventania,41,Paraná,Sul,10,5,130,10951.0,132.62888194964677,8.272667107875579,1104.407403620002,2024,1104.407403620002,7.97794992829971e-06
4128559,Vera Cruz do Oeste,41,Paraná,Sul,10,10,2471,8466.5,2991.4814247588997,511.152804552819,12155.099064057371,2024,12155.099064057371,0.00015164241748329678
4128609,Verê,41,Paraná,Sul,10,10,1866,7629.6,2341.6677518997794,129.8534644598357,13212.304589006555,2022,13212.304589006555,0.00011451426589390198
4128625,Alto Paraíso,41,Paraná,Sul,10,10,573,2914.4,2013.7432725223766,176.79046019378404,11322.160148975792,2020,11322.160148975792,3.516434853012103e-05
4128633,Doutor Ulysses,41,Paraná,Sul,10,3,4,5675.2,6.9750228809027615,0.0,34.64403256539061,2024,34.64403256539061,2.454753824092218e-07
4128658,Virmond,41,Paraná,Sul,10,5,234,3959.6,608.977372980222,12.342631449024932,5700.156168662155,2024,5700.156168662155,1.4360309870939476e-05
4128708,Vitorino,41,Paraná,Sul,10,7,1456,8136.5,1425.218015852814,36.467608885378695,12957.198443579768,2024,12957.198443579768,8.935303919695674e-05
4128807,Xambrê,41,Paraná,Sul,10,10,1654,5784.6,2861.381162471041,1029.5948950062266,12476.499743633567,2024,12476.499743633567,0.00010150407062621322
4200051,Abdon Batista,42,Santa Catarina,Sul,10,3,3,2590.1,11.580108008568448,0.0,39.01677721420211,2019,39.01677721420211,1.8410653680691636e-07
4200101,Abelardo Luz,42,Santa Catarina,Sul,10,7,932,17764.2,534.2729192467302,39.93312599067289,4571.067157313707,2022,4571.067157313707,5.7195764101348685e-05
4200200,Agrolândia,42,Santa Catarina,Sul,10,4,16,10987.3,14.059463064337141,0.0,87.02462796971543,2024,87.02462796971543,9.819015296368873e-07
4200309,Agronômica,42,Santa Catarina,Sul,10,6,28,5773.5,44.937609143558106,16.755369294333263,312.7932436659368,2024,312.7932436659368,1.7183276768645527e-06
4200408,Água Doce,42,Santa Catarina,Sul,10,3,14,6912.0,21.04798821292072,0.0,181.1320754716981,2024,181.1320754716981,8.591638384322764e-07
4200507,Águas de Chapecó,42,Santa Catarina,Sul,10,6,1615,6318.0,2639.8170410159664,32.29567417535042,21377.28459530026,2024,21377.28459530026,9.911068564772331e-05
4200556,Águas Frias,42,Santa Catarina,Sul,10,6,191,2586.4,668.6467419461626,54.573775134522805,2362.470469119136,2024,2362.470469119136,1.1721449510040342e-05
4200606,Águas Mornas,42,Santa Catarina,Sul,10,5,49,6631.7,71.50230465956781,8.056719303899452,430.0756339908052,2023,430.0756339908052,3.0070734345129673e-06
4200705,Alfredo Wagner,42,Santa Catarina,Sul,10,7,20,10289.4,19.207061207495936,9.97744696812234,76.32859459975192,2023,76.32859459975192,1.227376912046109e-06
4200754,Alto Bela Vista,42,Santa Catarina,Sul,10,4,41,1908.9,220.3376539642248,0.0,1562.5,2022,1562.5,2.5161226696945237e-06
4200804,Anchieta,42,Santa Catarina,Sul,10,8,166,5795.9,279.42397328241503,26.052422547768415,1687.8342245989306,2024,1687.8342245989306,1.0187228369982705e-05
4200903,Angelina,42,Santa Catarina,Sul,10,5,17,5070.3,32.078848515531625,9.33184023889511,164.4736842105263,2024,164.4736842105263,1.0432703752391928e-06
4201000,Anita Garibaldi,42,Santa Catarina,Sul,10,2,5,7670.7,6.218087207114048,0.0,47.80686028445082,2024,47.80686028445082,3.0684422801152727e-07
4201109,Anitápolis,42,Santa Catarina,Sul,10,3,14,3409.1,38.070537048017414,0.0,241.54589371980674,2024,241.54589371980674,8.591638384322764e-07
4201208,Antônio Carlos,42,Santa Catarina,Sul,10,6,109,9782.9,94.22704147613958,11.612580424451039,427.65502494654316,2023,427.65502494654316,6.6892041706512946e-06
4201257,Apiúna,42,Santa Catarina,Sul,10,4,606,10383.5,608.4388072403908,0.0,4291.417165668663,2024,4291.417165668663,3.7189520434997106e-05
4201273,Arabutã,42,Santa Catarina,Sul,10,4,56,4337.5,126.84227685088335,0.0,548.195523069895,2022,548.195523069895,3.4366553537291054e-06
4201307,Araquari,42,Santa Catarina,Sul,10,8,8115,41721.1,1657.8445898528055,131.93762932231783,12116.863964287137,2024,12116.863964287137,0.0004980081820627087
4201406,Araranguá,42,Santa Catarina,Sul,10,6,93,70377.0,12.449280348377448,2.9571463810738328,66.14019074831012,2024,66.14019074831012,5.707302641014407e-06
4201505,Armazém,42,Santa Catarina,Sul,10,6,7,8795.9,7.822377384591968,11.096070468582916,21.530842932500807,2025,21.530842932500807,4.295819192161382e-07
4201604,Arroio Trinta,42,Santa Catarina,Sul,10,3,15,3569.9,41.45216059794696,0.0,330.76074972436606,2024,330.76074972436606,9.205326840345818e-07
4201653,Arvoredo,42,Santa Catarina,Sul,10,5,64,2371.8,249.2422519386163,22.26179875333927,1730.769230769231,2024,1730.769230769231,3.927606118547549e-06
4201703,Ascurra,42,Santa Catarina,Sul,10,5,503,8152.1,598.6640938765897,6.3379389022689825,4279.360500060103,2022,4279.360500060103,3.0868529337959644e-05
4201802,Atalanta,42,Santa Catarina,Sul,10,2,16,3232.1,49.01116250595842,0.0,428.1345565749235,2024,428.1345565749235,9.819015296368873e-07
4201901,Aurora,42,Santa Catarina,Sul,10,4,20,6202.2,28.542887477492275,0.0,168.3737898133857,2024,168.3737898133857,1.227376912046109e-06
4201950,Balneário Arroio do Silva,42,Santa Catarina,Sul,10,6,30,14395.5,18.686281030376428,9.949032991785948,87.13331397037467,2024,87.13331397037467,1.8410653680691636e-06
4202008,Balneário Camboriú,42,Santa Catarina,Sul,10,10,13219,142178.7,911.1912868461872,139.23943855850138,4788.986138560615,2024,4788.986138560615,0.0008112347700168759
4202057,Balneário Barra do Sul,42,Santa Catarina,Sul,10,8,3264,12717.8,2041.5741906957633,134.51566340385452,15690.709046454767,2024,15690.709046454767,0.000200307912045925
4202073,Balneário Gaivota,42,Santa Catarina,Sul,10,5,74,13163.9,42.18063929173612,3.1910141042823406,272.4341154231069,2025,272.4341154231069,4.541294574570604e-06
4202081,Bandeirante,42,Santa Catarina,Sul,10,5,59,2897.8,182.94964382863776,18.882175226586103,1048.4119642306507,2024,1048.4119642306507,3.620761890536022e-06
4202099,Barra Bonita,42,Santa Catarina,Sul,10,5,92,1680.0,552.4346507208551,28.34467120181406,2817.745803357314,2022,2817.745803357314,5.645933795412102e-06
4202107,Barra Velha,42,Santa Catarina,Sul,10,10,4351,36721.9,894.97914768604,79.10925752445013,5369.603784742756,2024,5369.603784742756,0.00026701584721563104
4202131,Bela Vista do Toldo,42,Santa Catarina,Sul,10,3,5,6160.9,8.251084961521716,0.0,33.61344537815126,2024,33.61344537815126,3.0684422801152727e-07
4202156,Belmonte,42,Santa Catarina,Sul,10,7,493,2698.1,1852.14244496512,55.43920335859383,17080.511662904442,2022,17080.511662904442,3.025484088193659e-05
4202206,Benedito Novo,42,Santa Catarina,Sul,10,6,57,11210.6,53.23026434375596,8.71706261556214,363.19612590799034,2024,363.19612590799034,3.498024199331411e-06
4202305,Biguaçu,42,Santa Catarina,Sul,10,10,3123,72731.2,398.9475548053151,10.468372823678928,2778.320503301942,2023,2778.320503301942,0.00019165490481599993
4202404,Blumenau,42,Santa Catarina,Sul,10,10,72842,361883.7,1931.855743859447,9.5316962748133,15652.77708442263,2024,15652.77708442263,0.004470229451363134
4202438,Bocaina do Sul,42,Santa Catarina,Sul,10,1,1,3510.6,2.8449502133712663,0.0,28.449502133712663,2023,28.449502133712663,6.136884560230545e-08
4202453,Bombinhas,42,Santa Catarina,Sul,10,10,2516,22344.7,971.5145440336504,392.8522952518605,3937.6893119861534,2024,3937.6893119861534,0.00015440401553540052
4202503,Bom Jardim da Serra,42,Santa Catarina,Sul,10,1,1,4446.0,2.4838549428713366,0.0,24.838549428713364,2023,24.838549428713364,6.136884560230545e-08
4202537,Bom Jesus,42,Santa Catarina,Sul,10,6,564,2924.3,1968.2238641743738,70.37102871630357,14763.231197771587,2024,14763.231197771587,3.461202891970028e-05
4202578,Bom Jesus do Oeste,42,Santa Catarina,Sul,10,5,51,2171.5,232.25813268351422,45.72473708276177,1371.7421124828531,2022,1371.7421124828531,3.129811125717578e-06
4202602,Bom Retiro,42,Santa Catarina,Sul,10,5,10,9326.9,11.700909160221785,5.1557022066405445,47.51722499406035,2023,47.51722499406035,6.136884560230545e-07
4202701,Botuverá,42,Santa Catarina,Sul,10,8,63,5330.9,116.2264775976716,27.484676538044177,745.8512026850643,2022,745.8512026850643,3.866237272945244e-06
4202800,Braço do Norte,42,Santa Catarina,Sul,10,5,699,33855.8,197.11649959363407,4.4414177005300095,1877.0754770079361,2024,1877.0754770079361,4.289682307601151e-05
4202859,Braço do Trombudo,42,Santa Catarina,Sul,10,3,6,3892.6,14.58255098193344,0.0,95.17011658339283,2024,95.17011658339283,3.682130736138327e-07
4202875,Brunópolis,42,Santa Catarina,Sul,10,2,6,2458.4,24.407981607716177,0.0,202.75750202757501,2024,202.75750202757501,3.682130736138327e-07
4202909,Brusque,42,Santa Catarina,Sul,10,10,8807,138936.6,605.5774045316155,24.883718279763258,3520.175407575061,2022,3520.175407575061,0.0005404754232195042
4203006,Caçador,42,Santa Catarina,Sul,10,8,289,76941.8,38.00579983955617,1.952615587199662,252.95551652730086,2025,252.95551652730086,1.7735596379066278e-05
4203105,Caibi,42,Santa Catarina,Sul,10,8,664,6247.8,1048.1308245988396,71.5894283034135,6234.137055837564,2022,6234.137055837564,4.074891347993082e-05
4203154,Calmon,42,Santa Catarina,Sul,10,0,0,3405.0,0.0,0.0,0.0,2016,0.0,0.0
4203204,Camboriú,42,Santa Catarina,Sul,10,10,6998,92842.7,656.0474998527068,229.67812991698037,2881.303677604052,2024,2881.303677604052,0.0004294591815249336
4203253,Capão Alto,42,Santa Catarina,Sul,10,2,2,2579.9,7.587385539784482,0.0,38.095238095238095,2023,38.095238095238095,1.227376912046109e-07
4203303,Campo Alegre,42,Santa Catarina,Sul,10,7,66,12263.5,52.564435642650345,8.340291923851174,241.90401872805307,2024,241.90401872805307,4.05034380975216e-06
4203402,Campo Belo do Sul,42,Santa Catarina,Sul,10,1,2,7153.2,2.724053391446472,0.0,27.240533914464724,2024,27.240533914464724,1.227376912046109e-07
4203501,Campo Erê,42,Santa Catarina,Sul,10,8,724,9051.7,741.1352191357474,16.256184449792844,6627.363285220574,2024,6627.363285220574,4.443104421606915e-05
4203600,Campos Novos,42,Santa Catarina,Sul,10,6,152,36825.3,39.46442659845594,2.7333781710548597,349.2342715231788,2024,349.2342715231788,9.32806453155043e-06
4203709,Canelinha,42,Santa Catarina,Sul,10,7,292,12566.9,220.13756349133604,16.235751707791792,1133.2289569820323,2024,1133.2289569820323,1.7919702915873195e-05
4203808,Canoinhas,42,Santa Catarina,Sul,10,8,114,55015.8,20.24934568159893,5.479783534337468,132.22615962341987,2024,132.22615962341987,6.996048398662822e-06
4203907,Capinzal,42,Santa Catarina,Sul,10,4,499,23182.8,206.22511196610895,0.0,1782.7597617471872,2024,1782.7597617471872,3.0623053955550424e-05
4203956,Capivari de Baixo,42,Santa Catarina,Sul,10,8,46,24612.8,18.78650560125512,10.372082272506024,72.5835719182225,2024,72.5835719182225,2.822966897706051e-06
4204004,Catanduvas,42,Santa Catarina,Sul,10,5,110,10792.4,100.09955399363692,4.603627658594974,824.7983322758995,2025,824.7983322758995,6.7505730162536e-06
4204103,Caxambu do Sul,42,Santa Catarina,Sul,10,5,1035,4089.1,2212.183306070519,25.38715410002539,12743.026204564667,2024,12743.026204564667,6.351675519838615e-05
4204152,Celso Ramos,42,Santa Catarina,Sul,10,1,4,2775.6,13.986013986013987,0.0,139.86013986013987,2024,139.86013986013987,2.454753824092218e-07
4204178,Cerro Negro,42,Santa Catarina,Sul,10,1,1,3221.1,3.006614552014432,0.0,30.066145520144318,2024,30.066145520144318,6.136884560230545e-08
4204194,Chapadão do Lageado,42,Santa Catarina,Sul,10,4,8,2986.3,26.583507070728523,0.0,98.26400262037339,2025,98.26400262037339,4.909507648184436e-07
4204202,Chapecó,42,Santa Catarina,Sul,10,8,18589,237963.0,705.1847658445424,74.51458884812973,3203.7367869864725,2024,3203.7367869864725,0.0011407854709012562
4204251,Cocal do Sul,42,Santa Catarina,Sul,10,4,24,17025.0,13.473920898216202,0.0,100.49129075480126,2024,100.49129075480126,1.4728522944553309e-06
4204301,Concórdia,42,Santa Catarina,Sul,10,9,8187,78304.9,987.1498815776365,25.30589710987031,6188.913112706073,2022,6188.913112706073,0.0005024267389460747
4204350,Cordilheira Alta,42,Santa Catarina,Sul,10,7,172,4637.0,347.0152361573663,43.93414462319414,1422.2965906714076,2022,1422.2965906714076,1.0555441443596538e-05
4204400,Coronel Freitas,42,Santa Catarina,Sul,10,9,2378,10210.1,2293.0223364126637,450.9744653574831,17895.648825567965,2022,17895.648825567965,0.00014593511484228236
4204459,Coronel Martins,42,Santa Catarina,Sul,10,3,9,2344.8,42.37687054869872,0.0,345.1676528599605,2024,345.1676528599605,5.523196104207491e-07
4204509,Corupá,42,Santa Catarina,Sul,10,5,290,15713.0,183.71479441670573,3.260089978483406,1457.4488308725681,2024,1457.4488308725681,1.779696522466858e-05
4204558,Correia Pinto,42,Santa Catarina,Sul,10,2,14,14152.2,8.696062641958404,0.0,74.24364288807772,2024,74.24364288807772,8.591638384322764e-07
4204608,Criciúma,42,Santa Catarina,Sul,10,9,175,216714.0,7.934514244633516,3.7400613353317764,36.84287623013037,2024,36.84287623013037,1.0739547980403455e-05
4204707,Cunha Porã,42,Santa Catarina,Sul,10,10,984,11084.0,885.1345447240567,108.94929613647756,4309.421841541755,2024,4309.421841541755,6.0386944072668566e-05
4204756,Cunhataí,42,Santa Catarina,Sul,10,5,239,1974.2,1193.3104373678889,25.419420437214033,8027.75024777007,2024,8027.75024777007,1.4667154098951004e-05
4204806,Curitibanos,42,Santa Catarina,Sul,10,4,44,40157.8,10.722257000990199,0.0,74.6772017729813,2024,74.6772017729813,2.70022920650144e-06
4204905,Descanso,42,Santa Catarina,Sul,10,8,351,8410.9,410.7105244761645,77.62094798737985,1254.1410317084715,2016,1254.1410317084715,2.1540464806409216e-05
4205001,Dionísio Cerqueira,42,Santa Catarina,Sul,10,9,388,15355.6,254.03302408220225,52.634913863845526,1889.6299202301557,2024,1889.6299202301557,2.3811112093694518e-05
4205100,Dona Emma,42,Santa Catarina,Sul,10,4,14,4204.6,32.035539659200346,0.0,227.89425706472196,2024,227.89425706472196,8.591638384322764e-07
4205159,Doutor Pedrinho,42,Santa Catarina,Sul,10,4,16,3911.1,42.960936567308956,0.0,349.55633234740526,2024,349.55633234740526,9.819015296368873e-07
4205175,Entre Rios,42,Santa Catarina,Sul,10,6,381,3308.2,1085.8525717171765,29.828811528463238,9588.652482269505,2024,9588.652482269505,2.3381530174478377e-05
4205191,Ermo,42,Santa Catarina,Sul,10,3,4,2164.3,17.160535268068124,0.0,84.96176720475786,2025,84.96176720475786,2.454753824092218e-07
4205209,Erval Velho,42,Santa Catarina,Sul,10,3,8,4660.0,15.970041470692687,0.0,98.405825624877,2024,98.405825624877,4.909507648184436e-07
4205308,Faxinal dos Guedes,42,Santa Catarina,Sul,10,7,90,10954.2,79.60527395403275,9.382630071991393,461.4313076789134,2024,461.4313076789134,5.523196104207491e-06
4205357,Flor do Sertão,42,Santa Catarina,Sul,10,8,228,1679.7,1275.89979936719,125.94862993191398,10151.430173864273,2022,10151.430173864273,1.3992096797325644e-05
4205407,Florianópolis,42,Santa Catarina,Sul,10,10,61755,522120.5,1121.9807733083073,47.740443428624815,6620.862193812114,2023,6620.862193812114,0.0037898330601703733
4205431,Formosa do Sul,42,Santa Catarina,Sul,10,7,320,2598.1,1185.783888226973,99.49149838538702,9150.56507473569,2024,9150.56507473569,1.9638030592737745e-05
4205456,Forquilhinha,42,Santa Catarina,Sul,10,7,32,29110.3,9.90907642639161,3.822340605045568,38.31530549087801,2024,38.31530549087801,1.9638030592737745e-06
4205506,Fraiburgo,42,Santa Catarina,Sul,10,6,47,35358.7,13.76087100711121,4.094979917709356,84.92444652688299,2024,84.92444652688299,2.8843357433083562e-06
4205555,Frei Rogério,42,Santa Catarina,Sul,10,2,2,2203.2,9.038157827085161,0.0,49.43153732081067,2019,49.43153732081067,1.227376912046109e-07
4205605,Galvão,42,Santa Catarina,Sul,10,4,149,3031.4,465.784443716493,0.0,4437.5,2024,4437.5,9.143957994743513e-06
4205704,Garopaba,42,Santa Catarina,Sul,10,7,145,26390.0,46.2228716280978,11.38418868242438,197.1967720405315,2024,197.1967720405315,8.89848261233429e-06
4205803,Garuva,42,Santa Catarina,Sul,10,9,4418,18447.2,2302.4886934624,85.44194781676953,14539.224711056562,2024,14539.224711056562,0.0002711275598709855
4205902,Gaspar,42,Santa Catarina,Sul,10,8,2898,71489.3,378.6125559709257,11.244972608116166,3385.206931490478,2024,3385.206931490478,0.0001778469145554812
4206009,Governador Celso Ramos,42,Santa Catarina,Sul,10,9,388,15649.5,223.31944943041282,34.8344189253611,987.7232142857142,2024,987.7232142857142,2.3811112093694518e-05
4206108,Grão-Pará,42,Santa Catarina,Sul,10,5,15,6472.5,23.360401277401305,7.642922653622745,156.3232765358762,2024,156.3232765358762,9.205326840345818e-07
4206207,Gravatal,42,Santa Catarina,Sul,10,6,32,11987.7,25.00625046414283,8.767142205160152,146.27761952421278,2024,146.27761952421278,1.9638030592737745e-06
4206306,Guabiruba,42,Santa Catarina,Sul,10,9,547,24312.7,218.3488976107507,17.044610591195877,1079.7376033899686,2022,1079.7376033899686,3.3568758544461084e-05
4206405,Guaraciaba,42,Santa Catarina,Sul,10,9,1279,10451.2,1183.3100749434993,38.1178258499003,10587.254538718043,2022,10587.254538718043,7.849075352534867e-05
4206504,Guaramirim,42,Santa Catarina,Sul,10,7,694,46031.8,139.96087985129674,20.564389063953712,1145.351514787449,2024,1145.351514787449,4.2589978847999985e-05
4206603,Guarujá do Sul,42,Santa Catarina,Sul,10,5,552,5038.2,1128.5676774066521,19.312475859405176,9716.268626250254,2024,9716.268626250254,3.387560277247261e-05
4206652,Guatambú,42,Santa Catarina,Sul,10,5,386,6400.1,431.58321509099903,21.114864864864867,2978.3101327290383,2024,2978.3101327290383,2.3688374402489905e-05
4206702,Herval d'Oeste,42,Santa Catarina,Sul,10,7,301,22324.5,135.83995307401315,6.6954742813271455,1163.5773237721553,2024,1163.5773237721553,1.8472022526293943e-05
4206751,Ibiam,42,Santa Catarina,Sul,10,1,2,1988.9,9.732360097323602,0.0,97.32360097323601,2024,97.32360097323601,1.227376912046109e-07
4206801,Ibicaré,42,Santa Catarina,Sul,10,2,7,3245.6,21.348466073178447,0.0,152.95197308045275,2022,152.95197308045275,4.295819192161382e-07
4206900,Ibirama,42,Santa Catarina,Sul,10,5,94,19466.1,45.75917583603331,2.618349392542941,275.8553936988821,2024,275.8553936988821,5.7686714866167124e-06
4207007,Içara,42,Santa Catarina,Sul,10,7,47,58016.1,7.749265060603169,1.8112481218035543,27.219598110639662,2024,27.219598110639662,2.8843357433083562e-06
4207106,Ilhota,42,Santa Catarina,Sul,10,10,489,15552.8,275.72171907170053,48.492462869333266,2236.6324119360333,2024,2236.6324119360333,3.000936549952737e-05
4207205,Imaruí,42,Santa Catarina,Sul,10,6,26,10953.5,22.151890258081195,8.9573723765731,98.95275006184546,2024,98.95275006184546,1.5955899856599418e-06
4207304,Imbituba,42,Santa Catarina,Sul,10,9,120,48648.3,22.201483677405207,7.897484779926344,92.6800577468052,2024,92.6800577468052,7.3642614722766545e-06
4207403,Imbuia,42,Santa Catarina,Sul,10,2,12,6136.4,19.76091711089178,0.0,114.02508551881414,2024,114.02508551881414,7.364261472276654e-07
4207502,Indaial,42,Santa Catarina,Sul,10,9,11738,70941.0,1538.8353548561831,11.819571650215465,15128.450342577915,2024,15128.450342577915,0.0007203475096798614
4207577,Iomerê,42,Santa Catarina,Sul,10,2,10,2930.3,33.79995162956878,0.0,203.1832035218422,2024,203.1832035218422,6.136884560230545e-07
4207601,Ipira,42,Santa Catarina,Sul,10,7,284,4527.9,613.5217945779357,33.19336503146585,5544.768069039914,2024,5544.768069039914,1.742875215105475e-05
4207650,Iporã do Oeste,42,Santa Catarina,Sul,10,10,1345,9198.6,1437.453335766927,73.12737819917244,12372.790573111944,2022,12372.790573111944,8.254109733510084e-05
4207684,Ipuaçu,42,Santa Catarina,Sul,10,7,484,7655.4,605.1044729490942,33.82334151626837,5232.413621675367,2024,5232.413621675367,2.9702521271515842e-05
4207700,Ipumirim,42,Santa Catarina,Sul,10,3,147,7733.4,187.3390697714811,0.0,1650.4605936540431,2022,1650.4605936540431,9.021220303538902e-06
4207759,Iraceminha,42,Santa Catarina,Sul,10,4,193,3995.8,483.5645862721275,0.0,3336.6783743100855,2022,3336.6783743100855,1.1844187201244952e-05
4207809,Irani,42,Santa Catarina,Sul,10,4,30,10376.5,28.79947205924494,0.0,142.89797084881394,2024,142.89797084881394,1.8410653680691636e-06
4207858,Irati,42,Santa Catarina,Sul,10,5,109,2000.2,524.5612151940234,26.497085320614733,3714.285714285714,2024,3714.285714285714,6.6892041706512946e-06
4207908,Irineópolis,42,Santa Catarina,Sul,10,2,28,10864.8,26.912592530901314,0.0,210.78854076842006,2024,210.78854076842006,1.7183276768645527e-06
4208005,Itá,42,Santa Catarina,Sul,10,6,1015,6599.8,1436.3030383210855,40.471847501922525,13895.57096363379,2022,13895.57096363379,6.228937828634004e-05
4208104,Itaiópolis,42,Santa Catarina,Sul,10,6,33,21953.4,14.666331472789096,4.620616690821199,105.5362561013148,2024,105.5362561013148,2.02517190487608e-06
4208203,Itajaí,42,Santa Catarina,Sul,10,10,51318,241698.0,1807.562486547371,117.33498915374538,14513.956329688921,2024,14513.956329688921,0.003149326418619111
4208302,Itapema,42,Santa Catarina,Sul,10,10,6174,70688.3,789.0413936964665,234.3311204863365,2275.4806426125892,2023,2275.4806426125892,0.0003788912527486339
4208401,Itapiranga,42,Santa Catarina,Sul,10,7,2136,16867.1,1250.3168055991514,20.534475610690304,10799.463525570003,2024,10799.463525570003,0.00013108385420652446
4208450,Itapoá,42,Santa Catarina,Sul,10,9,3382,25366.5,988.2283900940411,45.480660816985704,8918.543391420135,2024,8918.543391420135,0.00020754943582699704
4208500,Ituporanga,42,Santa Catarina,Sul,10,6,80,25939.0,28.716113387814545,5.958284805730719,128.37886028100706,2024,128.37886028100706,4.909507648184436e-06
4208609,Jaborá,42,Santa Catarina,Sul,10,6,21,4122.0,47.954382208384004,24.082206157121625,224.16498542927593,2025,224.16498542927593,1.2887457576484146e-06
4208708,Jacinto Machado,42,Santa Catarina,Sul,10,3,7,10557.7,6.489286529505935,0.0,36.992509016924075,2024,36.992509016924075,4.295819192161382e-07
4208807,Jaguaruna,42,Santa Catarina,Sul,10,5,24,20299.9,11.64401338468367,2.4539877300613497,56.38037962788949,2024,56.38037962788949,1.4728522944553309e-06
4208906,Jaraguá do Sul,42,Santa Catarina,Sul,10,8,18177,181633.4,929.4497470073233,11.842866161920465,8969.466623755447,2024,8969.466623755447,0.0011155015065131063
4208955,Jardinópolis,42,Santa Catarina,Sul,10,6,287,1667.5,1593.0356335438987,93.53755066866682,7466.814159292036,2024,7466.814159292036,1.7612858687861667e-05
4209003,Joaçaba,42,Santa Catarina,Sul,10,8,116,30356.1,37.07820893005796,3.3822359456992395,231.67983750674412,2024,231.67983750674412,7.118786089867433e-06
4209102,Joinville,42,Santa Catarina,Sul,10,10,171879,607476.1,2720.365963394489,807.9820819204103,12249.270104201023,2024,12249.270104201023,0.010548015813278659
4209151,José Boiteux,42,Santa Catarina,Sul,10,5,11,5446.1,18.306927752888686,7.79423226812159,63.42159505311559,2024,63.42159505311559,6.7505730162536e-07
4209177,Jupiá,42,Santa Catarina,Sul,10,3,75,2314.5,280.4970470922487,0.0,2728.9719626168226,2024,2728.9719626168226,4.602663420172909e-06
4209201,Lacerdópolis,42,Santa Catarina,Sul,10,2,6,2258.0,26.10970009414628,0.0,174.21602787456445,2024,174.21602787456445,3.682130736138327e-07
4209300,Lages,42,Santa Catarina,Sul,10,7,165,162095.1,9.746594234681485,2.770506173392908,60.02016211270971,2024,60.02016211270971,1.01258595243804e-05
4209409,Laguna,42,Santa Catarina,Sul,10,9,44,44777.5,10.034941763649302,3.2797184323334,50.00909256228405,2024,50.00909256228405,2.70022920650144e-06
4209458,Lajeado Grande,42,Santa Catarina,Sul,10,3,61,1557.0,344.70683367340564,0.0,3162.055335968379,2024,3162.055335968379,3.743499581740633e-06
4209508,Laurentino,42,Santa Catarina,Sul,10,5,13,7444.2,16.20310357803824,7.469375560203167,50.42864346949067,2022,50.42864346949067,7.977949928299709e-07
4209607,Lauro Müller,42,Santa Catarina,Sul,10,3,12,14934.5,8.263555442983005,0.0,34.76809679438147,2023,34.76809679438147,7.364261472276654e-07
4209706,Lebon Régis,42,Santa Catarina,Sul,10,2,6,11881.9,5.1336383107926675,0.0,43.084877208099954,2024,43.084877208099954,3.682130736138327e-07
4209805,Leoberto Leal,42,Santa Catarina,Sul,10,1,2,3182.3,5.9189109203906485,0.0,59.18910920390648,2025,59.18910920390648,1.227376912046109e-07
4209854,Lindóia do Sul,42,Santa Catarina,Sul,10,5,43,4577.7,93.77247669698595,10.834236186348862,307.7599472411519,2022,307.7599472411519,2.6388603608991344e-06
4209904,Lontras,42,Santa Catarina,Sul,10,5,30,12540.3,22.25703136642249,3.8840985007379785,154.570881790078,2024,154.570881790078,1.8410653680691636e-06
4210001,Luiz Alves,42,Santa Catarina,Sul,10,8,302,12423.7,249.03603085393075,32.37644743589533,2111.166089394689,2024,2111.166089394689,1.8533391371896246e-05
4210035,Luzerna,42,Santa Catarina,Sul,10,5,67,5761.6,113.54399807465613,26.301946344029457,843.0281571404486,2024,843.0281571404486,4.111712655354465e-06
4210050,Macieira,42,Santa Catarina,Sul,10,0,0,1784.0,0.0,0.0,0.0,2016,0.0,0.0
4210100,Mafra,42,Santa Catarina,Sul,10,9,127,56207.0,22.4086832606458,4.4177436537419865,164.84576398996896,2024,164.84576398996896,7.793843391492793e-06
4210209,Major Gercino,42,Santa Catarina,Sul,10,5,27,3357.5,82.83607654416244,14.577259475218659,521.7925107427869,2024,521.7925107427869,1.6569588312622474e-06
4210308,Major Vieira,42,Santa Catarina,Sul,10,3,6,7842.6,7.995478301943896,0.0,39.761431411530815,2024,39.761431411530815,3.682130736138327e-07
4210407,Maracajá,42,Santa Catarina,Sul,10,5,17,7571.6,21.40637471174025,5.992329817833173,121.75818823815902,2024,121.75818823815902,1.0432703752391928e-06
4210506,Maravilha,42,Santa Catarina,Sul,10,9,5389,27093.2,1888.0484928042129,53.54854200769164,14672.047007185587,2022,14672.047007185587,0.0003307167089508241
4210555,Marema,42,Santa Catarina,Sul,10,4,88,1975.9,397.98790308605174,0.0,3379.90085624155,2024,3379.90085624155,5.40045841300288e-06
4210605,Massaranduba,42,Santa Catarina,Sul,10,7,122,17111.3,68.74963049698673,11.750979075655923,497.2900486114992,2024,497.2900486114992,7.486999163481266e-06
4210704,Matos Costa,42,Santa Catarina,Sul,10,2,2,2637.4,7.40337223673819,0.0,38.255547054322875,2017,38.255547054322875,1.227376912046109e-07
4210803,Meleiro,42,Santa Catarina,Sul,10,2,3,7040.3,4.233577817662433,0.0,28.06229830223095,2024,28.06229830223095,1.8410653680691636e-07
4210852,Mirim Doce,42,Santa Catarina,Sul,10,3,3,2408.8,11.813330663795043,0.0,39.8247710075667,2022,39.8247710075667,1.8410653680691636e-07
4210902,Modelo,42,Santa Catarina,Sul,10,6,162,4170.2,390.3314165229894,47.99384302230608,2261.7901828681424,2024,2261.7901828681424,9.941752987573485e-06
4211009,Mondaí,42,Santa Catarina,Sul,10,8,2515,11065.0,2484.6265993881125,53.0147362788676,17454.798331015296,2022,17454.798331015296,0.00015434264668979822
4211058,Monte Carlo,42,Santa Catarina,Sul,10,2,10,9575.3,10.832364305001995,0.0,86.62696264212236,2024,86.62696264212236,6.136884560230545e-07
4211108,Monte Castelo,42,Santa Catarina,Sul,10,3,11,8103.7,14.07577353692975,0.0,89.89341209708489,2024,89.89341209708489,6.7505730162536e-07
4211207,Morro da Fumaça,42,Santa Catarina,Sul,10,5,12,18221.4,6.344990895117268,2.785980943890344,20.52334530528476,2025,20.52334530528476,7.364261472276654e-07
4211256,Morro Grande,42,Santa Catarina,Sul,10,2,2,2959.8,6.551190359977558,0.0,33.222591362126245,2023,33.222591362126245,1.227376912046109e-07
4211306,Navegantes,42,Santa Catarina,Sul,10,10,10364,84468.8,1143.2071398004916,274.55886778487417,7001.78382593277,2024,7001.78382593277,0.0006360267158222937
4211405,Nova Erechim,42,Santa Catarina,Sul,10,7,759,5111.0,1412.3415304712046,66.05957268458101,12721.893491124261,2024,12721.893491124261,4.657895381214984e-05
4211454,Nova Itaberaba,42,Santa Catarina,Sul,10,8,278,4439.0,607.1198685585929,90.18528070536982,2932.0987654320984,2022,2932.0987654320984,1.7060539077440916e-05
4211504,Nova Trento,42,Santa Catarina,Sul,10,7,586,14271.4,413.85452625914604,24.568379288152364,3241.650294695481,2024,3241.650294695481,3.5962143522950996e-05
4211603,Nova Veneza,42,Santa Catarina,Sul,10,4,10,14580.1,7.251290161492767,0.0,43.91100702576112,2023,43.91100702576112,6.136884560230545e-07
4211652,Novo Horizonte,42,Santa Catarina,Sul,10,3,129,2541.1,483.42671796893103,0.0,4719.101123595506,2024,4719.101123595506,7.916581082697403e-06
4211702,Orleans,42,Santa Catarina,Sul,10,5,34,23368.8,14.028960375519585,2.1822625698324023,77.63340688077143,2024,77.63340688077143,2.0865407504783856e-06
4211751,Otacílio Costa,42,Santa Catarina,Sul,10,4,22,18209.5,12.400935412845323,0.0,106.86164229471316,2024,106.86164229471316,1.35011460325072e-06
4211801,Ouro,42,Santa Catarina,Sul,10,3,75,7209.6,105.77643688224177,0.0,916.654914680581,2024,916.654914680581,4.602663420172909e-06
4211850,Ouro Verde,42,Santa Catarina,Sul,10,4,30,2210.7,136.51085019692408,0.0,596.0568546538285,2022,596.0568546538285,1.8410653680691636e-06
4211876,Paial,42,Santa Catarina,Sul,10,3,32,1699.7,161.75385762189393,0.0,602.4096385542169,2024,602.4096385542169,1.9638030592737745e-06
4211892,Painel,42,Santa Catarina,Sul,10,3,3,2305.8,13.242087385122073,0.0,45.14672686230248,2023,45.14672686230248,1.8410653680691636e-07
4211900,Palhoça,42,Santa Catarina,Sul,10,10,14526,196447.0,647.819007572971,19.068224568907155,5751.174763474964,2023,5751.174763474964,0.000891443851219089
4212007,Palma Sola,42,Santa Catarina,Sul,10,8,426,7536.8,554.7646828233562,81.19347246120472,4241.795304189907,2024,4241.795304189907,2.6143128226582124e-05
4212056,Palmeira,42,Santa Catarina,Sul,10,2,3,2612.1,11.597328221693704,0.0,78.09449433814916,2023,78.09449433814916,1.8410653680691636e-07
4212106,Palmitos,42,Santa Catarina,Sul,10,8,2763,16000.7,1762.5675262046366,81.44985441668277,13055.164469473953,2022,13055.164469473953,0.00016956212039916996
4212205,Papanduva,42,Santa Catarina,Sul,10,9,27,19313.7,13.88347069186742,5.240469081369731,66.10057456653277,2024,66.10057456653277,1.6569588312622474e-06
4212239,Paraíso,42,Santa Catarina,Sul,10,4,119,3820.1,274.7796153214249,0.0,1576.782449725777,2024,1576.782449725777,7.302892626674349e-06
4212254,Passo de Torres,42,Santa Catarina,Sul,10,3,58,10718.3,40.79766817201645,0.0,350.04200504060486,2024,350.04200504060486,3.5593930449337165e-06
4212270,Passos Maia,42,Santa Catarina,Sul,10,3,35,4113.3,86.93340236337392,0.0,669.6428571428571,2024,669.6428571428571,2.1479095960806908e-06
4212304,Paulo Lopes,42,Santa Catarina,Sul,10,5,162,8243.1,174.5173435153845,6.6720042700827324,959.9470374048327,2023,959.9470374048327,9.941752987573485e-06
4212403,Pedras Grandes,42,Santa Catarina,Sul,10,2,3,4112.1,7.120202217217651,0.0,46.051116739580934,2024,46.051116739580934,1.8410653680691636e-07
4212502,Penha,42,Santa Catarina,Sul,10,9,3263,33333.3,919.4084078441816,112.96179454704907,6289.447458753183,2024,6289.447458753183,0.0002002465432003227
4212601,Peritiba,42,Santa Catarina,Sul,10,4,135,2889.2,450.9942841753147,0.0,4244.652406417113,2022,4244.652406417113,8.284794156311236e-06
4212650,Pescaria Brava,42,Santa Catarina,Sul,10,4,11,10191.1,10.63265364468016,0.0,47.47887190200361,2024,47.47887190200361,6.7505730162536e-07
4212700,Petrolândia,42,Santa Catarina,Sul,10,3,12,6312.8,17.312321506672326,0.0,129.64563526361277,2024,129.64563526361277,7.364261472276654e-07
4212809,Balneário Piçarras,42,Santa Catarina,Sul,10,9,3037,25152.4,1046.8782076217697,111.09392347387669,7051.303616484441,2024,7051.303616484441,0.00018637718409420166
4212908,Pinhalzinho,42,Santa Catarina,Sul,10,8,3201,21187.0,1599.0577815822903,157.37268268747815,12321.381837215387,2016,12321.381837215387,0.00019644167477297976
4213005,Pinheiro Preto,42,Santa Catarina,Sul,10,2,2,3539.2,5.53338408727637,0.0,27.79321845469705,2024,27.79321845469705,1.227376912046109e-07
4213104,Piratuba,42,Santa Catarina,Sul,10,4,232,4724.7,390.80362758426236,0.0,2197.2575582355857,2024,2197.2575582355857,1.4237572179734866e-05
4213153,Planalto Alegre,42,Santa Catarina,Sul,10,6,154,2920.8,506.63161974875186,34.734622178038165,3701.277432034065,2024,3701.277432034065,9.45080222275504e-06
4213203,Pomerode,42,Santa Catarina,Sul,10,9,444,34095.9,122.84134712182477,11.828918998912375,1030.4462519234996,2024,1030.4462519234996,2.7247767447423623e-05
4213302,Ponte Alta,42,Santa Catarina,Sul,10,3,7,4592.2,15.818361116841533,0.0,112.8668171557562,2024,112.8668171557562,4.295819192161382e-07
4213351,Ponte Alta do Norte,42,Santa Catarina,Sul,10,0,0,3339.6,0.0,0.0,0.0,2016,0.0,0.0
4213401,Ponte Serrada,42,Santa Catarina,Sul,10,3,38,11229.1,35.38140018865567,0.0,260.1263470828688,2024,260.1263470828688,2.3320161328876075e-06
4213500,Porto Belo,42,Santa Catarina,Sul,10,10,3493,24418.1,1208.3165910676973,465.2324724659429,5246.812683883622,2024,5246.812683883622,0.00021436137768885295
4213609,Porto União,42,Santa Catarina,Sul,10,8,256,34548.9,75.8561939275475,10.286360988148417,670.0862810211403,2024,670.0862810211403,1.5710424474190196e-05
4213708,Pouso Redondo,42,Santa Catarina,Sul,10,6,77,17410.1,43.437332267763466,8.774083376568479,325.18501906257006,2024,325.18501906257006,4.72540111137752e-06
4213807,Praia Grande,42,Santa Catarina,Sul,10,2,6,7783.1,7.115130560734028,0.0,36.27569528415962,2023,36.27569528415962,3.682130736138327e-07
4213906,Presidente Castello Branco,42,Santa Catarina,Sul,10,5,7,1626.7,42.23101588538552,29.291154071470416,118.41326228537595,2022,118.41326228537595,4.295819192161382e-07
4214003,Presidente Getúlio,42,Santa Catarina,Sul,10,6,64,18719.4,30.448960666925927,5.808287035129394,220.72981731085335,2024,220.72981731085335,3.927606118547549e-06
4214102,Presidente Nereu,42,Santa Catarina,Sul,10,3,8,2304.3,34.17999189365649,0.0,213.21961620469082,2024,213.21961620469082,4.909507648184436e-07
4214151,Princesa,42,Santa Catarina,Sul,10,6,164,2957.4,544.0589012643336,49.64135360135472,3208.9063523248196,2024,3208.9063523248196,1.0064490678778095e-05
4214201,Quilombo,42,Santa Catarina,Sul,10,7,679,10441.1,610.6215904755435,15.021049130637905,3211.758301578661,2023,3211.758301578661,4.16694461639654e-05
4214300,Rancho Queimado,42,Santa Catarina,Sul,10,5,11,3073.8,33.02636468850755,15.248551387618177,91.49130832570906,2023,91.49130832570906,6.7505730162536e-07
4214409,Rio das Antas,42,Santa Catarina,Sul,10,2,5,6259.7,7.816902177059747,0.0,62.50976715111736,2025,62.50976715111736,3.0684422801152727e-07
4214508,Rio do Campo,42,Santa Catarina,Sul,10,5,8,6196.1,12.473506475537064,7.532389273877674,46.49721016738996,2022,46.49721016738996,4.909507648184436e-07
4214607,Rio do Oeste,42,Santa Catarina,Sul,10,4,22,7648.1,27.588993079761348,0.0,224.77522477522479,2024,224.77522477522479,1.35011460325072e-06
4214706,Rio dos Cedros,42,Santa Catarina,Sul,10,7,90,11380.0,80.61396513806041,8.516705799123766,644.9879064767536,2024,644.9879064767536,5.523196104207491e-06
4214805,Rio do Sul,42,Santa Catarina,Sul,10,9,457,72251.8,60.18014419864767,4.320593671740543,451.6297944757167,2024,451.6297944757167,2.8045562440253595e-05
4214904,Rio Fortuna,42,Santa Catarina,Sul,10,5,13,4740.6,26.569015242557477,10.315659170621004,139.83220135836996,2024,139.83220135836996,7.977949928299709e-07
4215000,Rio Negrinho,42,Santa Catarina,Sul,10,6,78,41225.5,19.435284888587685,4.7690351065937895,144.39354710217088,2024,144.39354710217088,4.786769956979825e-06
4215059,Rio Rufino,42,Santa Catarina,Sul,10,1,3,2456.3,12.335526315789473,0.0,123.35526315789473,2024,123.35526315789473,1.8410653680691636e-07
4215075,Riqueza,42,Santa Catarina,Sul,10,7,465,4689.4,966.744019988237,73.82728640814784,7032.05791106515,2024,7032.05791106515,2.8536513205072036e-05
4215109,Rodeio,42,Santa Catarina,Sul,10,4,192,12154.8,144.93964093302944,0.0,1133.548532392463,2024,1133.548532392463,1.1782818355642647e-05
4215208,Romelândia,42,Santa Catarina,Sul,10,6,374,4817.3,775.905587676458,19.990573875255624,7422.765913331951,2022,7422.765913331951,2.295194825526224e-05
4215307,Salete,42,Santa Catarina,Sul,10,4,19,7612.6,24.93958021921686,0.0,170.0902786863797,2024,170.0902786863797,1.1660080664438037e-06
4215356,Saltinho,42,Santa Catarina,Sul,10,5,66,3729.0,181.30031865209858,13.319126265316994,1404.1850220264316,2022,1404.1850220264316,4.05034380975216e-06
4215406,Salto Veloso,42,Santa Catarina,Sul,10,3,8,4597.8,17.766016191917323,0.0,133.7494427106554,2024,133.7494427106554,4.909507648184436e-07
4215455,Sangão,42,Santa Catarina,Sul,10,7,17,12851.9,12.781000041464068,7.825224600478198,58.9666101569986,2024,58.9666101569986,1.0432703752391928e-06
4215505,Santa Cecília,42,Santa Catarina,Sul,10,4,14,16340.5,8.85832959692397,0.0,69.7792438467394,2024,69.7792438467394,8.591638384322764e-07
4215554,Santa Helena,42,Santa Catarina,Sul,10,6,268,2320.1,1121.0028537748674,64.32485040732463,4742.268041237113,2022,4742.268041237113,1.644685062141786e-05
4215604,Santa Rosa de Lima,42,Santa Catarina,Sul,10,3,4,2128.4,18.825588311549666,0.0,93.37068160597573,2019,93.37068160597573,2.454753824092218e-07
4215653,Santa Rosa do Sul,42,Santa Catarina,Sul,10,3,10,9048.2,9.997339598703942,0.0,77.76049766718506,2024,77.76049766718506,6.136884560230545e-07
4215679,Santa Terezinha,42,Santa Catarina,Sul,10,5,7,8504.6,8.35405488597525,5.690224194833276,24.795437639474336,2023,24.795437639474336,4.295819192161382e-07
4215687,Santa Terezinha do Progresso,42,Santa Catarina,Sul,10,5,334,2501.7,1297.586921182728,19.149751053236308,11529.503105590062,2022,11529.503105590062,2.049719443117002e-05
4215695,Santiago do Sul,42,Santa Catarina,Sul,10,4,136,1439.8,806.256819715965,0.0,4434.072345390899,2024,4434.072345390899,8.346163001913543e-06
4215703,Santo Amaro da Imperatriz,42,Santa Catarina,Sul,10,8,738,25254.6,264.8271937033295,26.810644483770485,1573.0419477852743,2023,1573.0419477852743,4.5290208054501424e-05
4215752,São Bernardino,42,Santa Catarina,Sul,10,5,103,2499.5,380.83189072083786,18.41620626151013,3273.262228760574,2024,3273.262228760574,6.320991097037462e-06
4215802,São Bento do Sul,42,Santa Catarina,Sul,10,9,292,84562.2,33.88409484204269,5.369804648149763,253.3073885159641,2024,253.3073885159641,1.7919702915873195e-05
4215901,São Bonifácio,42,Santa Catarina,Sul,10,6,14,2898.6,48.084853326608446,34.38531116225188,169.72165648336727,2023,169.72165648336727,8.591638384322764e-07
4216008,São Carlos,42,Santa Catarina,Sul,10,8,1389,10895.3,1321.4664874369332,22.651977254207566,10439.770554493307,2024,10439.770554493307,8.524132654160228e-05
4216057,São Cristóvão do Sul,42,Santa Catarina,Sul,10,3,4,5821.4,6.904337160784614,0.0,36.95491500369549,2016,36.95491500369549,2.454753824092218e-07
4216107,São Domingos,42,Santa Catarina,Sul,10,5,423,9392.0,452.6126360137835,5.258176464402145,4136.383069687901,2024,4136.383069687901,2.5959021689775206e-05
4216206,São Francisco do Sul,42,Santa Catarina,Sul,10,7,7174,53111.2,1309.4396474103403,32.321492196961756,8654.81141545963,2024,8654.81141545963,0.00044026009835093936
4216255,São João do Oeste,42,Santa Catarina,Sul,10,4,436,6366.2,681.9230715530333,0.0,4421.34657151722,2024,4421.34657151722,2.6756816682605178e-05
4216305,São João Batista,42,Santa Catarina,Sul,10,9,1211,35637.5,352.8425366759911,13.159742836099657,2473.1523335156767,2024,2473.1523335156767,7.43176720243919e-05
4216354,São João do Itaperiú,42,Santa Catarina,Sul,10,5,48,4082.0,104.23369917549572,26.602819898909285,549.4505494505495,2024,549.4505494505495,2.9457045889106618e-06
4216404,São João do Sul,42,Santa Catarina,Sul,10,3,9,7947.9,10.093526298133874,0.0,54.78851632697787,2024,54.78851632697787,5.523196104207491e-07
4216503,São Joaquim,42,Santa Catarina,Sul,10,5,9,26698.1,3.394938742995957,1.8530872433474168,14.896469536719797,2024,14.896469536719797,5.523196104207491e-07
4216602,São José,42,Santa Catarina,Sul,10,10,18569,259535.1,676.6750272525366,32.82065006038877,5135.424104417701,2023,5135.424104417701,0.00113955809398921
4216701,São José do Cedro,42,Santa Catarina,Sul,10,9,1816,14045.7,1275.7136157650127,89.32205619996509,9493.8942613115,2022,9493.8942613115,0.00011144582361378671
4216800,São José do Cerrito,42,Santa Catarina,Sul,10,1,3,8511.3,3.426613363792119,0.0,34.266133637921186,2024,34.266133637921186,1.8410653680691636e-07
4216909,São Lourenço do Oeste,42,Santa Catarina,Sul,10,9,814,24530.4,317.1725193290447,38.652474773915,2840.512223515716,2024,2840.512223515716,4.995424032027664e-05
4217006,São Ludgero,42,Santa Catarina,Sul,10,7,91,13540.6,66.45699558832987,14.886918539517032,392.3310385668813,2023,392.3310385668813,5.584564949809796e-06
4217105,São Martinho,42,Santa Catarina,Sul,10,5,7,3296.0,20.43718381959058,14.204545454545453,85.6898029134533,2024,85.6898029134533,4.295819192161382e-07
4217154,São Miguel da Boa Vista,42,Santa Catarina,Sul,10,3,238,1808.9,1336.2152443206892,0.0,12633.352049410443,2022,12633.352049410443,1.4605785253348699e-05
4217204,São Miguel do Oeste,42,Santa Catarina,Sul,10,10,3788,42522.2,826.0566755405998,84.47743037331028,3917.47748514978,2024,3917.47748514978,0.00023246518714153307
4217253,São Pedro de Alcântara,42,Santa Catarina,Sul,10,7,163,5840.6,280.66151137669766,17.868888415662042,2233.3795013850413,2023,2233.3795013850413,1.000312183317579e-05
4217303,Saudades,42,Santa Catarina,Sul,10,7,1120,10037.5,1082.0698824675305,119.01892981180819,4598.149050170482,2023,4598.149050170482,6.87331070745821e-05
4217402,Schroeder,42,Santa Catarina,Sul,10,8,239,20935.2,112.60849977021628,17.009305738274943,869.6469703379872,2024,869.6469703379872,1.4667154098951004e-05
4217501,Seara,42,Santa Catarina,Sul,10,10,1857,18112.2,996.9574534703246,54.08156320931712,9285.714285714286,2022,9285.714285714286,0.00011396194628348124
4217550,Serra Alta,42,Santa Catarina,Sul,10,5,229,3298.9,690.1827310707351,14.836795252225519,4656.788630178409,2016,4656.788630178409,1.4053465642927949e-05
4217600,Siderópolis,42,Santa Catarina,Sul,10,4,9,13951.4,6.443331576375495,0.0,35.493717611982674,2024,35.493717611982674,5.523196104207491e-07
4217709,Sombrio,42,Santa Catarina,Sul,10,9,84,30435.2,27.66309184099449,6.70060574984103,166.716681671168,2023,166.716681671168,5.1549830305936585e-06
4217758,Sul Brasil,42,Santa Catarina,Sul,10,6,58,2636.6,205.3663362484559,69.3795051626729,1209.3987560469939,2024,1209.3987560469939,3.5593930449337165e-06
4217808,Taió,42,Santa Catarina,Sul,10,7,49,18451.8,26.153628938109353,5.448878151624145,196.7247979583156,2024,196.7247979583156,3.0070734345129673e-06
4217907,Tangará,42,Santa Catarina,Sul,10,4,9,8478.2,10.93286514544458,0.0,61.057516180241784,2024,61.057516180241784,5.523196104207491e-07
4217956,Tigrinhos,42,Santa Catarina,Sul,10,3,167,1957.9,706.8501641296971,0.0,5410.047230571061,2022,5410.047230571061,1.024859721558501e-05
4218004,Tijucas,42,Santa Catarina,Sul,10,9,5508,44675.0,1011.2019213208266,151.24416650753085,7220.2420863182415,2024,7220.2420863182415,0.00033801960157749843
4218103,Timbé do Sul,42,Santa Catarina,Sul,10,2,2,5390.9,3.6905514325882534,0.0,18.733608092918697,2021,18.733608092918697,1.227376912046109e-07
4218202,Timbó,42,Santa Catarina,Sul,10,7,2953,45411.7,603.9564434866387,12.106680798484046,5414.800727971699,2024,5414.800727971699,0.00018122220106360802
4218251,Timbó Grande,42,Santa Catarina,Sul,10,1,2,7680.7,2.665600426496068,0.0,26.656004264960682,2024,26.656004264960682,1.227376912046109e-07
4218301,Três Barras,42,Santa Catarina,Sul,10,4,8,19586.1,3.992136629465269,0.0,24.54228635939724,2024,24.54228635939724,4.909507648184436e-07
4218350,Treviso,42,Santa Catarina,Sul,10,2,3,3885.4,7.690702478247317,0.0,51.02040816326531,2025,51.02040816326531,1.8410653680691636e-07
4218400,Treze de Maio,42,Santa Catarina,Sul,10,2,3,7247.0,4.035044645695251,0.0,27.166530834012494,2022,27.166530834012494,1.8410653680691636e-07
4218509,Treze Tílias,42,Santa Catarina,Sul,10,5,86,8300.6,92.75009341546802,6.257039169065198,837.9888268156425,2024,837.9888268156425,5.277720721798269e-06
4218608,Trombudo Central,42,Santa Catarina,Sul,10,6,33,7360.9,44.0465173901311,13.738157327135518,305.36378120021243,2024,305.36378120021243,2.02517190487608e-06
4218707,Tubarão,42,Santa Catarina,Sul,10,10,219,108471.5,19.312186888995775,6.706026761152687,125.54656045716266,2024,125.54656045716266,1.3439777186904894e-05
4218756,Tunápolis,42,Santa Catarina,Sul,10,9,347,4731.2,695.6665219773313,43.6075836597207,4254.056193114365,2024,4254.056193114365,2.1294989423999992e-05
4218806,Turvo,42,Santa Catarina,Sul,10,6,13,13035.2,9.777719194776184,7.682588597660949,44.47079750963534,2024,44.47079750963534,7.977949928299709e-07
4218855,União do Oeste,42,Santa Catarina,Sul,10,5,190,2614.7,686.3415629764442,71.65890361877463,5299.206921413122,2023,5299.206921413122,1.1660080664438037e-05
4218905,Urubici,42,Santa Catarina,Sul,10,2,4,11113.2,3.6742015675434843,0.0,27.69060365515968,2023,27.69060365515968,2.454753824092218e-07
4218954,Urupema,42,Santa Catarina,Sul,10,0,0,2562.6,0.0,0.0,0.0,2016,0.0,0.0
4219002,Urussanga,42,Santa Catarina,Sul,10,6,25,21218.5,11.767350439650343,7.04913546076246,56.0878709978967,2024,56.0878709978967,1.5342211400576365e-06
4219101,Vargeão,42,Santa Catarina,Sul,10,4,12,3617.8,33.08347195881974,0.0,137.58943313153551,2022,137.58943313153551,7.364261472276654e-07
4219150,Vargem,42,Santa Catarina,Sul,10,2,5,2544.6,19.024587141449636,0.0,151.9756838905775,2024,151.9756838905775,3.0684422801152727e-07
4219176,Vargem Bonita,42,Santa Catarina,Sul,10,3,9,4548.4,19.510742649331466,0.0,151.67930660888408,2024,151.67930660888408,5.523196104207491e-07
4219200,Vidal Ramos,42,Santa Catarina,Sul,10,6,23,6297.1,36.75768790001697,15.77054010879111,207.17131474103584,2024,207.17131474103584,1.4114834488530255e-06
4219309,Videira,42,Santa Catarina,Sul,10,10,501,54520.0,85.57590322774072,7.681185138244766,573.8565189423435,2025,573.8565189423435,3.074579164675503e-05
4219358,Vitor Meireles,42,Santa Catarina,Sul,10,2,4,5172.7,7.356136205858195,0.0,37.243947858473,2022,37.243947858473,2.454753824092218e-07
4219408,Witmarsum,42,Santa Catarina,Sul,10,1,1,4118.9,2.3501762632197414,0.0,23.501762632197416,2022,23.501762632197416,6.136884560230545e-08
4219507,Xanxerê,42,Santa Catarina,Sul,10,10,2928,51631.7,557.1220214303447,39.624084531583605,3298.0022090026546,2022,3298.0022090026546,0.0001796879799235504
4219606,Xavantina,42,Santa Catarina,Sul,10,4,158,3823.9,432.7120610800931,0.0,3394.4702983848892,2022,3394.4702983848892,9.696277605164262e-06
4219705,Xaxim,42,Santa Catarina,Sul,10,9,2525,30372.1,749.0352540904667,31.557790569576255,6887.49926258038,2024,6887.49926258038,0.00015495633514582126
4219853,Zortéa,42,Santa Catarina,Sul,10,2,23,3637.2,55.106865881501996,0.0,527.5779376498801,2024,527.5779376498801,1.4114834488530255e-06
4220000,Balneário Rincão,42,Santa Catarina,Sul,10,3,32,14290.5,18.906346051054417,0.0,104.49320794148382,2024,104.49320794148382,1.9638030592737745e-06
4300034,Aceguá,43,Rio Grande do Sul,Sul,10,2,3,4601.6,6.726035175208532,0.0,47.02562896778745,2024,47.02562896778745,1.8410653680691636e-07
4300059,Água Santa,43,Rio Grande do Sul,Sul,10,4,10,3849.1,25.46292922628485,0.0,150.0,2024,150.0,6.136884560230545e-07
4300109,Agudo,43,Rio Grande do Sul,Sul,10,8,74,16468.6,45.656710825132606,6.1544951895468065,218.19088585499657,2023,218.19088585499657,4.541294574570604e-06
4300208,Ajuricaba,43,Rio Grande do Sul,Sul,10,9,424,6988.6,626.0883702692983,85.68528503797974,4181.547619047618,2022,4181.547619047618,2.6020390535377513e-05
4300307,Alecrim,43,Rio Grande do Sul,Sul,10,7,826,6179.2,1327.7974347788102,16.796445219426708,12524.08477842004,2024,12524.08477842004,5.0690666467504303e-05
4300406,Alegrete,43,Rio Grande do Sul,Sul,10,7,291,74296.2,39.97033188390954,2.0598596846949406,310.7348534022014,2023,310.7348534022014,1.7858334070270888e-05
4300455,Alegria,43,Rio Grande do Sul,Sul,10,4,442,3652.4,1191.4839998103384,0.0,11398.544866612772,2024,11398.544866612772,2.7125029756219013e-05
4300471,Almirante Tamandaré do Sul,43,Rio Grande do Sul,Sul,10,4,7,1994.4,34.975043956024,0.0,152.36160487557137,2022,152.36160487557137,4.295819192161382e-07
4300505,Alpestre,43,Rio Grande do Sul,Sul,10,6,406,6834.6,554.9994811985816,15.521608784547727,2567.9966864558883,2024,2567.9966864558883,2.4915751314536014e-05
4300554,Alto Alegre,43,Rio Grande do Sul,Sul,10,4,12,1739.6,65.94012462783165,0.0,326.619488296135,2024,326.619488296135,7.364261472276654e-07
4300570,Alto Feliz,43,Rio Grande do Sul,Sul,10,3,8,3063.1,25.600458028422953,0.0,190.90041361756283,2024,190.90041361756283,4.909507648184436e-07
4300604,Alvorada,43,Rio Grande do Sul,Sul,10,10,9350,202159.9,482.9941959030215,29.811592833915427,2412.115715596047,2025,2412.115715596047,0.000573798706381556
4300638,Amaral Ferrador,43,Rio Grande do Sul,Sul,10,1,1,6329.5,1.853911753800519,0.0,18.53911753800519,2024,18.53911753800519,6.136884560230545e-08
4300646,Ametista do Sul,43,Rio Grande do Sul,Sul,10,5,498,7572.1,641.6348184428548,19.6078431372549,2838.1488110457685,2024,2838.1488110457685,3.056168510994812e-05
4300661,André da Rocha,43,Rio Grande do Sul,Sul,10,1,4,1254.0,34.57216940363008,0.0,345.7216940363008,2024,345.7216940363008,2.454753824092218e-07
4300703,Anta Gorda,43,Rio Grande do Sul,Sul,10,4,121,6038.6,202.85069312529268,0.0,1846.5670639583684,2023,1846.5670639583684,7.4256303178789604e-06
4300802,Antônio Prado,43,Rio Grande do Sul,Sul,10,5,19,13154.3,14.326463189090745,3.8328861632809503,90.0360144057623,2024,90.0360144057623,1.1660080664438037e-06
4300851,Arambaré,43,Rio Grande do Sul,Sul,10,2,3,3844.0,7.57113611400433,0.0,47.49465685110425,2024,47.49465685110425,1.8410653680691636e-07
4300877,Araricá,43,Rio Grande do Sul,Sul,10,4,230,6835.0,263.82185438613675,0.0,1751.1939959062997,2024,1751.1939959062997,1.4114834488530254e-05
4300901,Aratiba,43,Rio Grande do Sul,Sul,10,4,926,6427.6,1493.4558390797629,0.0,13181.448331977217,2021,13181.448331977217,5.682755102773485e-05
4301008,Arroio do Meio,43,Rio Grande do Sul,Sul,10,5,1073,21289.3,488.30648308404295,4.959825414145422,4645.231806175426,2022,4645.231806175426,6.584877133127375e-05
4301057,Arroio do Sal,43,Rio Grande do Sul,Sul,10,5,28,10355.6,24.858733377510145,4.522022248349462,166.90091356289528,2024,166.90091356289528,1.7183276768645527e-06
4301073,Arroio do Padre,43,Rio Grande do Sul,Sul,10,0,0,2807.5,0.0,0.0,0.0,2016,0.0,0.0
4301107,Arroio dos Ratos,43,Rio Grande do Sul,Sul,10,5,50,14419.3,33.62664014487005,3.533319200056533,160.82557126583126,2024,160.82557126583126,3.068442280115273e-06
4301206,Arroio do Tigre,43,Rio Grande do Sul,Sul,10,3,138,12901.4,112.28275456692452,0.0,1024.7234873129473,2024,1024.7234873129473,8.468900693118153e-06
4301305,Arroio Grande,43,Rio Grande do Sul,Sul,10,4,7,18180.6,3.935158579675022,0.0,16.77946193858717,2025,16.77946193858717,4.295819192161382e-07
4301404,Arvorezinha,43,Rio Grande do Sul,Sul,10,5,31,10464.9,29.552245340658693,4.740684554849721,208.62968231389286,2024,208.62968231389286,1.9024342136714692e-06
4301503,Augusto Pestana,43,Rio Grande do Sul,Sul,10,8,219,6962.5,305.64476433700264,41.69307926746316,1888.375996642887,2023,1888.375996642887,1.3439777186904894e-05
4301552,Áurea,43,Rio Grande do Sul,Sul,10,4,72,3533.2,207.57907762216783,0.0,1040.4624277456646,2024,1040.4624277456646,4.418556883365993e-06
4301602,Bagé,43,Rio Grande do Sul,Sul,10,8,64,120883.8,5.270895584307085,2.097325427999442,27.071369975389665,2024,27.071369975389665,3.927606118547549e-06
4301636,Balneário Pinhal,43,Rio Grande do Sul,Sul,10,4,34,14269.4,22.19013434552058,0.0,110.29650295205347,2025,110.29650295205347,2.0865407504783856e-06
4301651,Barão,43,Rio Grande do Sul,Sul,10,3,7,6284.6,10.88621108962569,0.0,61.642780089382036,2024,61.642780089382036,4.295819192161382e-07
4301701,Barão de Cotegipe,43,Rio Grande do Sul,Sul,10,5,147,6892.9,208.5257896282904,6.998880179171333,916.1766716805688,2024,916.1766716805688,9.021220303538902e-06
4301750,Barão do Triunfo,43,Rio Grande do Sul,Sul,10,2,5,6859.8,8.383690394420578,0.0,66.85609226140733,2024,66.85609226140733,3.0684422801152727e-07
4301800,Barracão,43,Rio Grande do Sul,Sul,10,1,7,5151.3,14.227642276422765,0.0,142.27642276422765,2024,142.27642276422765,4.295819192161382e-07
4301859,Barra do Guarita,43,Rio Grande do Sul,Sul,10,5,765,3229.0,2390.26473780556,15.475085112968122,13529.411764705881,2024,13529.411764705881,4.6947166885763675e-05
4301875,Barra do Quaraí,43,Rio Grande do Sul,Sul,10,2,5,4247.6,11.527112648744222,0.0,92.22965183306434,2024,92.22965183306434,3.0684422801152727e-07
4301909,Barra do Ribeiro,43,Rio Grande do Sul,Sul,10,6,57,13016.7,45.63781937045137,7.4798310589283465,280.6061091958631,2025,280.6061091958631,3.498024199331411e-06
4301925,Barra do Rio Azul,43,Rio Grande do Sul,Sul,10,1,2,1737.7,11.792452830188678,0.0,117.92452830188678,2023,117.92452830188678,1.227376912046109e-07
4301958,Barra Funda,43,Rio Grande do Sul,Sul,10,5,204,2531.1,807.0543000489721,19.554165037152913,4109.58904109589,2024,4109.58904109589,1.2519244502870312e-05
4302006,Barros Cassal,43,Rio Grande do Sul,Sul,10,5,12,10519.3,12.26118505077953,5.378657487091222,53.05039787798408,2025,53.05039787798408,7.364261472276654e-07
4302055,Benjamin Constant do Sul,43,Rio Grande do Sul,Sul,10,5,8,2078.1,38.39746716108213,24.015369836695484,141.50943396226415,2024,141.50943396226415,4.909507648184436e-07
4302105,Bento Gonçalves,43,Rio Grande do Sul,Sul,10,10,605,121572.2,48.11746065725298,5.140199186235606,236.3529641948738,2024,236.3529641948738,3.71281515893948e-05
4302154,Boa Vista das Missões,43,Rio Grande do Sul,Sul,10,5,161,2051.9,805.258543995721,23.957834211787254,4242.110708742887,2022,4242.110708742887,9.880384141971178e-06
4302204,Boa Vista do Buricá,43,Rio Grande do Sul,Sul,10,5,847,6868.5,1208.9428476031453,7.449344457687723,8914.728682170544,2022,8914.728682170544,5.197941222515272e-05
4302220,Boa Vista do Cadeado,43,Rio Grande do Sul,Sul,10,6,66,2392.5,289.7409662167001,40.05274065329116,2465.8740642888597,2024,2465.8740642888597,4.05034380975216e-06
4302238,Boa Vista do Incra,43,Rio Grande do Sul,Sul,10,1,14,2475.6,60.47516198704104,0.0,604.7516198704104,2024,604.7516198704104,8.591638384322764e-07
4302253,Boa Vista do Sul,43,Rio Grande do Sul,Sul,10,4,11,2802.8,39.190264485702784,0.0,213.14387211367674,2024,213.14387211367674,6.7505730162536e-07
4302303,Bom Jesus,43,Rio Grande do Sul,Sul,10,5,6,11414.0,5.2455304680069545,4.243041412084182,17.853954650955185,2022,17.853954650955185,3.682130736138327e-07
4302352,Bom Princípio,43,Rio Grande do Sul,Sul,10,7,94,13645.4,69.18863170403257,40.75379751104025,417.58241758241763,2024,417.58241758241763,5.7686714866167124e-06
4302378,Bom Progresso,43,Rio Grande do Sul,Sul,10,5,572,2059.8,2703.580877849865,23.452157598499063,24835.988753514528,2024,24835.988753514528,3.510297968451872e-05
4302402,Bom Retiro do Sul,43,Rio Grande do Sul,Sul,10,5,719,12354.6,577.8655316390115,23.834114562643997,4771.850899742931,2021,4771.850899742931,4.412419998805762e-05
4302451,Boqueirão do Leão,43,Rio Grande do Sul,Sul,10,3,5,7156.3,7.729046422570735,0.0,48.270313757039425,2024,48.270313757039425,3.0684422801152727e-07
4302501,Bossoroca,43,Rio Grande do Sul,Sul,10,6,69,6235.8,114.85487318586009,15.372236569066736,1035.4041416165664,2024,1035.4041416165664,4.234450346559076e-06
4302584,Bozano,43,Rio Grande do Sul,Sul,10,4,43,2162.1,197.29254849462205,0.0,1138.9521640091116,2024,1138.9521640091116,2.6388603608991344e-06
4302600,Braga,43,Rio Grande do Sul,Sul,10,4,253,3383.0,760.1821441408547,0.0,7396.271797955502,2024,7396.271797955502,1.552631793738328e-05
4302659,Brochier,43,Rio Grande do Sul,Sul,10,3,8,5041.8,15.88553690989653,0.0,98.44457570387871,2024,98.44457570387871,4.909507648184436e-07
4302709,Butiá,43,Rio Grande do Sul,Sul,10,6,196,20327.4,100.632117602901,5.006402833588991,895.3841403797664,2024,895.3841403797664,1.202829373805187e-05
4302808,Caçapava do Sul,43,Rio Grande do Sul,Sul,10,6,36,33566.7,10.843554825177083,2.933653168984879,35.812343320997975,2024,35.812343320997975,2.2092784416829963e-06
4302907,Cacequi,43,Rio Grande do Sul,Sul,10,5,16,12208.6,14.031994611502327,3.672150411280846,80.66684592632429,2023,80.66684592632429,9.819015296368873e-07
4303004,Cachoeira do Sul,43,Rio Grande do Sul,Sul,10,6,5580,82387.6,682.7168184964348,3.663854057433322,3717.983021575734,2025,3717.983021575734,0.00034243815846086447
4303103,Cachoeirinha,43,Rio Grande do Sul,Sul,10,10,6010,133229.0,428.12556675338664,7.006404507955654,2741.626150895593,2024,2741.626150895593,0.0003688267620698558
4303202,Cacique Doble,43,Rio Grande do Sul,Sul,10,5,16,4905.9,33.853053541023016,9.823182711198427,149.12654452492544,2024,149.12654452492544,9.819015296368873e-07
4303301,Caibaté,43,Rio Grande do Sul,Sul,10,4,83,4841.9,173.29303495072435,0.0,1480.0917239941632,2024,1480.0917239941632,5.0936141849913526e-06
4303400,Caiçara,43,Rio Grande do Sul,Sul,10,7,475,4857.3,964.6080511611023,21.0710399626753,8797.89174944253,2024,8797.89174944253,2.915020166109509e-05
4303509,Camaquã,43,Rio Grande do Sul,Sul,10,7,49,65002.5,7.609864072776114,3.116900422673253,50.0320517831736,2024,50.0320517831736,3.0070734345129673e-06
4303558,Camargo,43,Rio Grande do Sul,Sul,10,4,64,2848.6,214.3594678030382,0.0,1979.2016101979202,2022,1979.2016101979202,3.927606118547549e-06
4303608,Cambará do Sul,43,Rio Grande do Sul,Sul,10,3,6,6474.7,9.263772715592598,0.0,46.21072088724584,2024,46.21072088724584,3.682130736138327e-07
4303673,Campestre da Serra,43,Rio Grande do Sul,Sul,10,0,0,3347.8,0.0,0.0,0.0,2016,0.0,0.0
4303707,Campina das Missões,43,Rio Grande do Sul,Sul,10,8,393,5753.9,656.5059300418134,33.58201823729387,6098.983502749542,2024,6098.983502749542,2.4117956321706046e-05
4303806,Campinas do Sul,43,Rio Grande do Sul,Sul,10,6,294,5441.7,553.4902288225235,101.62177440426207,4163.512490537471,2022,4163.512490537471,1.8042440607077805e-05
4303905,Campo Bom,43,Rio Grande do Sul,Sul,10,5,6062,65696.9,940.4734273435384,2.323672021439747,7854.228486646884,2024,7854.228486646884,0.0003720179420411757
4304002,Campo Novo,43,Rio Grande do Sul,Sul,10,7,746,4818.8,1477.1275243129805,62.50252152824784,14048.93449092344,2024,14048.93449092344,4.578115881931987e-05
4304101,Campos Borges,43,Rio Grande do Sul,Sul,10,2,6,3488.4,16.506671363099745,0.0,108.3130246412131,2024,108.3130246412131,3.682130736138327e-07
4304200,Candelária,43,Rio Grande do Sul,Sul,10,6,564,30608.1,189.4082051856542,4.776829527861695,1088.16120906801,2025,1088.16120906801,3.461202891970028e-05
4304309,Cândido Godói,43,Rio Grande do Sul,Sul,10,5,303,6328.3,473.0442607231327,8.067118425298483,4313.9697866375955,2024,4313.9697866375955,1.8594760217498553e-05
4304358,Candiota,43,Rio Grande do Sul,Sul,10,3,9,10064.9,8.337866972476746,0.0,54.585152838427945,2024,54.585152838427945,5.523196104207491e-07
4304408,Canela,43,Rio Grande do Sul,Sul,10,7,74,46596.0,14.839788009106234,2.2722770256769618,90.8857408175765,2024,90.8857408175765,4.541294574570604e-06
4304507,Canguçu,43,Rio Grande do Sul,Sul,10,3,7,53788.2,1.3779203881083346,0.0,9.804306051217694,2024,9.804306051217694,4.295819192161382e-07
4304606,Canoas,43,Rio Grande do Sul,Sul,10,10,11373,349070.4,317.6225469478319,34.2613764168291,2501.154207712889,2024,2501.154207712889,0.00069794788103502
4304614,Canudos do Vale,43,Rio Grande do Sul,Sul,10,3,8,1716.8,47.64690416915691,0.0,296.3841138114997,2024,296.3841138114997,4.909507648184436e-07
4304622,Capão Bonito do Sul,43,Rio Grande do Sul,Sul,10,2,3,1711.7,17.076162948673325,0.0,113.05822498586771,2024,113.05822498586771,1.8410653680691636e-07
4304630,Capão da Canoa,43,Rio Grande do Sul,Sul,10,6,629,56974.0,95.81136285908717,7.081105535258189,551.4148942616495,2024,551.4148942616495,3.860100388385013e-05
4304655,Capão do Cipó,43,Rio Grande do Sul,Sul,10,1,9,3417.6,28.24858757062147,0.0,282.4858757062147,2024,282.4858757062147,5.523196104207491e-07
4304663,Capão do Leão,43,Rio Grande do Sul,Sul,10,6,10,26023.7,3.744280787633316,3.71326890686341,14.590020426028595,2025,14.590020426028595,6.136884560230545e-07
4304671,Capivari do Sul,43,Rio Grande do Sul,Sul,10,2,7,4359.3,17.26617733036587,0.0,122.54901960784314,2025,122.54901960784314,4.295819192161382e-07
4304689,Capela de Santana,43,Rio Grande do Sul,Sul,10,6,457,11598.5,400.5002264943011,12.978813481326043,3810.4414856341978,2024,3810.4414856341978,2.8045562440253595e-05
4304697,Capitão,43,Rio Grande do Sul,Sul,10,5,22,2839.9,75.35672477204034,16.7000668002672,513.5227661759671,2022,513.5227661759671,1.35011460325072e-06
4304705,Carazinho,43,Rio Grande do Sul,Sul,10,9,1988,62418.5,320.06476393206265,16.850775551827038,2516.0183806873342,2022,2516.0183806873342,0.00012200126505738324
4304713,Caraá,43,Rio Grande do Sul,Sul,10,3,8,7901.8,10.619587543233278,0.0,66.19886137958427,2024,66.19886137958427,4.909507648184436e-07
4304804,Carlos Barbosa,43,Rio Grande do Sul,Sul,10,6,39,29999.2,12.497086013990216,3.3196518696571555,85.63816290281655,2024,85.63816290281655,2.3933849784899126e-06
4304853,Carlos Gomes,43,Rio Grande do Sul,Sul,10,2,48,1406.5,346.773924676288,0.0,3251.445086705202,2025,3251.445086705202,2.9457045889106618e-06
4304903,Casca,43,Rio Grande do Sul,Sul,10,6,58,9261.7,60.12958615806657,10.668381368713312,536.6910929920529,2024,536.6910929920529,3.5593930449337165e-06
4304952,Caseiros,43,Rio Grande do Sul,Sul,10,3,9,3132.2,29.5822454308094,0.0,163.18537859007833,2024,163.18537859007833,5.523196104207491e-07
4305009,Catuípe,43,Rio Grande do Sul,Sul,10,9,699,8868.1,792.0142675827104,28.69036995348415,6708.14479638009,2024,6708.14479638009,4.289682307601151e-05
4305108,Caxias do Sul,43,Rio Grande do Sul,Sul,10,9,505,490461.2,10.55222266050137,4.0654360640870415,56.54597960171599,2024,56.54597960171599,3.099126702916426e-05
4305116,Centenário,43,Rio Grande do Sul,Sul,10,4,10,2858.7,35.84577516111785,0.0,144.04033129276198,2025,144.04033129276198,6.136884560230545e-07
4305124,Cerrito,43,Rio Grande do Sul,Sul,10,1,7,6062.4,11.834319526627219,0.0,118.34319526627219,2024,118.34319526627219,4.295819192161382e-07
4305132,Cerro Branco,43,Rio Grande do Sul,Sul,10,3,8,4349.6,20.749495058438157,0.0,129.366106080207,2024,129.366106080207,4.909507648184436e-07
4305157,Cerro Grande,43,Rio Grande do Sul,Sul,10,3,157,2371.0,657.5184158214347,0.0,5380.411937788987,2022,5380.411937788987,9.634908759561957e-06
4305173,Cerro Grande do Sul,43,Rio Grande do Sul,Sul,10,3,11,10918.4,11.579559427773344,0.0,53.573341905068034,2025,53.573341905068034,6.7505730162536e-07
4305207,Cerro Largo,43,Rio Grande do Sul,Sul,10,9,3710,14016.5,2648.1269676468282,82.25729553766345,23484.902562638305,2024,23484.902562638305,0.00022767841718455324
4305306,Chapada,43,Rio Grande do Sul,Sul,10,6,607,9480.0,629.4924589622022,141.64468790153512,2051.0150963040082,2016,2051.0150963040082,3.725088928059941e-05
4305355,Charqueadas,43,Rio Grande do Sul,Sul,10,7,82,38379.4,22.731490048005252,3.876120779655755,116.31449223185356,2024,116.31449223185356,5.0322453393890474e-06
4305371,Charrua,43,Rio Grande do Sul,Sul,10,2,18,3118.3,64.27680798004988,0.0,607.1428571428571,2025,607.1428571428571,1.1046392208414982e-06
4305405,Chiapetta,43,Rio Grande do Sul,Sul,10,4,281,3883.1,704.4154379344417,0.0,6713.426853707415,2024,6713.426853707415,1.7244645614247833e-05
4305439,Chuí,43,Rio Grande do Sul,Sul,10,1,1,6514.8,1.5489467162329615,0.0,15.489467162329616,2017,15.489467162329616,6.136884560230545e-08
4305447,Chuvisca,43,Rio Grande do Sul,Sul,10,1,1,5101.3,2.1753317380900588,0.0,21.753317380900587,2023,21.753317380900587,6.136884560230545e-08
4305454,Cidreira,43,Rio Grande do Sul,Sul,10,6,45,16413.0,26.065795149086693,12.749211469021413,170.61934823408976,2025,170.61934823408976,2.7615980521037455e-06
4305504,Ciríaco,43,Rio Grande do Sul,Sul,10,1,21,4563.1,49.8220640569395,0.0,498.220640569395,2024,498.220640569395,1.2887457576484146e-06
4305587,Colinas,43,Rio Grande do Sul,Sul,10,4,220,2460.7,906.8593187557532,0.0,8460.586050350805,2022,8460.586050350805,1.35011460325072e-05
4305603,Colorado,43,Rio Grande do Sul,Sul,10,5,26,3274.2,79.58037655477767,15.078407720144751,337.6304481276857,2023,337.6304481276857,1.5955899856599418e-06
4305702,Condor,43,Rio Grande do Sul,Sul,10,8,1057,6657.5,1622.2122124487792,89.77090497270223,11484.936534638324,2024,11484.936534638324,6.486686980163687e-05
4305801,Constantina,43,Rio Grande do Sul,Sul,10,7,1418,10187.0,1368.862861954634,49.59901960810776,6307.173808377467,2022,6307.173808377467,8.702102306406913e-05
4305835,Coqueiro Baixo,43,Rio Grande do Sul,Sul,10,0,0,1431.1,0.0,0.0,0.0,2016,0.0,0.0
4305850,Coqueiros do Sul,43,Rio Grande do Sul,Sul,10,3,8,2303.2,35.780871097844646,0.0,222.1235006663705,2024,222.1235006663705,4.909507648184436e-07
4305871,Coronel Barros,43,Rio Grande do Sul,Sul,10,5,277,2662.5,961.829563783577,19.841269841269842,8229.598893499307,2024,8229.598893499307,1.6999170231838613e-05
4305900,Coronel Bicaco,43,Rio Grande do Sul,Sul,10,7,832,6950.0,1275.2753475559296,53.34786872082813,8764.044943820225,2024,8764.044943820225,5.105887954111814e-05
4305934,Coronel Pilar,43,Rio Grande do Sul,Sul,10,1,2,1643.6,12.210012210012211,0.0,122.1001221001221,2024,122.1001221001221,1.227376912046109e-07
4305959,Cotiporã,43,Rio Grande do Sul,Sul,10,4,5,3893.1,12.85989501974887,0.0,52.00208008320333,2022,52.00208008320333,3.0684422801152727e-07
4305975,Coxilha,43,Rio Grande do Sul,Sul,10,4,38,2752.6,139.76949520341705,0.0,1176.9032732622288,2024,1176.9032732622288,2.3320161328876075e-06
4306007,Crissiumal,43,Rio Grande do Sul,Sul,10,9,2667,13406.1,2031.8337913751973,53.87452630601818,19692.23737335263,2024,19692.23737335263,0.00016367071122134864
4306056,Cristal,43,Rio Grande do Sul,Sul,10,4,7,7727.7,9.361046182121196,0.0,53.66246310705661,2024,53.66246310705661,4.295819192161382e-07
4306072,Cristal do Sul,43,Rio Grande do Sul,Sul,10,4,535,2809.3,1977.2917860050052,0.0,14710.252600297177,2022,14710.252600297177,3.2832332397233416e-05
4306106,Cruz Alta,43,Rio Grande do Sul,Sul,10,8,2624,60631.9,434.25680139160966,13.46229802007093,4043.910987666567,2024,4043.910987666567,0.00016103185086044952
4306130,Cruzaltense,43,Rio Grande do Sul,Sul,10,3,13,1797.8,78.98630591388465,0.0,672.782874617737,2022,672.782874617737,7.977949928299709e-07
4306205,Cruzeiro do Sul,43,Rio Grande do Sul,Sul,10,6,174,12370.5,140.74580738032182,23.913904608119385,870.2724684831231,2022,870.2724684831231,1.067817913480115e-05
4306304,David Canabarro,43,Rio Grande do Sul,Sul,10,2,3,4608.3,6.60761977184457,0.0,45.423574835339544,2024,45.423574835339544,1.8410653680691636e-07
4306320,Derrubadas,43,Rio Grande do Sul,Sul,10,5,538,2845.5,1922.0977845358477,17.825311942959,18984.626385412943,2024,18984.626385412943,3.3016438934040336e-05
4306353,Dezesseis de Novembro,43,Rio Grande do Sul,Sul,10,5,60,2522.5,235.70631200328398,20.177562550443906,2083.333333333333,2024,2083.333333333333,3.6821307361383272e-06
4306379,Dilermando de Aguiar,43,Rio Grande do Sul,Sul,10,5,19,2962.3,66.87518928670882,16.5892501658925,285.1033499643621,2023,285.1033499643621,1.1660080664438037e-06
4306403,Dois Irmãos,43,Rio Grande do Sul,Sul,10,9,4584,31775.8,1487.7509399168523,19.660221449408418,13286.007359406038,2022,13286.007359406038,0.0002813147882409682
4306429,Dois Irmãos das Missões,43,Rio Grande do Sul,Sul,10,3,222,2083.9,1040.9805359838672,0.0,10314.111579934366,2024,10314.111579934366,1.3623883723711811e-05
4306452,Dois Lajeados,43,Rio Grande do Sul,Sul,10,4,18,3297.1,57.18922377618061,0.0,411.6529449018366,2024,411.6529449018366,1.1046392208414982e-06
4306502,Dom Feliciano,43,Rio Grande do Sul,Sul,10,3,3,14497.1,2.271625693101826,0.0,7.662248103593594,2022,7.662248103593594,1.8410653680691636e-07
4306551,Dom Pedro de Alcântara,43,Rio Grande do Sul,Sul,10,4,8,2571.5,30.703986943846793,0.0,191.05846388995033,2024,191.05846388995033,4.909507648184436e-07
4306601,Dom Pedrito,43,Rio Grande do Sul,Sul,10,9,54,38342.2,14.180768481503415,12.012328471130274,34.011825650149135,2021,34.011825650149135,3.3139176625244947e-06
4306700,Dona Francisca,43,Rio Grande do Sul,Sul,10,3,17,3119.4,54.44531255178265,0.0,414.54081632653066,2024,414.54081632653066,1.0432703752391928e-06
4306734,Doutor Maurício Cardoso,43,Rio Grande do Sul,Sul,10,4,780,4631.0,1720.8470859615209,0.0,14817.261118450024,2024,14817.261118450024,4.786769956979826e-05
4306759,Doutor Ricardo,43,Rio Grande do Sul,Sul,10,4,32,1968.9,168.6092961269481,0.0,1377.1186440677966,2023,1377.1186440677966,1.9638030592737745e-06
4306767,Eldorado do Sul,43,Rio Grande do Sul,Sul,10,8,350,40418.4,86.63341772068753,15.549796182367292,332.07989451579823,2024,332.07989451579823,2.147909596080691e-05
4306809,Encantado,43,Rio Grande do Sul,Sul,10,5,1884,22822.8,820.1662975389976,4.2517006802721085,8017.594286212003,2023,8017.594286212003,0.00011561890511474348
4306908,Encruzilhada do Sul,43,Rio Grande do Sul,Sul,10,6,48,25153.3,19.495728290681313,9.976449249931964,74.13509060955519,2024,74.13509060955519,2.9457045889106618e-06
4306924,Engenho Velho,43,Rio Grande do Sul,Sul,10,5,40,1196.7,306.79444291631955,36.5764447695684,2277.904328018223,2024,2277.904328018223,2.454753824092218e-06
4306932,Entre-Ijuís,43,Rio Grande do Sul,Sul,10,8,509,8882.6,548.301372609438,119.36580788662744,4058.0948312686887,2024,4058.0948312686887,3.123674241157348e-05
4306957,Entre Rios do Sul,43,Rio Grande do Sul,Sul,10,5,83,2801.8,306.29995407873537,18.6219739292365,1191.806331471136,2022,1191.806331471136,5.0936141849913526e-06
4306973,Erebango,43,Rio Grande do Sul,Sul,10,3,35,3042.8,112.19387484583756,0.0,833.0663248958666,2024,833.0663248958666,2.1479095960806908e-06
4307005,Erechim,43,Rio Grande do Sul,Sul,10,9,4284,106178.1,397.93046540132684,29.39122931791165,2433.6860144549587,2021,2433.6860144549587,0.00026290413456027655
4307054,Ernestina,43,Rio Grande do Sul,Sul,10,4,20,3136.4,64.50290536869511,0.0,226.02518566354536,2024,226.02518566354536,1.227376912046109e-06
4307104,Herval,43,Rio Grande do Sul,Sul,10,2,2,6621.9,3.2007878168867654,0.0,16.152479405588757,2022,16.152479405588757,1.227376912046109e-07
4307203,Erval Grande,43,Rio Grande do Sul,Sul,10,3,78,4963.4,155.53095955127364,0.0,1431.6961622588983,2024,1431.6961622588983,4.786769956979825e-06
4307302,Erval Seco,43,Rio Grande do Sul,Sul,10,5,503,7019.4,729.812621009574,7.233796296296296,6577.803535207186,2024,6577.803535207186,3.0868529337959644e-05
4307401,Esmeralda,43,Rio Grande do Sul,Sul,10,1,4,3267.5,12.254901960784313,0.0,122.54901960784314,2024,122.54901960784314,2.454753824092218e-07
4307450,Esperança do Sul,43,Rio Grande do Sul,Sul,10,4,516,3109.3,1571.478369903541,0.0,15088.038858530661,2024,15088.038858530661,3.166632433078961e-05
4307500,Espumoso,43,Rio Grande do Sul,Sul,10,7,134,15532.8,86.52276982095137,22.399640149162522,613.774389456002,2024,613.774389456002,8.22342531070893e-06
4307559,Estação,43,Rio Grande do Sul,Sul,10,6,28,5866.1,49.55199623088079,16.857751496509096,232.89143676101753,2023,232.89143676101753,1.7183276768645527e-06
4307609,Estância Velha,43,Rio Grande do Sul,Sul,10,6,3208,49028.2,659.9678011628034,43.364599853741225,3538.936649695351,2022,3538.936649695351,0.0001968712566921959
4307708,Esteio,43,Rio Grande do Sul,Sul,10,9,3138,80990.4,401.5963702030914,41.4001921340037,3311.5462836238985,2024,3311.5462836238985,0.00019257543750003452
4307807,Estrela,43,Rio Grande do Sul,Sul,10,7,2817,33396.6,859.6269129870267,188.97634602443847,3032.2173089071384,2024,3032.2173089071384,0.00017287603806169448
4307815,Estrela Velha,43,Rio Grande do Sul,Sul,10,3,18,3447.5,57.85919938373915,0.0,416.6666666666667,2024,416.6666666666667,1.1046392208414982e-06
4307831,Eugênio de Castro,43,Rio Grande do Sul,Sul,10,4,151,2557.0,565.6983059998581,0.0,5363.128491620112,2024,5363.128491620112,9.266695685948123e-06
4307864,Fagundes Varela,43,Rio Grande do Sul,Sul,10,1,3,2675.5,11.450381679389313,0.0,114.50381679389314,2024,114.50381679389314,1.8410653680691636e-07
4307906,Farroupilha,43,Rio Grande do Sul,Sul,10,6,85,71492.9,11.802477418299226,2.106478288930239,75.88614319025346,2024,75.88614319025346,5.216351876195964e-06
4308003,Faxinal do Soturno,43,Rio Grande do Sul,Sul,10,4,49,6751.2,71.66432992500744,0.0,628.1040023371312,2024,628.1040023371312,3.0070734345129673e-06
4308052,Faxinalzinho,43,Rio Grande do Sul,Sul,10,5,38,2444.6,163.126038535522,19.440124416796266,1241.1347517730496,2021,1241.1347517730496,2.3320161328876075e-06
4308078,Fazenda Vilanova,43,Rio Grande do Sul,Sul,10,5,55,4400.4,126.45021290908778,21.367521367521366,605.9193661151247,2022,605.9193661151247,3.3752865081268e-06
4308102,Feliz,43,Rio Grande do Sul,Sul,10,7,112,13634.8,80.38617429571386,14.50446401404011,636.6692896487589,2024,636.6692896487589,6.873310707458211e-06
4308201,Flores da Cunha,43,Rio Grande do Sul,Sul,10,9,59,30837.0,18.69256700790111,8.279624268045792,106.33972414224502,2024,106.33972414224502,3.620761890536022e-06
4308250,Floriano Peixoto,43,Rio Grande do Sul,Sul,10,3,3,1765.8,17.815551321613604,0.0,59.95203836930455,2023,59.95203836930455,1.8410653680691636e-07
4308300,Fontoura Xavier,43,Rio Grande do Sul,Sul,10,4,9,10132.4,9.248667129084831,0.0,61.72204505709289,2024,61.72204505709289,5.523196104207491e-07
4308409,Formigueiro,43,Rio Grande do Sul,Sul,10,3,11,6657.7,16.893430446438014,0.0,107.14832389407624,2024,107.14832389407624,6.7505730162536e-07
4308433,Forquetinha,43,Rio Grande do Sul,Sul,10,3,20,2433.5,82.26232698025255,0.0,409.6681687832855,2025,409.6681687832855,1.227376912046109e-06
4308458,Fortaleza dos Valos,43,Rio Grande do Sul,Sul,10,4,127,4449.6,278.49081300750044,0.0,2473.188881593346,2024,2473.188881593346,7.793843391492793e-06
4308508,Frederico Westphalen,43,Rio Grande do Sul,Sul,10,9,4517,31980.1,1357.5136023617988,87.75540257426039,11097.256857855362,2024,11097.256857855362,0.00027720307558561373
4308607,Garibaldi,43,Rio Grande do Sul,Sul,10,6,58,34775.1,16.457179409681096,4.3381999652944,90.08501773548787,2024,90.08501773548787,3.5593930449337165e-06
4308656,Garruchos,43,Rio Grande do Sul,Sul,10,2,23,2883.5,84.0355827538136,0.0,806.1561011359472,2024,806.1561011359472,1.4114834488530255e-06
4308706,Gaurama,43,Rio Grande do Sul,Sul,10,4,108,5671.4,187.2749738237631,0.0,1643.598615916955,2024,1643.598615916955,6.6278353250489894e-06
4308805,General Câmara,43,Rio Grande do Sul,Sul,10,8,19,8154.3,23.92042196031094,11.97606868807503,77.40936653335054,2024,77.40936653335054,1.1660080664438037e-06
4308854,Gentil,43,Rio Grande do Sul,Sul,10,1,2,1698.9,11.217049915872126,0.0,112.17049915872126,2024,112.17049915872126,1.227376912046109e-07
4308904,Getúlio Vargas,43,Rio Grande do Sul,Sul,10,8,144,16519.9,85.47232240385648,15.041783552186327,465.93925095841934,2025,465.93925095841934,8.837113766731985e-06
4309001,Giruá,43,Rio Grande do Sul,Sul,10,8,1247,16252.9,766.7517034865255,21.862508831044906,7081.439626581501,2024,7081.439626581501,7.652695046607491e-05
4309050,Glorinha,43,Rio Grande do Sul,Sul,10,4,40,7884.5,51.03324827615815,0.0,293.29252741647537,2024,293.29252741647537,2.454753824092218e-06
4309100,Gramado,43,Rio Grande do Sul,Sul,10,7,407,37899.9,99.6100202829592,11.027771030377677,430.0713582085967,2024,430.0713582085967,2.497712016013832e-05
4309126,Gramado dos Loureiros,43,Rio Grande do Sul,Sul,10,2,11,2091.1,53.76953807486201,0.0,488.0429477794046,2024,488.0429477794046,6.7505730162536e-07
4309159,Gramado Xavier,43,Rio Grande do Sul,Sul,10,5,9,3915.1,25.641224351712232,11.560693641618498,89.55223880597015,2025,89.55223880597015,5.523196104207491e-07
4309209,Gravataí,43,Rio Grande do Sul,Sul,10,8,4542,275986.1,165.58560985120113,5.609334440770446,1117.7141528692962,2024,1117.7141528692962,0.00027873729672567136
4309258,Guabiju,43,Rio Grande do Sul,Sul,10,1,1,1491.0,6.934812760055479,0.0,69.34812760055479,2024,69.34812760055479,6.136884560230545e-08
4309308,Guaíba,43,Rio Grande do Sul,Sul,10,9,382,96902.6,39.8996809730908,6.575260423797603,185.5210222416776,2025,185.5210222416776,2.3442899020080684e-05
4309407,Guaporé,43,Rio Grande do Sul,Sul,10,8,333,25572.4,130.42261912748617,3.9888867604186027,597.5937945227165,2022,597.5937945227165,2.0435825585567717e-05
4309506,Guarani das Missões,43,Rio Grande do Sul,Sul,10,6,734,7613.1,972.5115483928828,53.35501033264145,8658.811068449624,2024,8658.811068449624,4.5044732672092204e-05
4309555,Harmonia,43,Rio Grande do Sul,Sul,10,5,58,5067.1,105.20773275109862,9.297136481963555,543.0847212165098,2024,543.0847212165098,3.5593930449337165e-06
4309571,Herveiras,43,Rio Grande do Sul,Sul,10,2,4,2855.1,15.349203207901013,0.0,76.80491551459293,2025,76.80491551459293,2.454753824092218e-07
4309605,Horizontina,43,Rio Grande do Sul,Sul,10,9,3030,19225.5,1594.6240969323878,62.146323044607215,9850.936289851998,2022,9850.936289851998,0.00018594760217498552
4309654,Hulha Negra,43,Rio Grande do Sul,Sul,10,3,4,6445.8,6.624334111273018,0.0,33.467202141900934,2022,33.467202141900934,2.454753824092218e-07
4309704,Humaitá,43,Rio Grande do Sul,Sul,10,5,585,4789.2,1225.8596029117468,21.222410865874362,11939.673229995811,2024,11939.673229995811,3.590077467734869e-05
4309753,Ibarama,43,Rio Grande do Sul,Sul,10,3,5,4169.1,13.233624725559874,0.0,52.812252442566674,2025,52.812252442566674,3.0684422801152727e-07
4309803,Ibiaçá,43,Rio Grande do Sul,Sul,10,5,14,4679.9,30.457495081595688,10.660980810234541,173.23516673884797,2024,173.23516673884797,8.591638384322764e-07
4309902,Ibiraiaras,43,Rio Grande do Sul,Sul,10,4,13,7124.8,18.992302133962134,0.0,117.1303074670571,2024,117.1303074670571,7.977949928299709e-07
4309951,Ibirapuitã,43,Rio Grande do Sul,Sul,10,6,8,3937.0,20.868747786719364,24.493200947702157,53.72011818426001,2022,53.72011818426001,4.909507648184436e-07
4310009,Ibirubá,43,Rio Grande do Sul,Sul,10,8,1192,20953.0,550.2210745363524,56.3522257687953,4063.383218273641,2023,4063.383218273641,7.31516639579481e-05
4310108,Igrejinha,43,Rio Grande do Sul,Sul,10,6,6290,35415.7,1883.2617236298315,2.798885097661091,17736.56252813541,2022,17736.56252813541,0.0003860100388385013
4310207,Ijuí,43,Rio Grande do Sul,Sul,10,9,7826,84605.5,914.6876607799193,150.47905460672663,5589.7617362585515,2023,5589.7617362585515,0.0004802725856836425
4310306,Ilópolis,43,Rio Grande do Sul,Sul,10,2,11,4150.0,25.962706978423153,0.0,235.5712603062426,2024,235.5712603062426,6.7505730162536e-07
4310330,Imbé,43,Rio Grande do Sul,Sul,10,6,414,24257.9,148.93913759457712,4.300819393874848,1278.149726110773,2024,1278.149726110773,2.540670207935446e-05
4310363,Imigrante,43,Rio Grande do Sul,Sul,10,5,24,3120.5,77.22518882063014,16.025641025641026,324.6753246753247,2022,324.6753246753247,1.4728522944553309e-06
4310405,Independência,43,Rio Grande do Sul,Sul,10,4,776,6375.0,1185.463473200501,0.0,10750.228728270813,2024,10750.228728270813,4.7622224187389036e-05
4310413,Inhacorá,43,Rio Grande do Sul,Sul,10,5,281,2163.4,1371.0991180400802,21.598272138228943,13469.985358711567,2024,13469.985358711567,1.7244645614247833e-05
4310439,Ipê,43,Rio Grande do Sul,Sul,10,3,8,6136.7,14.592707573514266,0.0,90.97525473071325,2024,90.97525473071325,4.909507648184436e-07
4310462,Ipiranga do Sul,43,Rio Grande do Sul,Sul,10,4,7,1843.0,39.473311159475784,0.0,116.27906976744185,2022,116.27906976744185,4.295819192161382e-07
4310504,Iraí,43,Rio Grande do Sul,Sul,10,6,1244,7486.9,1632.7750704223088,13.179436564443051,15320.041972717732,2024,15320.041972717732,7.634284392926799e-05
4310538,Itaara,43,Rio Grande do Sul,Sul,10,5,91,5537.1,161.37199734571374,8.971828458639871,771.7157214644651,2023,771.7157214644651,5.584564949809796e-06
4310553,Itacurubi,43,Rio Grande do Sul,Sul,10,3,13,3302.5,40.37506441352595,0.0,262.98487836949374,2024,262.98487836949374,7.977949928299709e-07
4310579,Itapuca,43,Rio Grande do Sul,Sul,10,0,0,2072.9,0.0,0.0,0.0,2016,0.0,0.0
4310603,Itaqui,43,Rio Grande do Sul,Sul,10,6,72,37346.7,19.500757191000424,3.894609601074504,160.19549280477872,2024,160.19549280477872,4.418556883365993e-06
4310652,Itati,43,Rio Grande do Sul,Sul,10,1,1,2547.6,3.7105751391465676,0.0,37.105751391465674,2024,37.105751391465674,6.136884560230545e-08
4310702,Itatiba do Sul,43,Rio Grande do Sul,Sul,10,5,19,3386.3,59.33095809264332,15.432098765432098,311.7206982543641,2022,311.7206982543641,1.1660080664438037e-06
4310751,Ivorá,43,Rio Grande do Sul,Sul,10,2,5,1959.1,25.55063195581641,0.0,203.66598778004072,2024,203.66598778004072,3.0684422801152727e-07
4310801,Ivoti,43,Rio Grande do Sul,Sul,10,9,2611,23578.0,1127.2780473313694,17.21351578361247,4472.871252665013,2023,4472.871252665013,0.00016023405586761954
4310850,Jaboticaba,43,Rio Grande do Sul,Sul,10,5,681,3860.5,1800.8544773197234,12.997140629061604,17279.703625297698,2022,17279.703625297698,4.1792183855170016e-05
4310876,Jacuizinho,43,Rio Grande do Sul,Sul,10,3,11,2433.3,52.1349419246586,0.0,387.2216844143272,2025,387.2216844143272,6.7505730162536e-07
4310900,Jacutinga,43,Rio Grande do Sul,Sul,10,8,102,3510.3,300.90542613409843,43.061028797257556,1617.171420170538,2024,1617.171420170538,6.259622251435156e-06
4311007,Jaguarão,43,Rio Grande do Sul,Sul,10,8,19,27077.0,6.9591472971366155,3.7859833974877644,25.541852149164416,2024,25.541852149164416,1.1660080664438037e-06
4311106,Jaguari,43,Rio Grande do Sul,Sul,10,5,413,10900.7,389.9509601308156,4.328629555882608,3686.5488231401837,2023,3686.5488231401837,2.5345333233752152e-05
4311122,Jaquirana,43,Rio Grande do Sul,Sul,10,1,1,3784.1,2.710027100271003,0.0,27.100271002710027,2023,27.100271002710027,6.136884560230545e-08
4311130,Jari,43,Rio Grande do Sul,Sul,10,1,3,3479.8,8.787346221441124,0.0,87.87346221441125,2024,87.87346221441125,1.8410653680691636e-07
4311155,Jóia,43,Rio Grande do Sul,Sul,10,6,393,8056.5,545.7006979371318,19.760943321607726,5108.574610244989,2023,5108.574610244989,2.4117956321706046e-05
4311205,Júlio de Castilhos,43,Rio Grande do Sul,Sul,10,6,40,19063.8,21.591449986841972,7.574123913615926,107.77604138599989,2024,107.77604138599989,2.454753824092218e-06
4311239,Lagoa Bonita do Sul,43,Rio Grande do Sul,Sul,10,3,9,2641.0,39.70251185063355,0.0,174.901617839965,2024,174.901617839965,5.523196104207491e-07
4311254,Lagoão,43,Rio Grande do Sul,Sul,10,1,9,6037.6,16.850777008050926,0.0,168.50777008050926,2023,168.50777008050926,5.523196104207491e-07
4311270,Lagoa dos Três Cantos,43,Rio Grande do Sul,Sul,10,4,25,1676.6,143.30045575492977,0.0,1093.2105868814729,2022,1093.2105868814729,1.5342211400576365e-06
4311304,Lagoa Vermelha,43,Rio Grande do Sul,Sul,10,9,73,28062.4,25.955864992302065,14.395752572909348,80.37180696788622,2024,80.37180696788622,4.479925728968299e-06
4311403,Lajeado,43,Rio Grande do Sul,Sul,10,9,4934,87642.6,528.7211464642503,21.579264087011936,4279.674236963561,2022,4279.674236963561,0.0003027938842017751
4311429,Lajeado do Bugre,43,Rio Grande do Sul,Sul,10,4,25,2597.1,94.52957713419553,0.0,751.8796992481202,2024,751.8796992481202,1.5342211400576365e-06
4311502,Lavras do Sul,43,Rio Grande do Sul,Sul,10,2,6,7437.5,8.252182751089503,0.0,68.54949273375378,2024,68.54949273375378,3.682130736138327e-07
4311601,Liberato Salzano,43,Rio Grande do Sul,Sul,10,5,508,5141.2,1043.2123061555335,8.793527963418924,8941.079522043676,2024,8941.079522043676,3.117537356597117e-05
4311627,Lindolfo Collor,43,Rio Grande do Sul,Sul,10,4,440,6116.1,697.6503306790485,0.0,2688.8604353393084,2023,2688.8604353393084,2.70022920650144e-05
4311643,Linha Nova,43,Rio Grande do Sul,Sul,10,3,13,1709.1,76.26475847116373,0.0,406.9767441860465,2024,406.9767441860465,7.977949928299709e-07
4311700,Machadinho,43,Rio Grande do Sul,Sul,10,6,106,5623.3,183.49129039565366,26.294187555937892,1046.2074978204012,2023,1046.2074978204012,6.505097633844378e-06
4311718,Maçambará,43,Rio Grande do Sul,Sul,10,2,14,4574.1,31.326153772543154,0.0,222.86605749944283,2024,222.86605749944283,8.591638384322764e-07
4311734,Mampituba,43,Rio Grande do Sul,Sul,10,1,1,3073.5,3.1240237425804436,0.0,31.240237425804434,2024,31.240237425804434,6.136884560230545e-08
4311759,Manoel Viana,43,Rio Grande do Sul,Sul,10,2,14,7140.1,20.338622612391255,0.0,144.57134595923088,2024,144.57134595923088,8.591638384322764e-07
4311775,Maquiné,43,Rio Grande do Sul,Sul,10,3,15,7095.2,19.858660628743174,0.0,158.144438587243,2024,158.144438587243,9.205326840345818e-07
4311791,Maratá,43,Rio Grande do Sul,Sul,10,3,10,2611.3,39.830605103366544,0.0,158.66719555731854,2024,158.66719555731854,6.136884560230545e-07
4311809,Marau,43,Rio Grande do Sul,Sul,10,10,278,44331.7,60.72774168074294,10.693380603927167,272.2050754458162,2024,272.2050754458162,1.7060539077440916e-05
4311908,Marcelino Ramos,43,Rio Grande do Sul,Sul,10,7,131,4478.2,303.8164480095363,68.19239458780899,1061.5711252653928,2021,1061.5711252653928,8.039318773902015e-06
4311981,Mariana Pimentel,43,Rio Grande do Sul,Sul,10,2,5,3924.4,12.486889514512058,0.0,74.90636704119851,2025,74.90636704119851,3.0684422801152727e-07
4312005,Mariano Moro,43,Rio Grande do Sul,Sul,10,4,81,1995.9,411.5861840400141,0.0,3472.5717161550074,2021,3472.5717161550074,4.970876493786742e-06
4312054,Marques de Souza,43,Rio Grande do Sul,Sul,10,4,42,4036.9,105.46737213403881,0.0,831.4436885865457,2022,831.4436885865457,2.5774915152968293e-06
4312104,Mata,43,Rio Grande do Sul,Sul,10,3,9,4847.3,19.011949561512786,0.0,106.42826734780758,2023,106.42826734780758,5.523196104207491e-07
4312138,Mato Castelhano,43,Rio Grande do Sul,Sul,10,6,19,2563.5,73.46803186552945,39.13272509547742,268.1992337164751,2024,268.1992337164751,1.1660080664438037e-06
4312153,Mato Leitão,43,Rio Grande do Sul,Sul,10,9,97,4639.6,198.18729113438934,33.659935882889314,1002.004008016032,2024,1002.004008016032,5.9527780234236296e-06
4312179,Mato Queimado,43,Rio Grande do Sul,Sul,10,4,18,1737.8,99.7262810529228,0.0,763.7752318603383,2024,763.7752318603383,1.1046392208414982e-06
4312203,Maximiliano de Almeida,43,Rio Grande do Sul,Sul,10,5,96,4391.3,226.5971868491587,11.42334932602239,1479.5678722404884,2024,1479.5678722404884,5.8914091778213236e-06
4312252,Minas do Leão,43,Rio Grande do Sul,Sul,10,2,18,7877.9,23.43486965190391,0.0,221.90314580341993,2024,221.90314580341993,1.1046392208414982e-06
4312302,Miraguaí,43,Rio Grande do Sul,Sul,10,8,1144,4737.3,2535.419676599326,40.392957439128104,24545.051043053707,2024,24545.051043053707,7.020595936903744e-05
4312351,Montauri,43,Rio Grande do Sul,Sul,10,2,4,1494.4,26.414123576938,0.0,133.42228152101399,2022,133.42228152101399,2.454753824092218e-07
4312377,Monte Alegre dos Campos,43,Rio Grande do Sul,Sul,10,2,2,3226.8,6.16620327463701,0.0,30.892801977139328,2021,30.892801977139328,1.227376912046109e-07
4312385,Monte Belo do Sul,43,Rio Grande do Sul,Sul,10,4,9,2587.2,34.671561591946514,0.0,153.37423312883436,2025,153.37423312883436,5.523196104207491e-07
4312401,Montenegro,43,Rio Grande do Sul,Sul,10,8,651,65064.0,99.53749937722797,8.561491214994579,423.8630364280866,2024,423.8630364280866,3.995111848710085e-05
4312427,Mormaço,43,Rio Grande do Sul,Sul,10,3,31,2948.9,112.02556282820368,0.0,907.1117561683599,2023,907.1117561683599,1.9024342136714692e-06
4312443,Morrinhos do Sul,43,Rio Grande do Sul,Sul,10,4,10,3049.2,32.008806495028466,0.0,159.54052329291642,2024,159.54052329291642,6.136884560230545e-07
4312450,Morro Redondo,43,Rio Grande do Sul,Sul,10,2,2,6385.5,3.144005525747097,0.0,16.210082671421624,2024,16.210082671421624,1.227376912046109e-07
4312476,Morro Reuter,43,Rio Grande do Sul,Sul,10,6,126,6254.8,206.72443909985768,15.558416584233802,1078.1224083595953,2022,1078.1224083595953,7.732474545890488e-06
4312500,Mostardas,43,Rio Grande do Sul,Sul,10,4,7,12572.4,5.738390657919485,0.0,24.81389578163772,2023,24.81389578163772,4.295819192161382e-07
4312609,Muçum,43,Rio Grande do Sul,Sul,10,4,283,4842.2,613.4820975852383,0.0,5368.398174309932,2023,5368.398174309932,1.7367383305452443e-05
4312617,Muitos Capões,43,Rio Grande do Sul,Sul,10,0,0,3060.6,0.0,0.0,0.0,2016,0.0,0.0
4312625,Muliterno,43,Rio Grande do Sul,Sul,10,2,2,1833.2,11.399259973946405,0.0,57.01254275940707,2025,57.01254275940707,1.227376912046109e-07
4312658,Não-Me-Toque,43,Rio Grande do Sul,Sul,10,9,1041,17747.6,579.0272516097614,34.484297421201646,4330.09274779305,2023,4330.09274779305,6.388496827199997e-05
4312674,Nicolau Vergueiro,43,Rio Grande do Sul,Sul,10,5,11,1804.3,57.20578380832035,25.22704339051463,207.0393374741201,2023,207.0393374741201,6.7505730162536e-07
4312708,Nonoai,43,Rio Grande do Sul,Sul,10,8,457,12674.7,327.93784216176635,20.864994171659518,2333.523050654525,2024,2333.523050654525,2.8045562440253595e-05
4312757,Nova Alvorada,43,Rio Grande do Sul,Sul,10,5,77,3429.4,242.58448742240543,13.793103448275863,2149.8577300031616,2023,2149.8577300031616,4.72540111137752e-06
4312807,Nova Araçá,43,Rio Grande do Sul,Sul,10,5,10,4815.7,19.94945626374351,9.80776775205963,98.30908375933936,2024,98.30908375933936,6.136884560230545e-07
4312906,Nova Bassano,43,Rio Grande do Sul,Sul,10,5,117,9801.5,121.01925993080286,4.95589255624938,880.9203026220333,2022,880.9203026220333,7.180154935469738e-06
4312955,Nova Boa Vista,43,Rio Grande do Sul,Sul,10,3,55,1919.2,268.58986679156106,0.0,1860.9206660137122,2022,1860.9206660137122,3.3752865081268e-06
4313003,Nova Bréscia,43,Rio Grande do Sul,Sul,10,2,58,3231.1,190.21606877974355,0.0,1741.130091984231,2023,1741.130091984231,3.5593930449337165e-06
4313011,Nova Candelária,43,Rio Grande do Sul,Sul,10,4,349,2878.4,1120.5094333777101,0.0,8168.474792597321,2024,8168.474792597321,2.1417727115204603e-05
4313037,Nova Esperança do Sul,43,Rio Grande do Sul,Sul,10,3,24,5141.1,45.7671540537484,0.0,256.1756633119854,2021,256.1756633119854,1.4728522944553309e-06
4313060,Nova Hartz,43,Rio Grande do Sul,Sul,10,5,827,20885.7,403.63744063553315,9.142857142857142,3432.4942791762014,2024,3432.4942791762014,5.075203531310661e-05
4313086,Nova Pádua,43,Rio Grande do Sul,Sul,10,3,3,2481.8,12.637984676302105,0.0,42.680324370465215,2022,42.680324370465215,1.8410653680691636e-07
4313102,Nova Palma,43,Rio Grande do Sul,Sul,10,4,320,6178.7,568.2083000894812,0.0,3132.832080200501,2023,3132.832080200501,1.9638030592737745e-05
4313201,Nova Petrópolis,43,Rio Grande do Sul,Sul,10,7,90,22140.9,38.54722292964542,15.217127826165083,205.1153250449998,2024,205.1153250449998,5.523196104207491e-06
4313300,Nova Prata,43,Rio Grande do Sul,Sul,10,8,87,26525.7,32.83854985638351,5.812493889149865,233.19667506676197,2024,233.19667506676197,5.339089567400575e-06
4313334,Nova Ramada,43,Rio Grande do Sul,Sul,10,4,29,2249.3,131.36198253569918,0.0,681.5084052703317,2024,681.5084052703317,1.7796965224668583e-06
4313359,Nova Roma do Sul,43,Rio Grande do Sul,Sul,10,1,5,3601.7,14.112334180073384,0.0,141.12334180073384,2024,141.12334180073384,3.0684422801152727e-07
4313375,Nova Santa Rita,43,Rio Grande do Sul,Sul,10,8,601,28925.1,200.29491590894477,23.866318784362253,1331.297101689851,2024,1331.297101689851,3.688267620698558e-05
4313391,Novo Cabrais,43,Rio Grande do Sul,Sul,10,3,52,3947.0,143.37176446849693,0.0,1156.0693641618498,2025,1156.0693641618498,3.1911799713198836e-06
4313409,Novo Hamburgo,43,Rio Grande do Sul,Sul,10,10,28582,241312.9,1226.1181319094312,6.250932340397895,6689.022761670179,2024,6689.022761670179,0.0017540443450050945
4313425,Novo Machado,43,Rio Grande do Sul,Sul,10,5,595,3359.3,1844.9789119342374,15.356265356265355,10197.16574245225,2024,10197.16574245225,3.6514463133371744e-05
4313441,Novo Tiradentes,43,Rio Grande do Sul,Sul,10,3,141,2211.8,650.4192597870486,0.0,3336.380255941499,2024,3336.380255941499,8.65300722992507e-06
4313466,Novo Xingu,43,Rio Grande do Sul,Sul,10,5,58,1709.3,347.54379587950575,29.20560747663551,2145.4112038140643,2024,2145.4112038140643,3.5593930449337165e-06
4313490,Novo Barreiro,43,Rio Grande do Sul,Sul,10,8,418,4232.0,966.3223932976387,70.80727472000548,5994.051704415466,2024,5994.051704415466,2.565217746176368e-05
4313508,Osório,43,Rio Grande do Sul,Sul,10,7,183,46615.8,37.60639945542703,5.344169446889916,239.12199309203132,2024,239.12199309203132,1.12304987452219e-05
4313607,Paim Filho,43,Rio Grande do Sul,Sul,10,3,73,3822.3,197.92151060796533,0.0,1842.3191547006231,2024,1842.3191547006231,4.479925728968299e-06
4313656,Palmares do Sul,43,Rio Grande do Sul,Sul,10,6,19,12022.3,15.151232854614928,8.305930930827751,60.74411541381929,2024,60.74411541381929,1.1660080664438037e-06
4313706,Palmeira das Missões,43,Rio Grande do Sul,Sul,10,9,1903,33752.5,563.3202137569606,22.590642903532448,3078.9004761487454,2024,3078.9004761487454,0.00011678491318118728
4313805,Palmitinho,43,Rio Grande do Sul,Sul,10,6,1297,7434.0,1646.0998810373108,20.311762943178806,11628.486055776892,2024,11628.486055776892,7.959539274619017e-05
4313904,Panambi,43,Rio Grande do Sul,Sul,10,10,1062,43597.6,238.0134764646798,43.79812373719078,1820.5230673593535,2024,1820.5230673593535,6.517371402964839e-05
4313953,Pantano Grande,43,Rio Grande do Sul,Sul,10,4,19,9755.8,18.48244766852448,0.0,124.48530115867088,2025,124.48530115867088,1.1660080664438037e-06
4314001,Paraí,43,Rio Grande do Sul,Sul,10,5,27,7463.0,36.70233445076844,6.416014371872192,231.07244800869918,2024,231.07244800869918,1.6569588312622474e-06
4314027,Paraíso do Sul,43,Rio Grande do Sul,Sul,10,4,10,7210.7,15.155684681373373,0.0,75.35795026375283,2024,75.35795026375283,6.136884560230545e-07
4314035,Pareci Novo,43,Rio Grande do Sul,Sul,10,3,17,4041.1,38.88056303518827,0.0,208.38156980782588,2022,208.38156980782588,1.0432703752391928e-06
4314050,Parobé,43,Rio Grande do Sul,Sul,10,7,3479,55760.7,662.9669399715374,8.90914266318048,4247.675401521556,2022,4247.675401521556,0.00021350221385042068
4314068,Passa Sete,43,Rio Grande do Sul,Sul,10,2,7,4999.8,16.593319879290185,0.0,148.66204162537164,2024,148.66204162537164,4.295819192161382e-07
4314076,Passo do Sobrado,43,Rio Grande do Sul,Sul,10,6,34,6340.5,54.88758842934236,15.774586258955559,199.1701244813278,2022,199.1701244813278,2.0865407504783856e-06
4314100,Passo Fundo,43,Rio Grande do Sul,Sul,10,10,3190,205426.9,150.78253870193416,20.05240660661199,921.4034041125259,2024,921.4034041125259,0.0001957666174713544
4314134,Paulo Bento,43,Rio Grande do Sul,Sul,10,5,279,2245.6,1295.2195234182432,43.440486533449175,11800.373134328358,2022,11800.373134328358,1.7121907923043223e-05
4314159,Paverama,43,Rio Grande do Sul,Sul,10,5,217,8319.6,266.45581922508126,11.708230886313078,1681.8070218512153,2025,1681.8070218512153,1.3317039495700284e-05
4314175,Pedras Altas,43,Rio Grande do Sul,Sul,10,1,1,2054.4,4.761904761904762,0.0,47.61904761904762,2024,47.61904761904762,6.136884560230545e-08
4314209,Pedro Osório,43,Rio Grande do Sul,Sul,10,2,2,7711.1,2.5994199150125326,0.0,13.099292638197538,2024,13.099292638197538,1.227376912046109e-07
4314308,Pejuçara,43,Rio Grande do Sul,Sul,10,6,74,3868.2,194.4473058702996,38.56563944409233,1021.2097407698351,2024,1021.2097407698351,4.541294574570604e-06
4314407,Pelotas,43,Rio Grande do Sul,Sul,10,9,735,338269.8,21.89708139787328,2.9125762514531375,176.12180965159416,2024,176.12180965159416,4.510610151769451e-05
4314423,Picada Café,43,Rio Grande do Sul,Sul,10,7,71,5576.0,131.0547503629196,26.68044885254038,635.3952532236965,2022,635.3952532236965,4.3571880377636875e-06
4314456,Pinhal,43,Rio Grande do Sul,Sul,10,4,362,2753.7,1222.2948207152822,0.0,11760.729976343358,2022,11760.729976343358,2.2215522108034575e-05
4314464,Pinhal da Serra,43,Rio Grande do Sul,Sul,10,4,4,2103.4,18.67634056482859,0.0,51.51983513652757,2019,51.51983513652757,2.454753824092218e-07
4314472,Pinhal Grande,43,Rio Grande do Sul,Sul,10,1,5,4179.4,12.929919834497024,0.0,129.29919834497025,2024,129.29919834497025,3.0684422801152727e-07
4314498,Pinheirinho do Vale,43,Rio Grande do Sul,Sul,10,5,927,4747.9,2010.1543510681458,20.907380305247752,14643.088203579902,2024,14643.088203579902,5.688891987333716e-05
4314506,Pinheiro Machado,43,Rio Grande do Sul,Sul,10,2,5,12002.8,4.259362041123491,0.0,26.295030239284777,2024,26.295030239284777,3.0684422801152727e-07
4314548,Pinto Bandeira,43,Rio Grande do Sul,Sul,10,3,8,2880.5,28.87182681521591,0.0,143.67816091954023,2024,143.67816091954023,4.909507648184436e-07
4314555,Pirapó,43,Rio Grande do Sul,Sul,10,2,23,2343.1,101.51640855457227,0.0,884.9557522123894,2024,884.9557522123894,1.4114834488530255e-06
4314605,Piratini,43,Rio Grande do Sul,Sul,10,2,7,19485.7,3.952847776623308,0.0,28.10251798561151,2024,28.10251798561151,4.295819192161382e-07
4314704,Planalto,43,Rio Grande do Sul,Sul,10,5,1013,10354.5,966.3293530583717,19.219680953296173,4235.692771084337,2024,4235.692771084337,6.216664059513542e-05
4314753,Poço das Antas,43,Rio Grande do Sul,Sul,10,5,16,2140.6,72.76211595449482,23.674242424242426,360.03600360036,2024,360.03600360036,9.819015296368873e-07
4314779,Pontão,43,Rio Grande do Sul,Sul,10,7,29,3687.6,85.4091253821765,25.624603401397707,448.4304932735426,2025,448.4304932735426,1.7796965224668583e-06
4314787,Ponte Preta,43,Rio Grande do Sul,Sul,10,3,91,1592.3,567.8742744251856,0.0,5548.628428927681,2024,5548.628428927681,5.584564949809796e-06
4314803,Portão,43,Rio Grande do Sul,Sul,10,6,2693,35692.8,766.3671206263615,10.081333939817263,6873.4568777137665,2024,6873.4568777137665,0.0001652663012070086
4314902,Porto Alegre,43,Rio Grande do Sul,Sul,10,10,94454,1435339.6,683.0362239120526,29.23851552792503,3853.631280089056,2025,3853.631280089056,0.005796532942520159
4315008,Porto Lucena,43,Rio Grande do Sul,Sul,10,3,733,4660.5,1657.2365910712215,0.0,16320.072332730562,2024,16320.072332730562,4.49833638264899e-05
4315057,Porto Mauá,43,Rio Grande do Sul,Sul,10,7,530,2317.0,2435.216369648192,44.601173802854476,23069.852941176472,2024,23069.852941176472,3.252548816922189e-05
4315073,Porto Vera Cruz,43,Rio Grande do Sul,Sul,10,3,81,1500.8,524.6043424928037,0.0,4353.3123028391165,2024,4353.3123028391165,4.970876493786742e-06
4315107,Porto Xavier,43,Rio Grande do Sul,Sul,10,5,574,10247.5,566.6367266693862,27.94076557697681,5270.430319778919,2024,5270.430319778919,3.5225717375723335e-05
4315131,Pouso Novo,43,Rio Grande do Sul,Sul,10,4,14,1717.8,79.85076726653665,0.0,402.5301897642324,2022,402.5301897642324,8.591638384322764e-07
4315149,Presidente Lucena,43,Rio Grande do Sul,Sul,10,5,139,2963.3,449.73320026249877,224.06066873491898,1689.9577510562237,2022,1689.9577510562237,8.530269538720458e-06
4315156,Progresso,43,Rio Grande do Sul,Sul,10,4,28,5925.5,52.041492791464805,0.0,393.2584269662922,2022,393.2584269662922,1.7183276768645527e-06
4315172,Protásio Alves,43,Rio Grande do Sul,Sul,10,1,1,2003.1,4.833252779120349,0.0,48.33252779120348,2024,48.33252779120348,6.136884560230545e-08
4315206,Putinga,43,Rio Grande do Sul,Sul,10,3,29,3906.8,77.30148460666803,0.0,427.0082732852949,2022,427.0082732852949,1.7796965224668583e-06
4315305,Quaraí,43,Rio Grande do Sul,Sul,10,3,26,23266.6,10.84692306472984,0.0,87.54377188594297,2024,87.54377188594297,1.5955899856599418e-06
4315313,Quatro Irmãos,43,Rio Grande do Sul,Sul,10,5,15,1737.9,92.35488434958447,31.70577045022194,569.9810006333122,2024,569.9810006333122,9.205326840345818e-07
4315321,Quevedos,43,Rio Grande do Sul,Sul,10,2,7,2692.3,27.846881959476285,0.0,239.32987634623055,2023,239.32987634623055,4.295819192161382e-07
4315354,Quinze de Novembro,43,Rio Grande do Sul,Sul,10,5,37,3866.6,93.75604143214278,13.147515119642389,460.3580562659846,2023,460.3580562659846,2.270647287285302e-06
4315404,Redentora,43,Rio Grande do Sul,Sul,10,7,2173,10816.3,2184.0130617682466,47.94657651516964,21441.513992349508,2024,21441.513992349508,0.00013335450149380975
4315453,Relvado,43,Rio Grande do Sul,Sul,10,1,2,1996.2,11.135857461024498,0.0,111.35857461024499,2023,111.35857461024499,1.227376912046109e-07
4315503,Restinga Sêca,43,Rio Grande do Sul,Sul,10,4,77,15600.6,50.7482628192535,0.0,414.11950305659633,2024,414.11950305659633,4.72540111137752e-06
4315552,Rio dos Índios,43,Rio Grande do Sul,Sul,10,5,53,2892.5,184.59292876934592,14.854426619132502,1252.6096033402923,2024,1252.6096033402923,3.252548816922189e-06
4315602,Rio Grande,43,Rio Grande do Sul,Sul,10,10,153,204556.8,7.656642161689598,2.5185244201626484,40.20949145045688,2024,40.20949145045688,9.389433377152735e-06
4315701,Rio Pardo,43,Rio Grande do Sul,Sul,10,7,119,37166.4,33.061244703179185,13.882352204985315,168.22744350361688,2024,168.22744350361688,7.302892626674349e-06
4315750,Riozinho,43,Rio Grande do Sul,Sul,10,1,21,4594.5,45.93175853018373,0.0,459.31758530183725,2024,459.31758530183725,1.2887457576484146e-06
4315800,Roca Sales,43,Rio Grande do Sul,Sul,10,5,303,10998.7,289.30103971181046,4.326756663205262,1996.544442311384,2023,1996.544442311384,1.8594760217498553e-05
4315909,Rodeio Bonito,43,Rio Grande do Sul,Sul,10,4,1120,6235.8,1680.6029795555794,0.0,15659.75353171025,2022,15659.75353171025,6.87331070745821e-05
4315958,Rolador,43,Rio Grande do Sul,Sul,10,6,59,2352.8,253.11436564957376,41.23770848046938,2186.9639794168097,2024,2186.9639794168097,3.620761890536022e-06
4316006,Rolante,43,Rio Grande do Sul,Sul,10,4,356,21332.2,164.23864037975858,0.0,1398.7944600377305,2024,1398.7944600377305,2.1847309034420744e-05
4316105,Ronda Alta,43,Rio Grande do Sul,Sul,10,7,88,10329.9,88.25545065337063,14.944622500881053,641.7970316887285,2024,641.7970316887285,5.40045841300288e-06
4316204,Rondinha,43,Rio Grande do Sul,Sul,10,6,404,5158.5,807.8912250135664,18.904367233476606,6912.442396313365,2022,6912.442396313365,2.4793013623331404e-05
4316303,Roque Gonzales,43,Rio Grande do Sul,Sul,10,7,302,6834.8,450.9261790857189,28.575651473683678,4225.1418333831,2024,4225.1418333831,1.8533391371896246e-05
4316402,Rosário do Sul,43,Rio Grande do Sul,Sul,10,7,65,38759.2,17.420257815623142,2.5469964702087884,62.79006279006279,2022,62.79006279006279,3.988974964149855e-06
4316428,Sagrada Família,43,Rio Grande do Sul,Sul,10,5,359,2579.7,1425.982017710026,18.68460388639761,8224.59470146303,2024,8224.59470146303,2.2031415571227657e-05
4316436,Saldanha Marinho,43,Rio Grande do Sul,Sul,10,4,43,2664.8,164.49031774037263,0.0,1068.2945440671501,2024,1068.2945440671501,2.6388603608991344e-06
4316451,Salto do Jacuí,43,Rio Grande do Sul,Sul,10,7,596,11594.4,574.4964345875944,8.029227949874976,4605.580766631264,2025,4605.580766631264,3.657583197897405e-05
4316477,Salvador das Missões,43,Rio Grande do Sul,Sul,10,7,327,2814.3,1110.3257920076971,36.5965245556318,10362.343379613952,2024,10362.343379613952,2.0067612511953883e-05
4316501,Salvador do Sul,43,Rio Grande do Sul,Sul,10,3,21,7430.3,29.484310229189106,0.0,208.85547201336675,2024,208.85547201336675,1.2887457576484146e-06
4316600,Sananduva,43,Rio Grande do Sul,Sul,10,7,692,16394.4,417.32435573800495,6.161657644033754,2082.463154126141,2024,2082.463154126141,4.246724115679538e-05
4316709,Santa Bárbara do Sul,43,Rio Grande do Sul,Sul,10,9,88,8203.9,110.79105377514274,37.11212481800581,678.3565851785486,2021,678.3565851785486,5.40045841300288e-06
4316733,Santa Cecília do Sul,43,Rio Grande do Sul,Sul,10,2,2,1670.6,11.821668867509274,0.0,59.73715651135006,2023,59.73715651135006,1.227376912046109e-07
4316758,Santa Clara do Sul,43,Rio Grande do Sul,Sul,10,6,141,6700.1,202.48722899391686,14.974240114484893,1001.8876143458691,2022,1001.8876143458691,8.65300722992507e-06
4316808,Santa Cruz do Sul,43,Rio Grande do Sul,Sul,10,8,10348,132054.9,770.0620510834714,61.98816044347104,3789.1903743072935,2021,3789.1903743072935,0.0006350448142926568
4316907,Santa Maria,43,Rio Grande do Sul,Sul,10,10,15424,279532.7,558.2238076803172,43.22963421548259,3108.175244263713,2023,3108.175244263713,0.0009465530745699593
4316956,Santa Maria do Herval,43,Rio Grande do Sul,Sul,10,4,39,6374.2,60.85897289414858,0.0,299.6845425867508,2022,299.6845425867508,2.3933849784899126e-06
4316972,Santa Margarida do Sul,43,Rio Grande do Sul,Sul,10,3,7,2581.5,26.60090780502958,0.0,115.56240369799693,2023,115.56240369799693,4.295819192161382e-07
4317004,Santana da Boa Vista,43,Rio Grande do Sul,Sul,10,3,29,7748.6,40.648807861501595,0.0,336.1344537815126,2024,336.1344537815126,1.7796965224668583e-06
4317103,Sant'Ana do Livramento,43,Rio Grande do Sul,Sul,10,6,92,81516.8,10.621261089404285,1.9177002127795375,79.04142228739002,2024,79.04142228739002,5.645933795412102e-06
4317202,Santa Rosa,43,Rio Grande do Sul,Sul,10,8,18292,75169.6,2321.0656350799372,173.83709871618726,18763.146293847218,2024,18763.146293847218,0.0011225589237573714
4317251,Santa Tereza,43,Rio Grande do Sul,Sul,10,2,5,1654.1,32.68402438550318,0.0,196.20667102681492,2025,196.20667102681492,3.0684422801152727e-07
4317301,Santa Vitória do Palmar,43,Rio Grande do Sul,Sul,10,3,13,30685.2,4.106805870216118,0.0,15.644066205688182,2024,15.644066205688182,7.977949928299709e-07
4317400,Santiago,43,Rio Grande do Sul,Sul,10,9,123,49742.4,24.585297425952056,4.007137459664263,176.82938944189468,2024,176.82938944189468,7.548368009083571e-06
4317509,Santo Ângelo,43,Rio Grande do Sul,Sul,10,9,4530,78057.6,576.0736926258921,61.73434470073704,4141.286490585113,2024,4141.286490585113,0.00027800087057844373
4317558,Santo Antônio do Palma,43,Rio Grande do Sul,Sul,10,2,2,2134.6,9.334062121579207,0.0,47.82400765184123,2022,47.82400765184123,1.227376912046109e-07
4317608,Santo Antônio da Patrulha,43,Rio Grande do Sul,Sul,10,7,177,43132.1,39.98736728975514,5.836778002501888,337.8911089586196,2024,337.8911089586196,1.0862285671608065e-05
4317707,Santo Antônio das Missões,43,Rio Grande do Sul,Sul,10,4,137,10420.0,130.68219164469116,0.0,1181.7402077575528,2024,1181.7402077575528,8.407531847515848e-06
4317756,Santo Antônio do Planalto,43,Rio Grande do Sul,Sul,10,4,20,2064.5,94.46979792004677,0.0,702.2471910112359,2024,702.2471910112359,1.227376912046109e-06
4317806,Santo Augusto,43,Rio Grande do Sul,Sul,10,8,1734,14034.0,1222.5875141773784,57.21538411704207,11580.72696534235,2024,11580.72696534235,0.00010641357827439766
4317905,Santo Cristo,43,Rio Grande do Sul,Sul,10,7,1095,14839.8,718.3896066130482,30.68902652054195,4918.242207460398,2024,4918.242207460398,6.719888593452447e-05
4317954,Santo Expedito do Sul,43,Rio Grande do Sul,Sul,10,0,0,2369.1,0.0,0.0,0.0,2016,0.0,0.0
4318002,São Borja,43,Rio Grande do Sul,Sul,10,8,1364,60831.7,222.53986885800214,3.263037075526107,2131.3373448787565,2024,2131.3373448787565,8.370710540154465e-05
4318051,São Domingos do Sul,43,Rio Grande do Sul,Sul,10,3,6,2958.8,20.8401282274551,0.0,106.83760683760684,2024,106.83760683760684,3.682130736138327e-07
4318101,São Francisco de Assis,43,Rio Grande do Sul,Sul,10,7,75,18303.0,42.0921977632837,19.281994186464853,158.92836871381542,2023,158.92836871381542,4.602663420172909e-06
4318200,São Francisco de Paula,43,Rio Grande do Sul,Sul,10,5,26,21885.8,11.694841691987026,2.286132321338759,67.04509900326286,2024,67.04509900326286,1.5955899856599418e-06
4318309,São Gabriel,43,Rio Grande do Sul,Sul,10,9,208,61149.7,34.655955706703324,4.830609039997121,169.71149046620744,2024,169.71149046620744,1.2764719885279534e-05
4318408,São Jerônimo,43,Rio Grande do Sul,Sul,10,5,57,22960.8,26.595925946612574,2.0765844339230837,168.05938098128004,2024,168.05938098128004,3.498024199331411e-06
4318424,São João da Urtiga,43,Rio Grande do Sul,Sul,10,3,18,4628.2,39.91895295910035,0.0,179.33198834342076,2023,179.33198834342076,1.1046392208414982e-06
4318432,São João do Polêsine,43,Rio Grande do Sul,Sul,10,5,6,2619.9,22.881058972034044,18.463810930576074,75.50018875047188,2023,75.50018875047188,3.682130736138327e-07
4318440,São Jorge,43,Rio Grande do Sul,Sul,10,2,34,2866.7,116.53668911733428,0.0,1064.5604395604396,2022,1064.5604395604396,2.0865407504783856e-06
4318457,São José das Missões,43,Rio Grande do Sul,Sul,10,2,66,2506.9,274.66361781689795,0.0,2704.9521431543903,2024,2704.9521431543903,4.05034380975216e-06
4318465,São José do Herval,43,Rio Grande do Sul,Sul,10,1,1,1983.0,5.257623554153523,0.0,52.576235541535226,2023,52.576235541535226,6.136884560230545e-08
4318481,São José do Hortêncio,43,Rio Grande do Sul,Sul,10,6,134,4637.9,295.87909841832595,20.705095163300054,2131.399692375302,2024,2131.399692375302,8.22342531070893e-06
4318499,São José do Inhacorá,43,Rio Grande do Sul,Sul,10,6,256,2241.8,1050.531727164792,97.6577401388571,6658.546488022736,2024,6658.546488022736,1.5710424474190196e-05
4318507,São José do Norte,43,Rio Grande do Sul,Sul,10,5,8,26824.5,3.024542887044615,1.7943012990741405,15.240998285387692,2024,15.240998285387692,4.909507648184436e-07
4318606,São José do Ouro,43,Rio Grande do Sul,Sul,10,3,52,6956.9,74.5501162439283,0.0,616.2224132989395,2024,616.2224132989395,3.1911799713198836e-06
4318614,São José do Sul,43,Rio Grande do Sul,Sul,10,2,11,2390.7,45.046737751890646,0.0,286.5329512893983,2025,286.5329512893983,6.7505730162536e-07
4318622,São José dos Ausentes,43,Rio Grande do Sul,Sul,10,2,2,3804.2,5.193589687460959,0.0,28.60411899313501,2017,28.60411899313501,1.227376912046109e-07
4318705,São Leopoldo,43,Rio Grande do Sul,Sul,10,10,16457,229762.4,733.6788737568321,4.481610314243501,6048.238792213374,2024,6048.238792213374,0.0010099470920771408
4318804,São Lourenço do Sul,43,Rio Grande do Sul,Sul,10,3,24,43392.8,5.552128947542591,0.0,43.89714206501398,2024,43.89714206501398,1.4728522944553309e-06
4318903,São Luiz Gonzaga,43,Rio Grande do Sul,Sul,10,10,1116,34496.0,312.81838973968667,16.53531385221015,2635.3951698365777,2024,2635.3951698365777,6.848763169217289e-05
4319000,São Marcos,43,Rio Grande do Sul,Sul,10,5,37,21432.3,17.205110722149957,2.308615753993905,120.72247759669406,2024,120.72247759669406,2.270647287285302e-06
4319109,São Martinho,43,Rio Grande do Sul,Sul,10,5,846,5533.2,1515.1816830510195,9.214891264283082,13562.354625156559,2024,13562.354625156559,5.191804337955041e-05
4319125,São Martinho da Serra,43,Rio Grande do Sul,Sul,10,5,10,3108.7,33.91990692132087,15.475085112968122,137.4098248024734,2024,137.4098248024734,6.136884560230545e-07
4319158,São Miguel das Missões,43,Rio Grande do Sul,Sul,10,7,408,7470.8,567.1624700089177,55.53275585907928,3279.5997776542526,2024,3279.5997776542526,2.5038489005740624e-05
4319208,São Nicolau,43,Rio Grande do Sul,Sul,10,5,255,5305.9,488.5903824350488,8.807468733485996,3239.329268292683,2024,3239.329268292683,1.5649055628587893e-05
4319307,São Paulo das Missões,43,Rio Grande do Sul,Sul,10,7,405,5920.3,681.9919224002775,34.79230687032489,6186.953597848016,2024,6186.953597848016,2.485438246893371e-05
4319356,São Pedro da Serra,43,Rio Grande do Sul,Sul,10,3,17,3686.1,47.193708046311194,0.0,387.382401770891,2024,387.382401770891,1.0432703752391928e-06
4319364,São Pedro das Missões,43,Rio Grande do Sul,Sul,10,1,53,1913.5,295.92406476828586,0.0,2959.2406476828587,2024,2959.2406476828587,3.252548816922189e-06
4319372,São Pedro do Butiá,43,Rio Grande do Sul,Sul,10,5,268,3019.1,857.0951348146058,111.39401654996817,7422.746097483275,2024,7422.746097483275,1.644685062141786e-05
4319406,São Pedro do Sul,43,Rio Grande do Sul,Sul,10,9,94,16112.1,59.82473670635593,12.346563518225643,365.92411889324,2023,365.92411889324,5.7686714866167124e-06
4319505,São Sebastião do Caí,43,Rio Grande do Sul,Sul,10,8,416,25170.1,166.9576977175537,15.942483526285395,1213.680022505325,2024,1213.680022505325,2.552943977055907e-05
4319604,São Sepé,43,Rio Grande do Sul,Sul,10,6,414,22874.3,192.22290987473897,6.218031076559308,1178.5996009465919,2025,1178.5996009465919,2.540670207935446e-05
4319703,São Valentim,43,Rio Grande do Sul,Sul,10,4,17,3347.2,52.04457391181241,0.0,217.3913043478261,2021,217.3913043478261,1.0432703752391928e-06
4319711,São Valentim do Sul,43,Rio Grande do Sul,Sul,10,4,21,2242.4,94.57310291684291,0.0,634.3452650657001,2023,634.3452650657001,1.2887457576484146e-06
4319737,São Valério do Sul,43,Rio Grande do Sul,Sul,10,5,284,2670.1,1094.9542682967933,18.32172957127153,10717.03932151118,2024,10717.03932151118,1.742875215105475e-05
4319752,São Vendelino,43,Rio Grande do Sul,Sul,10,2,11,2242.7,47.696013600387936,0.0,433.6513443191674,2024,433.6513443191674,6.7505730162536e-07
4319802,São Vicente do Sul,43,Rio Grande do Sul,Sul,10,3,35,8523.4,42.719507799872595,0.0,172.9035445226627,2023,172.9035445226627,2.1479095960806908e-06
4319901,Sapiranga,43,Rio Grande do Sul,Sul,10,9,5658,79086.9,733.5344296678131,7.381931197127445,4725.410151736887,2024,4725.410151736887,0.00034722492841784427
4320008,Sapucaia do Sul,43,Rio Grande do Sul,Sul,10,10,9306,138143.9,685.6337651967245,7.431857605851205,3948.9680830806637,2024,3948.9680830806637,0.0005710984771750546
4320107,Sarandi,43,Rio Grande do Sul,Sul,10,8,2243,23753.3,958.247429631888,112.62966980685337,6790.546326425757,2024,6790.546326425757,0.00013765032068597114
4320206,Seberi,43,Rio Grande do Sul,Sul,10,7,1391,11376.5,1146.9445903418632,27.265240629305854,5606.694560669456,2022,5606.694560669456,8.536406423280689e-05
4320230,Sede Nova,43,Rio Grande do Sul,Sul,10,5,326,2861.5,1185.1202343242783,17.295053614666205,11078.82310207047,2024,11078.82310207047,2.000624366635158e-05
4320263,Segredo,43,Rio Grande do Sul,Sul,10,3,12,6878.9,19.683537827468875,0.0,130.99721630915343,2024,130.99721630915343,7.364261472276654e-07
4320305,Selbach,43,Rio Grande do Sul,Sul,10,7,285,5136.5,552.8668006035052,39.01778102545366,1781.8680242803996,2023,1781.8680242803996,1.7490120996657054e-05
4320321,Senador Salgado Filho,43,Rio Grande do Sul,Sul,10,4,184,2765.7,675.0368181565108,0.0,6529.713866471019,2024,6529.713866471019,1.1291867590824204e-05
4320354,Sentinela do Sul,43,Rio Grande do Sul,Sul,10,2,5,5487.1,9.22032928231862,0.0,55.330136481003315,2024,55.330136481003315,3.0684422801152727e-07
4320404,Serafina Corrêa,43,Rio Grande do Sul,Sul,10,8,341,17146.5,196.6311767683776,5.981035309107816,1749.2375855918062,2024,1749.2375855918062,2.092677635038616e-05
4320453,Sério,43,Rio Grande do Sul,Sul,10,3,5,2025.3,25.029909372935293,0.0,103.03967027305514,2023,103.03967027305514,3.0684422801152727e-07
4320503,Sertão,43,Rio Grande do Sul,Sul,10,6,14,5599.9,24.638233135508763,17.12501775466783,124.17952811779315,2024,124.17952811779315,8.591638384322764e-07
4320552,Sertão Santana,43,Rio Grande do Sul,Sul,10,3,7,6234.4,11.515256701673385,0.0,50.09183503088997,2025,50.09183503088997,4.295819192161382e-07
4320578,Sete de Setembro,43,Rio Grande do Sul,Sul,10,5,108,1950.3,571.239065067477,26.581605528973952,5360.934182590234,2024,5360.934182590234,6.6278353250489894e-06
4320602,Severiano de Almeida,43,Rio Grande do Sul,Sul,10,7,236,3606.9,667.0817270318487,43.032362102554785,3326.8644302744665,2021,3326.8644302744665,1.4483047562144088e-05
4320651,Silveira Martins,43,Rio Grande do Sul,Sul,10,3,39,2265.4,189.86601540877191,0.0,1504.8543689320388,2024,1504.8543689320388,2.3933849784899126e-06
4320677,Sinimbu,43,Rio Grande do Sul,Sul,10,6,71,9597.8,81.06757235761769,39.36236836731311,385.64917611312376,2023,385.64917611312376,4.3571880377636875e-06
4320701,Sobradinho,43,Rio Grande do Sul,Sul,10,8,60,14741.6,41.29030161280265,10.370065655759978,206.7254685777288,2024,206.7254685777288,3.6821307361383272e-06
4320800,Soledade,43,Rio Grande do Sul,Sul,10,9,89,30860.2,28.868815318554805,6.4548423824652925,216.57615722782518,2024,216.57615722782518,5.461827258605186e-06
4320859,Tabaí,43,Rio Grande do Sul,Sul,10,3,13,4604.7,28.186110269193072,0.0,197.15224534501644,2024,197.15224534501644,7.977949928299709e-07
4320909,Tapejara,43,Rio Grande do Sul,Sul,10,5,162,24074.4,65.08484772222698,4.004324670644295,309.48405749888013,2023,309.48405749888013,9.941752987573485e-06
4321006,Tapera,43,Rio Grande do Sul,Sul,10,7,389,10677.6,360.40366658390735,18.69977336850181,2189.9833672149325,2024,2189.9833672149325,2.387248093929682e-05
4321105,Tapes,43,Rio Grande do Sul,Sul,10,4,13,16332.4,8.647110172457545,0.0,46.916890080428956,2025,46.916890080428956,7.977949928299709e-07
4321204,Taquara,43,Rio Grande do Sul,Sul,10,7,1119,56021.5,207.70408673525668,5.215760677622183,1039.3671817512877,2024,1039.3671817512877,6.867173822897981e-05
4321303,Taquari,43,Rio Grande do Sul,Sul,10,6,76,26419.4,29.373497325077118,5.539053441634652,169.43930991990143,2024,169.43930991990143,4.664032265775215e-06
4321329,Taquaruçu do Sul,43,Rio Grande do Sul,Sul,10,8,282,3111.5,893.1316618109819,113.20634848747889,5705.329153605016,2024,5705.329153605016,1.730601445985014e-05
4321352,Tavares,43,Rio Grande do Sul,Sul,10,1,1,5411.7,1.798237727027513,0.0,17.98237727027513,2016,17.98237727027513,6.136884560230545e-08
4321402,Tenente Portela,43,Rio Grande do Sul,Sul,10,9,4160,14049.8,2813.686481970386,58.03145832117343,27277.02383363716,2024,27277.02383363716,0.0002552943977055907
4321436,Terra de Areia,43,Rio Grande do Sul,Sul,10,3,12,10823.6,11.339805538276803,0.0,75.69306462295393,2024,75.69306462295393,7.364261472276654e-07
4321451,Teutônia,43,Rio Grande do Sul,Sul,10,9,919,32889.3,271.7025010323978,19.682612248924944,1380.9145246297442,2024,1380.9145246297442,5.639796910851872e-05
4321469,Tio Hugo,43,Rio Grande do Sul,Sul,10,5,33,3128.7,99.69485425131822,17.064846416382252,417.66109785202866,2024,417.66109785202866,2.02517190487608e-06
4321477,Tiradentes do Sul,43,Rio Grande do Sul,Sul,10,6,714,5592.7,1370.8901117848666,43.16374982073424,13401.26898673332,2024,13401.26898673332,4.3817355760046094e-05
4321493,Toropi,43,Rio Grande do Sul,Sul,10,3,14,2740.6,53.99325820946167,0.0,352.38841033672674,2023,352.38841033672674,8.591638384322764e-07
4321501,Torres,43,Rio Grande do Sul,Sul,10,8,635,40058.3,147.18571134416752,6.390787868790236,1174.0778404363502,2024,1174.0778404363502,3.896921695746396e-05
4321600,Tramandaí,43,Rio Grande do Sul,Sul,10,7,551,52459.7,98.35594037843214,7.440310016107758,825.9911894273127,2024,825.9911894273127,3.3814233926870305e-05
4321626,Travesseiro,43,Rio Grande do Sul,Sul,10,3,45,2281.0,207.89153389375116,0.0,1301.1152416356877,2022,1301.1152416356877,2.7615980521037455e-06
4321634,Três Arroios,43,Rio Grande do Sul,Sul,10,4,37,2679.3,141.0724237414346,0.0,992.3664122137404,2021,992.3664122137404,2.270647287285302e-06
4321667,Três Cachoeiras,43,Rio Grande do Sul,Sul,10,6,22,11045.8,19.695241877916114,9.05963700882031,115.90584878744652,2024,115.90584878744652,1.35011460325072e-06
4321709,Três Coroas,43,Rio Grande do Sul,Sul,10,6,2006,26321.1,829.1901106954198,3.521207000899206,4381.654381654382,2024,4381.654381654382,0.00012310590427822474
4321808,Três de Maio,43,Rio Grande do Sul,Sul,10,8,4012,24530.4,1580.6060373810137,33.69049354157166,13900.6757818639,2024,13900.6757818639,0.0002462118085564495
4321832,Três Forquilhas,43,Rio Grande do Sul,Sul,10,2,5,2768.9,17.65106719715121,0.0,142.14641080312722,2024,142.14641080312722,3.0684422801152727e-07
4321857,Três Palmeiras,43,Rio Grande do Sul,Sul,10,4,20,4505.3,42.18408638175168,0.0,186.48984666390388,2024,186.48984666390388,1.227376912046109e-06
4321907,Três Passos,43,Rio Grande do Sul,Sul,10,9,5819,24825.2,2237.513518282891,210.24153842151037,19205.60036524121,2024,19205.60036524121,0.00035710531255981546
4321956,Trindade do Sul,43,Rio Grande do Sul,Sul,10,4,149,6577.2,192.02204335397408,0.0,1776.9765645119753,2024,1776.9765645119753,9.143957994743513e-06
4322004,Triunfo,43,Rio Grande do Sul,Sul,10,6,69,28697.8,24.516983478307054,5.043349467808428,133.73689026536215,2024,133.73689026536215,4.234450346559076e-06
4322103,Tucunduva,43,Rio Grande do Sul,Sul,10,5,870,5697.0,1550.7034192460087,8.362602441879913,9753.938750221278,2024,9753.938750221278,5.339089567400575e-05
4322152,Tunas,43,Rio Grande do Sul,Sul,10,3,9,4232.3,23.65665613992642,0.0,160.47071409467773,2024,160.47071409467773,5.523196104207491e-07
4322186,Tupanci do Sul,43,Rio Grande do Sul,Sul,10,1,1,1455.7,7.15307582260372,0.0,71.5307582260372,2024,71.5307582260372,6.136884560230545e-08
4322202,Tupanciretã,43,Rio Grande do Sul,Sul,10,8,88,22402.1,42.836889700546095,6.595452893950847,329.3192430572622,2024,329.3192430572622,5.40045841300288e-06
4322251,Tupandi,43,Rio Grande do Sul,Sul,10,5,43,4886.3,83.78264380759906,9.942334460131239,620.1550387596899,2024,620.1550387596899,2.6388603608991344e-06
4322301,Tuparendi,43,Rio Grande do Sul,Sul,10,7,909,8223.7,1070.5517785009613,87.93534964310663,8634.0206185567,2024,8634.0206185567,5.578428065249566e-05
4322327,Turuçu,43,Rio Grande do Sul,Sul,10,1,1,3471.4,2.9248318221702254,0.0,29.248318221702252,2023,29.248318221702252,6.136884560230545e-08
4322343,Ubiretama,43,Rio Grande do Sul,Sul,10,7,94,2052.0,463.11170150348926,94.95331873757473,3353.057199211045,2024,3353.057199211045,5.7686714866167124e-06
4322350,União da Serra,43,Rio Grande do Sul,Sul,10,2,4,1202.4,33.957423502111524,0.0,170.94017094017093,2022,170.94017094017093,2.454753824092218e-07
4322376,Unistalda,43,Rio Grande do Sul,Sul,10,1,1,2234.9,5.012531328320803,0.0,50.12531328320802,2023,50.12531328320802,6.136884560230545e-08
4322400,Uruguaiana,43,Rio Grande do Sul,Sul,10,7,548,124330.9,45.425245142716115,2.364030294017307,348.2648798444803,2024,348.2648798444803,3.363012739006339e-05
4322509,Vacaria,43,Rio Grande do Sul,Sul,10,7,46,65673.7,7.010376498028587,5.409093573908869,31.7652397519286,2024,31.7652397519286,2.822966897706051e-06
4322525,Vale Verde,43,Rio Grande do Sul,Sul,10,2,7,3365.8,21.780682126961274,0.0,186.6832607342875,2024,186.6832607342875,4.295819192161382e-07
4322533,Vale do Sol,43,Rio Grande do Sul,Sul,10,5,41,11058.3,38.62008363273917,5.049484952534841,148.8095238095238,2024,148.8095238095238,2.5161226696945237e-06
4322541,Vale Real,43,Rio Grande do Sul,Sul,10,4,13,5956.6,21.176574038996094,0.0,112.66698857234832,2024,112.66698857234832,7.977949928299709e-07
4322558,Vanini,43,Rio Grande do Sul,Sul,10,5,8,2076.6,39.24345894911572,23.6630383341221,146.55593551538837,2024,146.55593551538837,4.909507648184436e-07
4322608,Venâncio Aires,43,Rio Grande do Sul,Sul,10,9,3271,70685.0,464.1558071241399,73.1380894372134,3261.069133535767,2024,3261.069133535767,0.00020073749396514116
4322707,Vera Cruz,43,Rio Grande do Sul,Sul,10,7,797,26853.1,288.8734082788766,13.080981273130563,2539.9811853245533,2024,2539.9811853245533,4.8910969945037446e-05
4322806,Veranópolis,43,Rio Grande do Sul,Sul,10,6,40,25261.7,16.353807417178736,3.914657705541524,77.42461287693561,2024,77.42461287693561,2.454753824092218e-06
4322855,Vespasiano Corrêa,43,Rio Grande do Sul,Sul,10,2,8,1848.2,43.90341841959574,0.0,385.03850385038504,2023,385.03850385038504,4.909507648184436e-07
4322905,Viadutos,43,Rio Grande do Sul,Sul,10,5,21,4857.2,43.604956543836835,10.490977759127151,206.10057708161582,2024,206.10057708161582,1.2887457576484146e-06
4323002,Viamão,43,Rio Grande do Sul,Sul,10,10,9200,244190.3,396.7770484668206,44.98683614524815,2919.446887015293,2025,2919.446887015293,0.0005645933795412102
4323101,Vicente Dutra,43,Rio Grande do Sul,Sul,10,6,914,4770.1,1926.0822560431,20.576897624247234,18538.024015167473,2024,18538.024015167473,5.609112488050719e-05
4323200,Victor Graeff,43,Rio Grande do Sul,Sul,10,6,80,2881.8,283.03353497710543,33.73713263600449,2259.8870056497176,2024,2259.8870056497176,4.909507648184436e-06
4323309,Vila Flores,43,Rio Grande do Sul,Sul,10,1,4,3508.6,10.706638115631693,0.0,107.06638115631692,2024,107.06638115631692,2.454753824092218e-07
4323358,Vila Lângaro,43,Rio Grande do Sul,Sul,10,3,5,2111.8,23.513594365320007,0.0,141.3760603204524,2024,141.3760603204524,3.0684422801152727e-07
4323408,Vila Maria,43,Rio Grande do Sul,Sul,10,7,38,4410.2,85.76715511202963,22.920039269282043,453.20643553138456,2022,453.20643553138456,2.3320161328876075e-06
4323457,Vila Nova do Sul,43,Rio Grande do Sul,Sul,10,3,5,4144.5,12.80508937465974,0.0,51.77323323841574,2023,51.77323323841574,3.0684422801152727e-07
4323507,Vista Alegre,43,Rio Grande do Sul,Sul,10,5,442,2748.4,1629.9198032425825,17.349063150589867,15892.330383480827,2024,15892.330383480827,2.7125029756219013e-05
4323606,Vista Alegre do Prata,43,Rio Grande do Sul,Sul,10,2,3,1588.7,18.60457911206122,0.0,123.15270935960591,2024,123.15270935960591,1.8410653680691636e-07
4323705,Vista Gaúcha,43,Rio Grande do Sul,Sul,10,6,594,2842.1,2090.614142561026,35.007886425665994,20408.163265306124,2024,20408.163265306124,3.6453094287769444e-05
4323754,Vitória das Missões,43,Rio Grande do Sul,Sul,10,5,126,3246.0,379.9771021247808,14.526438117373619,3676.913803496082,2024,3676.913803496082,7.732474545890488e-06
4323770,Westfália,43,Rio Grande do Sul,Sul,10,4,29,3066.9,90.78339552931543,0.0,434.91767629698666,2024,434.91767629698666,1.7796965224668583e-06
4323804,Xangri-lá,43,Rio Grande do Sul,Sul,10,6,104,16219.6,61.611305034335395,5.900163476698436,449.5179511444964,2024,449.5179511444964,6.382359942639767e-06
5000203,Água Clara,50,Mato Grosso do Sul,Centro-Oeste,10,10,1450,16133.6,856.4395369732165,503.4237886320592,3429.975978995587,2025,3429.975978995587,8.898482612334291e-05
5000252,Alcinópolis,50,Mato Grosso do Sul,Centro-Oeste,10,10,1293,5019.0,2590.110111840342,591.5643954301056,9124.972448754685,2023,9124.972448754685,7.934991736378096e-05
5000609,Amambai,50,Mato Grosso do Sul,Centro-Oeste,10,10,5292,39673.7,1330.6514289646539,819.689143596107,4497.062220659871,2020,4497.062220659871,0.0003247639309274005
5000708,Anastácio,50,Mato Grosso do Sul,Centro-Oeste,10,9,889,24839.2,359.8517701969369,196.15862515263228,996.731366772931,2025,996.731366772931,5.455690374044955e-05
5000807,Anaurilândia,50,Mato Grosso do Sul,Centro-Oeste,10,9,1024,8476.1,1249.3421109476026,282.85861210518567,6690.186854828172,2023,6690.186854828172,6.284169789676078e-05
5000856,Angélica,50,Mato Grosso do Sul,Centro-Oeste,10,10,793,10814.4,730.1671098582099,488.2117829473219,2777.518874079597,2022,2777.518874079597,4.8665494562628225e-05
5000906,Antônio João,50,Mato Grosso do Sul,Centro-Oeste,10,10,1706,9146.5,1860.1128877827482,1188.046571837474,4858.647748038267,2023,4858.647748038267,0.00010469525059753311
5001003,Aparecida do Taboado,50,Mato Grosso do Sul,Centro-Oeste,10,10,2900,26806.8,1069.9231453192701,766.2760441774043,2963.692867429698,2021,2963.692867429698,0.00017796965224668582
5001102,Aquidauana,50,Mato Grosso do Sul,Centro-Oeste,10,10,1107,47752.9,233.40329320627666,104.5271869700447,679.4436254086277,2022,679.4436254086277,6.793531208175214e-05
5001243,Aral Moreira,50,Mato Grosso do Sul,Centro-Oeste,10,10,1345,11601.8,1157.9307372292883,739.2798451135932,3410.013531799729,2024,3410.013531799729,8.254109733510084e-05
5001508,Bandeirantes,50,Mato Grosso do Sul,Centro-Oeste,10,9,846,7424.0,1184.5430371264558,567.7195675521268,4894.589414713254,2016,4894.589414713254,5.191804337955041e-05
5001904,Bataguassu,50,Mato Grosso do Sul,Centro-Oeste,10,10,2771,23144.7,1193.8053684637546,911.8333233005369,3888.531618435155,2020,3888.531618435155,0.00017005307116398842
5002001,Batayporã,50,Mato Grosso do Sul,Centro-Oeste,10,10,1008,11115.1,920.0862487611706,306.08463361719544,4845.033607169529,2023,4845.033607169529,6.18597963671239e-05
5002100,Bela Vista,50,Mato Grosso do Sul,Centro-Oeste,10,10,2142,23434.0,937.5418713807636,301.1247031193801,4700.874473696386,2023,4700.874473696386,0.00013145206728013828
5002159,Bodoquena,50,Mato Grosso do Sul,Centro-Oeste,10,10,888,8188.1,1047.8781294960954,635.5590756900001,5299.404692424419,2023,5299.404692424419,5.4495534894847246e-05
5002209,Bonito,50,Mato Grosso do Sul,Centro-Oeste,10,10,2093,22816.8,923.9230401788694,429.9249489569322,2370.4371338440737,2020,2370.4371338440737,0.0001284449938456253
5002308,Brasilândia,50,Mato Grosso do Sul,Centro-Oeste,10,9,1343,11803.0,1142.3539510132746,632.2052342099512,4184.59461739644,2020,4184.59461739644,8.241835964389623e-05
5002407,Caarapó,50,Mato Grosso do Sul,Centro-Oeste,10,10,4013,30605.2,1308.3477000906232,820.8585999420048,3341.8267346138773,2023,3341.8267346138773,0.0002462731774020518
5002605,Camapuã,50,Mato Grosso do Sul,Centro-Oeste,10,10,1546,13722.6,1128.2732281817166,908.7717722711197,2822.5512362336813,2019,2822.5512362336813,9.487623530116423e-05
5002704,Campo Grande,50,Mato Grosso do Sul,Centro-Oeste,10,10,98239,905559.8,1103.0269599225835,564.476968754038,4066.264724068117,2019,4066.264724068117,0.006028814023124886
5002803,Caracol,50,Mato Grosso do Sul,Centro-Oeste,10,10,574,5675.5,1028.5814342364133,754.9861487745479,2700.5559968228754,2023,2700.5559968228754,3.5225717375723335e-05
5002902,Cassilândia,50,Mato Grosso do Sul,Centro-Oeste,10,10,1778,21640.3,825.6544212276746,573.5318882714428,2558.604917095483,2023,2558.604917095483,0.0001091138074808991
5002951,Chapadão do Sul,50,Mato Grosso do Sul,Centro-Oeste,10,10,5156,27974.8,1728.6785209548684,1197.7442971127875,4882.9570003847175,2024,4882.9570003847175,0.0003164177679254869
5003108,Corguinho,50,Mato Grosso do Sul,Centro-Oeste,10,9,285,5470.1,532.8319420371214,382.08632752614074,1206.050695012265,2025,1206.050695012265,1.7490120996657054e-05
5003157,Coronel Sapucaia,50,Mato Grosso do Sul,Centro-Oeste,10,10,2900,14906.2,1980.048305900591,317.37333452892074,10469.954300525204,2024,10469.954300525204,0.00017796965224668582
5003207,Corumbá,50,Mato Grosso do Sul,Centro-Oeste,10,10,9096,105655.5,857.5073635176204,300.29692871641345,2448.373291228653,2023,2448.373291228653,0.0005582110195985705
5003256,Costa Rica,50,Mato Grosso do Sul,Centro-Oeste,10,10,2787,23288.8,1116.6497850845167,940.2316852375873,3927.1384440578067,2024,3927.1384440578067,0.0001710349726936253
5003306,Coxim,50,Mato Grosso do Sul,Centro-Oeste,10,10,2594,33175.1,781.7590524010494,173.54038304705645,2861.7856820438747,2016,2861.7856820438747,0.00015919078549238034
5003454,Deodápolis,50,Mato Grosso do Sul,Centro-Oeste,10,10,1942,13315.7,1484.2074012073613,567.575482599511,4098.489616110762,2016,4098.489616110762,0.0001191782981596772
5003488,Dois Irmãos do Buriti,50,Mato Grosso do Sul,Centro-Oeste,10,10,621,11301.0,555.0075854899959,248.50507300848673,2081.6363471807404,2016,2081.6363471807404,3.811005311903169e-05
5003504,Douradina,50,Mato Grosso do Sul,Centro-Oeste,10,9,741,5808.8,1269.5861044614928,789.8365911933489,5623.430962343096,2020,5623.430962343096,4.5474314591308345e-05
5003702,Dourados,50,Mato Grosso do Sul,Centro-Oeste,10,10,13841,234234.5,611.7273112231978,288.9191660830861,2432.8433857070454,2019,2432.8433857070454,0.0008494061919815098
5003751,Eldorado,50,Mato Grosso do Sul,Centro-Oeste,10,10,1529,11993.2,1278.4766253885641,1363.6479500777332,3096.2549277266753,2016,3096.2549277266753,9.383296492592504e-05
5003801,Fátima do Sul,50,Mato Grosso do Sul,Centro-Oeste,10,10,1045,19923.6,529.7627441449938,380.09915773044133,1987.4804381846636,2020,1987.4804381846636,6.41304436544092e-05
5003900,Figueirão,50,Mato Grosso do Sul,Centro-Oeste,10,10,610,3280.5,1785.5963065974672,710.9351443715317,6478.272460677153,2025,6478.272460677153,3.7434995817406326e-05
5004007,Glória de Dourados,50,Mato Grosso do Sul,Centro-Oeste,10,8,937,10224.8,923.527964356827,299.19770704771713,5346.733668341709,2020,5346.733668341709,5.750260832936021e-05
5004106,Guia Lopes da Laguna,50,Mato Grosso do Sul,Centro-Oeste,10,10,904,9962.6,908.7890766174436,483.3455719040517,2188.5179153094464,2020,2188.5179153094464,5.5477436424484135e-05
5004304,Iguatemi,50,Mato Grosso do Sul,Centro-Oeste,10,10,1104,15167.3,755.6138776267196,184.949812596093,3859.5990582863665,2024,3859.5990582863665,6.775120554494522e-05
5004403,Inocência,50,Mato Grosso do Sul,Centro-Oeste,10,10,1118,7993.2,1321.900011582396,679.3476287773503,6777.727065267001,2025,6777.727065267001,6.86103693833775e-05
5004502,Itaporã,50,Mato Grosso do Sul,Centro-Oeste,10,10,2029,24473.6,838.5180802865583,186.2204360789366,3853.0057587935535,2023,3853.0057587935535,0.00012451738772707778
5004601,Itaquiraí,50,Mato Grosso do Sul,Centro-Oeste,10,10,2736,20496.7,1338.4039603119825,1130.6840448844173,3980.796159231846,2024,3980.796159231846,0.00016790516156790772
5004700,Ivinhema,50,Mato Grosso do Sul,Centro-Oeste,10,10,3464,25408.8,1301.766117588249,1128.3562907685161,4464.253621365156,2023,4464.253621365156,0.0002125816811663861
5004809,Japorã,50,Mato Grosso do Sul,Centro-Oeste,10,9,852,8738.5,997.5453783501467,486.11574179224226,2949.2210726602448,2024,2949.2210726602448,5.228625645316425e-05
5004908,Jaraguari,50,Mato Grosso do Sul,Centro-Oeste,10,10,929,7204.4,1291.6867563763396,739.6397512870205,5364.897044403978,2023,5364.897044403978,5.701165756454177e-05
5005004,Jardim,50,Mato Grosso do Sul,Centro-Oeste,10,10,1986,25302.7,797.3572424544742,413.0567542465788,2122.513656644844,2023,2122.513656644844,0.00012187852736617864
5005103,Jateí,50,Mato Grosso do Sul,Centro-Oeste,10,10,814,3854.1,2155.001582794751,1533.7423312883434,7397.107897664071,2025,7397.107897664071,4.995424032027664e-05
5005152,Juti,50,Mato Grosso do Sul,Centro-Oeste,10,10,1223,6756.1,1794.9180301728313,694.6094679374,6925.248922573933,2023,6925.248922573933,7.505409817161957e-05
5005202,Ladário,50,Mato Grosso do Sul,Centro-Oeste,10,10,1396,22660.5,615.256061311806,268.87720035693883,1960.7843137254902,2023,1960.7843137254902,8.567090846081841e-05
5005251,Laguna Carapã,50,Mato Grosso do Sul,Centro-Oeste,10,9,1035,7144.4,1484.0030754390552,630.5783497853522,5618.473304897779,2023,5618.473304897779,6.351675519838615e-05
5005400,Maracaju,50,Mato Grosso do Sul,Centro-Oeste,10,10,3453,46474.2,740.5400936030042,484.33865892347796,3056.80733456168,2023,3056.80733456168,0.00021190662386476073
5005608,Miranda,50,Mato Grosso do Sul,Centro-Oeste,10,10,2721,27136.3,1036.7832006434644,399.25833268305416,6250.0,2022,6250.0,0.00016698462888387316
5005681,Mundo Novo,50,Mato Grosso do Sul,Centro-Oeste,10,10,2682,18818.0,1399.6424270967502,1731.925874516443,4273.461403420775,2024,4273.461403420775,0.00016459124390538323
5005707,Naviraí,50,Mato Grosso do Sul,Centro-Oeste,10,10,7641,53329.2,1432.9603339803796,613.7842069248952,5252.383774174433,2020,5252.383774174433,0.000468919349247216
5005806,Nioaque,50,Mato Grosso do Sul,Centro-Oeste,10,10,948,13713.1,705.4408500383104,285.57872421745685,3872.919818456883,2022,3872.919818456883,5.8177665630985574e-05
5006002,Nova Alvorada do Sul,50,Mato Grosso do Sul,Centro-Oeste,10,10,1015,21967.5,460.0796498089479,163.91814743494726,1508.088840142583,2019,1508.088840142583,6.228937828634004e-05
5006200,Nova Andradina,50,Mato Grosso do Sul,Centro-Oeste,10,10,2077,52214.5,394.58617057567034,258.9835020865956,1399.5659690293155,2019,1399.5659690293155,0.00012746309231598843
5006259,Novo Horizonte do Sul,50,Mato Grosso do Sul,Centro-Oeste,10,10,682,4226.9,1655.0382401651418,438.67908266953896,6351.791530944625,2020,6351.791530944625,4.185355270077232e-05
5006275,Paraíso das Águas,50,Mato Grosso do Sul,Centro-Oeste,10,10,934,5565.5,1652.8920449812947,1264.7352372169923,3704.3448156482605,2024,3704.3448156482605,5.73185017925533e-05
5006309,Paranaíba,50,Mato Grosso do Sul,Centro-Oeste,10,10,4311,41931.1,1027.5404388279744,847.4710639068117,2620.8723625697794,2020,2620.8723625697794,0.0002645610933915388
5006358,Paranhos,50,Mato Grosso do Sul,Centro-Oeste,10,10,1050,13731.5,765.1657723686624,336.26090854282694,2700.6387114690365,2020,2700.6387114690365,6.443728788242074e-05
5006408,Pedro Gomes,50,Mato Grosso do Sul,Centro-Oeste,10,10,1130,7371.6,1544.9188941171128,807.7301766850821,4553.208240388401,2020,4553.208240388401,6.934679553060516e-05
5006606,Ponta Porã,50,Mato Grosso do Sul,Centro-Oeste,10,10,12738,93083.0,1368.9863427828818,929.2516401813781,5128.969415672205,2020,5128.969415672205,0.0007817163552821669
5006903,Porto Murtinho,50,Mato Grosso do Sul,Centro-Oeste,10,10,777,15383.5,530.5871567961792,273.7920094779608,2053.0367835757056,2022,2053.0367835757056,4.7683593032991336e-05
5007109,Ribas do Rio Pardo,50,Mato Grosso do Sul,Centro-Oeste,10,10,1729,24100.4,720.728138821263,527.208217153481,2000.0,2022,2000.0,0.00010610673404638614
5007208,Rio Brilhante,50,Mato Grosso do Sul,Centro-Oeste,10,10,1429,37854.0,379.34811244723124,277.8710878494251,862.4240551951397,2021,862.4240551951397,8.76960803656945e-05
5007307,Rio Negro,50,Mato Grosso do Sul,Centro-Oeste,10,10,513,4844.2,1060.3853772135972,507.3841951155852,4255.31914893617,2022,4255.31914893617,3.14822177939827e-05
5007406,Rio Verde de Mato Grosso,50,Mato Grosso do Sul,Centro-Oeste,10,10,1032,19899.3,520.5396934391274,227.45153516964518,1962.649576928854,2020,1962.649576928854,6.333264866157923e-05
5007505,Rochedo,50,Mato Grosso do Sul,Centro-Oeste,10,10,485,5300.3,916.1223395224397,357.078703916623,2365.8395845354876,2022,2365.8395845354876,2.9763890117118145e-05
5007554,Santa Rita do Pardo,50,Mato Grosso do Sul,Centro-Oeste,10,10,410,7530.7,546.4090852824286,437.86646482002277,1358.8324106693508,2021,1358.8324106693508,2.5161226696945238e-05
5007695,São Gabriel do Oeste,50,Mato Grosso do Sul,Centro-Oeste,10,10,7876,28241.5,2837.319981861264,1632.5206208350585,6465.4325354714465,2016,6465.4325354714465,0.00048334102796375775
5007703,Sete Quedas,50,Mato Grosso do Sul,Centro-Oeste,10,10,1233,10933.7,1125.0224376395558,741.3134436965616,3660.457788898156,2019,3660.457788898156,7.566778662764263e-05
5007802,Selvíria,50,Mato Grosso do Sul,Centro-Oeste,10,9,773,7268.5,997.1152622366053,476.79353735800566,3441.9458467186782,2025,3441.9458467186782,4.7438117650582116e-05
5007901,Sidrolândia,50,Mato Grosso do Sul,Centro-Oeste,10,10,3805,53467.8,716.3837072248232,453.96274253178643,2261.3370328622213,2019,2261.3370328622213,0.00023350845751677227
5007935,Sonora,50,Mato Grosso do Sul,Centro-Oeste,10,10,1879,17298.2,1086.537493391199,762.385828196718,2803.634134106237,2016,2803.634134106237,0.00011531206088673195
5007950,Tacuru,50,Mato Grosso do Sul,Centro-Oeste,10,9,764,11287.2,678.7541245868376,109.06195717981723,2007.3483287032886,2024,2007.3483287032886,4.688579804016137e-05
5007976,Taquarussu,50,Mato Grosso do Sul,Centro-Oeste,10,10,301,3620.7,826.8549841473507,636.781526745392,1898.3957219251338,2025,1898.3957219251338,1.8472022526293943e-05
5008008,Terenos,50,Mato Grosso do Sul,Centro-Oeste,10,10,1465,20097.4,777.1104981745756,236.1013349315935,5197.448025519745,2025,5197.448025519745,8.990535880737749e-05
5008305,Três Lagoas,50,Mato Grosso do Sul,Centro-Oeste,10,10,18983,127157.1,1518.1028541682008,1123.7908570436998,3512.6218294085597,2023,3512.6218294085597,0.0011649647960685645
5008404,Vicentina,50,Mato Grosso do Sul,Centro-Oeste,10,10,867,6212.1,1396.0559719892922,830.6773250939755,4256.015714519562,2020,4256.015714519562,5.320678913719883e-05
5100102,Acorizal,51,Mato Grosso,Centro-Oeste,10,9,291,5200.2,565.6292878498813,460.77996511988107,1450.3673008099454,2021,1450.3673008099454,1.7858334070270888e-05
5100201,Água Boa,51,Mato Grosso,Centro-Oeste,10,10,2136,27421.7,746.2566016433639,484.7948466972555,1841.2676682980252,2022,1841.2676682980252,0.00013108385420652446
5100250,Alta Floresta,51,Mato Grosso,Centro-Oeste,10,10,7504,54840.7,1404.6142652576295,910.9163662517542,3744.36234526437,2021,3744.36234526437,0.00046051181739970015
5100300,Alto Araguaia,51,Mato Grosso,Centro-Oeste,10,10,1638,18264.5,893.9367922821515,882.8757775156032,2630.7498424700693,2019,2630.7498424700693,0.00010052216909657634
5100359,Alto Boa Vista,51,Mato Grosso,Centro-Oeste,10,9,224,6350.8,369.0925486999458,197.4274983437097,2025.5319148936169,2024,2025.5319148936169,1.3746621414916422e-05
5100409,Alto Garças,51,Mato Grosso,Centro-Oeste,10,10,1528,12505.4,1156.9743630524367,620.9299718335877,4246.00569052309,2024,4246.00569052309,9.377159608032274e-05
5100508,Alto Paraguai,51,Mato Grosso,Centro-Oeste,10,10,322,9864.9,386.9844220514903,134.78860232672864,2850.848775430867,2024,2850.848775430867,1.9760768283942356e-05
5100607,Alto Taquari,51,Mato Grosso,Centro-Oeste,10,10,934,10941.5,831.9178521212789,340.13765991781224,2998.8765015988247,2024,2998.8765015988247,5.73185017925533e-05
5100805,Apiacás,51,Mato Grosso,Centro-Oeste,10,7,613,9463.6,702.3549444973523,99.40128267704246,5245.599907971931,2025,5245.599907971931,3.761910235421325e-05
5101001,Araguaiana,51,Mato Grosso,Centro-Oeste,10,10,728,3403.2,2001.3364772598338,1884.057971014493,5189.873417721519,2024,5189.873417721519,4.467651959847837e-05
5101209,Araguainha,51,Mato Grosso,Centro-Oeste,10,9,138,965.3,1410.926086972125,715.6246752943821,4356.435643564356,2022,4356.435643564356,8.468900693118153e-06
5101258,Araputanga,51,Mato Grosso,Centro-Oeste,10,10,1590,15910.4,1044.052851865025,595.0518453320858,3850.050658561297,2025,3850.050658561297,9.757646450766568e-05
5101308,Arenápolis,51,Mato Grosso,Centro-Oeste,10,10,607,9992.1,593.2871317815701,389.42526547040643,1619.0564808783847,2024,1619.0564808783847,3.725088928059941e-05
5101407,Aripuanã,51,Mato Grosso,Centro-Oeste,10,10,1629,23431.0,703.6068650494742,603.0764393109059,2384.465280091381,2016,2384.465280091381,9.996984948615559e-05
5101605,Barão de Melgaço,51,Mato Grosso,Centro-Oeste,10,7,37,7806.1,50.04079953085707,38.19627729941895,224.1838307412078,2025,224.1838307412078,2.270647287285302e-06
5101704,Barra do Bugres,51,Mato Grosso,Centro-Oeste,10,10,2192,32530.0,721.4326367116548,145.23813882729354,5308.358128212064,2024,5308.358128212064,0.00013452050956025356
5101803,Barra do Garças,51,Mato Grosso,Centro-Oeste,10,10,3848,64716.6,571.8697888488427,530.6969325055375,1196.3589076723017,2022,1196.3589076723017,0.0002361473178776714
5101837,Boa Esperança do Norte,51,Mato Grosso,Centro-Oeste,1,1,2,5877.0,34.03096818104475,34.03096818104475,34.03096818104475,2025,34.03096818104475,1.227376912046109e-07
5101852,Bom Jesus do Araguaia,51,Mato Grosso,Centro-Oeste,10,9,926,6918.1,1338.1718215366377,1521.5377393082144,3533.787972721637,2018,3533.787972721637,5.682755102773485e-05
5101902,Brasnorte,51,Mato Grosso,Centro-Oeste,10,10,1024,18574.9,567.1415182966526,339.2381429355582,2074.2419948994047,2025,2074.2419948994047,6.284169789676078e-05
5102504,Cáceres,51,Mato Grosso,Centro-Oeste,10,10,6814,92336.5,740.3980993586832,147.43503132017617,3122.4761530569926,2024,3122.4761530569926,0.0004181673139341094
5102603,Campinápolis,51,Mato Grosso,Centro-Oeste,10,10,357,15780.5,227.55189440979302,193.21267143807796,658.1090766925132,2023,658.1090766925132,2.1908677880023047e-05
5102637,Campo Novo do Parecis,51,Mato Grosso,Centro-Oeste,10,10,3183,40286.0,763.288102566334,253.67422307418397,2963.22939435022,2020,2963.22939435022,0.00019533703555213826
5102678,Campo Verde,51,Mato Grosso,Centro-Oeste,10,10,4690,44148.6,1036.2021239937803,688.0209656113784,2876.795383746942,2024,2876.795383746942,0.0002878198858748126
5102686,Campos de Júlio,51,Mato Grosso,Centro-Oeste,10,10,1512,7796.2,1814.1723685391462,976.2584865043881,4896.848787123102,2023,4896.848787123102,9.278969455068585e-05
5102694,Canabrava do Norte,51,Mato Grosso,Centro-Oeste,10,10,459,4612.8,993.375519424636,624.6142896958115,2377.41456166419,2021,2377.41456166419,2.8168300131458205e-05
5102702,Canarana,51,Mato Grosso,Centro-Oeste,10,10,1939,23569.8,802.288505162516,577.118134771807,2564.003403202104,2022,2564.003403202104,0.00011899419162287027
5102793,Carlinda,51,Mato Grosso,Centro-Oeste,10,10,936,10265.3,914.0381031863035,743.0002035447689,3441.513873909207,2020,3441.513873909207,5.7441239483757906e-05
5102850,Castanheira,51,Mato Grosso,Centro-Oeste,10,8,302,8170.1,381.5857948711035,224.5760341154329,1199.0407673860911,2023,1199.0407673860911,1.8533391371896246e-05
5103007,Chapada dos Guimarães,51,Mato Grosso,Centro-Oeste,10,10,1811,19608.1,898.6546401602052,821.484992101106,2462.0625580675132,2024,2462.0625580675132,0.00011113897938577518
5103056,Cláudia,51,Mato Grosso,Centro-Oeste,10,10,1762,11005.5,1702.6586144923044,1222.9432618686485,5785.468570832899,2022,5785.468570832899,0.00010813190595126221
5103106,Cocalinho,51,Mato Grosso,Centro-Oeste,10,10,1270,5921.9,2110.846770777688,894.42649351489,6105.263157894737,2019,6105.263157894737,7.793843391492793e-05
5103205,Colíder,51,Mato Grosso,Centro-Oeste,10,10,4053,32538.8,1247.627182173693,914.6672466575585,3382.0705951853492,2021,3382.0705951853492,0.000248727931226144
5103254,Colniza,51,Mato Grosso,Centro-Oeste,10,10,2547,33153.4,788.9687137509516,717.7535145810641,1870.6822944966236,2023,1870.6822944966236,0.000156306449749072
5103304,Comodoro,51,Mato Grosso,Centro-Oeste,10,10,2142,19657.3,1114.5603315325868,685.0221261199716,3733.962057243119,2023,3733.962057243119,0.00013145206728013828
5103353,Confresa,51,Mato Grosso,Centro-Oeste,10,10,3538,32940.1,1060.7407945877696,1082.1321761306126,2049.5910516277113,2019,2049.5910516277113,0.00021712297574095671
5103361,Conquista D'Oeste,51,Mato Grosso,Centro-Oeste,10,8,433,3923.6,1111.7239468961313,851.1221964544195,3613.8358286009293,2024,3613.8358286009293,2.657271014579826e-05
5103379,Cotriguaçu,51,Mato Grosso,Centro-Oeste,10,10,736,15930.7,536.961175231859,343.39260698915905,1907.1837253655435,2023,1907.1837253655435,4.516747036329682e-05
5103403,Cuiabá,51,Mato Grosso,Centro-Oeste,10,10,15415,631348.4,245.48417555241153,226.95270036155364,598.3549052901284,2017,598.3549052901284,0.0009460007549595386
5103437,Curvelândia,51,Mato Grosso,Centro-Oeste,10,9,166,5073.9,329.6714188902222,87.55193452813711,1530.0986510972418,2024,1530.0986510972418,1.0187228369982705e-05
5103452,Denise,51,Mato Grosso,Centro-Oeste,10,9,20,8368.2,26.934033417225002,16.099563601401414,89.88764044943821,2025,89.88764044943821,1.227376912046109e-06
5103502,Diamantino,51,Mato Grosso,Centro-Oeste,10,10,1777,21989.2,800.5367883201545,683.0922515791269,2016.942315449778,2021,2016.942315449778,0.0001090524386352968
5103601,Dom Aquino,51,Mato Grosso,Centro-Oeste,10,10,447,8015.8,560.684811973605,510.073984706557,1238.1554011370815,2024,1238.1554011370815,2.743187398423054e-05
5103700,Feliz Natal,51,Mato Grosso,Centro-Oeste,10,10,1503,12612.5,1190.4822300762294,576.4546082644508,4689.436716705688,2020,4689.436716705688,9.22373749402651e-05
5103809,Figueirópolis D'Oeste,51,Mato Grosso,Centro-Oeste,10,7,107,3337.2,325.39909774373575,204.93749980846965,1216.685979142526,2020,1216.685979142526,6.5664664794466835e-06
5103858,Gaúcha do Norte,51,Mato Grosso,Centro-Oeste,10,10,842,8118.1,1017.7279111187909,892.8423715734206,2696.1351538995605,2022,2696.1351538995605,5.167256799714119e-05
5103908,General Carneiro,51,Mato Grosso,Centro-Oeste,10,10,415,5760.7,696.0544858315004,397.54845121749213,2848.0,2024,2848.0,2.5468070924956765e-05
5103957,Glória D'Oeste,51,Mato Grosso,Centro-Oeste,10,9,94,2960.6,319.03468247172134,65.88764913171778,1571.9063545150502,2021,1571.9063545150502,5.7686714866167124e-06
5104104,Guarantã do Norte,51,Mato Grosso,Centro-Oeste,10,10,2516,33718.5,745.7437070690589,507.19311331623373,2069.0864457303173,2016,2069.0864457303173,0.00015440401553540052
5104203,Guiratinga,51,Mato Grosso,Centro-Oeste,10,10,327,13301.7,273.91051589350417,145.60318247695926,845.0436764147361,2024,845.0436764147361,2.0067612511953883e-05
5104500,Indiavaí,51,Mato Grosso,Centro-Oeste,10,9,204,2512.6,854.847288230782,436.8263233043254,2575.6891098056935,2023,2575.6891098056935,1.2519244502870312e-05
5104526,Ipiranga do Norte,51,Mato Grosso,Centro-Oeste,10,9,1047,7793.5,1333.2045054422647,1092.145711944851,4368.686868686868,2020,4368.686868686868,6.425318134561381e-05
5104542,Itanhangá,51,Mato Grosso,Centro-Oeste,10,10,975,7127.1,1342.7470698975071,780.810148206916,3965.141612200436,2020,3965.141612200436,5.983462446224782e-05
5104559,Itaúba,51,Mato Grosso,Centro-Oeste,10,10,1209,4312.3,2725.1998140222686,1259.9709154741724,9459.719284752931,2025,9459.719284752931,7.419493433318729e-05
5104609,Itiquira,51,Mato Grosso,Centro-Oeste,10,10,1016,12877.4,797.0418669525635,841.7084154497213,1748.9375612945407,2023,1748.9375612945407,6.235074713194234e-05
5104807,Jaciara,51,Mato Grosso,Centro-Oeste,10,10,1815,28056.0,643.2375178099987,358.80560906043615,1593.3694181326116,2024,1593.3694181326116,0.0001113844547681844
5104906,Jangada,51,Mato Grosso,Centro-Oeste,10,9,241,7931.5,313.03658243814846,267.267282636023,768.9194658033185,2025,768.9194658033185,1.4789891790155614e-05
5105002,Jauru,51,Mato Grosso,Centro-Oeste,10,10,258,8522.8,313.5337010298804,180.71541599859785,1015.354135710748,2024,1015.354135710748,1.5833162165394806e-05
5105101,Juara,51,Mato Grosso,Centro-Oeste,10,10,2485,34956.7,710.3957660997204,464.517888202893,1665.3273850757848,2025,1665.3273850757848,0.00015250158132172904
5105150,Juína,51,Mato Grosso,Centro-Oeste,10,10,2353,43164.0,549.592826916569,461.9478037144743,1598.1275481955,2016,1598.1275481955,0.00014440089370222473
5105176,Juruena,51,Mato Grosso,Centro-Oeste,10,8,953,13435.6,905.9152891328583,297.7073017522723,4593.815253057572,2025,4593.815253057572,5.84845098589971e-05
5105200,Juscimeira,51,Mato Grosso,Centro-Oeste,10,10,679,11300.8,598.1483239378535,446.174480407244,1901.893287435456,2024,1901.893287435456,4.16694461639654e-05
5105234,Lambari D'Oeste,51,Mato Grosso,Centro-Oeste,10,8,473,5529.6,970.6789198652934,80.3268394953681,5105.105105105105,2025,5105.105105105105,2.902746396989048e-05
5105259,Lucas do Rio Verde,51,Mato Grosso,Centro-Oeste,10,10,6055,74283.1,777.7711785430877,311.0154291121395,3343.7552208883267,2022,3343.7552208883267,0.00037158836012195955
5105309,Luciara,51,Mato Grosso,Centro-Oeste,10,5,11,2260.6,47.6176405973647,19.297568506368197,196.46365422396855,2021,196.46365422396855,6.7505730162536e-07
5105507,Vila Bela da Santíssima Trindade,51,Mato Grosso,Centro-Oeste,10,10,358,16425.8,214.9284185019671,202.69464647669014,379.6594569719282,2024,379.6594569719282,2.1970046725625354e-05
5105580,Marcelândia,51,Mato Grosso,Centro-Oeste,10,10,1999,10822.9,1848.087251691505,1290.0088630176526,6411.398040961709,2021,6411.398040961709,0.0001226763223590086
5105606,Matupá,51,Mato Grosso,Centro-Oeste,10,10,1757,18179.0,962.3436112011739,1010.5470577384851,1961.1600868787532,2016,1961.1600868787532,0.00010782506172325069
5105622,Mirassol d'Oeste,51,Mato Grosso,Centro-Oeste,10,10,1561,27343.3,566.640604685735,413.85900636770043,1403.9452639061667,2021,1403.9452639061667,9.579676798519882e-05
5105903,Nobres,51,Mato Grosso,Centro-Oeste,10,10,608,15372.8,391.0526387517246,239.4315459493544,1342.6284533953008,2022,1342.6284533953008,3.731225812620172e-05
5106000,Nortelândia,51,Mato Grosso,Centro-Oeste,10,10,406,5942.9,682.4916797936576,493.32473795885323,1786.0151642796966,2024,1786.0151642796966,2.4915751314536014e-05
5106109,Nossa Senhora do Livramento,51,Mato Grosso,Centro-Oeste,10,10,236,12684.2,193.11180155546703,119.78361669242659,763.4242580202435,2024,763.4242580202435,1.4483047562144088e-05
5106158,Nova Bandeirantes,51,Mato Grosso,Centro-Oeste,10,10,734,14628.3,511.28606606059986,349.47721652808025,1680.613668061367,2025,1680.613668061367,4.5044732672092204e-05
5106174,Nova Nazaré,51,Mato Grosso,Centro-Oeste,10,10,263,4023.0,639.3836477940939,233.78985265189476,2014.7750167897916,2024,2014.7750167897916,1.6140006393406334e-05
5106182,Nova Lacerda,51,Mato Grosso,Centro-Oeste,10,10,541,6672.4,788.3776049175119,569.7151424287856,2842.7853553481696,2024,2842.7853553481696,3.320054547084725e-05
5106190,Nova Santa Helena,51,Mato Grosso,Centro-Oeste,10,10,595,3949.7,1471.530468117116,1176.3822648672572,3939.608398207124,2022,3939.608398207124,3.6514463133371744e-05
5106208,Nova Brasilândia,51,Mato Grosso,Centro-Oeste,10,10,371,3848.4,970.5071131573502,724.821973550356,3114.456267843239,2024,3114.456267843239,2.2767841718455322e-05
5106216,Nova Canaã do Norte,51,Mato Grosso,Centro-Oeste,10,10,1485,12289.5,1198.9001623793306,781.9898276011746,3479.3414103758932,2021,3479.3414103758932,9.11327357194236e-05
5106224,Nova Mutum,51,Mato Grosso,Centro-Oeste,10,10,6830,50447.3,1229.9120764125548,936.5696053150846,3497.555471981948,2022,3497.555471981948,0.00041914921546374625
5106232,Nova Olímpia,51,Mato Grosso,Centro-Oeste,10,10,453,18562.3,255.32324150678824,253.01212832969486,729.4348412406522,2024,729.4348412406522,2.780008705784437e-05
5106240,Nova Ubiratã,51,Mato Grosso,Centro-Oeste,10,10,1487,11582.0,1271.058167383034,1173.9472165272775,3703.3824804856895,2022,3703.3824804856895,9.125547341062821e-05
5106257,Nova Xavantina,51,Mato Grosso,Centro-Oeste,10,10,1421,22649.3,605.7171550938834,333.8677055717727,2045.5945779420827,2023,2045.5945779420827,8.720512960087605e-05
5106265,Novo Mundo,51,Mato Grosso,Centro-Oeste,10,9,1326,8020.7,1782.4002793807917,1720.9490459345752,5664.183736809436,2024,5664.183736809436,8.137508926865704e-05
5106273,Novo Horizonte do Norte,51,Mato Grosso,Centro-Oeste,10,10,662,3711.9,1935.4092115970957,609.5843590859333,13317.40818154673,2022,13317.40818154673,4.0626175788726214e-05
5106281,Novo São Joaquim,51,Mato Grosso,Centro-Oeste,10,10,401,5855.1,601.6573642032515,414.0524280189085,2914.767233043238,2025,2914.767233043238,2.4608907086524487e-05
5106299,Paranaíta,51,Mato Grosso,Centro-Oeste,10,10,2186,11411.1,1889.5173858461662,968.5380384598404,5375.963156496325,2021,5375.963156496325,0.00013415229648663972
5106307,Paranatinga,51,Mato Grosso,Centro-Oeste,10,10,2447,24379.3,937.1356183493983,542.6874354739009,2933.2577582542153,2024,2933.2577582542153,0.00015016956518884144
5106315,Novo Santo Antônio,51,Mato Grosso,Centro-Oeste,10,8,25,2373.1,115.57684736991068,87.50657944206331,391.96472317491424,2025,391.96472317491424,1.5342211400576365e-06
5106372,Pedra Preta,51,Mato Grosso,Centro-Oeste,10,10,416,17765.1,229.04791297584057,181.55406549272936,555.4962076701207,2024,555.4962076701207,2.552943977055907e-05
5106422,Peixoto de Azevedo,51,Mato Grosso,Centro-Oeste,10,10,2866,34032.3,847.9510692384368,891.6042543649369,1820.0384430562228,2016,1820.0384430562228,0.00017588311149620745
5106455,Planalto da Serra,51,Mato Grosso,Centro-Oeste,10,9,854,2879.5,2922.606825166571,2113.0679315913094,10419.02604756512,2020,10419.02604756512,5.240899414436886e-05
5106505,Poconé,51,Mato Grosso,Centro-Oeste,10,10,1290,32166.4,404.6499125855636,289.506110287214,985.0011193194538,2024,985.0011193194538,7.916581082697404e-05
5106653,Pontal do Araguaia,51,Mato Grosso,Centro-Oeste,10,10,537,6835.4,777.0748917591219,595.7657180303623,2784.189267166763,2022,2784.189267166763,3.295507008843803e-05
5106703,Ponte Branca,51,Mato Grosso,Centro-Oeste,10,9,391,1759.1,1961.7059762976467,553.1836725873028,10408.366533864542,2023,10408.366533864542,2.3995218630501432e-05
5106752,Pontes e Lacerda,51,Mato Grosso,Centro-Oeste,10,10,4893,48437.1,948.2872026606098,748.1576575080007,3058.6732366091796,2024,3058.6732366091796,0.0003002777615320806
5106778,Porto Alegre do Norte,51,Mato Grosso,Centro-Oeste,10,10,900,12365.7,724.8174462134986,570.0262649053415,1579.7921770718933,2016,1579.7921770718933,5.523196104207491e-05
5106802,Porto dos Gaúchos,51,Mato Grosso,Centro-Oeste,10,9,1011,5471.8,1798.214666124991,610.8198918500841,8641.542506573182,2025,8641.542506573182,6.204390290393081e-05
5106828,Porto Esperidião,51,Mato Grosso,Centro-Oeste,10,10,522,11202.6,486.31599608772467,86.89037974853076,1626.8130145041162,2023,1626.8130145041162,3.203453740440345e-05
5106851,Porto Estrela,51,Mato Grosso,Centro-Oeste,10,8,201,3049.1,638.4327836830373,408.8947774200027,2388.33746898263,2022,2388.33746898263,1.2335137966063397e-05
5107008,Poxoréu,51,Mato Grosso,Centro-Oeste,10,10,593,19294.2,274.8213947026176,182.67868611516064,949.1903964265773,2023,949.1903964265773,3.639172544216714e-05
5107040,Primavera do Leste,51,Mato Grosso,Centro-Oeste,10,10,16467,72691.3,2075.0265745619063,1425.7152543543996,5053.672515444061,2023,5053.672515444061,0.001010560780533164
5107065,Querência,51,Mato Grosso,Centro-Oeste,10,10,3689,21784.7,1457.2130428020293,862.6811483171741,5610.967910642908,2022,5610.967910642908,0.00022638967142690481
5107107,São José dos Quatro Marcos,51,Mato Grosso,Centro-Oeste,10,10,876,18374.4,487.63077947586646,144.1275701600705,2978.1267526640495,2024,2978.1267526640495,5.375910874761958e-05
5107156,Reserva do Cabaçal,51,Mato Grosso,Centro-Oeste,10,10,428,2456.0,1870.7003302920173,1359.5275946140887,5940.59405940594,2025,5940.59405940594,2.6265865917786734e-05
5107180,Ribeirão Cascalheira,51,Mato Grosso,Centro-Oeste,10,10,481,10169.3,470.46868058903254,406.6226871912962,1385.0678303766247,2025,1385.0678303766247,2.9518414734708925e-05
5107198,Ribeirãozinho,51,Mato Grosso,Centro-Oeste,10,9,343,2489.6,1385.0529831330355,1084.7724043505673,5243.600330305532,2020,5243.600330305532,2.1049514041590772e-05
5107206,Rio Branco,51,Mato Grosso,Centro-Oeste,10,8,665,4865.8,1450.141496867732,368.97730981003167,6170.639340610381,2024,6170.639340610381,4.081028232553313e-05
5107248,Santa Carmem,51,Mato Grosso,Centro-Oeste,10,10,857,4908.0,1648.6529113952208,1344.8254138117236,4447.339039821362,2022,4447.339039821362,5.2593100681175774e-05
5107263,Santo Afonso,51,Mato Grosso,Centro-Oeste,10,10,220,2860.9,773.6487138630432,396.8765710589655,2520.3252032520327,2024,2520.3252032520327,1.35011460325072e-05
5107297,São José do Povo,51,Mato Grosso,Centro-Oeste,10,8,257,3565.9,827.8867322840131,445.03273785466007,3165.217391304348,2023,3165.217391304348,1.5771793319792503e-05
5107305,São José do Rio Claro,51,Mato Grosso,Centro-Oeste,10,9,1106,18140.0,681.6828872705994,279.32142904471766,3292.8710348065188,2022,3292.8710348065188,6.787394323614984e-05
5107354,São José do Xingu,51,Mato Grosso,Centro-Oeste,10,10,555,5757.2,960.8375691170728,1018.4322537038051,2377.1224307417338,2019,2377.1224307417338,3.4059709309279525e-05
5107404,São Pedro da Cipa,51,Mato Grosso,Centro-Oeste,10,9,244,4490.8,569.8595516319365,232.9932035107715,3202.2604191193786,2024,3202.2604191193786,1.4973998326962531e-05
5107578,Rondolândia,51,Mato Grosso,Centro-Oeste,10,10,235,3780.4,657.2831756413082,298.8227210455402,2368.045649072753,2023,2368.045649072753,1.4421678716541782e-05
5107602,Rondonópolis,51,Mato Grosso,Centro-Oeste,10,10,7628,239091.5,308.424534183535,133.9325689312264,993.4221002731605,2023,993.4221002731605,0.00046812155425438604
5107701,Rosário Oeste,51,Mato Grosso,Centro-Oeste,10,10,663,16354.8,400.8949053362886,206.8931346406476,1488.3228425201482,2021,1488.3228425201482,4.068754463432852e-05
5107743,Santa Cruz do Xingu,51,Mato Grosso,Centro-Oeste,10,10,201,2622.6,750.6204233593829,582.0819354584515,2222.222222222222,2021,2222.222222222222,1.2335137966063397e-05
5107750,Salto do Céu,51,Mato Grosso,Centro-Oeste,10,7,48,3478.7,138.1111693559888,44.152890763993824,624.07132243685,2019,624.07132243685,2.9457045889106618e-06
5107768,Santa Rita do Trivelato,51,Mato Grosso,Centro-Oeste,10,10,702,3378.4,2021.379681411118,1501.7438701649228,5342.188853595148,2024,5342.188853595148,4.308092961281843e-05
5107776,Santa Terezinha,51,Mato Grosso,Centro-Oeste,10,7,23,8032.4,29.216876434521357,23.52034266927884,142.48704663212436,2024,142.48704663212436,1.4114834488530255e-06
5107792,Santo Antônio do Leste,51,Mato Grosso,Centro-Oeste,10,10,286,4724.7,608.2886898759247,419.84849986399297,2080.989876265467,2020,2080.989876265467,1.755148984225936e-05
5107800,Santo Antônio de Leverger,51,Mato Grosso,Centro-Oeste,10,10,614,16795.2,373.7399619908041,257.18925162855413,1169.9032009026664,2025,1169.9032009026664,3.768047119981555e-05
5107859,São Félix do Araguaia,51,Mato Grosso,Centro-Oeste,10,10,327,12577.7,251.4220730512032,191.79691634661168,684.7439057792386,2025,684.7439057792386,2.0067612511953883e-05
5107875,Sapezal,51,Mato Grosso,Centro-Oeste,10,10,1756,27481.0,616.7335291482323,344.6427393071376,1637.6451077943614,2023,1637.6451077943614,0.00010776369287764838
5107883,Serra Nova Dourada,51,Mato Grosso,Centro-Oeste,10,7,65,1722.0,363.6390644721815,407.7923372932596,1055.5555555555557,2023,1055.5555555555557,3.988974964149855e-06
5107909,Sinop,51,Mato Grosso,Centro-Oeste,10,10,16565,167913.7,1050.1815261834217,772.0766223214612,4642.306770316085,2020,4642.306770316085,0.0010165749274021899
5107925,Sorriso,51,Mato Grosso,Centro-Oeste,10,10,8448,100077.3,827.614239636346,370.3590807714545,2348.8271663454143,2021,2348.8271663454143,0.0005184440076482765
5107941,Tabaporã,51,Mato Grosso,Centro-Oeste,10,10,1240,9598.6,1286.676317918544,1128.9462067802667,3493.583214503972,2022,3493.583214503972,7.609736854685876e-05
5107958,Tangará da Serra,51,Mato Grosso,Centro-Oeste,10,10,9504,105463.4,871.1606364543792,486.4461400482693,3719.3350333638386,2024,3719.3350333638386,0.0005832495086043111
5108006,Tapurah,51,Mato Grosso,Centro-Oeste,10,9,1653,14073.9,1178.7041860766462,561.464536077308,3145.4418928322893,2022,3145.4418928322893,0.00010144270178061091
5108055,Terra Nova do Norte,51,Mato Grosso,Centro-Oeste,10,10,1799,10017.2,1784.3138602267172,1738.1585080064542,4900.162999185004,2016,4900.162999185004,0.00011040255323854752
5108105,Tesouro,51,Mato Grosso,Centro-Oeste,10,10,315,3448.6,995.6504017367312,695.209032124209,3066.4395229982965,2025,3066.4395229982965,1.9331186364726218e-05
5108204,Torixoréu,51,Mato Grosso,Centro-Oeste,10,10,718,3833.1,1857.410922387812,1653.450365096407,4100.858963701857,2019,4100.858963701857,4.4062831142455315e-05
5108303,União do Sul,51,Mato Grosso,Centro-Oeste,10,10,671,3648.6,1774.736331477297,986.3666168289319,9145.388223032829,2022,9145.388223032829,4.117849539914696e-05
5108352,Vale de São Domingos,51,Mato Grosso,Centro-Oeste,10,9,190,3020.0,648.4895395315283,292.43378100831353,1970.954356846473,2025,1970.954356846473,1.1660080664438037e-05
5108402,Várzea Grande,51,Mato Grosso,Centro-Oeste,10,10,11237,292394.6,380.82711748519023,274.6228685669506,1009.0241501056686,2025,1009.0241501056686,0.0006896017180331064
5108501,Vera,51,Mato Grosso,Centro-Oeste,10,10,1353,11712.6,1180.2009680760707,736.849946446396,3959.843837144451,2025,3959.843837144451,8.303204809991928e-05
5108600,Vila Rica,51,Mato Grosso,Centro-Oeste,10,10,517,23356.5,229.00624718719615,221.57623647141497,457.17768972874126,2025,457.17768972874126,3.172769317639192e-05
5108808,Nova Guarita,51,Mato Grosso,Centro-Oeste,10,10,603,4525.3,1327.776369706774,848.3115468409586,4411.443546625901,2024,4411.443546625901,3.700541389819019e-05
5108857,Nova Marilândia,51,Mato Grosso,Centro-Oeste,10,8,163,3392.2,471.2995372817969,124.6450023120787,2096.9113063190707,2022,2096.9113063190707,1.000312183317579e-05
5108907,Nova Maringá,51,Mato Grosso,Centro-Oeste,10,10,493,7430.4,665.384022457286,351.68435016356506,2180.7909604519773,2020,2180.7909604519773,3.025484088193659e-05
5108956,Nova Monte Verde,51,Mato Grosso,Centro-Oeste,10,10,955,8800.7,1113.5112721231412,636.3854001360236,4248.017986037155,2024,4248.017986037155,5.860724755020171e-05
5200050,Abadia de Goiás,52,Goiás,Centro-Oeste,10,10,1744,13320.5,1235.3276807750617,1355.2787059035322,2499.409402315143,2024,2499.409402315143,0.00010702726673042071
5200100,Abadiânia,52,Goiás,Centro-Oeste,10,10,4256,18803.2,2362.6922901775097,772.1816758226594,12461.730354915524,2024,12461.730354915524,0.000261185806883412
5200134,Acreúna,52,Goiás,Centro-Oeste,10,10,4169,22099.5,1890.3899749922032,746.0931838621343,7351.670834280519,2024,7351.670834280519,0.00025584671731601144
5200159,Adelândia,52,Goiás,Centro-Oeste,10,10,311,2436.2,1319.4743758462605,700.1291645824306,4135.82934262081,2024,4135.82934262081,1.9085710982316997e-05
5200175,Água Fria de Goiás,52,Goiás,Centro-Oeste,10,10,802,5409.8,1525.5209398746993,709.1445336453215,8294.930875576038,2024,8294.930875576038,4.921781417304897e-05
5200209,Água Limpa,52,Goiás,Centro-Oeste,10,10,304,1872.3,1622.1198985685228,1024.8159892939225,6519.396551724138,2024,6519.396551724138,1.865612906310086e-05
5200258,Águas Lindas de Goiás,52,Goiás,Centro-Oeste,10,10,25302,218471.8,1125.4221298426874,814.6308663820853,4129.037084446809,2024,4129.037084446809,0.0015527545314295327
5200308,Alexânia,52,Goiás,Centro-Oeste,10,10,5643,27480.7,2030.706769480949,370.468208794448,13595.629976079119,2024,13595.629976079119,0.0003463043957338097
5200506,Aloândia,52,Goiás,Centro-Oeste,10,9,176,2001.5,886.2582845209942,440.46510230447973,3377.016129032258,2024,3377.016129032258,1.080091682600576e-05
5200555,Alto Horizonte,52,Goiás,Centro-Oeste,10,10,845,6245.2,1321.1004729912243,865.179122744096,4141.176470588236,2024,4141.176470588236,5.185667453394811e-05
5200605,Alto Paraíso de Goiás,52,Goiás,Centro-Oeste,10,10,1300,8831.9,1267.4901731952627,477.42805049001487,7050.109729334308,2024,7050.109729334308,7.977949928299709e-05
5200803,Alvorada do Norte,52,Goiás,Centro-Oeste,10,10,574,8607.9,668.5449077230778,255.35104717998607,2931.2550889845293,2024,2931.2550889845293,3.5225717375723335e-05
5200829,Amaralina,52,Goiás,Centro-Oeste,10,10,143,3587.1,425.90201985293095,131.87299086721214,2773.54465102103,2024,2773.54465102103,8.77574492112968e-06
5200852,Americano do Brasil,52,Goiás,Centro-Oeste,10,10,1469,5759.8,2732.6336264764373,837.4054727511323,12036.508841985167,2022,12036.508841985167,9.015083418978671e-05
5200902,Amorinópolis,52,Goiás,Centro-Oeste,10,10,861,3111.8,2889.806937712324,610.045182965735,9349.59349593496,2024,9349.59349593496,5.2838576063584995e-05
5201108,Anápolis,52,Goiás,Centro-Oeste,10,10,91409,393709.3,2284.7551086188537,889.8614171760087,9390.47293836435,2024,9390.47293836435,0.00560966480766114
5201207,Anhanguera,52,Goiás,Centro-Oeste,10,8,83,1054.0,814.9272531038912,599.8018046210817,2062.975027144408,2024,2062.975027144408,5.0936141849913526e-06
5201306,Anicuns,52,Goiás,Centro-Oeste,10,10,3545,20477.6,1806.3730315136058,572.6221283754892,5166.729719504945,2022,5166.729719504945,0.00021755255766017285
5201405,Aparecida de Goiânia,52,Goiás,Centro-Oeste,10,10,167230,557288.9,3025.7672644086515,3048.771132082342,5043.046934800567,2022,5043.046934800567,0.010262712050073541
5201454,Aparecida do Rio Doce,52,Goiás,Centro-Oeste,10,10,345,2679.8,1226.3268467961366,616.3972511999966,3955.9683522531823,2022,3955.9683522531823,2.1172251732795382e-05
5201504,Aporé,52,Goiás,Centro-Oeste,10,9,911,4270.2,2095.500862672611,1393.6569481048114,5435.759209344114,2024,5435.759209344114,5.590701834370027e-05
5201603,Araçu,52,Goiás,Centro-Oeste,10,10,355,3678.2,951.0807050209856,403.938436329588,3132.403264016847,2022,3132.403264016847,2.1785940188818437e-05
5201702,Aragarças,52,Goiás,Centro-Oeste,10,10,1159,19436.5,602.5611740920488,543.0276716276381,1204.2363313800333,2025,1204.2363313800333,7.112649205307202e-05
5201801,Aragoiânia,52,Goiás,Centro-Oeste,10,10,1287,11011.2,1159.2579041161287,849.096353723721,3515.5592935239697,2022,3515.5592935239697,7.898170429016712e-05
5202155,Araguapaz,52,Goiás,Centro-Oeste,10,10,1153,7544.7,1564.6797136462917,1128.2056256037865,4608.744082428293,2024,4608.744082428293,7.075827897945819e-05
5202353,Arenópolis,52,Goiás,Centro-Oeste,10,10,514,2799.3,1797.3889722051456,1093.201240573717,5804.480651731161,2022,5804.480651731161,3.1543586639585006e-05
5202502,Aruanã,52,Goiás,Centro-Oeste,10,10,1215,9172.8,1343.720491575837,1009.652517848172,4427.480916030534,2024,4427.480916030534,7.456314740680113e-05
5202601,Aurilândia,52,Goiás,Centro-Oeste,10,9,819,3232.0,2529.9368142934154,903.8773853024766,12461.726883037356,2024,12461.726883037356,5.026108454828817e-05
5202809,Avelinópolis,52,Goiás,Centro-Oeste,10,10,425,2633.4,1502.1254488234715,623.7715051964822,7694.903813702329,2024,7694.903813702329,2.608175938097982e-05
5203104,Baliza,52,Goiás,Centro-Oeste,10,10,189,4341.0,453.7011844128498,515.5521561771562,816.6969147005444,2025,816.6969147005444,1.1598711818835732e-05
5203203,Barro Alto,52,Goiás,Centro-Oeste,10,10,1581,10814.3,1453.6827844723468,1044.174386280821,4591.171540324083,2024,4591.171540324083,9.702414489724493e-05
5203302,Bela Vista de Goiás,52,Goiás,Centro-Oeste,10,10,4653,32028.8,1456.2759703563438,1216.7067935376353,3521.556103933807,2022,3521.556103933807,0.0002855492385875273
5203401,Bom Jardim de Goiás,52,Goiás,Centro-Oeste,10,10,1231,8444.4,1452.4860833231755,900.2818426670827,6093.271303755815,2018,6093.271303755815,7.554504893643801e-05
5203500,Bom Jesus de Goiás,52,Goiás,Centro-Oeste,10,10,2662,24688.1,1081.0435618766344,676.3011835977208,3881.793137991485,2022,3881.793137991485,0.00016336386699333712
5203559,Bonfinópolis,52,Goiás,Centro-Oeste,10,10,395,9960.6,384.6216981702825,290.4014142184489,1376.0620613224971,2024,1376.0620613224971,2.4240694012910656e-05
5203575,Bonópolis,52,Goiás,Centro-Oeste,10,10,170,3919.8,473.9292949272244,273.1785920367441,2152.167323431343,2022,2152.167323431343,1.0432703752391927e-05
5203609,Brazabrantes,52,Goiás,Centro-Oeste,10,10,395,3842.3,985.4965877392424,426.4954863548046,3431.8637274549096,2022,3431.8637274549096,2.4240694012910656e-05
5203807,Britânia,52,Goiás,Centro-Oeste,10,10,1470,5774.0,2542.369675939465,837.5443889602545,16534.208707671045,2024,16534.208707671045,9.021220303538902e-05
5203906,Buriti Alegre,52,Goiás,Centro-Oeste,10,10,966,9967.8,944.1414421005327,653.1291902466323,3954.263935207242,2022,3954.263935207242,5.928230485182707e-05
5203939,Buriti de Goiás,52,Goiás,Centro-Oeste,10,9,386,2615.4,1487.1135660022242,461.372593819615,7913.961038961039,2021,7913.961038961039,2.3688374402489905e-05
5203962,Buritinópolis,52,Goiás,Centro-Oeste,10,9,314,3251.3,988.773017998117,304.8554567614003,4692.454026632848,2024,4692.454026632848,1.9269817519123914e-05
5204003,Cabeceiras,52,Goiás,Centro-Oeste,10,9,681,7838.0,861.6070032067335,459.93738810373975,2605.5816250926155,2021,2605.5816250926155,4.1792183855170016e-05
5204102,Cachoeira Alta,52,Goiás,Centro-Oeste,10,10,1430,12080.5,1207.6877841840885,221.92463284161153,7440.526404589168,2025,7440.526404589168,8.77574492112968e-05
5204201,Cachoeira de Goiás,52,Goiás,Centro-Oeste,10,10,100,1386.9,714.1811007138126,411.00734447647176,2206.405693950178,2022,2206.405693950178,6.136884560230546e-06
5204250,Cachoeira Dourada,52,Goiás,Centro-Oeste,10,10,359,8004.8,451.6427260252807,194.55466380052172,1644.821382677975,2022,1644.821382677975,2.2031415571227657e-05
5204300,Caçu,52,Goiás,Centro-Oeste,10,10,2425,15048.7,1640.7975377065836,1235.841436445111,4552.054595614926,2022,4552.054595614926,0.00014881945058559074
5204409,Caiapônia,52,Goiás,Centro-Oeste,10,10,3179,17918.2,1833.1592508633717,1764.8077192083238,3668.567997598319,2024,3668.567997598319,0.00019509156016972904
5204508,Caldas Novas,52,Goiás,Centro-Oeste,10,10,13592,94560.0,1395.2554256600215,766.1203303675148,4986.257968469672,2024,4986.257968469672,0.0008341253494265358
5204557,Caldazinha,52,Goiás,Centro-Oeste,10,10,487,4124.6,1082.8458879370396,377.6187009625496,4606.764888981116,2025,4606.764888981116,2.9886627808322755e-05
5204607,Campestre de Goiás,52,Goiás,Centro-Oeste,10,10,565,3701.8,1521.5386131694904,788.7631318292475,4553.928095872171,2022,4553.928095872171,3.467339776530258e-05
5204656,Campinaçu,52,Goiás,Centro-Oeste,10,9,356,3696.4,957.3578424328422,294.06761611110875,3478.9644012944987,2023,3478.9644012944987,2.1847309034420744e-05
5204706,Campinorte,52,Goiás,Centro-Oeste,10,10,1700,12615.7,1330.7914603491306,607.5139888089528,5015.917384890131,2024,5015.917384890131,0.00010432703752391928
5204805,Campo Alegre de Goiás,52,Goiás,Centro-Oeste,10,10,694,7518.3,906.1058271667096,319.8008876017512,3538.812785388128,2021,3538.812785388128,4.2589978847999985e-05
5204854,Campo Limpo de Goiás,52,Goiás,Centro-Oeste,10,10,1477,7920.6,1804.833823724457,1005.9634002002974,5799.50289975145,2024,5799.50289975145,9.064178495460516e-05
5204904,Campos Belos,52,Goiás,Centro-Oeste,10,10,3193,19193.4,1719.4932062473695,641.1614097822011,5844.013583086867,2024,5844.013583086867,0.00019595072400816133
5204953,Campos Verdes,52,Goiás,Centro-Oeste,10,9,126,3071.7,382.08460430151973,321.3483279459814,811.0936682365253,2025,811.0936682365253,7.732474545890488e-06
5205000,Carmo do Rio Verde,52,Goiás,Centro-Oeste,10,10,1115,9951.7,1130.719974456387,344.7997129258521,5152.460501157291,2024,5152.460501157291,6.842626284657058e-05
5205059,Castelândia,52,Goiás,Centro-Oeste,10,10,369,3268.4,1228.16424763007,443.42291291848926,3218.076001369394,2024,3218.076001369394,2.2645104027250712e-05
5205109,Catalão,52,Goiás,Centro-Oeste,10,10,18252,111490.1,1590.4705227812133,626.4334015175726,5286.339762468649,2022,5286.339762468649,0.0011201041699332793
5205208,Caturaí,52,Goiás,Centro-Oeste,10,10,490,5143.0,950.0998556068632,577.0011256994046,2777.777777777778,2022,2777.777777777778,3.0070734345129673e-05
5205307,Cavalcante,52,Goiás,Centro-Oeste,10,10,1224,9711.6,1259.617175437806,176.10233631910836,10420.738607139183,2024,10420.738607139183,7.511546701722188e-05
5205406,Ceres,52,Goiás,Centro-Oeste,10,10,3400,22231.3,1522.5866766838237,804.0393714957811,7423.056395659135,2024,7423.056395659135,0.00020865407504783856
5205455,Cezarina,52,Goiás,Centro-Oeste,10,10,643,8404.1,779.1111827836074,309.7501663405694,3028.4301606922127,2022,3028.4301606922127,3.946016772228241e-05
5205471,Chapadão do Céu,52,Goiás,Centro-Oeste,10,10,1444,11321.3,1163.9731625083082,377.26194196481464,4048.1740481740485,2022,4048.1740481740485,8.861661304972908e-05
5205497,Cidade Ocidental,52,Goiás,Centro-Oeste,10,10,8612,80482.9,1039.0201111699553,306.75493133107085,4004.526944413569,2024,4004.526944413569,0.0005285084983270546
5205513,Cocalzinho de Goiás,52,Goiás,Centro-Oeste,10,10,4643,22428.7,1978.393424936846,1305.9102182406614,6607.102635332983,2024,6607.102635332983,0.00028493555013150426
5205521,Colinas do Sul,52,Goiás,Centro-Oeste,10,9,441,3695.5,1126.9854272342336,609.8330319216049,5971.58680471948,2024,5971.58680471948,2.7063660910616706e-05
5205703,Córrego do Ouro,52,Goiás,Centro-Oeste,10,10,267,2409.3,1103.6148847132567,340.4598822216804,6356.968215158924,2022,6356.968215158924,1.6385481775815558e-05
5205802,Corumbá de Goiás,52,Goiás,Centro-Oeste,10,10,1285,10922.4,1194.164960381892,301.88938326880054,4667.676576405984,2022,4667.676576405984,7.885896659896252e-05
5205901,Corumbaíba,52,Goiás,Centro-Oeste,10,10,1457,9494.4,1528.302135794547,902.7553225927785,4000.8227913195515,2019,4000.8227913195515,8.941440804255905e-05
5206206,Cristalina,52,Goiás,Centro-Oeste,10,10,10430,60524.1,1659.4645282521221,795.7893151420949,7879.156837379195,2024,7879.156837379195,0.0006400770596320459
5206305,Cristianópolis,52,Goiás,Centro-Oeste,10,10,642,3222.3,1954.783491852614,1483.2068019767607,5279.680365296804,2022,5279.680365296804,3.9398798876680104e-05
5206404,Crixás,52,Goiás,Centro-Oeste,10,10,2557,17077.6,1495.3587425313117,1204.9014587500487,2688.4494124390944,2024,2688.4494124390944,0.00015692013820509505
5206503,Cromínia,52,Goiás,Centro-Oeste,10,10,711,3687.5,1828.766524964476,1023.7095074923265,6501.625406351588,2025,6501.625406351588,4.363324922323918e-05
5206602,Cumari,52,Goiás,Centro-Oeste,10,9,498,2910.0,1698.0570291381996,544.134078341646,6057.529610829103,2024,6057.529610829103,3.056168510994812e-05
5206701,Damianópolis,52,Goiás,Centro-Oeste,10,6,651,3535.1,1705.3976163667419,285.8044475925859,13671.472708547888,2024,13671.472708547888,3.995111848710085e-05
5206800,Damolândia,52,Goiás,Centro-Oeste,10,10,326,2856.8,1155.8713829809237,701.7796153576137,2859.087814840027,2019,2859.087814840027,2.000624366635158e-05
5206909,Davinópolis,52,Goiás,Centro-Oeste,10,9,363,2023.3,1897.678188161703,421.57254779994366,9416.096791162545,2024,9416.096791162545,2.227689095363688e-05
5207105,Diorama,52,Goiás,Centro-Oeste,10,10,767,2315.9,3732.1245784388457,775.7543794107676,24221.45328719723,2024,24221.45328719723,4.706990457696828e-05
5207253,Doverlândia,52,Goiás,Centro-Oeste,10,10,1016,7231.6,1446.7523974876271,1122.0625246702298,4953.832624945039,2025,4953.832624945039,6.235074713194234e-05
5207352,Edealina,52,Goiás,Centro-Oeste,10,10,1061,3858.8,2682.9502686424235,1434.916161312285,7373.156710822294,2022,7373.156710822294,6.511234518404608e-05
5207402,Edéia,52,Goiás,Centro-Oeste,10,10,1408,12147.4,1157.578071910389,1066.2854093956507,2294.0563086548486,2020,2294.0563086548486,8.640733460804608e-05
5207501,Estrela do Norte,52,Goiás,Centro-Oeste,10,10,332,3268.7,1023.4942204221409,786.787040562572,2981.862895788503,2021,2981.862895788503,2.037445673996541e-05
5207535,Faina,52,Goiás,Centro-Oeste,10,10,1674,6880.1,2374.572950437897,374.1263073126916,10817.978782802904,2024,10817.978782802904,0.00010273144753825933
5207600,Fazenda Nova,52,Goiás,Centro-Oeste,10,10,382,5805.2,652.511353182196,642.6823506862183,1310.7305138063614,2018,1310.7305138063614,2.3442899020080684e-05
5207808,Firminópolis,52,Goiás,Centro-Oeste,10,10,1394,12065.9,1209.4673280181642,1082.6611387235546,4013.506994693681,2024,4013.506994693681,8.554817076961381e-05
5207907,Flores de Goiás,52,Goiás,Centro-Oeste,10,10,454,15285.2,309.7636047698025,159.9601239928588,861.825374399548,2024,861.825374399548,2.7861455903446678e-05
5208004,Formosa,52,Goiás,Centro-Oeste,10,10,24008,119417.6,2005.0778005713578,1599.2825787811962,6213.5825627915465,2024,6213.5825627915465,0.0014733432452201493
5208103,Formoso,52,Goiás,Centro-Oeste,10,10,659,4480.3,1500.196314254739,868.8593559838196,5514.885309907272,2021,5514.885309907272,4.044206925191929e-05
5208152,Gameleira de Goiás,52,Goiás,Centro-Oeste,10,10,577,3688.9,1629.578159314098,548.8114541018227,8356.860530773574,2024,8356.860530773574,3.540982391253025e-05
5208301,Divinópolis de Goiás,52,Goiás,Centro-Oeste,10,10,580,4687.4,1262.6434207021005,1063.8300837401423,5518.018018018018,2024,5518.018018018018,3.559393044933716e-05
5208400,Goianápolis,52,Goiás,Centro-Oeste,10,10,1960,12508.9,1415.1298005429153,320.6870683905968,6458.261765716248,2024,6458.261765716248,0.00012028293738051869
5208509,Goiandira,52,Goiás,Centro-Oeste,10,10,641,5352.6,1216.0314388771606,507.1573796672104,3317.916750452443,2022,3317.916750452443,3.93374300310778e-05
5208608,Goianésia,52,Goiás,Centro-Oeste,10,10,7341,71886.9,1021.7113937647616,824.1838835144299,2359.3112940504325,2024,2359.3112940504325,0.00045050869556652437
5208707,Goiânia,52,Goiás,Centro-Oeste,10,10,344495,1489087.2,2331.1436467091603,2136.5112188257403,4048.6967422525554,2016,4048.6967422525554,0.02114126046576622
5208806,Goianira,52,Goiás,Centro-Oeste,10,10,8354,56471.1,1685.1418399417482,1267.4690480664403,6477.762903465714,2016,6477.762903465714,0.0005126753361616598
5208905,Goiás,52,Goiás,Centro-Oeste,10,10,2994,23498.3,1296.6484369892137,1006.7361467540043,4041.2259289395174,2021,4041.2259289395174,0.00018373832373330253
5209101,Goiatuba,52,Goiás,Centro-Oeste,10,10,4821,35017.0,1377.3745235636047,866.2608704308128,3227.344100493495,2022,3227.344100493495,0.00029585920464871463
5209150,Gouvelândia,52,Goiás,Centro-Oeste,10,10,297,5245.1,578.1280895646452,289.7977818814722,1711.6524028966423,2021,1711.6524028966423,1.8226547143884722e-05
5209200,Guapó,52,Goiás,Centro-Oeste,10,10,1313,16644.0,729.3414338001455,443.522159918714,2914.319020788809,2024,2914.319020788809,8.057729427582707e-05
5209291,Guaraíta,52,Goiás,Centro-Oeste,10,10,450,2106.7,2073.381800203648,551.3824616881354,8409.506398537476,2022,8409.506398537476,2.7615980521037454e-05
5209408,Guarani de Goiás,52,Goiás,Centro-Oeste,10,9,507,4016.6,1261.269543221244,714.7916420729548,4773.502191914272,2024,4773.502191914272,3.1114004720368865e-05
5209457,Guarinos,52,Goiás,Centro-Oeste,10,9,234,1985.0,1107.6184433544302,277.6492364645997,6050.80831408776,2024,6050.80831408776,1.4360309870939476e-05
5209606,Heitoraí,52,Goiás,Centro-Oeste,10,9,520,3582.4,1512.42902033821,976.7822956317448,4578.096947935368,2025,4578.096947935368,3.191179971319884e-05
5209705,Hidrolândia,52,Goiás,Centro-Oeste,10,10,3132,24413.2,1260.8657068972502,972.9787134926744,3190.108860211953,2022,3190.108860211953,0.00019220722442642068
5209804,Hidrolina,52,Goiás,Centro-Oeste,10,9,227,3596.6,625.6643353763673,421.8529124499976,2077.4046670461016,2024,2077.4046670461016,1.3930727951723339e-05
5209903,Iaciara,52,Goiás,Centro-Oeste,10,10,2641,12516.5,2443.207447035925,740.4532728008935,17938.63854266539,2024,17938.63854266539,0.00016207512123568872
5209937,Inaciolândia,52,Goiás,Centro-Oeste,10,10,403,6115.6,659.8417809165837,291.22217005822347,1746.7248908296942,2022,1746.7248908296942,2.47316447777291e-05
5209952,Indiara,52,Goiás,Centro-Oeste,10,10,1655,16291.4,979.4640196298809,591.9870781390395,2646.6499860995273,2025,2646.6499860995273,0.00010156543947181553
5210000,Inhumas,52,Goiás,Centro-Oeste,10,10,11428,52840.9,2157.026543266595,1525.843122576235,6815.569688146503,2022,6815.569688146503,0.0007013231675431468
5210109,Ipameri,52,Goiás,Centro-Oeste,10,10,2996,26510.8,1148.478021153842,614.4625003550888,3967.4349271872493,2024,3967.4349271872493,0.00018386106142450714
5210158,Ipiranga de Goiás,52,Goiás,Centro-Oeste,10,10,464,2923.3,1576.762710119458,432.07742827514693,9345.479082321186,2024,9345.479082321186,2.8475144359469732e-05
5210208,Iporá,52,Goiás,Centro-Oeste,10,10,9013,33615.8,2508.356193193791,969.9035706912134,11221.371981721331,2024,11221.371981721331,0.0005531174054135791
5210307,Israelândia,52,Goiás,Centro-Oeste,10,10,380,2717.4,1428.2058335552774,527.34375,4763.779527559055,2024,4763.779527559055,2.3320161328876074e-05
5210406,Itaberaí,52,Goiás,Centro-Oeste,10,10,3177,43815.9,718.3472564344835,462.8554780610287,1519.8135198135199,2019,1519.8135198135199,0.00019496882247852442
5210562,Itaguari,52,Goiás,Centro-Oeste,10,10,872,4829.4,1787.4680066673925,1259.576727155954,6205.923836389281,2022,6205.923836389281,5.3513633365210357e-05
5210604,Itaguaru,52,Goiás,Centro-Oeste,10,10,1088,5134.9,2166.899562827565,1044.1394580276065,8095.432300163132,2022,8095.432300163132,6.676930401530834e-05
5210802,Itajá,52,Goiás,Centro-Oeste,10,9,428,4518.9,966.2164260204147,821.8883095410692,2681.564245810056,2020,2681.564245810056,2.6265865917786734e-05
5210901,Itapaci,52,Goiás,Centro-Oeste,10,10,3061,22157.2,1401.6595854623265,1022.4672895216108,3183.956877255493,2025,3183.956877255493,0.000187850036388657
5211008,Itapirapuã,52,Goiás,Centro-Oeste,10,10,671,6450.3,1112.924866111242,823.8122412120165,3001.801080648389,2019,3001.801080648389,4.117849539914696e-05
5211206,Itapuranga,52,Goiás,Centro-Oeste,10,10,4096,26145.3,1554.4768640592094,730.490639437663,6035.975013170769,2024,6035.975013170769,0.00025136679158704314
5211305,Itarumã,52,Goiás,Centro-Oeste,10,10,935,6726.4,1421.6001082817215,1354.5931762109005,3777.2712471507652,2024,3777.2712471507652,5.73798706381556e-05
5211404,Itauçu,52,Goiás,Centro-Oeste,10,10,943,8459.8,1174.785218450999,500.4266045082585,4479.937670432411,2024,4479.937670432411,5.787082140297405e-05
5211503,Itumbiara,52,Goiás,Centro-Oeste,10,10,5304,106665.6,491.8914407463625,371.62284003336396,1634.7133462998984,2022,1634.7133462998984,0.00032550035707462816
5211602,Ivolândia,52,Goiás,Centro-Oeste,10,8,334,2538.2,1280.4557244582845,259.009838738991,5496.518871381458,2024,5496.518871381458,2.049719443117002e-05
5211701,Jandaia,52,Goiás,Centro-Oeste,10,10,612,6193.3,976.8190134680013,498.5569534707179,4257.015306122449,2022,4257.015306122449,3.755773350861094e-05
5211800,Jaraguá,52,Goiás,Centro-Oeste,10,10,6365,48291.1,1349.9210276103013,772.6497377343876,4493.075150235854,2024,4493.075150235854,0.0003906127022586742
5211909,Jataí,52,Goiás,Centro-Oeste,10,10,29725,103454.3,2859.4510272111584,2282.5758917086514,6867.5576237361565,2022,6867.5576237361565,0.0018241889355285297
5212006,Jaupaci,52,Goiás,Centro-Oeste,10,8,248,2923.1,846.7248872304697,118.16720330205507,6805.035726437563,2025,6805.035726437563,1.5219473709371753e-05
5212055,Jesúpolis,52,Goiás,Centro-Oeste,10,8,336,2338.5,1576.9085197949494,140.17762991310815,11629.001883239172,2024,11629.001883239172,2.0619932122374634e-05
5212105,Joviânia,52,Goiás,Centro-Oeste,10,10,1188,7330.3,1613.2733692004524,1005.3328876490752,8305.244708103006,2021,8305.244708103006,7.290618857553889e-05
5212204,Jussara,52,Goiás,Centro-Oeste,10,10,1546,19130.0,803.4809144224276,730.269405399981,2057.61316872428,2025,2057.61316872428,9.487623530116423e-05
5212253,Lagoa Santa,52,Goiás,Centro-Oeste,10,8,261,1501.0,1736.2056898397873,769.1227370748237,6230.721776681061,2020,6230.721776681061,1.6017268702201724e-05
5212303,Leopoldo de Bulhões,52,Goiás,Centro-Oeste,10,10,754,8178.3,871.8942080628515,222.25470825409738,3453.237410071942,2024,3453.237410071942,4.627210958413831e-05
5212501,Luziânia,52,Goiás,Centro-Oeste,10,10,36857,209434.6,1735.4230293498501,970.1738205319659,7816.897547424979,2024,7816.897547424979,0.002261871542364172
5212600,Mairipotaba,52,Goiás,Centro-Oeste,10,9,193,2469.7,766.508743301319,338.4781104718637,2459.9765716516986,2022,2459.9765716516986,1.1844187201244952e-05
5212709,Mambaí,52,Goiás,Centro-Oeste,10,10,1242,8544.3,1434.6663250054798,165.47969128078225,5246.876859012493,2024,5246.876859012493,7.622010623806338e-05
5212808,Mara Rosa,52,Goiás,Centro-Oeste,10,10,1251,10131.5,1215.4031318289944,695.7191107252825,4419.787332408691,2024,4419.787332408691,7.677242584848412e-05
5212907,Marzagão,52,Goiás,Centro-Oeste,10,9,351,2476.1,1393.7521169053543,895.0219300237007,4339.96383363472,2016,4339.96383363472,2.1540464806409216e-05
5212956,Matrinchã,52,Goiás,Centro-Oeste,10,10,168,4248.0,409.2446646899552,154.38559350366728,2454.7483263079594,2024,2454.7483263079594,1.0309966061187317e-05
5213004,Maurilândia,52,Goiás,Centro-Oeste,10,10,800,12434.5,712.4991903827424,477.62800576495874,2168.1804863756224,2024,2168.1804863756224,4.9095076481844366e-05
5213053,Mimoso de Goiás,52,Goiás,Centro-Oeste,10,10,308,2626.4,1171.6433225798523,744.0601926121633,5620.9646790733,2024,5620.9646790733,1.890160444551008e-05
5213087,Minaçu,52,Goiás,Centro-Oeste,10,10,2292,28499.7,838.4762598360461,354.9961262121571,4966.776792011582,2024,4966.776792011582,0.0001406573941204841
5213103,Mineiros,52,Goiás,Centro-Oeste,10,10,18190,68316.7,2574.806948125983,1512.03818671079,11900.082677111994,2024,11900.082677111994,0.0011162993015059362
5213400,Moiporá,52,Goiás,Centro-Oeste,10,9,110,1615.8,670.2742964579401,194.4424491935616,2717.0702894270526,2024,2717.0702894270526,6.7505730162536e-06
5213509,Monte Alegre de Goiás,52,Goiás,Centro-Oeste,10,10,1059,7796.3,1362.4091272781993,628.6450459472385,5480.077634433154,2021,5480.077634433154,6.498960749284148e-05
5213707,Montes Claros de Goiás,52,Goiás,Centro-Oeste,10,10,2298,8417.6,2678.6890161169295,2245.844391309191,7556.843513152028,2024,7556.843513152028,0.00014102560719409792
5213756,Montividiu,52,Goiás,Centro-Oeste,10,10,2595,13011.4,2020.3658695344664,572.0357858391071,7579.266831722705,2022,7579.266831722705,0.00015925215433798266
5213772,Montividiu do Norte,52,Goiás,Centro-Oeste,10,7,171,4191.0,446.390567735181,146.58876621126012,1905.265943371262,2022,1905.265943371262,1.0494072597994233e-05
5213806,Morrinhos,52,Goiás,Centro-Oeste,10,10,5075,48640.5,1029.932013894971,629.5775461628962,3571.498120776616,2022,3571.498120776616,0.0003114468914317002
5213855,Morro Agudo de Goiás,52,Goiás,Centro-Oeste,10,10,569,2358.8,2312.002639549587,810.9254222994068,14165.666266506601,2024,14165.666266506601,3.491887314771181e-05
5213905,Mossâmedes,52,Goiás,Centro-Oeste,10,10,709,4504.0,1609.3010700177317,469.4240338530109,6723.300970873787,2021,6723.300970873787,4.351051153203457e-05
5214002,Mozarlândia,52,Goiás,Centro-Oeste,10,10,696,15292.4,457.35121393623103,135.3779428028039,1634.7872129194518,2024,1634.7872129194518,4.27127165392046e-05
5214051,Mundo Novo,52,Goiás,Centro-Oeste,10,9,355,5545.6,594.7129638638398,333.35545222166377,1992.6080668487868,2024,1992.6080668487868,2.1785940188818437e-05
5214101,Mutunópolis,52,Goiás,Centro-Oeste,10,9,70,3713.1,190.15610369402341,196.40852974186308,400.1066951186983,2021,400.1066951186983,4.2958191921613816e-06
5214408,Nazário,52,Goiás,Centro-Oeste,10,10,1282,8745.3,1504.6032423938439,849.1555874955084,6446.57863145258,2024,6446.57863145258,7.86748600621556e-05
5214507,Nerópolis,52,Goiás,Centro-Oeste,10,10,3509,30839.5,1086.0911974124656,441.3166945141596,3183.2637936568144,2025,3183.2637936568144,0.00021534327921848986
5214606,Niquelândia,52,Goiás,Centro-Oeste,10,10,2248,41600.0,591.7364181363507,245.7726968053785,3026.170718969419,2024,3026.170718969419,0.00013795716491398266
5214705,Nova América,52,Goiás,Centro-Oeste,10,9,143,2358.5,607.6654576844041,148.25176781379255,3209.242618741977,2022,3209.242618741977,8.77574492112968e-06
5214804,Nova Aurora,52,Goiás,Centro-Oeste,10,10,610,2173.1,2866.1877748303546,505.0394868886077,12582.159624413145,2024,12582.159624413145,3.7434995817406326e-05
5214838,Nova Crixás,52,Goiás,Centro-Oeste,10,10,621,12904.5,480.0478251052467,196.62035588714411,1779.165040967616,2022,1779.165040967616,3.811005311903169e-05
5214861,Nova Glória,52,Goiás,Centro-Oeste,10,10,804,8297.7,962.718313570433,541.9177107939556,5074.626865671641,2024,5074.626865671641,4.934055186425359e-05
5214879,Nova Iguaçu de Goiás,52,Goiás,Centro-Oeste,10,10,273,2981.5,917.9463045633083,669.5820343746378,2653.9639333106497,2021,2653.9639333106497,1.675369484942939e-05
5214903,Nova Roma,52,Goiás,Centro-Oeste,10,10,276,3211.8,900.4267071999869,236.61641336779113,4169.424222369292,2025,4169.424222369292,1.6937801386236306e-05
5215009,Nova Veneza,52,Goiás,Centro-Oeste,10,10,2180,9702.1,2223.281260793464,1446.6025117947452,6514.274502109291,2021,6514.274502109291,0.00013378408341302588
5215207,Novo Brasil,52,Goiás,Centro-Oeste,10,10,504,3223.8,1562.0318758139745,850.3836730967594,5663.022147462854,2025,5663.022147462854,3.092989818356195e-05
5215231,Novo Gama,52,Goiás,Centro-Oeste,10,10,20192,110761.1,1853.4467821872295,572.0424912729454,10834.609494640123,2024,10834.609494640123,0.0012391597304017518
5215256,Novo Planalto,52,Goiás,Centro-Oeste,10,7,104,4166.4,273.2057970584591,60.75091275216307,1450.4431909750201,2024,1450.4431909750201,6.382359942639767e-06
5215306,Orizona,52,Goiás,Centro-Oeste,10,10,2253,16023.5,1356.012983301031,328.3999374862233,7223.208999407933,2024,7223.208999407933,0.00013826400914199419
5215405,Ouro Verde de Goiás,52,Goiás,Centro-Oeste,10,10,523,3925.3,1295.4979067446188,419.6855428856038,5151.589844712842,2023,5151.589844712842,3.2095906250005754e-05
5215504,Ouvidor,52,Goiás,Centro-Oeste,10,10,1428,6908.2,2017.4478242071905,1143.3405796601646,6166.666666666667,2022,6166.666666666667,8.763471152009219e-05
5215603,Padre Bernardo,52,Goiás,Centro-Oeste,10,10,5298,34413.1,1515.6975178499931,734.344152902031,6715.360296522404,2024,6715.360296522404,0.0003251321440010143
5215652,Palestina de Goiás,52,Goiás,Centro-Oeste,10,10,685,3339.1,2086.7777700230026,1053.488169135956,7375.478927203065,2024,7375.478927203065,4.203765923757924e-05
5215702,Palmeiras de Goiás,52,Goiás,Centro-Oeste,10,10,3568,30247.7,1139.53049259785,893.1014708620369,3961.598862188509,2024,3961.598862188509,0.00021896404110902586
5215801,Palmelo,52,Goiás,Centro-Oeste,10,7,249,2342.5,1070.0471781963233,172.56836333470972,4451.910961780764,2019,4451.910961780764,1.528084255497406e-05
5215900,Palminópolis,52,Goiás,Centro-Oeste,10,10,448,3726.5,1184.059554630303,565.0004957289041,3503.4272658035034,2024,3503.4272658035034,2.7493242829832843e-05
5216007,Panamá,52,Goiás,Centro-Oeste,10,10,413,2565.5,1640.7226770799439,691.2096619285439,7617.107942973524,2022,7617.107942973524,2.5345333233752152e-05
5216304,Paranaiguara,52,Goiás,Centro-Oeste,10,10,2242,9019.0,2708.795569182649,1867.463374626836,11870.645458130668,2022,11870.645458130668,0.00013758895184036882
5216403,Paraúna,52,Goiás,Centro-Oeste,10,10,949,10917.6,877.9063260988307,483.77266500444955,3860.824262722114,2024,3860.824262722114,5.8239034476587874e-05
5216452,Perolândia,52,Goiás,Centro-Oeste,10,9,1072,3072.7,3550.5991931710123,1065.5326173363237,15566.666666666668,2024,15566.666666666668,6.578740248567144e-05
5216809,Petrolina de Goiás,52,Goiás,Centro-Oeste,10,10,1443,10042.1,1484.9063953707341,558.4815070464232,5283.491698861856,2024,5283.491698861856,8.855524420412678e-05
5216908,Pilar de Goiás,52,Goiás,Centro-Oeste,10,9,142,2319.4,624.4668951777587,497.10650373755925,1804.123711340206,2022,1804.123711340206,8.714376075527375e-06
5217104,Piracanjuba,52,Goiás,Centro-Oeste,10,10,1509,24827.7,604.9147455313349,420.79063984097195,1611.5420166378651,2022,1611.5420166378651,9.260558801387893e-05
5217203,Piranhas,52,Goiás,Centro-Oeste,10,10,639,11071.0,572.16545492269,705.7701416920668,1218.9315303304447,2018,1218.9315303304447,3.9214692339873184e-05
5217302,Pirenópolis,52,Goiás,Centro-Oeste,10,10,4411,25846.9,1666.9570968081382,1138.2901792813082,5757.106315524012,2024,5757.106315524012,0.00027069797795176934
5217401,Pires do Rio,52,Goiás,Centro-Oeste,10,10,5487,32033.5,1695.2405020774163,999.459230557263,5126.291276049442,2024,5126.291276049442,0.00033673085581985003
5217609,Planaltina,52,Goiás,Centro-Oeste,10,10,12648,97111.0,1230.0276373003803,613.9642551041733,6219.546370876613,2024,6219.546370876613,0.0007761931591779594
5217708,Pontalina,52,Goiás,Centro-Oeste,10,10,1191,18134.5,646.2465756733147,185.74879708172222,2350.370409849171,2025,2350.370409849171,7.30902951123458e-05
5218003,Porangatu,52,Goiás,Centro-Oeste,10,10,2344,45195.0,518.4344549221844,270.8647090250861,1968.9486390113177,2018,1968.9486390113177,0.00014384857409180398
5218052,Porteirão,52,Goiás,Centro-Oeste,10,10,1059,3973.5,2601.4838156504475,1926.5414223227187,8804.733727810652,2024,8804.733727810652,6.498960749284148e-05
5218102,Portelândia,52,Goiás,Centro-Oeste,10,10,782,3712.4,2160.0719504345334,1706.7073170731708,4823.7476808905385,2024,4823.7476808905385,4.7990437261002864e-05
5218300,Posse,52,Goiás,Centro-Oeste,10,10,7894,36149.4,2174.463692634835,1790.881005565972,5723.577235772358,2019,5723.577235772358,0.00048444566718459925
5218391,Professor Jamil,52,Goiás,Centro-Oeste,10,10,496,3438.9,1377.7025028706462,558.5073891469116,6933.4064127158135,2022,6933.4064127158135,3.0438947418743507e-05
5218508,Quirinópolis,52,Goiás,Centro-Oeste,10,10,4457,49517.2,907.9170250240793,660.6962358219425,2864.9864800710056,2022,2864.9864800710056,0.00027352094484947543
5218607,Rialma,52,Goiás,Centro-Oeste,10,10,1850,11530.0,1592.1326267125019,1075.45713009767,4374.153453908055,2024,4374.153453908055,0.00011353236436426509
5218706,Rianápolis,52,Goiás,Centro-Oeste,10,10,452,4466.1,1034.509461266211,570.2798652727954,2844.083291010665,2024,2844.083291010665,2.7738718212242067e-05
5218789,Rio Quente,52,Goiás,Centro-Oeste,10,10,739,4208.5,1857.1619388513288,731.368302844222,7039.337474120083,2022,7039.337474120083,4.535157690010373e-05
5218805,Rio Verde,52,Goiás,Centro-Oeste,10,10,35232,231427.1,1537.2172620501128,967.6767782205287,4272.660434828274,2024,4272.660434828274,0.0021621471682604257
5218904,Rubiataba,52,Goiás,Centro-Oeste,10,10,2695,19945.8,1348.8622443419638,560.4035028503728,4708.921120604014,2024,4708.921120604014,0.0001653890388982132
5219001,Sanclerlândia,52,Goiás,Centro-Oeste,10,10,1997,7811.4,2528.0223073753127,618.9928037756918,12439.538633263053,2024,12439.538633263053,0.000122553584667804
5219100,Santa Bárbara de Goiás,52,Goiás,Centro-Oeste,10,10,1882,6398.4,2971.3299122459484,1984.6542799331883,8519.108280254777,2024,8519.108280254777,0.00011549616742353887
5219209,Santa Cruz de Goiás,52,Goiás,Centro-Oeste,10,9,206,2949.1,689.2680790517171,206.45234832661282,4463.690872751499,2022,4463.690872751499,1.2641982194074924e-05
5219258,Santa Fé de Goiás,52,Goiás,Centro-Oeste,10,10,708,5250.7,1379.4252792407144,913.1038095903689,5675.621086649162,2022,5675.621086649162,4.344914268643226e-05
5219308,Santa Helena de Goiás,52,Goiás,Centro-Oeste,10,10,4140,38827.5,1064.9187338757881,885.2783255152708,2010.8074405071186,2022,2010.8074405071186,0.0002540670207935446
5219357,Santa Isabel,52,Goiás,Centro-Oeste,10,10,466,3712.7,1293.8835435104113,537.6855404791725,6102.36220472441,2024,6102.36220472441,2.8597882050674343e-05
5219407,Santa Rita do Araguaia,52,Goiás,Centro-Oeste,10,10,574,7511.6,747.2928538291519,554.9462506028275,1933.3250712603792,2016,1933.3250712603792,3.5225717375723335e-05
5219456,Santa Rita do Novo Destino,52,Goiás,Centro-Oeste,10,10,208,3073.7,669.7581061119406,359.3726370791393,1841.4018414018415,2021,1841.4018414018415,1.2764719885279534e-05
5219506,Santa Rosa de Goiás,52,Goiás,Centro-Oeste,10,10,319,2576.3,1174.284234049915,548.6924072346445,3912.583715192104,2024,3912.583715192104,1.9576661747135442e-05
5219605,Santa Tereza de Goiás,52,Goiás,Centro-Oeste,10,10,177,3372.7,532.801812554733,296.18554679126066,1922.4806201550389,2024,1922.4806201550389,1.0862285671608065e-05
5219704,Santa Terezinha de Goiás,52,Goiás,Centro-Oeste,10,10,848,9693.7,865.2243180425585,429.5519675110355,2569.791088925864,2024,2569.791088925864,5.2040781070755027e-05
5219712,Santo Antônio da Barra,52,Goiás,Centro-Oeste,10,10,1011,4598.1,2308.216557509276,894.951310390137,9480.54973212206,2024,9480.54973212206,6.204390290393081e-05
5219738,Santo Antônio de Goiás,52,Goiás,Centro-Oeste,10,10,1818,6759.6,2521.5079767784187,1792.755139943621,7011.304458275118,2024,7011.304458275118,0.00011156856130499132
5219753,Santo Antônio do Descoberto,52,Goiás,Centro-Oeste,10,10,8365,73800.6,1133.1385043995383,971.6448627510568,3506.0444420618114,2024,3506.0444420618114,0.0005133503934632852
5219803,São Domingos,52,Goiás,Centro-Oeste,10,10,1285,11564.1,1215.4943237156397,312.77739315853626,7744.494311658491,2024,7744.494311658491,7.885896659896252e-05
5219902,São Francisco de Goiás,52,Goiás,Centro-Oeste,10,10,502,6353.0,780.0220857250349,231.42416611491075,2418.733631181636,2024,2418.733631181636,3.080716049235734e-05
5220009,São João d'Aliança,52,Goiás,Centro-Oeste,10,10,1287,13850.3,904.6086380753707,484.44172172420565,3659.280341532832,2024,3659.280341532832,7.898170429016712e-05
5220058,São João da Paraúna,52,Goiás,Centro-Oeste,10,10,588,1574.0,3444.1455275565313,671.7088382348916,13835.085777531822,2024,13835.085777531822,3.608488121415561e-05
5220108,São Luís de Montes Belos,52,Goiás,Centro-Oeste,10,10,7796,33988.1,2259.38185466766,692.0494282551782,8012.902857469099,2024,8012.902857469099,0.0004784315203155733
5220157,São Luiz do Norte,52,Goiás,Centro-Oeste,10,10,461,5039.8,927.1214363522586,648.6319126716052,3999.187982135607,2024,3999.187982135607,2.8291037822662815e-05
5220207,São Miguel do Araguaia,52,Goiás,Centro-Oeste,10,10,1995,22113.8,906.6014042132194,781.9212201791559,2323.474795054124,2024,2323.474795054124,0.00012243084697659938
5220264,São Miguel do Passa Quatro,52,Goiás,Centro-Oeste,10,10,601,4254.6,1409.0156246708054,675.2972665738869,6431.181485992692,2021,6431.181485992692,3.688267620698558e-05
5220280,São Patrício,52,Goiás,Centro-Oeste,10,8,228,2096.0,1067.6826709576471,253.6855036855037,3079.794680354643,2023,3079.794680354643,1.3992096797325644e-05
5220405,São Simão,52,Goiás,Centro-Oeste,10,10,4234,19076.4,2235.077290473235,1847.085207828933,7035.5224910085235,2018,7035.5224910085235,0.0002598356922801613
5220454,Senador Canedo,52,Goiás,Centro-Oeste,10,10,19298,133206.0,1429.8894754063447,1117.938994211825,3593.7054462503565,2018,3593.7054462503565,0.0011842959824332907
5220504,Serranópolis,52,Goiás,Centro-Oeste,10,10,1073,8341.9,1279.6041475074205,1108.175104250906,3296.3259700125905,2021,3296.3259700125905,6.584877133127375e-05
5220603,Silvânia,52,Goiás,Centro-Oeste,10,10,3236,21443.6,1446.9848879725282,426.0554360242311,5255.11350865363,2022,5255.11350865363,0.00019858958436906046
5220686,Simolândia,52,Goiás,Centro-Oeste,10,10,248,6402.7,392.51196706961434,270.1564510641696,983.6641489548568,2024,983.6641489548568,1.5219473709371753e-05
5220702,Sítio d'Abadia,52,Goiás,Centro-Oeste,10,10,226,2979.4,761.1064270302684,118.15902129697058,5718.129835183317,2024,5718.129835183317,1.3869359106121034e-05
5221007,Taquaral de Goiás,52,Goiás,Centro-Oeste,10,10,305,3772.1,751.7347534451071,198.58181598986414,2629.040038591413,2024,2629.040038591413,1.8717497908703163e-05
5221080,Teresina de Goiás,52,Goiás,Centro-Oeste,10,9,321,3134.7,1187.0484287247561,85.59209554799807,10577.28119180633,2024,10577.28119180633,1.9699399438340052e-05
5221197,Terezópolis de Goiás,52,Goiás,Centro-Oeste,10,10,605,8007.0,759.7716566190845,383.8099584913556,2632.5366978041975,2024,2632.5366978041975,3.71281515893948e-05
5221304,Três Ranchos,52,Goiás,Centro-Oeste,10,10,988,2891.7,3403.9422795133637,2223.362041223691,9277.644642245807,2022,9277.644642245807,6.063241945507779e-05
5221403,Trindade,52,Goiás,Centro-Oeste,10,10,14848,134468.7,1089.2327052765245,888.2769603940221,2250.4606981399725,2024,2250.4606981399725,0.0009112046195030314
5221452,Trombas,52,Goiás,Centro-Oeste,10,10,204,3356.0,631.6807720996133,557.0734892071653,1609.7875080489378,2024,1609.7875080489378,1.2519244502870312e-05
5221502,Turvânia,52,Goiás,Centro-Oeste,10,10,997,4586.3,2198.230970239845,884.8848457117169,12284.577993813522,2021,12284.577993813522,6.118473906549854e-05
5221551,Turvelândia,52,Goiás,Centro-Oeste,10,10,529,5158.7,1028.62504510178,666.8727450564254,4119.125894411139,2025,4119.125894411139,3.246411932361959e-05
5221577,Uirapuru,52,Goiás,Centro-Oeste,10,10,324,2852.2,1143.133383318792,873.1379942291102,2644.746247319514,2025,2644.746247319514,1.988350597514697e-05
5221601,Uruaçu,52,Goiás,Centro-Oeste,10,10,3542,41638.3,835.1409544883221,503.2061230939719,3091.732729331823,2024,3091.732729331823,0.00021736845112336591
5221700,Uruana,52,Goiás,Centro-Oeste,10,10,1315,13889.8,950.4092664560014,782.8545248186142,2629.4704639813535,2022,2629.4704639813535,8.070003196703168e-05
5221809,Urutaí,52,Goiás,Centro-Oeste,10,10,840,3305.3,2391.417704046596,721.765405382183,12552.772305094288,2022,12552.772305094288,5.1549830305936585e-05
5221858,Valparaíso de Goiás,52,Goiás,Centro-Oeste,10,10,17755,182660.9,905.8898746922216,556.5801118612547,4187.235955898195,2024,4187.235955898195,0.0010896038536689335
5221908,Varjão,52,Goiás,Centro-Oeste,10,10,356,3799.7,943.7145823608168,408.65514065535604,3197.06498951782,2018,3197.06498951782,2.1847309034420744e-05
5222005,Vianópolis,52,Goiás,Centro-Oeste,10,10,2910,14394.8,1936.2761258121004,593.7371591244921,10073.662445076247,2024,10073.662445076247,0.00017858334070270886
5222054,Vicentinópolis,52,Goiás,Centro-Oeste,10,10,554,8770.0,622.538498426097,291.367100165436,2148.286878924755,2024,2148.286878924755,3.3998340463677225e-05
5222203,Vila Boa,52,Goiás,Centro-Oeste,10,9,293,5306.6,593.9137876982455,299.5648546820692,2222.222222222222,2024,2222.222222222222,1.7981071761475498e-05
5222302,Vila Propício,52,Goiás,Centro-Oeste,10,10,810,5836.7,1381.7183628490154,430.61264555960565,4368.013757523646,2022,4368.013757523646,4.970876493786742e-05
5300108,Brasília,53,Distrito Federal,Centro-Oeste,10,10,526076,2977058.4,1778.1622351565843,937.2225690954615,9316.59256448097,2024,9316.59256448097,0.03228467681907844
