escala,grupo,ano_epidemiologico,semana_epidemiologica,data_inicio_semana,unidades_elegiveis,unidades_em_risco,proporcao_unidades_em_risco,incidencia_4s_media_100mil,incidencia_4s_mediana_100mil,limiar_p90_mediano_100mil
nacional,Brasil,2018,1,2017-12-31,5569,174,0.031244388579637277,3.8455355605505486,0.0,9.111463255640409
regional,Centro-Oeste,2018,1,2017-12-31,467,28,0.059957173447537475,14.725388755095885,0.0,62.13753106876553
regional,Nordeste,2018,1,2017-12-31,1793,59,0.03290574456218628,2.220168764505819,0.0,5.370569280343714
regional,Norte,2018,1,2017-12-31,450,15,0.03333333333333333,5.235500936564442,0.0,17.68885382112748
regional,Sudeste,2018,1,2017-12-31,1668,57,0.0341726618705036,4.320232471071031,0.0,21.11971611020931
regional,Sul,2018,1,2017-12-31,1191,15,0.012594458438287154,0.8363939631543359,0.0,0.0
nacional,Brasil,2018,2,2018-01-07,5569,185,0.033219608547315496,4.36347526964946,0.0,13.912075681691709
regional,Centro-Oeste,2018,2,2018-01-07,467,34,0.0728051391862955,19.680376260846856,0.0,94.64319515426841
regional,Nordeste,2018,2,2018-01-07,1793,67,0.0373675404350251,2.250256548816965,0.0,8.29416643627315
regional,Norte,2018,2,2018-01-07,450,17,0.03777777777777778,5.858384232758268,0.0,22.02339958603624
regional,Sudeste,2018,2,2018-01-07,1668,53,0.03177458033573141,4.535024554869901,0.0,31.44646310705636
regional,Sul,2018,2,2018-01-07,1191,14,0.011754827875734676,0.7338826268424249,0.0,0.0
nacional,Brasil,2018,3,2018-01-14,5569,190,0.03411743580535105,5.495124119413685,0.0,17.58705592683785
regional,Centro-Oeste,2018,3,2018-01-14,467,40,0.08565310492505353,26.665417645966794,3.7324574499850702,109.87646657148177
regional,Nordeste,2018,3,2018-01-14,1793,70,0.03904071388733965,2.9388709733129326,0.0,11.301350511386111
regional,Norte,2018,3,2018-01-14,450,19,0.042222222222222223,7.329203081769688,0.0,27.71742190045362
regional,Sudeste,2018,3,2018-01-14,1668,45,0.02697841726618705,5.185992123844544,0.0,40.76921154043094
regional,Sul,2018,3,2018-01-14,1191,16,0.01343408900083963,0.782388140914501,0.0,0.0
nacional,Brasil,2018,4,2018-01-21,5569,196,0.03519482851499371,6.696601749510826,0.0,22.53907589788819
regional,Centro-Oeste,2018,4,2018-01-21,467,42,0.08993576017130621,34.695352608917716,5.105166428425567,123.35526315789473
regional,Nordeste,2018,4,2018-01-21,1793,64,0.03569436698271054,3.3566307991439666,0.0,15.572515896822264
regional,Norte,2018,4,2018-01-21,450,20,0.044444444444444446,8.302716515256417,0.0,31.440536180974043
regional,Sudeste,2018,4,2018-01-21,1668,49,0.029376498800959234,6.184317460869807,0.0,53.28838992776268
regional,Sul,2018,4,2018-01-21,1191,21,0.017632241813602016,0.8568786693533654,0.0,0.0
nacional,Brasil,2018,5,2018-01-28,5569,189,0.03393787035374394,7.904742388827489,0.0,27.74694783573807
regional,Centro-Oeste,2018,5,2018-01-28,467,47,0.1006423982869379,42.24422354152867,6.258997308631157,135.1702625422407
regional,Nordeste,2018,5,2018-01-28,1793,53,0.029559397657557166,3.984894196266625,0.0,19.57099236206351
regional,Norte,2018,5,2018-01-28,450,19,0.042222222222222223,9.376034975728174,0.0,37.0273278550569
regional,Sudeste,2018,5,2018-01-28,1668,50,0.02997601918465228,6.960806781727956,0.0,67.31824061348931
regional,Sul,2018,5,2018-01-28,1191,20,0.016792611251049538,1.1072218510331062,0.0,0.0
nacional,Brasil,2018,6,2018-02-04,5569,189,0.03393787035374394,8.451032840450601,0.0,33.16849595947413
regional,Centro-Oeste,2018,6,2018-02-04,467,48,0.10278372591006424,44.667042450047276,7.093145097174407,145.9065117535801
regional,Nordeste,2018,6,2018-02-04,1793,53,0.029559397657557166,4.382285136395457,0.0,23.228519732016238
regional,Norte,2018,6,2018-02-04,450,22,0.04888888888888889,10.22333964701528,0.0,39.02472454255408
regional,Sudeste,2018,6,2018-02-04,1668,43,0.02577937649880096,7.328500329348016,0.0,81.7872245570549
regional,Sul,2018,6,2018-02-04,1191,23,0.019311502938706968,1.2782656794549965,0.0,0.7894778393570492
nacional,Brasil,2018,7,2018-02-11,5569,181,0.032501346740887053,8.84248402434617,0.0,36.95236902264116
regional,Centro-Oeste,2018,7,2018-02-11,467,47,0.1006423982869379,46.408484565518954,9.049773755656108,152.18769816106533
regional,Nordeste,2018,7,2018-02-11,1793,52,0.029001673173452314,4.743704987320582,0.0,26.891358910003586
regional,Norte,2018,7,2018-02-11,450,24,0.05333333333333334,10.099648928979523,0.0,42.17965452433682
regional,Sudeste,2018,7,2018-02-11,1668,38,0.022781774580335732,7.741288534592108,0.0,96.01884486310212
regional,Sul,2018,7,2018-02-11,1191,20,0.016792611251049538,1.3503416485980166,0.0,1.5144401871848072
nacional,Brasil,2018,8,2018-02-18,5569,186,0.03339917399892261,9.689220792843082,0.0,40.59265272985589
regional,Centro-Oeste,2018,8,2018-02-18,467,58,0.12419700214132762,51.50659002409903,9.049773755656108,155.96568754873928
regional,Nordeste,2018,8,2018-02-18,1793,53,0.029559397657557166,5.488751808933837,0.0,31.02657493592339
regional,Norte,2018,8,2018-02-18,450,28,0.06222222222222222,10.46618560291384,0.0,42.46869972646921
regional,Sudeste,2018,8,2018-02-18,1668,28,0.016786570743405275,8.170048716811243,0.0,104.39821702946728
regional,Sul,2018,8,2018-02-18,1191,19,0.01595298068849706,1.4499884800320135,0.0,2.1393425087356537
nacional,Brasil,2018,9,2018-02-25,5569,192,0.03447656670856527,10.331075752646639,0.0,43.70629370629371
regional,Centro-Oeste,2018,9,2018-02-25,467,58,0.12419700214132762,55.27530498738625,8.686587908269631,155.96568754873928
regional,Nordeste,2018,9,2018-02-25,1793,53,0.029559397657557166,6.138190914117391,0.0,34.743202416918436
regional,Norte,2018,9,2018-02-25,450,33,0.07333333333333333,10.836886165382552,0.0,43.403402459945205
regional,Sudeste,2018,9,2018-02-25,1668,31,0.01858513189448441,8.701481666144032,0.0,109.85392288070717
regional,Sul,2018,9,2018-02-25,1191,17,0.014273719563392108,1.1114583835574119,0.0,2.4754517699480214
nacional,Brasil,2018,10,2018-03-04,5569,203,0.03645178667624349,11.705367239763575,0.0,46.14685155717209
regional,Centro-Oeste,2018,10,2018-03-04,467,67,0.14346895074946467,63.11638333238076,11.841326228537596,153.36808340016037
regional,Nordeste,2018,10,2018-03-04,1793,53,0.029559397657557166,6.998420775167182,0.0,37.38317757009346
regional,Norte,2018,10,2018-03-04,450,33,0.07333333333333333,11.772919833674482,0.0,43.20026391718463
regional,Sudeste,2018,10,2018-03-04,1668,35,0.020983213429256596,10.082359502904295,0.0,114.74469725452448
regional,Sul,2018,10,2018-03-04,1191,15,0.012594458438287154,0.8803367893777461,0.0,2.764722145424385
nacional,Brasil,2018,11,2018-03-11,5569,214,0.03842700664392171,13.300534670773034,0.0,47.56060141147592
regional,Centro-Oeste,2018,11,2018-03-11,467,72,0.15417558886509636,70.82095443266766,12.901561088891755,150.72852118573104
regional,Nordeste,2018,11,2018-03-11,1793,57,0.03179029559397657,8.7994869749565,0.0,39.8247710075667
regional,Norte,2018,11,2018-03-11,450,32,0.07111111111111111,13.032478616973203,0.0,42.549775732868795
regional,Sudeste,2018,11,2018-03-11,1668,37,0.022182254196642687,11.013924009929571,0.0,118.3745442086344
regional,Sul,2018,11,2018-03-11,1191,16,0.01343408900083963,0.8261721991450467,0.0,2.764722145424385
nacional,Brasil,2018,12,2018-03-18,5569,226,0.04058179206320704,14.045319357707315,0.0,47.77070063694268
regional,Centro-Oeste,2018,12,2018-03-18,467,82,0.17558886509635974,73.18524358916962,15.20450053215752,144.79430016088256
regional,Nordeste,2018,12,2018-03-18,1793,59,0.03290574456218628,9.754813344056629,0.0,41.47083218136577
regional,Norte,2018,12,2018-03-18,450,32,0.07111111111111111,13.799919070955161,0.0,42.712422269502504
regional,Sudeste,2018,12,2018-03-18,1668,40,0.023980815347721823,11.708921006931593,0.0,120.19463228561933
regional,Sul,2018,12,2018-03-18,1191,13,0.0109151973131822,0.6801432405915725,0.0,2.9782587114067374
nacional,Brasil,2018,13,2018-03-25,5569,253,0.04543005925659903,14.682785445503756,0.0,46.216381758449806
regional,Centro-Oeste,2018,13,2018-03-25,467,90,0.19271948608137046,73.86971284991688,15.97444089456869,135.06655736425031
regional,Nordeste,2018,13,2018-03-25,1793,71,0.03959843837144451,10.706828123619468,0.0,41.158312509187134
regional,Norte,2018,13,2018-03-25,450,34,0.07555555555555556,13.59703555215063,0.0,41.26430831097302
regional,Sudeste,2018,13,2018-03-25,1668,41,0.024580335731414868,12.535116209002352,0.0,117.05794416512983
regional,Sul,2018,13,2018-03-25,1191,17,0.014273719563392108,0.8788359230611448,0.0,2.950113579372806
nacional,Brasil,2018,14,2018-04-01,5569,301,0.05404920093374035,16.419790797156892,0.0,43.69674459252786
regional,Centro-Oeste,2018,14,2018-04-01,467,106,0.22698072805139186,77.43108797704173,17.968068175984392,121.84720360667724
regional,Nordeste,2018,14,2018-04-01,1793,86,0.04796430563301729,12.973322736737918,0.0,38.262865888655064
regional,Norte,2018,14,2018-04-01,450,45,0.1,14.68862793510578,0.0,37.160168822582264
regional,Sudeste,2018,14,2018-04-01,1668,49,0.029376498800959234,14.433593038075616,0.0,108.62948364545701
regional,Sul,2018,14,2018-04-01,1191,15,0.012594458438287154,1.1210860107551868,0.0,2.1086666198074138
nacional,Brasil,2018,15,2018-04-08,5569,344,0.06177051535284611,18.087103606201918,0.0,40.43136867540575
regional,Centro-Oeste,2018,15,2018-04-08,467,116,0.24839400428265523,79.53448567864258,19.352341633337634,107.54573616225382
regional,Nordeste,2018,15,2018-04-08,1793,104,0.05800334634690463,14.89456786586094,0.0,36.160137752905754
regional,Norte,2018,15,2018-04-08,450,50,0.1111111111111111,14.770381170782853,0.0,32.91075421640662
regional,Sudeste,2018,15,2018-04-08,1668,61,0.03657074340527578,17.114285424506807,0.0,99.6689436093634
regional,Sul,2018,15,2018-04-08,1191,13,0.0109151973131822,1.4149583313132497,0.0,1.5050720929532524
nacional,Brasil,2018,16,2018-04-15,5569,403,0.07236487699766565,20.126808062234733,0.0,36.764705882352956
regional,Centro-Oeste,2018,16,2018-04-15,467,116,0.24839400428265523,81.26798379390652,18.98253606681853,95.7562568008705
regional,Nordeste,2018,16,2018-04-15,1793,135,0.07529280535415504,18.468877351818254,0.0,33.68137420006736
regional,Norte,2018,16,2018-04-15,450,55,0.12222222222222222,15.15825959227777,0.0,29.132849060953873
regional,Sudeste,2018,16,2018-04-15,1668,80,0.047961630695443645,19.289019160514012,0.0,88.4274182024526
regional,Sul,2018,16,2018-04-15,1191,17,0.014273719563392108,1.699452391904603,0.0,0.6692836627857917
nacional,Brasil,2018,17,2018-04-22,5569,436,0.0782905369007003,21.190167600297002,0.0,32.97970479704797
regional,Centro-Oeste,2018,17,2018-04-22,467,118,0.25267665952890794,78.58089611726481,17.36714136853074,86.8568152501075
regional,Nordeste,2018,17,2018-04-22,1793,154,0.08588957055214724,21.790577173755494,0.0,29.246179717774368
regional,Norte,2018,17,2018-04-22,450,55,0.12222222222222222,15.780732499920216,0.0,26.450153029655613
regional,Sudeste,2018,17,2018-04-22,1668,86,0.05155875299760192,19.749427823010958,0.0,77.43418111599757
regional,Sul,2018,17,2018-04-22,1191,23,0.019311502938706968,1.8445715978181059,0.0,0.0
nacional,Brasil,2018,18,2018-04-29,5569,462,0.08295923864248518,21.45680426464486,0.0,29.472065607380838
regional,Centro-Oeste,2018,18,2018-04-29,467,123,0.2633832976445396,76.784996090344,15.349194167306216,77.10593226714009
regional,Nordeste,2018,18,2018-04-29,1793,163,0.09090909090909091,23.529704618571348,0.0,25.978379284337556
regional,Norte,2018,18,2018-04-29,450,54,0.12,15.315018458073185,0.0,22.288704704415764
regional,Sudeste,2018,18,2018-04-29,1668,98,0.05875299760191847,19.421696406940423,0.0,67.63872555680584
regional,Sul,2018,18,2018-04-29,1191,24,0.020151133501259445,1.8122934354396207,0.0,0.0
nacional,Brasil,2018,19,2018-05-06,5569,514,0.09229664212605494,21.400471030787394,0.0,25.289423401146454
regional,Centro-Oeste,2018,19,2018-05-06,467,120,0.2569593147751606,75.68763193996445,12.61610761539796,65.50166520493636
regional,Nordeste,2018,19,2018-05-06,1793,209,0.1165644171779141,25.0105614277527,0.0,22.4782242202866
regional,Norte,2018,19,2018-05-06,450,54,0.12,15.815534032284793,0.0,20.67632288584981
regional,Sudeste,2018,19,2018-05-06,1668,104,0.06235011990407674,17.811877124917622,0.0,57.60216660615759
regional,Sul,2018,19,2018-05-06,1191,27,0.022670025188916875,1.8152485773637748,0.0,0.0
nacional,Brasil,2018,20,2018-05-13,5569,557,0.10001795654516071,20.543620612581265,0.0,20.301445709012615
regional,Centro-Oeste,2018,20,2018-05-13,467,127,0.27194860813704497,72.67284107121867,12.20703125,54.64480874316941
regional,Nordeste,2018,20,2018-05-13,1793,233,0.12994980479643056,24.957493903456218,0.0,19.342359767891686
regional,Norte,2018,20,2018-05-13,450,56,0.12444444444444444,14.603170428855817,0.0,18.750823368483587
regional,Sudeste,2018,20,2018-05-13,1668,113,0.06774580335731414,16.1954951013464,0.0,44.99439619848471
regional,Sul,2018,20,2018-05-13,1191,28,0.023509655751469353,1.7925334343224433,0.0,0.0
nacional,Brasil,2018,21,2018-05-20,5569,621,0.1115101454480158,19.57043757623352,0.0,16.0926939169617
regional,Centro-Oeste,2018,21,2018-05-20,467,138,0.2955032119914347,68.36198229095622,12.81886937572106,44.53492810790181
regional,Nordeste,2018,21,2018-05-20,1793,275,0.15337423312883436,24.426717391830184,0.0,16.84068710003368
regional,Norte,2018,21,2018-05-20,450,63,0.14,13.619250634849424,0.0,14.799309160914353
regional,Sudeste,2018,21,2018-05-20,1668,124,0.07434052757793765,15.096453686716977,0.0,33.471436102810365
regional,Sul,2018,21,2018-05-20,1191,21,0.017632241813602016,1.6423755780774538,0.0,0.0
nacional,Brasil,2018,22,2018-05-27,5569,626,0.11240797270605135,17.390328324497123,0.0,12.75227323131515
regional,Centro-Oeste,2018,22,2018-05-27,467,136,0.291220556745182,57.982366056420084,8.126777732629012,38.84780929257257
regional,Nordeste,2018,22,2018-05-27,1793,287,0.16006692693809257,23.7586997896154,0.0,14.266692029674719
regional,Norte,2018,22,2018-05-27,450,55,0.12222222222222222,11.160398467755508,0.0,12.773683643523938
regional,Sudeste,2018,22,2018-05-27,1668,130,0.07793764988009592,12.30476111799147,0.0,25.328249043411056
regional,Sul,2018,22,2018-05-27,1191,18,0.015113350125944584,1.3628076512981901,0.0,0.0
nacional,Brasil,2018,23,2018-06-03,5569,610,0.10953492548033758,14.94288311906432,0.0,9.657753365123446
regional,Centro-Oeste,2018,23,2018-06-03,467,128,0.2740899357601713,46.899892413770125,6.599788806758183,33.11258278145695
regional,Nordeste,2018,23,2018-06-03,1793,284,0.15839375348577803,21.913652551898014,0.0,12.44090569793481
regional,Norte,2018,23,2018-06-03,450,50,0.1111111111111111,8.2665552039089,0.0,11.54505814336446
regional,Sudeste,2018,23,2018-06-03,1668,133,0.07973621103117506,10.297686382731605,0.0,17.359171187197383
regional,Sul,2018,23,2018-06-03,1191,15,0.012594458438287154,0.9462607717297066,0.0,0.0
nacional,Brasil,2018,24,2018-06-10,5569,603,0.1082779673190878,13.45500666713775,0.0,7.3266314533992185
regional,Centro-Oeste,2018,24,2018-06-10,467,119,0.25481798715203424,38.27005057618275,3.874842584520004,27.277686852154936
regional,Nordeste,2018,24,2018-06-10,1793,271,0.15114333519241493,21.52231524714303,0.0,10.747085260209733
regional,Norte,2018,24,2018-06-10,450,48,0.10666666666666667,7.311766322477898,0.0,10.044724050595889
regional,Sudeste,2018,24,2018-06-10,1668,149,0.08932853717026379,8.654293367638003,0.0,12.373954170052414
regional,Sul,2018,24,2018-06-10,1191,16,0.01343408900083963,0.6243921828296293,0.0,0.0
nacional,Brasil,2018,25,2018-06-17,5569,621,0.1115101454480158,11.876234897244897,0.0,5.239189134727766
regional,Centro-Oeste,2018,25,2018-06-17,467,118,0.25267665952890794,32.780884006583946,1.3108622414870421,21.39495079161318
regional,Nordeste,2018,25,2018-06-17,1793,277,0.15448968209704406,19.8969707740896,0.0,9.050592813829306
regional,Norte,2018,25,2018-06-17,450,43,0.09555555555555556,5.688754797342729,0.0,9.28690624660344
regional,Sudeste,2018,25,2018-06-17,1668,161,0.09652278177458033,7.282556200278198,0.0,8.505245442480843
regional,Sul,2018,25,2018-06-17,1191,22,0.018471872376154493,0.3757911946861572,0.0,0.0
nacional,Brasil,2018,26,2018-06-24,5569,650,0.11671754354462202,10.654822641699914,0.0,3.4969110618953336
regional,Centro-Oeste,2018,26,2018-06-24,467,105,0.22483940042826553,27.626851131744505,0.0,15.989146760986486
regional,Nordeste,2018,26,2018-06-24,1793,287,0.16006692693809257,17.940968320514063,0.0,7.908264136022143
regional,Norte,2018,26,2018-06-24,450,47,0.10444444444444445,4.661976939696755,0.0,8.078632604140747
regional,Sudeste,2018,26,2018-06-24,1668,187,0.11211031175059952,6.988138423731029,0.0,5.177189723693186
regional,Sul,2018,26,2018-06-24,1191,24,0.020151133501259445,0.43048455144712605,0.0,0.0
nacional,Brasil,2018,27,2018-07-01,5569,662,0.11887232896390734,9.48937069763595,0.0,2.1555440593205724
regional,Centro-Oeste,2018,27,2018-07-01,467,107,0.2291220556745182,22.558381443106363,0.0,13.278609367455338
regional,Nordeste,2018,27,2018-07-01,1793,281,0.15672058003346348,16.289919049163338,0.0,6.7944014132354935
regional,Norte,2018,27,2018-07-01,450,39,0.08666666666666667,3.9556872115002824,0.0,6.941412231486428
regional,Sudeste,2018,27,2018-07-01,1668,214,0.12829736211031176,6.515035795765661,0.0,2.518148014531743
regional,Sul,2018,27,2018-07-01,1191,21,0.017632241813602016,0.3833564009587127,0.0,0.0
nacional,Brasil,2018,28,2018-07-08,5569,653,0.11725623989944335,7.809888972860715,0.0,0.825559316436886
regional,Centro-Oeste,2018,28,2018-07-08,467,104,0.22269807280513917,17.33813561830915,0.0,11.095937179924894
regional,Nordeste,2018,28,2018-07-08,1793,272,0.1517010596765198,13.099847350236328,0.0,5.773129438932375
regional,Norte,2018,28,2018-07-08,450,45,0.1,3.6016130782245486,0.0,6.0010450870418985
regional,Sudeste,2018,28,2018-07-08,1668,211,0.1264988009592326,5.917831625975229,0.0,0.8881524546892539
regional,Sul,2018,28,2018-07-08,1191,21,0.017632241813602016,0.3498463642397001,0.0,0.0
nacional,Brasil,2018,29,2018-07-15,5569,673,0.12084754893158556,7.161967711403985,0.0,0.0
regional,Centro-Oeste,2018,29,2018-07-15,467,110,0.23554603854389722,14.00492751310515,0.0,8.342022940563087
regional,Nordeste,2018,29,2018-07-15,1793,280,0.1561628555493586,11.971856283829679,0.0,4.6988065031482
regional,Norte,2018,29,2018-07-15,450,54,0.12,3.725796944067787,0.0,5.27659890808665
regional,Sudeste,2018,29,2018-07-15,1668,208,0.12470023980815348,5.857936131073742,0.0,0.0
regional,Sul,2018,29,2018-07-15,1191,21,0.017632241813602016,0.3623111904454785,0.0,0.0
nacional,Brasil,2018,30,2018-07-22,5569,684,0.12282276889926379,6.412711526378594,0.0,0.0
regional,Centro-Oeste,2018,30,2018-07-22,467,96,0.20556745182012848,11.271479177549553,0.0,6.876123981804721
regional,Nordeste,2018,30,2018-07-22,1793,296,0.16508644729503624,10.883702980608112,0.0,4.163804051381342
regional,Norte,2018,30,2018-07-22,450,51,0.11333333333333333,3.5758163049917715,0.0,4.031518489803657
regional,Sudeste,2018,30,2018-07-22,1668,220,0.13189448441247004,5.333120720244483,0.0,0.0
regional,Sul,2018,30,2018-07-22,1191,21,0.017632241813602016,0.3605101357198241,0.0,0.0
nacional,Brasil,2018,31,2018-07-29,5569,696,0.12497755431854911,5.832957154627106,0.0,0.0
regional,Centro-Oeste,2018,31,2018-07-29,467,98,0.20985010706638116,9.853796768571208,0.0,5.557408024897188
regional,Nordeste,2018,31,2018-07-29,1793,302,0.16843279419966536,9.945233293116937,0.0,3.4839159214957696
regional,Norte,2018,31,2018-07-29,450,53,0.11777777777777777,3.7214387847953234,0.0,3.6630429855023507
regional,Sudeste,2018,31,2018-07-29,1668,223,0.13369304556354916,4.786121859949236,0.0,0.0
regional,Sul,2018,31,2018-07-29,1191,20,0.016792611251049538,0.32939823096869064,0.0,0.0
nacional,Brasil,2018,32,2018-08-05,5569,679,0.12192494164122823,5.599783015954878,0.0,0.0
regional,Centro-Oeste,2018,32,2018-08-05,467,91,0.1948608137044968,9.35469488083137,0.0,4.611482591653217
regional,Nordeste,2018,32,2018-08-05,1793,315,0.17568321249302846,10.004725677837344,0.0,2.9536862003780717
regional,Norte,2018,32,2018-08-05,450,50,0.1111111111111111,3.684421806202643,0.0,3.206170613849715
regional,Sudeste,2018,32,2018-08-05,1668,204,0.1223021582733813,4.123430690086302,0.0,0.0
regional,Sul,2018,32,2018-08-05,1191,19,0.01595298068849706,0.2873247374365801,0.0,0.0
nacional,Brasil,2018,33,2018-08-12,5569,657,0.11797450170587179,5.262456623443853,0.0,0.0
regional,Centro-Oeste,2018,33,2018-08-12,467,82,0.17558886509635974,9.724217022319245,0.0,3.8636890503052315
regional,Nordeste,2018,33,2018-08-12,1793,296,0.16508644729503624,9.455518893662871,0.0,2.393575642974257
regional,Norte,2018,33,2018-08-12,450,55,0.12222222222222222,3.9231911696232915,0.0,3.0855697057130635
regional,Sudeste,2018,33,2018-08-12,1668,206,0.12350119904076738,3.45583435703051,0.0,0.0
regional,Sul,2018,33,2018-08-12,1191,18,0.015113350125944584,0.2366905762727421,0.0,0.0
nacional,Brasil,2018,34,2018-08-19,5569,655,0.11761537080265756,5.137879259603332,0.0,0.0
regional,Centro-Oeste,2018,34,2018-08-19,467,85,0.18201284796573874,10.33488281656823,0.0,3.4702139965297945
regional,Nordeste,2018,34,2018-08-19,1793,295,0.1645287228109314,9.221833395615988,0.0,1.7583963425356117
regional,Norte,2018,34,2018-08-19,450,56,0.12444444444444444,4.186838515431894,0.0,2.7681675783018562
regional,Sudeste,2018,34,2018-08-19,1668,203,0.12170263788968826,3.110833111314096,0.0,0.0
regional,Sul,2018,34,2018-08-19,1191,16,0.01343408900083963,0.15009662589240846,0.0,0.0
nacional,Brasil,2018,35,2018-08-26,5569,609,0.10935536002873048,4.934712223683293,0.0,0.0
regional,Centro-Oeste,2018,35,2018-08-26,467,79,0.16916488222698073,9.750308662417948,0.0,3.759963904346518
regional,Nordeste,2018,35,2018-08-26,1793,281,0.15672058003346348,9.100730546865197,0.0,0.6570302233902775
regional,Norte,2018,35,2018-08-26,450,52,0.11555555555555555,4.19036781556065,0.0,2.4558227311605756
regional,Sudeste,2018,35,2018-08-26,1668,185,0.11091127098321343,2.738315134233299,0.0,0.0
regional,Sul,2018,35,2018-08-26,1191,12,0.010075566750629723,0.13201779757376073,0.0,0.0
nacional,Brasil,2018,36,2018-09-02,5569,570,0.10235230741605315,4.457096034222518,0.0,0.0
regional,Centro-Oeste,2018,36,2018-09-02,467,72,0.15417558886509636,9.581435036486182,0.0,3.684884472291643
regional,Nordeste,2018,36,2018-09-02,1793,261,0.14556609035136642,7.988099087855715,0.0,0.0
regional,Norte,2018,36,2018-09-02,450,50,0.1111111111111111,3.9235631406198914,0.0,2.415087577263736
regional,Sudeste,2018,36,2018-09-02,1668,170,0.10191846522781775,2.4495554976504303,0.0,0.0
regional,Sul,2018,36,2018-09-02,1191,17,0.014273719563392108,0.14518388300670892,0.0,0.0
nacional,Brasil,2018,37,2018-09-09,5569,535,0.09606751660980427,4.102970701258319,0.0,0.0
regional,Centro-Oeste,2018,37,2018-09-09,467,73,0.15631691648822268,9.403015614016594,0.0,3.759963904346518
regional,Nordeste,2018,37,2018-09-09,1793,239,0.13329615170105968,6.870546395071005,0.0,0.0
regional,Norte,2018,37,2018-09-09,450,47,0.10444444444444445,4.236527165880131,0.0,2.3454986558897652
regional,Sudeste,2018,37,2018-09-09,1668,160,0.09592326139088729,2.4162666030931037,0.0,0.0
regional,Sul,2018,37,2018-09-09,1191,16,0.01343408900083963,0.1700889492814139,0.0,0.0
nacional,Brasil,2018,38,2018-09-16,5569,494,0.08870533309391274,3.6832950789411427,0.0,0.0
regional,Centro-Oeste,2018,38,2018-09-16,467,71,0.15203426124197003,8.947500133259059,0.0,3.9930786636496833
regional,Nordeste,2018,38,2018-09-16,1793,217,0.12102621305075292,5.522061547281725,0.0,0.0
regional,Norte,2018,38,2018-09-16,450,46,0.10222222222222223,4.908775895610053,0.0,2.2267524382771855
regional,Sudeste,2018,38,2018-09-16,1668,142,0.08513189448441247,2.365573275746332,0.0,0.0
regional,Sul,2018,38,2018-09-16,1191,18,0.015113350125944584,0.23342233513493554,0.0,0.0
nacional,Brasil,2018,39,2018-09-23,5569,480,0.08619141677141318,3.320403872744125,0.0,0.0
regional,Centro-Oeste,2018,39,2018-09-23,467,74,0.15845824411134904,8.868042566144052,0.0,4.555808656036457
regional,Nordeste,2018,39,2018-09-23,1793,196,0.10931399888455103,4.177166513242843,0.0,0.0
regional,Norte,2018,39,2018-09-23,450,39,0.08666666666666667,5.386012604091006,0.0,2.4401101296424583
regional,Sudeste,2018,39,2018-09-23,1668,152,0.09112709832134293,2.467064157565846,0.0,0.0
regional,Sul,2018,39,2018-09-23,1191,19,0.01595298068849706,0.26996225358317666,0.0,0.0
nacional,Brasil,2018,40,2018-09-30,5569,483,0.0867301131262345,3.260813355673792,0.0,0.0
regional,Centro-Oeste,2018,40,2018-09-30,467,76,0.16274089935760172,8.989084893142289,0.0,4.971826317533986
regional,Nordeste,2018,40,2018-09-30,1793,189,0.10540992749581707,3.4036043684406665,0.0,0.0
regional,Norte,2018,40,2018-09-30,450,41,0.09111111111111111,6.193327491679818,0.0,2.486353648879035
regional,Sudeste,2018,40,2018-09-30,1668,156,0.09352517985611511,2.817237161670898,0.0,0.0
regional,Sul,2018,40,2018-09-30,1191,21,0.017632241813602016,0.31297677843224897,0.0,0.0
nacional,Brasil,2018,41,2018-10-07,5569,467,0.08385706590052074,3.183016593971163,0.0,0.0
regional,Centro-Oeste,2018,41,2018-10-07,467,72,0.15417558886509636,8.53470409625203,0.0,5.193738525461398
regional,Nordeste,2018,41,2018-10-07,1793,172,0.09592861126603458,2.8281150779920656,0.0,0.0
regional,Norte,2018,41,2018-10-07,450,41,0.09111111111111111,6.841680452055236,0.0,2.5950549328177956
regional,Sudeste,2018,41,2018-10-07,1668,162,0.09712230215827339,3.122229101459382,0.0,0.0
regional,Sul,2018,41,2018-10-07,1191,20,0.016792611251049538,0.3216355326421754,0.0,0.0
nacional,Brasil,2018,42,2018-10-14,5569,511,0.09175794577123361,3.4990185438256525,0.0,0.0
regional,Centro-Oeste,2018,42,2018-10-14,467,84,0.17987152034261242,10.404841862536738,0.0,5.523946307241894
regional,Nordeste,2018,42,2018-10-14,1793,186,0.10373675404350251,2.66923680012532,0.0,0.0
regional,Norte,2018,42,2018-10-14,450,56,0.12444444444444444,8.327688450227992,0.0,2.550555629120871
regional,Sudeste,2018,42,2018-10-14,1668,166,0.09952038369304557,3.438647503823725,0.0,0.0
regional,Sul,2018,42,2018-10-14,1191,19,0.01595298068849706,0.3005102427834878,0.0,0.0
nacional,Brasil,2018,43,2018-10-21,5569,517,0.09283533848087627,3.9233497273392035,0.0,0.0
regional,Centro-Oeste,2018,43,2018-10-21,467,89,0.1905781584582441,12.55817480506883,0.0,6.1845468788653415
regional,Nordeste,2018,43,2018-10-21,1793,192,0.10708310094813163,2.6376651148960675,0.0,0.0
regional,Norte,2018,43,2018-10-21,450,55,0.12222222222222222,9.726395882894558,0.0,2.676410538441607
regional,Sudeste,2018,43,2018-10-21,1668,160,0.09592326139088729,3.834557222806738,0.0,0.832472635009308
regional,Sul,2018,43,2018-10-21,1191,21,0.017632241813602016,0.4048814875164074,0.0,0.0
nacional,Brasil,2018,44,2018-10-28,5569,522,0.09373316573891183,4.393745775441812,0.0,0.0
regional,Centro-Oeste,2018,44,2018-10-28,467,93,0.19914346895074947,15.041659882950743,0.0,6.556517178075007
regional,Nordeste,2018,44,2018-10-28,1793,191,0.10652537646402677,2.564049245577805,0.0,0.0
regional,Norte,2018,44,2018-10-28,450,48,0.10666666666666667,11.953374587026364,0.0,3.040125312511245
regional,Sudeste,2018,44,2018-10-28,1668,167,0.10011990407673861,4.193109422196169,0.0,1.3148304553421108
regional,Sul,2018,44,2018-10-28,1191,23,0.019311502938706968,0.3978586737123232,0.0,0.0
nacional,Brasil,2018,45,2018-11-04,5569,549,0.09858143293230383,5.085664632839104,0.0,0.0
regional,Centro-Oeste,2018,45,2018-11-04,467,97,0.20770877944325483,18.095373409127646,0.0,8.084947543731367
regional,Nordeste,2018,45,2018-11-04,1793,195,0.10875627440044618,2.7010852174737616,0.0,0.0
regional,Norte,2018,45,2018-11-04,450,52,0.11555555555555555,13.975818825912565,0.0,3.201935719117735
regional,Sudeste,2018,45,2018-11-04,1668,179,0.10731414868105515,4.888610829323001,0.0,1.7489903719762134
regional,Sul,2018,45,2018-11-04,1191,26,0.0218303946263644,0.49131807583248494,0.0,0.0
nacional,Brasil,2018,46,2018-11-11,5569,529,0.09499012390016161,5.590592966297294,0.0,0.0
regional,Centro-Oeste,2018,46,2018-11-11,467,98,0.20985010706638116,20.063674741065594,0.0,9.196247930844216
regional,Nordeste,2018,46,2018-11-11,1793,180,0.1003904071388734,2.8280725410171534,0.0,0.0
regional,Norte,2018,46,2018-11-11,450,50,0.1111111111111111,14.169832312694375,0.0,3.329719853700346
regional,Sudeste,2018,46,2018-11-11,1668,173,0.10371702637889688,5.846572250570452,0.0,2.2504797088452584
regional,Sul,2018,46,2018-11-11,1191,28,0.023509655751469353,0.4744206587105452,0.0,0.0
nacional,Brasil,2018,47,2018-11-18,5569,571,0.10253187286766026,6.545077970042419,0.0,0.0
regional,Centro-Oeste,2018,47,2018-11-18,467,107,0.2291220556745182,24.787428180186634,0.0,10.611580771815643
regional,Nordeste,2018,47,2018-11-18,1793,191,0.10652537646402677,2.892521519711519,0.0,0.0
regional,Norte,2018,47,2018-11-18,450,57,0.12666666666666668,15.637095854326363,0.0,3.174162374759723
regional,Sudeste,2018,47,2018-11-18,1668,191,0.1145083932853717,7.278757318828482,0.0,2.482914710022163
regional,Sul,2018,47,2018-11-18,1191,25,0.020990764063811923,0.42809305451179747,0.0,0.0
nacional,Brasil,2018,48,2018-11-25,5569,603,0.1082779673190878,7.492708234929414,0.0,0.0
regional,Centro-Oeste,2018,48,2018-11-25,467,122,0.26124197002141325,28.74949210010613,0.0,11.94885888397658
regional,Nordeste,2018,48,2018-11-25,1793,194,0.10819854991634133,2.9410521163084367,0.0,0.0
regional,Norte,2018,48,2018-11-25,450,61,0.13555555555555557,16.353208053875388,0.0,3.5696437677480635
regional,Sudeste,2018,48,2018-11-25,1668,201,0.12050359712230216,9.034350033307664,0.0,2.9731865505676454
regional,Sul,2018,48,2018-11-25,1191,25,0.020990764063811923,0.5032186609825424,0.0,0.0
nacional,Brasil,2018,49,2018-12-02,5569,637,0.11438319267372958,8.577762697273466,0.0,0.0
regional,Centro-Oeste,2018,49,2018-12-02,467,130,0.278372591006424,34.16151584588747,0.43695408049568074,11.436413540713632
regional,Nordeste,2018,49,2018-12-02,1793,181,0.10094813162297825,2.7644440722388786,0.0,0.0
regional,Norte,2018,49,2018-12-02,450,62,0.13777777777777778,16.703998974949947,0.0,4.315459030905787
regional,Sudeste,2018,49,2018-12-02,1668,232,0.13908872901678657,11.146527306523996,0.0,2.930326789747742
regional,Sul,2018,49,2018-12-02,1191,32,0.02686817800167926,0.6299557124707512,0.0,0.0
nacional,Brasil,2018,50,2018-12-09,5569,679,0.12192494164122823,10.002446832325957,0.0,0.0
regional,Centro-Oeste,2018,50,2018-12-09,467,144,0.3083511777301927,41.1597909239956,3.7002090618119925,11.735711770918906
regional,Nordeste,2018,50,2018-12-09,1793,173,0.09648633575013943,2.6807046645350265,0.0,0.0
regional,Norte,2018,50,2018-12-09,450,71,0.15777777777777777,16.71168726772092,0.0,4.827867701204973
regional,Sudeste,2018,50,2018-12-09,1668,255,0.1528776978417266,13.888906346360981,0.0,3.2282981707426037
regional,Sul,2018,50,2018-12-09,1191,36,0.030226700251889168,0.83001303778461,0.0,0.0
nacional,Brasil,2018,51,2018-12-16,5569,677,0.12156581073801401,10.56385937547547,0.0,0.0
regional,Centro-Oeste,2018,51,2018-12-16,467,133,0.284796573875803,41.959498708013754,2.1958235436200346,13.044350792695163
regional,Nordeste,2018,51,2018-12-16,1793,176,0.09815950920245399,2.536096949107666,0.0,0.0
regional,Norte,2018,51,2018-12-16,450,66,0.14666666666666667,15.951725645452784,0.0,5.800353353789574
regional,Sudeste,2018,51,2018-12-16,1668,264,0.15827338129496402,15.85655056926073,0.0,3.3624291564094277
regional,Sul,2018,51,2018-12-16,1191,38,0.03190596137699412,0.8906987788831007,0.0,0.0
nacional,Brasil,2018,52,2018-12-23,5569,637,0.11438319267372958,11.39675477531338,0.0,0.0
regional,Centro-Oeste,2018,52,2018-12-23,467,123,0.2633832976445396,43.44886777208672,0.8739081609913615,16.75743611227482
regional,Nordeste,2018,52,2018-12-23,1793,153,0.08533184606804238,2.4107671118738665,0.0,0.0
regional,Norte,2018,52,2018-12-23,450,63,0.14,14.923441896970138,0.0,6.879870623069718
regional,Sudeste,2018,52,2018-12-23,1668,260,0.15587529976019185,18.60766745902056,0.0,4.480335738554093
regional,Sul,2018,52,2018-12-23,1191,38,0.03190596137699412,0.9254932722779188,0.0,0.0
nacional,Brasil,2019,1,2018-12-30,5569,505,0.09068055306159095,13.67815518199972,0.0,3.47668880158537
regional,Centro-Oeste,2019,1,2018-12-30,467,88,0.18843683083511778,48.67232345333103,5.611987204669173,35.486160397445
regional,Nordeste,2019,1,2018-12-30,1793,111,0.0619074177356386,2.7920241824956595,0.0,0.0
regional,Norte,2019,1,2018-12-30,450,42,0.09333333333333334,15.774041938107182,0.0,14.00853889239711
regional,Sudeste,2019,1,2018-12-30,1668,226,0.1354916067146283,24.063751518866418,0.0,8.536342751712917
regional,Sul,2019,1,2018-12-30,1191,38,0.03190596137699412,1.0083252653389694,0.0,0.0
nacional,Brasil,2019,2,2019-01-06,5569,450,0.08080445322319986,16.98547978620401,0.0,11.299435028248588
regional,Centro-Oeste,2019,2,2019-01-06,467,75,0.16059957173447537,55.84519333076718,7.31760860550772,85.60509351328336
regional,Nordeste,2019,2,2019-01-06,1793,114,0.06358059118795314,3.640546893028686,0.0,6.6196804138494425
regional,Norte,2019,2,2019-01-06,450,50,0.1111111111111111,18.264159997902816,0.0,22.19829460011377
regional,Sudeste,2019,2,2019-01-06,1668,179,0.10731414868105515,31.281128469213503,0.0,25.87762268389605
regional,Sul,2019,2,2019-01-06,1191,32,0.02686817800167926,1.334287807722112,0.0,0.0
nacional,Brasil,2019,3,2019-01-13,5569,476,0.08547315496498474,22.02570531991679,0.0,15.156299336911896
regional,Centro-Oeste,2019,3,2019-01-13,467,83,0.1777301927194861,64.42241660721534,9.655864972384226,103.6426317312043
regional,Nordeste,2019,3,2019-01-13,1793,118,0.06581148912437255,4.937349253970211,0.0,9.49397132820659
regional,Norte,2019,3,2019-01-13,450,47,0.10444444444444445,21.560215763759174,0.0,24.690128286947996
regional,Sudeste,2019,3,2019-01-13,1668,195,0.11690647482014388,43.04318597660289,0.0,34.09656117807221
regional,Sul,2019,3,2019-01-13,1191,33,0.027707808564231738,1.8682500890119094,0.0,0.0
nacional,Brasil,2019,4,2019-01-20,5569,522,0.09373316573891183,28.961904579170756,0.0,18.967833715324417
regional,Centro-Oeste,2019,4,2019-01-20,467,89,0.1905781584582441,77.67803446854782,17.83378908572108,122.00081333875559
regional,Nordeste,2019,4,2019-01-20,1793,117,0.0652537646402677,6.687037249947163,0.0,12.580877066858363
regional,Norte,2019,4,2019-01-20,450,56,0.12444444444444444,25.06460238616089,0.0,30.579971245726732
regional,Sudeste,2019,4,2019-01-20,1668,221,0.13249400479616308,59.090731275971805,0.0,42.57177110367482
regional,Sul,2019,4,2019-01-20,1191,39,0.0327455919395466,2.670810976777061,0.0,0.0
nacional,Brasil,2019,5,2019-01-27,5569,566,0.1016340456096247,35.76076608199673,0.0,24.248302618816684
regional,Centro-Oeste,2019,5,2019-01-27,467,91,0.1948608137044968,87.68062249757102,21.1133788443944,136.17960986382036
regional,Nordeste,2019,5,2019-01-27,1793,121,0.06748466257668712,8.078775158663804,0.0,16.63893510815306
regional,Norte,2019,5,2019-01-27,450,57,0.12666666666666668,27.51402121665945,0.0,35.027606160825144
regional,Sudeste,2019,5,2019-01-27,1668,259,0.1552757793764988,76.37505540901681,2.0927673889413922,54.760742694838356
regional,Sul,2019,5,2019-01-27,1191,38,0.03190596137699412,3.3120988875341006,0.0,0.0
nacional,Brasil,2019,6,2019-02-03,5569,592,0.10630274735140958,42.97330607317787,0.0,28.734256022221157
regional,Centro-Oeste,2019,6,2019-02-03,467,96,0.20556745182012848,96.44697717349739,26.711779894933663,150.4824317297068
regional,Nordeste,2019,6,2019-02-03,1793,123,0.06860011154489683,9.708776701737865,0.0,19.69100272644654
regional,Norte,2019,6,2019-02-03,450,54,0.12,31.698444399215603,0.0,37.635247482342166
regional,Sudeste,2019,6,2019-02-03,1668,280,0.16786570743405277,94.51815053020967,3.6297340643863873,66.3810357981297
regional,Sul,2019,6,2019-02-03,1191,39,0.0327455919395466,4.155492435979497,0.0,0.0
nacional,Brasil,2019,7,2019-02-10,5569,653,0.11725623989944335,50.55831511171587,0.0,33.4448160535117
regional,Centro-Oeste,2019,7,2019-02-10,467,97,0.20770877944325483,110.16587048930674,30.105368790767685,160.73194856577646
regional,Nordeste,2019,7,2019-02-10,1793,143,0.07975460122699386,11.997204129539163,0.0,23.80574511982225
regional,Norte,2019,7,2019-02-10,450,53,0.11777777777777777,33.61494067986138,0.0,39.83363892736327
regional,Sudeste,2019,7,2019-02-10,1668,319,0.19124700239808154,112.50597962409353,4.860657885132606,79.75653278211388
regional,Sul,2019,7,2019-02-10,1191,41,0.03442485306465155,4.881705302644912,0.0,1.066894270777766
nacional,Brasil,2019,8,2019-02-17,5569,691,0.12407972706051355,55.84602636095698,0.0,37.277465863252004
regional,Centro-Oeste,2019,8,2019-02-17,467,98,0.20985010706638116,119.15128366868711,32.92452053666968,175.30678687703508
regional,Nordeste,2019,8,2019-02-17,1793,157,0.08756274400446179,13.801065324845819,0.0,27.006751687921994
regional,Norte,2019,8,2019-02-17,450,61,0.13555555555555557,36.38212312550819,0.0,42.311327414147094
regional,Sudeste,2019,8,2019-02-17,1668,335,0.20083932853717026,124.57919284341848,6.94653823349359,91.15227816943805
regional,Sul,2019,8,2019-02-17,1191,40,0.033585222502099076,5.413528240254611,0.0,1.5899009491708667
nacional,Brasil,2019,9,2019-02-24,5569,719,0.12910755970551266,57.88979513736142,0.0,40.161771238602334
regional,Centro-Oeste,2019,9,2019-02-24,467,96,0.20556745182012848,120.27846471525415,34.566194262011756,170.98888572242805
regional,Nordeste,2019,9,2019-02-24,1793,163,0.09090909090909091,14.84735072630593,0.0,30.814142069412945
regional,Norte,2019,9,2019-02-24,450,60,0.13333333333333333,35.910345424103745,0.0,42.95615611210922
regional,Sudeste,2019,9,2019-02-24,1668,352,0.21103117505995203,129.27688455371526,9.027212206380558,96.83578702011499
regional,Sul,2019,9,2019-02-24,1191,48,0.04030226700251889,6.551996111865455,0.0,2.1211157068618207
nacional,Brasil,2019,10,2019-03-03,5569,761,0.1366493086730113,60.02736941550781,0.0,42.672160094173044
regional,Centro-Oeste,2019,10,2019-03-03,467,99,0.21199143468950749,121.39531078062639,40.25764895330113,168.53659721210354
regional,Nordeste,2019,10,2019-03-03,1793,177,0.09871723368655884,15.773847882827717,0.0,34.550451511582274
regional,Norte,2019,10,2019-03-03,450,62,0.13777777777777778,33.70065307351924,0.3170617255767353,41.948268419445
regional,Sudeste,2019,10,2019-03-03,1668,371,0.2224220623501199,134.97566095865287,11.199210652198769,102.51001293969338
regional,Sul,2019,10,2019-03-03,1191,52,0.0436607892527288,7.5680978374338626,0.0,2.292316156244269
nacional,Brasil,2019,11,2019-03-10,5569,831,0.14921889028550908,64.35437121115835,0.0,44.30786821982421
regional,Centro-Oeste,2019,11,2019-03-10,467,108,0.23126338329764454,128.0901696001739,48.43787842092516,162.49050873196668
regional,Nordeste,2019,11,2019-03-10,1793,196,0.10931399888455103,16.550611350726957,0.0,36.713829817278096
regional,Norte,2019,11,2019-03-10,450,63,0.14,35.1607154024557,0.0,41.032923939079055
regional,Sudeste,2019,11,2019-03-10,1668,400,0.23980815347721823,143.88883972855052,14.595884699880862,108.56138353421835
regional,Sul,2019,11,2019-03-10,1191,64,0.05373635600335852,10.971646785456672,0.0,2.435519618110524
nacional,Brasil,2019,12,2019-03-17,5569,931,0.16717543544622016,73.2490313500063,0.0,44.51662551740063
regional,Centro-Oeste,2019,12,2019-03-17,467,122,0.26124197002141325,141.2287044846549,54.187619212762264,152.18769816106536
regional,Nordeste,2019,12,2019-03-17,1793,207,0.1154489682097044,18.554641557921904,0.0,37.65060240963856
regional,Norte,2019,12,2019-03-17,450,74,0.16444444444444445,38.37300445900759,0.9077430556463609,40.43377902532021
regional,Sudeste,2019,12,2019-03-17,1668,441,0.2643884892086331,162.79525226224703,20.622378930723237,110.92065878243801
regional,Sul,2019,12,2019-03-17,1191,87,0.07304785894206549,16.701297649467584,0.0,2.3878316101148545
nacional,Brasil,2019,13,2019-03-24,5569,1084,0.1946489495421081,86.50301632320341,2.4294842204999876,43.55400696864111
regional,Centro-Oeste,2019,13,2019-03-24,467,145,0.31049250535331907,164.37441724800235,68.28735318219066,143.63354037267084
regional,Nordeste,2019,13,2019-03-24,1793,246,0.13720022308979365,22.351524147757402,0.0,37.27431944921268
regional,Norte,2019,13,2019-03-24,450,81,0.18,41.118427245499575,1.6120268937424924,40.86835456598202
regional,Sudeste,2019,13,2019-03-24,1668,519,0.31115107913669066,192.29400970651093,26.727355825506333,108.83264063241771
regional,Sul,2019,13,2019-03-24,1191,93,0.07808564231738035,21.53355314965457,0.0,1.941785277384027
nacional,Brasil,2019,14,2019-03-31,5569,1241,0.2228407254444245,101.25824454740736,4.30264828001635,41.72614042629694
regional,Centro-Oeste,2019,14,2019-03-31,467,171,0.36616702355460384,189.6857274037583,90.1945625563716,138.6127173842946
regional,Nordeste,2019,14,2019-03-31,1793,285,0.15895147796988288,27.234952477067157,0.0,36.25150067088816
regional,Norte,2019,14,2019-03-31,450,85,0.18888888888888888,46.07206886101444,2.2684524764235086,36.783057694482615
regional,Sudeste,2019,14,2019-03-31,1668,588,0.35251798561151076,224.00052365587828,34.49548375957885,101.33836282948091
regional,Sul,2019,14,2019-03-31,1191,112,0.09403862300587741,26.974269479524363,0.0,1.5050720929532524
nacional,Brasil,2019,15,2019-04-07,5569,1363,0.24474771054049202,113.1931792048243,5.5060015416804315,39.17457514897375
regional,Centro-Oeste,2019,15,2019-04-07,467,179,0.38329764453961457,202.69069761426493,85.94757198109154,127.80473742372567
regional,Nordeste,2019,15,2019-04-07,1793,312,0.17401003904071388,31.76996098214269,0.0,33.68137420006736
regional,Norte,2019,15,2019-04-07,450,85,0.18888888888888888,46.22409093583093,2.1214899465850623,32.612732654084866
regional,Sudeste,2019,15,2019-04-07,1668,659,0.395083932853717,251.96769644697642,44.96355198201769,90.73855242340294
regional,Sul,2019,15,2019-04-07,1191,128,0.10747271200671704,31.62868225872582,0.0,0.8542476496355241
nacional,Brasil,2019,16,2019-04-14,5569,1499,0.26916861195905906,121.98364348592533,6.905600441958429,36.78335870116695
regional,Centro-Oeste,2019,16,2019-04-14,467,197,0.42184154175588867,203.62973623837289,89.74432414886101,116.30912380460067
regional,Nordeste,2019,16,2019-04-14,1793,356,0.19854991634132738,36.13612518757743,2.747479187845152,31.969309462915604
regional,Norte,2019,16,2019-04-14,450,79,0.17555555555555555,43.530298585955244,1.7113813454353313,30.00571488963716
regional,Sudeste,2019,16,2019-04-14,1668,728,0.4364508393285372,274.10835299688046,55.812307493943536,80.46603199256069
regional,Sul,2019,16,2019-04-14,1191,139,0.11670864819479429,35.80049045003794,0.0,0.0
nacional,Brasil,2019,17,2019-04-21,5569,1652,0.29664212605494705,130.9280665027681,8.834665544804375,33.277870216306205
regional,Centro-Oeste,2019,17,2019-04-21,467,198,0.42398286937901497,203.60454221096262,93.10023792283025,108.27767658368751
regional,Nordeste,2019,17,2019-04-21,1793,417,0.23257110987172336,41.53868564943966,4.30264828001635,30.385900941962927
regional,Norte,2019,17,2019-04-21,450,83,0.18444444444444444,42.62769935951106,1.5775814226297105,27.857421793313822
regional,Sudeste,2019,17,2019-04-21,1668,795,0.4766187050359712,294.7626833653619,70.67147368577402,69.75121623666055
regional,Sul,2019,17,2019-04-21,1191,159,0.13350125944584382,40.91485911565673,0.0,0.0
nacional,Brasil,2019,18,2019-04-28,5569,1880,0.33758304902136826,139.22698976056097,11.483033817534594,29.542097488921712
regional,Centro-Oeste,2019,18,2019-04-28,467,214,0.4582441113490364,197.83056864143578,96.30376960469596,99.42004971002494
regional,Nordeste,2019,18,2019-04-28,1793,488,0.27216954824316786,48.85359096899239,6.173601679219657,26.677337601707347
regional,Norte,2019,18,2019-04-28,450,89,0.19777777777777777,38.74209440816387,1.3902366725957513,26.33351584550565
regional,Sudeste,2019,18,2019-04-28,1668,889,0.5329736211031175,311.81379429856395,82.11167966086586,62.007564303286806
regional,Sul,2019,18,2019-04-28,1191,200,0.16792611251049538,48.55952177995958,0.0,0.0
nacional,Brasil,2019,19,2019-05-05,5569,2085,0.374393966600826,148.22832175489933,13.257324671881214,25.144581342720645
regional,Centro-Oeste,2019,19,2019-05-05,467,232,0.49678800856531047,199.22107693917937,103.96118782321267,87.54377188594297
regional,Nordeste,2019,19,2019-05-05,1793,569,0.3173452314556609,56.53395134538051,7.8391408301650145,23.885850776290177
regional,Norte,2019,19,2019-05-05,450,86,0.19111111111111112,37.080222807611264,1.3102640696528065,23.5207530306972
regional,Sudeste,2019,19,2019-05-05,1668,977,0.5857314148681055,329.2849906310972,97.05984229039966,50.04486032165353
regional,Sul,2019,19,2019-05-05,1191,221,0.1855583543240974,54.70062260627647,0.0,0.0
nacional,Brasil,2019,20,2019-05-12,5569,2253,0.40456096247082063,154.9910567918377,15.751752382452548,20.767569363681677
regional,Centro-Oeste,2019,20,2019-05-12,467,237,0.5074946466809421,207.62125956409056,111.40712036812788,77.20815318097591
regional,Nordeste,2019,20,2019-05-12,1793,627,0.3496932515337423,65.04005330556552,9.747063697061261,21.148355715343133
regional,Norte,2019,20,2019-05-12,450,86,0.19111111111111112,34.67675031161169,1.3102640696528065,21.079838046677644
regional,Sudeste,2019,20,2019-05-12,1668,1047,0.6276978417266187,338.1650959287363,106.02466947434584,38.54307331428839
regional,Sul,2019,20,2019-05-12,1191,256,0.21494542401343408,58.694654770006295,0.0,0.0
nacional,Brasil,2019,21,2019-05-19,5569,2394,0.42987969114742325,151.80565170563665,16.161616161616163,17.056114617090227
regional,Centro-Oeste,2019,21,2019-05-19,467,256,0.5481798715203426,199.96476087492775,106.95187165775401,69.20818615498193
regional,Nordeste,2019,21,2019-05-19,1793,661,0.3686558839933073,71.6953016377653,11.067456145205025,18.84181705773251
regional,Norte,2019,21,2019-05-19,450,87,0.19333333333333333,33.53777125048653,0.0,18.117284924735415
regional,Sudeste,2019,21,2019-05-19,1668,1112,0.6666666666666666,323.632752510712,105.79242053959635,29.876972250564837
regional,Sul,2019,21,2019-05-19,1191,278,0.23341729638958858,57.56593361292985,0.0,0.0
nacional,Brasil,2019,22,2019-05-26,5569,2466,0.44280840366313523,139.82703070135005,15.432098765432098,13.77410468319559
regional,Centro-Oeste,2019,22,2019-05-26,467,249,0.5331905781584583,182.21527968494024,96.63703131039814,57.02772935012978
regional,Nordeste,2019,22,2019-05-26,1793,696,0.3881762409369771,75.74740413884295,11.086474501108647,17.130620985010708
regional,Norte,2019,22,2019-05-26,450,87,0.19333333333333333,30.248697608817892,0.0,15.887969132698633
regional,Sudeste,2019,22,2019-05-26,1668,1153,0.6912470023980816,289.9210635753234,96.44571367369804,21.758288526741403
regional,Sul,2019,22,2019-05-26,1191,281,0.235936188077246,50.87057495751344,0.0,0.0
nacional,Brasil,2019,23,2019-06-02,5569,2481,0.4455018854372419,121.12354085622599,13.699568463593396,10.770375057977922
regional,Centro-Oeste,2019,23,2019-06-02,467,248,0.5310492505353319,158.67573675065105,73.37430065119692,46.3325724798147
regional,Nordeste,2019,23,2019-06-02,1793,720,0.4015616285554936,76.64285245473673,12.192148256522799,15.11258878645912
regional,Norte,2019,23,2019-06-02,450,76,0.1688888888888889,25.636670004204397,0.0,14.395111747643025
regional,Sudeste,2019,23,2019-06-02,1668,1161,0.6960431654676259,240.61248150035624,78.08475956350308,16.235581574778134
regional,Sul,2019,23,2019-06-02,1191,276,0.23173803526448364,42.0962845255578,0.0,0.0
nacional,Brasil,2019,24,2019-06-09,5569,2478,0.44496318908242055,99.29631763832111,11.853031113662956,8.510638297872386
regional,Centro-Oeste,2019,24,2019-06-09,467,249,0.5331905781584583,126.73707037592625,63.25110689437065,39.01631591392766
regional,Nordeste,2019,24,2019-06-09,1793,729,0.40658114891243724,73.87310736145355,12.168040641255741,13.67652288082278
regional,Norte,2019,24,2019-06-09,450,71,0.15777777777777777,21.0401990742769,0.0,12.552215072220484
regional,Sudeste,2019,24,2019-06-09,1668,1165,0.6984412470023981,187.14304622702383,62.341886262188964,11.828503431296516
regional,Sul,2019,24,2019-06-09,1191,264,0.2216624685138539,33.34828620744421,0.0,0.0
nacional,Brasil,2019,25,2019-06-16,5569,2460,0.44173101095349254,80.16695608447739,9.871505898224774,6.555227794165883
regional,Centro-Oeste,2019,25,2019-06-16,467,242,0.5182012847965739,101.27922124924,49.971890811418575,32.98037081990542
regional,Nordeste,2019,25,2019-06-16,1793,746,0.41606246514221973,67.53077206741396,11.534912334666256,11.592858798979828
regional,Norte,2019,25,2019-06-16,450,62,0.13777777777777778,15.119965585438242,0.0,10.168426231993536
regional,Sudeste,2019,25,2019-06-16,1668,1150,0.6894484412470024,143.06815125446235,45.637832711498916,8.56459743213471
regional,Sul,2019,25,2019-06-16,1191,260,0.218303946263644,27.39550544777154,0.0,0.0
nacional,Brasil,2019,26,2019-06-23,5569,2349,0.42179924582510325,65.41752449284888,7.172572084349448,5.003022659523467
regional,Centro-Oeste,2019,26,2019-06-23,467,228,0.48822269807280516,82.79867416346366,38.42459173871278,27.29202466390378
regional,Nordeste,2019,26,2019-06-23,1793,716,0.3993307306190742,59.4659749351859,9.6685617047608,10.303967027305513
regional,Norte,2019,26,2019-06-23,450,60,0.13333333333333333,11.147495122773698,0.0,8.827961003569555
regional,Sudeste,2019,26,2019-06-23,1668,1096,0.657074340527578,111.35971177872294,31.7466616526103,6.0361754120096105
regional,Sul,2019,26,2019-06-23,1191,249,0.20906801007556675,23.72489332946388,0.0,0.0
nacional,Brasil,2019,27,2019-06-30,5569,2297,0.4124618423415335,52.74285321762107,4.920748609888517,3.7040466709880744
regional,Centro-Oeste,2019,27,2019-06-30,467,218,0.4668094218415418,63.01762624518242,27.642126600939832,21.890149745759924
regional,Nordeste,2019,27,2019-06-30,1793,725,0.40435025097601784,52.90754106501101,9.037097284352265,9.171787581399615
regional,Norte,2019,27,2019-06-30,450,52,0.11555555555555555,8.710035492917822,0.0,8.09637645979161
regional,Sudeste,2019,27,2019-06-30,1668,1056,0.6330935251798561,84.99451565588028,24.142197565517613,4.111248415123676
regional,Sul,2019,27,2019-06-30,1191,246,0.20654911838790932,19.93461704201967,0.0,0.0
nacional,Brasil,2019,28,2019-07-07,5569,2188,0.3928892081163584,42.04404928014548,3.1998976032766953,2.8555111364934476
regional,Centro-Oeste,2019,28,2019-07-07,467,203,0.4346895074946467,47.674072965396995,21.3857998289136,19.190174630589137
regional,Nordeste,2019,28,2019-07-07,1793,727,0.40546569994422754,47.637268890427265,8.476012883539582,8.053475074494644
regional,Norte,2019,28,2019-07-07,450,50,0.1111111111111111,6.804594454360165,0.0,6.7418473192232184
regional,Sudeste,2019,28,2019-07-07,1668,977,0.5857314148681055,63.04504436587132,16.984529847087966,2.562846289671894
regional,Sul,2019,28,2019-07-07,1191,231,0.19395465994962216,15.31880246768955,0.0,0.0
nacional,Brasil,2019,29,2019-07-14,5569,2095,0.37618962111689713,34.08717442063398,0.6154414253623411,1.8893769779415337
regional,Centro-Oeste,2019,29,2019-07-14,467,191,0.4089935760171306,37.081641350652845,16.144656118824667,16.252612026932926
regional,Nordeste,2019,29,2019-07-14,1793,730,0.4071388733965421,43.98414360438004,7.951653944020356,7.02247191011236
regional,Norte,2019,29,2019-07-14,450,50,0.1111111111111111,5.894742122606123,0.0,6.103697817469138
regional,Sudeste,2019,29,2019-07-14,1668,905,0.5425659472422062,46.23559958337456,11.687402147192781,1.5089935743788412
regional,Sul,2019,29,2019-07-14,1191,219,0.18387909319899245,11.651691263527152,0.0,0.0
nacional,Brasil,2019,30,2019-07-21,5569,1969,0.3535643742144011,26.906290524739337,0.0,1.4506629529695072
regional,Centro-Oeste,2019,30,2019-07-21,467,179,0.38329764453961457,28.996694483400617,10.56859015007398,13.155144109306086
regional,Nordeste,2019,30,2019-07-21,1793,722,0.4026770775237033,38.93389957112645,6.552865240326333,6.544502617801048
regional,Norte,2019,30,2019-07-21,450,48,0.10666666666666667,5.714492881965359,0.0,5.727645914909537
regional,Sudeste,2019,30,2019-07-21,1668,822,0.49280575539568344,32.617543900841234,6.696690388003086,1.031872945740791
regional,Sul,2019,30,2019-07-21,1191,198,0.16624685138539042,7.987916586068806,0.0,0.0
nacional,Brasil,2019,31,2019-07-28,5569,1787,0.320883462021907,21.658874005396804,0.0,0.7524124223290927
regional,Centro-Oeste,2019,31,2019-07-28,467,168,0.35974304068522484,23.948844821006002,8.65650969529086,11.727453969743168
regional,Nordeste,2019,31,2019-07-28,1793,679,0.3786949247071946,33.69373890911028,4.780571756382063,5.999825313716849
regional,Norte,2019,31,2019-07-28,450,47,0.10444444444444445,5.28840734576139,0.0,5.327804237572144
regional,Sudeste,2019,31,2019-07-28,1668,723,0.43345323741007197,23.504121101699976,3.096554492759645,0.11455606660289773
regional,Sul,2019,31,2019-07-28,1191,170,0.14273719563392107,6.244019846668426,0.0,0.0
nacional,Brasil,2019,32,2019-08-04,5569,1669,0.29969473873226793,17.7273384420712,0.0,0.0
regional,Centro-Oeste,2019,32,2019-08-04,467,157,0.3361884368308351,19.61038298501886,4.576659038901602,9.83936979352696
regional,Nordeste,2019,32,2019-08-04,1793,672,0.3747908533184607,28.56600803034752,3.7085110328203226,5.5853440571939235
regional,Norte,2019,32,2019-08-04,450,56,0.12444444444444444,5.36527864283077,0.0,5.231947939746938
regional,Sudeste,2019,32,2019-08-04,1668,638,0.3824940047961631,17.897415095262655,0.0,0.0
regional,Sul,2019,32,2019-08-04,1191,146,0.12258606213266163,5.104435569526158,0.0,0.0
nacional,Brasil,2019,33,2019-08-11,5569,1565,0.2810199317651284,14.902642247008588,0.0,0.0
regional,Centro-Oeste,2019,33,2019-08-11,467,140,0.29978586723768735,17.16344774074559,0.0,8.099133392726978
regional,Nordeste,2019,33,2019-08-11,1793,641,0.35750139431121025,24.267601354139934,2.3397285914833876,4.907734589713389
regional,Norte,2019,33,2019-08-11,450,55,0.12222222222222222,4.93952233895866,0.0,4.856953189209444
regional,Sudeste,2019,33,2019-08-11,1668,599,0.3591127098321343,14.296483399106652,0.0,0.0
regional,Sul,2019,33,2019-08-11,1191,130,0.109151973131822,4.53094541431439,0.0,0.0
nacional,Brasil,2019,34,2019-08-18,5569,1446,0.2596516430238822,12.886949099695372,0.0,0.0
regional,Centro-Oeste,2019,34,2019-08-18,467,131,0.28051391862955033,15.504940419507063,0.0,7.8064012490242
regional,Nordeste,2019,34,2019-08-18,1793,623,0.3474623535973229,22.011431744140147,0.0,4.558924093913836
regional,Norte,2019,34,2019-08-18,450,53,0.11777777777777777,4.540558739984551,0.0,3.9396956573234587
regional,Sudeste,2019,34,2019-08-18,1668,532,0.31894484412470026,11.169625159384315,0.0,0.0
regional,Sul,2019,34,2019-08-18,1191,107,0.08984047019311503,3.68256007070055,0.0,0.0
nacional,Brasil,2019,35,2019-08-25,5569,1368,0.24564553779852757,11.556559936617091,0.0,0.0
regional,Centro-Oeste,2019,35,2019-08-25,467,112,0.2398286937901499,13.939455833054687,0.0,6.704210244033253
regional,Nordeste,2019,35,2019-08-25,1793,616,0.34355828220858897,20.395898338976064,0.0,3.863390511512904
regional,Norte,2019,35,2019-08-25,450,53,0.11777777777777777,4.854254150640355,0.0,3.6632435785232973
regional,Sudeste,2019,35,2019-08-25,1668,493,0.29556354916067146,9.233758321059213,0.0,0.0
regional,Sul,2019,35,2019-08-25,1191,94,0.07892527287993283,3.100409272783405,0.0,0.0
nacional,Brasil,2019,36,2019-09-01,5569,1320,0.23702639612138623,10.690054679569911,0.0,0.0
regional,Centro-Oeste,2019,36,2019-09-01,467,112,0.2398286937901499,13.246100303414503,0.0,6.6115702479338845
regional,Nordeste,2019,36,2019-09-01,1793,599,0.3340769659788065,18.68886569973753,0.0,3.396047001290498
regional,Norte,2019,36,2019-09-01,450,52,0.11555555555555555,4.651965661827895,0.0,3.8131398553561935
regional,Sudeste,2019,36,2019-09-01,1668,471,0.2823741007194245,8.63757469060139,0.0,0.0
regional,Sul,2019,36,2019-09-01,1191,86,0.07220822837951302,2.8018390742696844,0.0,0.0
nacional,Brasil,2019,37,2019-09-08,5569,1260,0.2262524690249596,10.123476302848976,0.0,0.0
regional,Centro-Oeste,2019,37,2019-09-08,467,110,0.23554603854389722,12.167917281785462,0.0,6.519754857217368
regional,Nordeste,2019,37,2019-09-08,1793,580,0.3234802007808143,17.304509410316825,0.0,2.7188689505165993
regional,Norte,2019,37,2019-09-08,450,50,0.1111111111111111,5.345821148295069,0.0,3.5847795175591712
regional,Sudeste,2019,37,2019-09-08,1668,437,0.2619904076738609,8.448053937852137,0.0,0.0
regional,Sul,2019,37,2019-09-08,1191,83,0.06968933669185558,2.6626895904315115,0.0,0.0
nacional,Brasil,2019,38,2019-09-15,5569,1248,0.22409768360567428,9.62297402344709,0.0,0.0
regional,Centro-Oeste,2019,38,2019-09-15,467,103,0.22055674518201285,11.51997232811245,0.0,6.944846345274618
regional,Nordeste,2019,38,2019-09-15,1793,586,0.3268265476854434,15.956989239131884,0.0,1.9068321796998646
regional,Norte,2019,38,2019-09-15,450,48,0.10666666666666667,5.630666577617455,0.0,3.6480381670936053
regional,Sudeste,2019,38,2019-09-15,1668,420,0.2517985611510791,8.182744433766286,0.0,0.24651262671314
regional,Sul,2019,38,2019-09-15,1191,91,0.0764063811922754,2.869030964009107,0.0,0.0
nacional,Brasil,2019,39,2019-09-22,5569,1201,0.21565810738014007,9.013538928641434,0.0,0.0
regional,Centro-Oeste,2019,39,2019-09-22,467,100,0.21413276231263384,11.089869895817701,0.0,7.231180851833104
regional,Nordeste,2019,39,2019-09-22,1793,552,0.3078639152258784,13.976007187126042,0.0,1.477432222796787
regional,Norte,2019,39,2019-09-22,450,45,0.1,6.0436644113644595,0.0,3.533292297093773
regional,Sudeste,2019,39,2019-09-22,1668,407,0.24400479616306955,8.152392169002152,0.0,0.7755825509551907
regional,Sul,2019,39,2019-09-22,1191,97,0.08144416456759027,3.056766618581606,0.0,0.0
nacional,Brasil,2019,40,2019-09-29,5569,1145,0.20560244209014186,8.716206456969097,0.0,0.0
regional,Centro-Oeste,2019,40,2019-09-29,467,98,0.20985010706638116,11.34172994016213,0.0,8.302200083022045
regional,Nordeste,2019,40,2019-09-29,1793,527,0.29392080312325713,12.435172963765313,0.0,0.9939863823865613
regional,Norte,2019,40,2019-09-29,450,45,0.1,6.715947827561221,0.0,3.5500315613861613
regional,Sudeste,2019,40,2019-09-29,1668,383,0.22961630695443644,8.262162328744232,0.0,1.1980456704362683
regional,Sul,2019,40,2019-09-29,1191,92,0.07724601175482787,3.479628434950505,0.0,0.0
nacional,Brasil,2019,41,2019-10-06,5569,1091,0.19590590770335786,8.52111618071829,0.0,0.0
regional,Centro-Oeste,2019,41,2019-10-06,467,89,0.1905781584582441,10.423396863530094,0.0,8.785030308354564
regional,Nordeste,2019,41,2019-10-06,1793,499,0.27830451756832125,11.288537804356205,0.0,0.0
regional,Norte,2019,41,2019-10-06,450,53,0.11777777777777777,7.655168806134071,0.0,3.529930492193836
regional,Sudeste,2019,41,2019-10-06,1668,366,0.21942446043165467,8.163570693027049,0.0,1.3487366332271855
regional,Sul,2019,41,2019-10-06,1191,84,0.07052896725440806,4.436909750807283,0.0,0.0
nacional,Brasil,2019,42,2019-10-13,5569,1034,0.18567067696175255,8.497847736846511,0.0,0.0
regional,Centro-Oeste,2019,42,2019-10-13,467,78,0.1670235546038544,10.461105269630686,0.0,10.024057738572575
regional,Nordeste,2019,42,2019-10-13,1793,469,0.26157278304517567,10.080946534412686,0.0,0.0
regional,Norte,2019,42,2019-10-13,450,50,0.1111111111111111,9.297706026244429,0.0,3.6299928933385375
regional,Sudeste,2019,42,2019-10-13,1668,363,0.21762589928057555,8.322329179172284,0.0,1.847030584239672
regional,Sul,2019,42,2019-10-13,1191,74,0.06213266162888329,5.28835261688446,0.0,0.0
nacional,Brasil,2019,43,2019-10-20,5569,996,0.17884718980068234,8.795147256221643,0.0,0.0
regional,Centro-Oeste,2019,43,2019-10-20,467,80,0.17130620985010706,11.594622740228722,0.0,10.927634774162218
regional,Nordeste,2019,43,2019-10-20,1793,440,0.24539877300613497,9.376161137945509,0.0,0.0
regional,Norte,2019,43,2019-10-20,450,59,0.13111111111111112,11.116402941991277,0.0,3.9380546061423063
regional,Sudeste,2019,43,2019-10-20,1668,342,0.20503597122302158,8.450667941777652,0.0,2.258412774579349
regional,Sul,2019,43,2019-10-20,1191,75,0.06297229219143577,6.428156069768277,0.0,0.0
nacional,Brasil,2019,44,2019-10-27,5569,948,0.17022804812354103,9.28363708273869,0.0,0.0
regional,Centro-Oeste,2019,44,2019-10-27,467,75,0.16059957173447537,12.141125566232864,0.0,12.48595330253465
regional,Nordeste,2019,44,2019-10-27,1793,398,0.22197434467373117,8.553662544580835,0.0,0.0
regional,Norte,2019,44,2019-10-27,450,58,0.1288888888888889,12.643121976618747,0.0,4.46286315633102
regional,Sudeste,2019,44,2019-10-27,1668,339,0.20323741007194246,9.20004440221801,0.0,2.8245255483555223
regional,Sul,2019,44,2019-10-27,1191,78,0.0654911838790932,8.109885289277502,0.0,0.0
nacional,Brasil,2019,45,2019-11-03,5569,944,0.16950978631711258,10.632119794935164,0.0,0.0
regional,Centro-Oeste,2019,45,2019-11-03,467,86,0.1841541755888651,15.007270382063762,0.0,13.083867591259978
regional,Nordeste,2019,45,2019-11-03,1793,368,0.20524261015058562,7.450044239003836,0.0,0.0
regional,Norte,2019,45,2019-11-03,450,62,0.13777777777777778,15.311338457717317,0.0,5.115342077294294
regional,Sudeste,2019,45,2019-11-03,1668,348,0.20863309352517986,10.853395014101146,0.0,3.2453986661112246
regional,Sul,2019,45,2019-11-03,1191,80,0.06717044500419815,11.629206851001484,0.0,0.0
nacional,Brasil,2019,46,2019-11-10,5569,950,0.17058717902675524,12.07350344148131,0.0,0.5578613826036507
regional,Centro-Oeste,2019,46,2019-11-10,467,88,0.18843683083511778,17.680222784973026,0.0,14.582219413794778
regional,Nordeste,2019,46,2019-11-10,1793,367,0.20468488566648077,6.485817205013908,0.0,0.0
regional,Norte,2019,46,2019-11-10,450,65,0.14444444444444443,18.864445950096272,0.0,5.30769672609466
regional,Sudeste,2019,46,2019-11-10,1668,345,0.2068345323741007,12.105280173284834,0.0,3.5641216887404177
regional,Sul,2019,46,2019-11-10,1191,85,0.07136859781696053,15.676740864697438,0.0,0.0
nacional,Brasil,2019,47,2019-11-17,5569,965,0.1732806608008619,14.332034081639929,0.0,1.0455056326616015
regional,Centro-Oeste,2019,47,2019-11-17,467,89,0.1905781584582441,20.89220420963161,0.0,17.959916731295163
regional,Nordeste,2019,47,2019-11-17,1793,348,0.19408812046848856,5.806460622015591,0.0,0.0
regional,Norte,2019,47,2019-11-17,450,72,0.16,22.74444776028508,0.0,5.716497491087172
regional,Sudeste,2019,47,2019-11-17,1668,354,0.21223021582733814,14.58539898890287,0.0,3.842347083741859
regional,Sul,2019,47,2019-11-17,1191,102,0.08564231738035265,21.0612993567276,0.0,0.0
nacional,Brasil,2019,48,2019-11-24,5569,957,0.17184413718800504,16.981126017675425,0.0,1.239656891830652
regional,Centro-Oeste,2019,48,2019-11-24,467,95,0.20342612419700215,25.024913622186503,0.0,20.671597225412285
regional,Nordeste,2019,48,2019-11-24,1793,334,0.18627997769102064,5.191619761710762,0.0,0.0
regional,Norte,2019,48,2019-11-24,450,81,0.18,26.259922840933992,0.0,5.627057575212087
regional,Sudeste,2019,48,2019-11-24,1668,340,0.2038369304556355,17.2081664598442,0.0,4.4075194868075735
regional,Sul,2019,48,2019-11-24,1191,107,0.08984047019311503,27.751884940961816,0.0,0.0
nacional,Brasil,2019,49,2019-12-01,5569,958,0.17202370263961214,19.655882611631334,0.0,1.1511453896627144
regional,Centro-Oeste,2019,49,2019-12-01,467,99,0.21199143468950749,30.320970059770467,0.848727121499531,21.96715909714976
regional,Nordeste,2019,49,2019-12-01,1793,322,0.1795872838817624,4.788834369022986,0.0,0.0
regional,Norte,2019,49,2019-12-01,450,73,0.1622222222222222,28.98671266193296,0.0,5.8215192453311815
regional,Sudeste,2019,49,2019-12-01,1668,339,0.20323741007194246,19.76365538549228,0.0,4.733459278544945
regional,Sul,2019,49,2019-12-01,1191,125,0.10495382031905962,34.1792941576263,0.0,0.0
nacional,Brasil,2019,50,2019-12-08,5569,1010,0.1813611061231819,22.267571359817946,0.0,0.985853009316311
regional,Centro-Oeste,2019,50,2019-12-08,467,109,0.2334047109207709,35.27297099757764,3.158216099182022,23.193577163247113
regional,Nordeste,2019,50,2019-12-08,1793,303,0.1689905186837702,4.364331800450551,0.0,0.0
regional,Norte,2019,50,2019-12-08,450,82,0.18222222222222223,30.343137501972244,0.0,6.418287297119147
regional,Sudeste,2019,50,2019-12-08,1668,368,0.22062350119904076,22.878098776658437,0.0,4.864641088067325
regional,Sul,2019,50,2019-12-08,1191,148,0.12426532325776658,40.21435759311147,0.0,0.0
nacional,Brasil,2019,51,2019-12-15,5569,994,0.17848805889746813,23.755314396496058,0.0,1.1743981209630052
regional,Centro-Oeste,2019,51,2019-12-15,467,116,0.24839400428265523,36.282156975167354,3.840688251334639,25.733664701583578
regional,Nordeste,2019,51,2019-12-15,1793,269,0.15002788622420524,3.8097909505101244,0.0,0.0
regional,Norte,2019,51,2019-12-15,450,80,0.17777777777777778,28.88563750670474,0.0,8.177131066311901
regional,Sudeste,2019,51,2019-12-15,1668,371,0.2224220623501199,24.79423334512482,0.0,5.199843622786952
regional,Sul,2019,51,2019-12-15,1191,158,0.13266162888329136,45.47716649431855,0.0,0.0
nacional,Brasil,2019,52,2019-12-22,5569,939,0.16861195905907703,24.89354873503096,0.0,2.5819555731511046
regional,Centro-Oeste,2019,52,2019-12-22,467,109,0.2334047109207709,41.322472847990525,3.265055579408601,29.508765839264
regional,Nordeste,2019,52,2019-12-22,1793,241,0.13441160066926938,3.4107786681106633,0.0,0.0
regional,Norte,2019,52,2019-12-22,450,67,0.14888888888888888,27.31081706856288,0.0,11.053858094931986
regional,Sudeste,2019,52,2019-12-22,1668,353,0.21163069544364507,26.36238961152187,0.0,6.815210131690661
regional,Sul,2019,52,2019-12-22,1191,169,0.1418975650713686,47.82260149503078,0.0,0.0
nacional,Brasil,2020,1,2019-12-29,5569,760,0.1364697432214042,29.168596904560097,0.0,6.277537922678981
regional,Centro-Oeste,2020,1,2019-12-29,467,88,0.18843683083511778,51.83944243167687,9.147457006952067,53.13576488897691
regional,Nordeste,2020,1,2019-12-29,1793,157,0.08756274400446179,3.4152525642529885,0.0,3.6355373778686695
regional,Norte,2020,1,2019-12-29,450,53,0.11777777777777777,25.71402053437995,0.0,17.756441152895
regional,Sudeste,2020,1,2019-12-29,1668,281,0.1684652278177458,33.00961868824079,0.0,13.91386107025997
regional,Sul,2020,1,2019-12-29,1191,181,0.15197313182199831,54.975646923375194,0.0,0.0
nacional,Brasil,2020,2,2020-01-05,5569,858,0.15406715747890107,38.284418731140846,0.0,7.408093341976116
regional,Centro-Oeste,2020,2,2020-01-05,467,106,0.22698072805139186,72.29160712466802,13.885031935573453,63.97240661200052
regional,Nordeste,2020,2,2020-01-05,1793,180,0.1003904071388734,3.850144663391248,0.0,4.276225723189757
regional,Norte,2020,2,2020-01-05,450,52,0.11555555555555555,25.759901332045732,0.0,19.42794820338039
regional,Sudeste,2020,2,2020-01-05,1668,304,0.18225419664268586,46.07766070434253,0.0,16.912717422047415
regional,Sul,2020,2,2020-01-05,1191,216,0.181360201511335,70.6070061719387,0.0,0.0
nacional,Brasil,2020,3,2020-01-12,5569,792,0.14221583767283175,53.088432910412344,0.0,14.920542180146505
regional,Centro-Oeste,2020,3,2020-01-12,467,97,0.20770877944325483,106.60915942534409,21.64189871591401,127.5541092627495
regional,Nordeste,2020,3,2020-01-12,1793,163,0.09090909090909091,4.67981369910175,0.0,8.808428613151653
regional,Norte,2020,3,2020-01-12,450,55,0.12222222222222222,28.401600411860095,0.0,29.540459733184015
regional,Sudeste,2020,3,2020-01-12,1668,265,0.15887290167865709,66.39871688136175,0.9762933637040023,36.44676529371856
regional,Sul,2020,3,2020-01-12,1191,212,0.17800167926112512,95.66609531529198,0.0,0.0
nacional,Brasil,2020,4,2020-01-19,5569,865,0.15532411564015083,73.90027280927276,0.0,19.053356238058697
regional,Centro-Oeste,2020,4,2020-01-19,467,113,0.24197002141327623,150.5765967090993,31.695721077654518,148.013906577981
regional,Nordeste,2020,4,2020-01-19,1793,175,0.09760178471834914,6.188340230665426,0.0,11.158361952465377
regional,Norte,2020,4,2020-01-19,450,63,0.14,29.96154376046035,0.0,33.926804439833234
regional,Sudeste,2020,4,2020-01-19,1668,286,0.17146282973621102,92.45650769500094,3.646781472079187,48.93690209972209
regional,Sul,2020,4,2020-01-19,1191,228,0.19143576826196473,136.38581448416357,0.0,0.0
nacional,Brasil,2020,5,2020-01-26,5569,882,0.1583767283174717,92.85236082547831,0.0,24.305711842282935
regional,Centro-Oeste,2020,5,2020-01-26,467,121,0.25910064239828695,184.71433281197142,43.28379743182802,164.15380497814263
regional,Nordeste,2020,5,2020-01-26,1793,172,0.09592861126603458,7.868383787601224,0.0,14.856081708449407
regional,Norte,2020,5,2020-01-26,450,59,0.13111111111111112,30.230887869809337,0.0,39.96575833235786
regional,Sudeste,2020,5,2020-01-26,1668,287,0.1720623501199041,116.72560946986272,5.320199518209321,63.73441620049847
regional,Sul,2020,5,2020-01-26,1191,243,0.2040302267002519,174.99830037412588,0.0,0.0
nacional,Brasil,2020,6,2020-02-02,5569,933,0.16753456634943437,115.91507368580207,0.0,30.000345445325266
regional,Centro-Oeste,2020,6,2020-02-02,467,134,0.28693790149892934,215.2219163196782,55.06607929515419,178.80325740587747
regional,Nordeste,2020,6,2020-02-02,1793,177,0.09871723368655884,10.006353512827504,0.0,18.83416517562859
regional,Norte,2020,6,2020-02-02,450,62,0.13777777777777778,29.76827191248808,2.275806895589602,43.71695653177238
regional,Sudeste,2020,6,2020-02-02,1668,313,0.18764988009592326,145.14097412976696,7.909811682931922,81.29682513954897
regional,Sul,2020,6,2020-02-02,1191,247,0.2073887489504618,228.0353915846947,0.0,0.0
nacional,Brasil,2020,7,2020-02-09,5569,991,0.1779493625426468,137.06659761509258,0.0,35.6462915704622
regional,Centro-Oeste,2020,7,2020-02-09,467,142,0.30406852248394006,233.8781060006445,68.92590465249856,187.2491555338389
regional,Nordeste,2020,7,2020-02-09,1793,186,0.10373675404350251,12.300198372939617,0.0,22.52252252252252
regional,Norte,2020,7,2020-02-09,450,65,0.14444444444444443,27.704067975064447,1.8601053397372977,45.17148109469461
regional,Sudeste,2020,7,2020-02-09,1668,321,0.19244604316546762,165.66468923473184,9.632177770679263,100.02019276888765
regional,Sul,2020,7,2020-02-09,1191,277,0.2325776658270361,288.2057251898885,0.0,0.0
nacional,Brasil,2020,8,2020-02-16,5569,1003,0.18010414796193214,143.48706133495784,0.0,39.89906077952186
regional,Centro-Oeste,2020,8,2020-02-16,467,143,0.30620985010706636,230.16038301679438,78.75566056310298,195.25801952580196
regional,Nordeste,2020,8,2020-02-16,1793,169,0.09425543781372002,14.268298192922016,0.0,26.434047052603752
regional,Norte,2020,8,2020-02-16,450,66,0.14666666666666667,26.056881010968223,1.6693713109358832,48.90453427830008
regional,Sudeste,2020,8,2020-02-16,1668,324,0.19424460431654678,167.93170518636438,11.362864212442823,119.02388751787912
regional,Sul,2020,8,2020-02-16,1191,301,0.25272879932829556,314.16944277064357,0.0,1.3166094672998097
nacional,Brasil,2020,9,2020-02-23,5569,1039,0.1865685042197881,149.2633250237562,1.6793457269047978,44.474093840338
regional,Centro-Oeste,2020,9,2020-02-23,467,149,0.31905781584582443,225.59243595135348,83.02200083022001,208.8984163093884
regional,Nordeste,2020,9,2020-02-23,1793,172,0.09592861126603458,16.537752294899793,0.0,31.45973154362416
regional,Norte,2020,9,2020-02-23,450,65,0.14444444444444443,25.87052442169757,1.5564117285293217,48.95477275728399
regional,Sudeste,2020,9,2020-02-23,1668,325,0.19484412470023982,169.01447331083187,14.027503679521397,132.4338156640215
regional,Sul,2020,9,2020-02-23,1191,328,0.2753988245172124,338.1072394047266,0.0,1.4939643838890881
nacional,Brasil,2020,10,2020-03-01,5569,1052,0.18890285509068055,148.80692505692312,2.940311673037342,48.8440247476392
regional,Centro-Oeste,2020,10,2020-03-01,467,150,0.32119914346895073,222.09395558092308,82.67090620031796,203.7007945653877
regional,Nordeste,2020,10,2020-03-01,1793,178,0.09927495817066369,19.186240698519047,0.0,35.532393698922185
regional,Norte,2020,10,2020-03-01,450,61,0.13555555555555557,26.96113220653563,0.6664670684243429,48.42699268411738
regional,Sudeste,2020,10,2020-03-01,1668,324,0.19424460431654678,159.09674431732336,14.902960408186201,147.34408150990032
regional,Sul,2020,10,2020-03-01,1191,339,0.28463476070528965,346.8354994114464,0.0,1.890573600030249
nacional,Brasil,2020,11,2020-03-08,5569,1093,0.1962650386065721,141.01627461529915,3.816211265455656,52.126397526692315
regional,Centro-Oeste,2020,11,2020-03-08,467,160,0.3426124197002141,214.66946413228052,81.05917319643339,204.90586208944586
regional,Nordeste,2020,11,2020-03-08,1793,198,0.11042944785276074,22.31335799323194,0.0,38.39655966825372
regional,Norte,2020,11,2020-03-08,450,64,0.14222222222222222,29.13654064048129,1.6781488495001584,47.81514044931576
regional,Sudeste,2020,11,2020-03-08,1668,313,0.18764988009592326,146.83029809840443,17.588978433288844,159.76625840395468
regional,Sul,2020,11,2020-03-08,1191,358,0.30058774139378674,324.96789436154995,0.0,2.0092425155716294
nacional,Brasil,2020,12,2020-03-15,5569,1082,0.19428981863889389,134.39815524320156,3.9439952672056795,54.91488193300385
regional,Centro-Oeste,2020,12,2020-03-15,467,157,0.3361884368308351,201.84576931966402,80.00914390216025,204.90586208944586
regional,Nordeste,2020,12,2020-03-15,1793,220,0.12269938650306748,23.736943280561782,0.0,40.08600269669472
regional,Norte,2020,12,2020-03-15,450,67,0.14888888888888888,29.322106626349182,1.707700388803145,45.88880434956996
regional,Sudeste,2020,12,2020-03-15,1668,289,0.17326139088729017,137.70825350964384,18.582192682852885,174.75878215662507
regional,Sul,2020,12,2020-03-15,1191,349,0.29303106633081444,309.6126768590394,0.0,1.7456322825596788
nacional,Brasil,2020,13,2020-03-22,5569,1050,0.18854372418746634,126.96408174417947,3.8785546953783143,56.929632719320004
regional,Centro-Oeste,2020,13,2020-03-22,467,147,0.3147751605995717,187.99423412450767,78.84362680683311,197.39914969847356
regional,Nordeste,2020,13,2020-03-22,1793,216,0.12046848856664807,23.570430638089288,0.0,42.992261392949274
regional,Norte,2020,13,2020-03-22,450,58,0.1288888888888889,26.07005653671101,0.8180032855610091,45.56241748891021
regional,Sudeste,2020,13,2020-03-22,1668,274,0.1642685851318945,128.55992195392898,17.61543489735739,175.64519374693236
regional,Sul,2020,13,2020-03-22,1191,355,0.2980688497061293,294.5746486166438,0.0,1.5899009491708667
nacional,Brasil,2020,14,2020-03-29,5569,1008,0.18100197521996766,116.8238933196496,2.9556067860731807,57.93742757821553
regional,Centro-Oeste,2020,14,2020-03-29,467,132,0.2826552462526767,167.63129843331092,69.04885206283446,196.41955216342106
regional,Nordeste,2020,14,2020-03-29,1793,228,0.1271611823759063,24.99617166108247,0.0,44.24044682851297
regional,Norte,2020,14,2020-03-29,450,47,0.10444444444444445,20.578470984893276,0.0,41.95327769269266
regional,Sudeste,2020,14,2020-03-29,1668,257,0.15407673860911272,118.5400615530542,17.815787864027925,176.47522480150562
regional,Sul,2020,14,2020-03-29,1191,344,0.28883291351805207,269.1059404926576,0.0,1.465587993903154
nacional,Brasil,2020,15,2020-04-05,5569,994,0.17848805889746813,110.28740364776044,1.9474007069064565,57.7997893230151
regional,Centro-Oeste,2020,15,2020-04-05,467,124,0.26552462526766596,150.7899188484736,63.25880148901487,199.93602047344848
regional,Nordeste,2020,15,2020-04-05,1793,226,0.1260457334076966,28.302846486450015,0.0,42.96640027498496
regional,Norte,2020,15,2020-04-05,450,41,0.09111111111111111,15.30648066468318,0.0,41.754407778170815
regional,Sudeste,2020,15,2020-04-05,1668,263,0.15767386091127097,113.06428307970866,15.775358889414735,183.0512239549107
regional,Sul,2020,15,2020-04-05,1191,340,0.28547439126784213,249.82830779670388,0.0,1.4053036158462036
nacional,Brasil,2020,16,2020-04-12,5569,1028,0.18459328425210988,110.56504971850785,1.6060387055328034,56.723190828755676
regional,Centro-Oeste,2020,16,2020-04-12,467,131,0.28051391862955033,147.77863851901162,58.82698982293076,200.9771602391562
regional,Nordeste,2020,16,2020-04-12,1793,254,0.14166201896263245,36.44185406853574,0.0,44.00025143000816
regional,Norte,2020,16,2020-04-12,450,34,0.07555555555555556,13.235855932808953,0.0,38.438946890678835
regional,Sudeste,2020,16,2020-04-12,1668,273,0.16366906474820145,117.76382485039096,15.717306754447424,183.45635457366524
regional,Sul,2020,16,2020-04-12,1191,336,0.28211586901763225,234.254994398733,0.0,1.2690677428361126
nacional,Brasil,2020,17,2020-04-19,5569,1067,0.19159633686478722,105.92086229425499,2.2891152569531874,56.24929688378895
regional,Centro-Oeste,2020,17,2020-04-19,467,125,0.2676659528907923,144.42007699167513,56.74490585504256,191.43249295672905
regional,Nordeste,2020,17,2020-04-19,1793,296,0.16508644729503624,45.5214611047743,0.0,44.159858688452196
regional,Norte,2020,17,2020-04-19,450,36,0.08,13.14789890442899,0.0,34.9627135772141
regional,Sudeste,2020,17,2020-04-19,1668,288,0.17266187050359713,114.39143350915502,16.412648185229273,175.08884553320914
regional,Sul,2020,17,2020-04-19,1191,322,0.2703610411418976,204.94345995001657,0.0,1.1302500113025
nacional,Brasil,2020,18,2020-04-26,5569,1081,0.19411025318728678,98.54663018419024,2.908329455560726,54.65227490094275
regional,Centro-Oeste,2020,18,2020-04-26,467,121,0.25910064239828695,136.0472997559245,53.39028296849973,191.43249295672905
regional,Nordeste,2020,18,2020-04-26,1793,317,0.17679866146123815,51.34581370389999,0.0,44.72772000447277
regional,Norte,2020,18,2020-04-26,450,46,0.10222222222222223,13.618829298827277,0.0,30.16794539340961
regional,Sudeste,2020,18,2020-04-26,1668,276,0.16546762589928057,109.06104665388398,15.501506055754646,170.19414636100785
regional,Sul,2020,18,2020-04-26,1191,321,0.2695214105793451,172.26427500881218,0.0,0.7202016564638098
nacional,Brasil,2020,19,2020-05-03,5569,1100,0.19752199676782187,90.76734454668113,3.298384204038047,51.965993896375
regional,Centro-Oeste,2020,19,2020-05-03,467,125,0.2676659528907923,126.95013524403602,50.70736778053851,184.6381093057607
regional,Nordeste,2020,19,2020-05-03,1793,335,0.1868377021751255,55.48101773823494,0.0,44.03084539223153
regional,Norte,2020,19,2020-05-03,450,56,0.12444444444444444,14.12793827186976,0.0,27.087193893978046
regional,Sudeste,2020,19,2020-05-03,1668,266,0.15947242206235013,101.38483243469514,14.13153511379808,166.3864376599926
regional,Sul,2020,19,2020-05-03,1191,318,0.26700251889168763,143.78899336140574,0.0,0.0
nacional,Brasil,2020,20,2020-05-10,5569,1103,0.1980606931226432,79.48085447223374,3.2181762595137338,49.00351819276433
regional,Centro-Oeste,2020,20,2020-05-10,467,124,0.26552462526766596,113.105777005249,44.28452809299751,171.46776406035664
regional,Nordeste,2020,20,2020-05-10,1793,348,0.19408812046848856,55.54319720860969,1.6154566896061517,44.03084539223153
regional,Norte,2020,20,2020-05-10,450,60,0.13333333333333333,14.168730123897276,0.0,24.10556878225512
regional,Sudeste,2020,20,2020-05-10,1668,254,0.15227817745803357,88.22411844251029,12.93340796868159,151.22669915126528
regional,Sul,2020,20,2020-05-10,1191,317,0.2661628883291352,114.76554994250243,0.0,0.0
nacional,Brasil,2020,21,2020-05-17,5569,1089,0.19554677680014365,68.60329497875884,2.3715789972964,44.99020801354999
regional,Centro-Oeste,2020,21,2020-05-17,467,115,0.2462526766595289,99.7584675423485,43.27599264308125,153.1393568147014
regional,Nordeste,2020,21,2020-05-17,1793,355,0.19799219185722253,54.497121504081996,1.6916180326482282,42.77769855981749
regional,Norte,2020,21,2020-05-17,450,59,0.13111111111111112,14.292759352764019,0.0,22.47741214174962
regional,Sudeste,2020,21,2020-05-17,1668,248,0.1486810551558753,74.71158590193873,11.294528728545448,139.13050230083638
regional,Sul,2020,21,2020-05-17,1191,312,0.2619647355163728,89.58903404234647,0.0,0.0
nacional,Brasil,2020,22,2020-05-24,5569,1040,0.18674806967139523,57.77059472215254,1.214417565335665,40.21447721179625
regional,Centro-Oeste,2020,22,2020-05-24,467,114,0.24411134903640258,86.91580495443058,37.0919881305638,132.75119476075287
regional,Nordeste,2020,22,2020-05-24,1793,345,0.192414947016174,53.149596218201765,2.0912189715385097,40.88725339875294
regional,Norte,2020,22,2020-05-24,450,58,0.1288888888888889,13.622380103476413,0.0,20.422707398083265
regional,Sudeste,2020,22,2020-05-24,1668,225,0.13489208633093525,60.747977237191854,8.2776822429425,118.57796937710401
regional,Sul,2020,22,2020-05-24,1191,298,0.2502099076406381,65.8101074697836,0.0,0.0
nacional,Brasil,2020,23,2020-05-31,5569,981,0.17615370802657568,45.67131477144883,0.0,36.33720930232558
regional,Centro-Oeste,2020,23,2020-05-31,467,112,0.2398286937901499,72.15302913476529,31.236545069269148,120.62212356424271
regional,Nordeste,2020,23,2020-05-31,1793,354,0.19743446737311768,49.66882647806336,2.0912189715385097,39.68969871910518
regional,Norte,2020,23,2020-05-31,450,58,0.1288888888888889,11.823618715368271,0.0,16.753835007843655
regional,Sudeste,2020,23,2020-05-31,1668,201,0.12050359712230216,45.8786713839623,6.077268684278023,102.94407797096693
regional,Sul,2020,23,2020-05-31,1191,256,0.21494542401343408,41.76795062194011,0.0,0.0
nacional,Brasil,2020,24,2020-06-07,5569,923,0.16573891183336326,36.29210749466318,0.0,31.97803693428647
regional,Centro-Oeste,2020,24,2020-06-07,467,106,0.22698072805139186,60.82235021803914,27.14440825190011,110.39084874627318
regional,Nordeste,2020,24,2020-06-07,1793,346,0.19297267150027886,44.64936077666272,1.665972511453561,38.16065636328945
regional,Norte,2020,24,2020-06-07,450,60,0.13333333333333333,10.369482280637053,0.0,14.427990858113304
regional,Sudeste,2020,24,2020-06-07,1668,178,0.10671462829736211,34.07679688570348,3.2646538860162972,85.88198367344931
regional,Sul,2020,24,2020-06-07,1191,233,0.19563392107472713,26.989119212223862,0.0,0.0
nacional,Brasil,2020,25,2020-06-14,5569,894,0.16053151373675706,30.321034943203227,0.0,27.542512917950617
regional,Centro-Oeste,2020,25,2020-06-14,467,101,0.21627408993576017,51.848273854476325,24.49779519843214,89.93067574168546
regional,Nordeste,2020,25,2020-06-14,1793,342,0.19074177356385946,40.19289858691104,0.0,35.286258496348026
regional,Norte,2020,25,2020-06-14,450,62,0.13777777777777778,9.01695526503996,0.0,12.591587661605208
regional,Sudeste,2020,25,2020-06-14,1668,176,0.10551558752997602,26.956324836011092,1.5152642703408201,63.40268710369692
regional,Sul,2020,25,2020-06-14,1191,213,0.17884130982367757,19.780061164225305,0.0,0.0
nacional,Brasil,2020,26,2020-06-21,5569,860,0.15442628838211528,25.29404626439143,0.0,23.43155058285982
regional,Centro-Oeste,2020,26,2020-06-21,467,98,0.20985010706638116,44.636993763615614,19.782393669634025,76.5696784073507
regional,Nordeste,2020,26,2020-06-21,1793,334,0.18627997769102064,34.54152522481786,0.0,32.09242618741977
regional,Norte,2020,26,2020-06-21,450,63,0.14,7.8275519573199706,0.0,10.273515171312123
regional,Sudeste,2020,26,2020-06-21,1668,166,0.09952038369304557,21.852006123103312,0.6060113259822697,49.15542341068155
regional,Sul,2020,26,2020-06-21,1191,199,0.1670864819479429,15.207865857731873,0.0,0.0
nacional,Brasil,2020,27,2020-06-28,5569,831,0.14921889028550908,21.719985213179633,0.0,19.190174630589137
regional,Centro-Oeste,2020,27,2020-06-28,467,99,0.21199143468950749,40.065420729000465,17.864586434824034,58.36813527295193
regional,Nordeste,2020,27,2020-06-28,1793,330,0.18404907975460122,30.291535722212593,0.0,28.264556246466928
regional,Norte,2020,27,2020-06-28,450,57,0.12666666666666668,7.132525940859583,0.0,8.382026661859314
regional,Sudeste,2020,27,2020-06-28,1668,159,0.09532374100719425,17.842641026367286,0.0,34.30052764944003
regional,Sul,2020,27,2020-06-28,1191,186,0.1561712846347607,12.564366680486591,0.0,0.0
nacional,Brasil,2020,28,2020-07-05,5569,843,0.1513736757047944,18.70744482180414,0.0,15.835312747426762
regional,Centro-Oeste,2020,28,2020-07-05,467,105,0.22483940042826553,35.29016410358423,15.008254539996999,48.547974225439134
regional,Nordeste,2020,28,2020-07-05,1793,346,0.19297267150027886,26.966545471543824,0.0,24.774000718506393
regional,Norte,2020,28,2020-07-05,450,53,0.11777777777777777,6.380665508044435,0.0,7.589058695886962
regional,Sudeste,2020,28,2020-07-05,1668,161,0.09652278177458033,14.469434236107967,0.0,25.873306085026712
regional,Sul,2020,28,2020-07-05,1191,178,0.1494542401343409,10.36433397256695,0.0,0.0
nacional,Brasil,2020,29,2020-07-12,5569,828,0.14868019393068774,15.514314226544306,0.0,12.858428700012858
regional,Centro-Oeste,2020,29,2020-07-12,467,108,0.23126338329764454,30.240041457032056,12.21597849987784,36.55972945800201
regional,Nordeste,2020,29,2020-07-12,1793,349,0.1946458449525934,23.2722118101401,0.0,21.666125013541325
regional,Norte,2020,29,2020-07-12,450,55,0.12222222222222222,5.552048161519214,0.0,6.6324455629115935
regional,Sudeste,2020,29,2020-07-12,1668,169,0.1013189448441247,11.510143998499252,0.0,19.632787583006163
regional,Sul,2020,29,2020-07-12,1191,147,0.12342569269521411,7.432996582224745,0.0,0.0
nacional,Brasil,2020,30,2020-07-19,5569,805,0.1445501885437242,13.49853988694862,0.0,10.764262648008613
regional,Centro-Oeste,2020,30,2020-07-19,467,120,0.2569593147751606,27.145285948951024,8.505892693438176,28.56734810462317
regional,Nordeste,2020,30,2020-07-19,1793,324,0.18070273284997213,20.679482415289122,0.0,19.221528111484865
regional,Norte,2020,30,2020-07-19,450,53,0.11777777777777777,4.997470902035233,0.0,6.3188949351483465
regional,Sudeste,2020,30,2020-07-19,1668,179,0.10731414868105515,9.665990843232189,0.0,14.740567318893312
regional,Sul,2020,30,2020-07-19,1191,129,0.10831234256926953,5.916434499761706,0.0,0.0
nacional,Brasil,2020,31,2020-07-26,5569,803,0.14419105764050996,11.329799281051432,0.0,8.682062858135092
regional,Centro-Oeste,2020,31,2020-07-26,467,118,0.25267665952890794,22.99443162740875,4.578335317278638,22.991148407862973
regional,Nordeste,2020,31,2020-07-26,1793,291,0.162297824874512,16.856322863325815,0.0,17.628911414720143
regional,Norte,2020,31,2020-07-26,450,57,0.12666666666666668,4.533951770758692,0.0,5.83024513056732
regional,Sudeste,2020,31,2020-07-26,1668,206,0.12350119904076738,8.36789988361241,0.0,10.92135056742376
regional,Sul,2020,31,2020-07-26,1191,131,0.10999160369437448,5.151914718325309,0.0,0.0
nacional,Brasil,2020,32,2020-08-02,5569,776,0.13934279044711798,9.48690284817122,0.0,6.9920290868410016
regional,Centro-Oeste,2020,32,2020-08-02,467,114,0.24411134903640258,19.335403968039827,2.1913965770385464,19.942772912511924
regional,Nordeste,2020,32,2020-08-02,1793,265,0.14779698828778584,13.801945452486775,0.0,16.261925411968775
regional,Norte,2020,32,2020-08-02,450,61,0.13555555555555557,4.347106242414348,0.0,5.42403492418576
regional,Sudeste,2020,32,2020-08-02,1668,211,0.1264988009592326,7.135524839250473,0.0,8.575741692416546
regional,Sul,2020,32,2020-08-02,1191,125,0.10495382031905962,4.364220714631302,0.0,0.0
nacional,Brasil,2020,33,2020-08-09,5569,713,0.12803016699587,7.98381523053373,0.0,5.9192612761927315
regional,Centro-Oeste,2020,33,2020-08-09,467,101,0.21627408993576017,17.482208756375087,0.0,16.795431642593215
regional,Nordeste,2020,33,2020-08-09,1793,236,0.1316229782487451,11.267513545481352,0.0,14.35763371958633
regional,Norte,2020,33,2020-08-09,450,52,0.11555555555555555,3.9978341996542572,0.0,5.181548889210886
regional,Sudeste,2020,33,2020-08-09,1668,209,0.12529976019184652,6.107383852387806,0.0,6.662928097874962
regional,Sul,2020,33,2020-08-09,1191,115,0.09655751469353484,3.4499429781190876,0.0,0.0
nacional,Brasil,2020,34,2020-08-16,5569,692,0.12425929251212067,6.702275964032655,0.0,4.9885263893045995
regional,Centro-Oeste,2020,34,2020-08-16,467,99,0.21199143468950749,14.376908635388945,0.0,13.757681372099421
regional,Nordeste,2020,34,2020-08-16,1793,233,0.12994980479643056,9.476623147299158,0.0,12.899896800825593
regional,Norte,2020,34,2020-08-16,450,51,0.11333333333333333,3.820836728949317,0.0,5.004425254908047
regional,Sudeste,2020,34,2020-08-16,1668,211,0.1264988009592326,5.284140403091906,0.0,5.551597643749441
regional,Sul,2020,34,2020-08-16,1191,98,0.08228379513014274,2.591142306867623,0.0,0.0
nacional,Brasil,2020,35,2020-08-23,5569,659,0.11833363260908601,5.90677727506361,0.0,4.269397782541793
regional,Centro-Oeste,2020,35,2020-08-23,467,103,0.22055674518201285,13.116188311227301,0.0,12.860932479931142
regional,Nordeste,2020,35,2020-08-23,1793,221,0.12325711098717233,8.197052796903689,0.0,11.460661280155865
regional,Norte,2020,35,2020-08-23,450,45,0.1,3.6639979792282054,0.0,4.735266080068731
regional,Sudeste,2020,35,2020-08-23,1668,197,0.11810551558752998,4.647899156087493,0.0,4.874046313138455
regional,Sul,2020,35,2020-08-23,1191,93,0.07808564231738035,2.242461927482072,0.0,0.0
nacional,Brasil,2020,36,2020-08-30,5569,635,0.11402406177051536,5.246744156872349,0.0,3.7626402392018043
regional,Centro-Oeste,2020,36,2020-08-30,467,97,0.20770877944325483,11.941203122079903,0.0,12.328176046353944
regional,Nordeste,2020,36,2020-08-30,1793,216,0.12046848856664807,7.2547894199739265,0.0,10.093873019077419
regional,Norte,2020,36,2020-08-30,450,39,0.08666666666666667,3.232596635810209,0.0,3.977233750655105
regional,Sudeste,2020,36,2020-08-30,1668,201,0.12050359712230216,4.123751386448648,0.0,4.2276501839641085
regional,Sul,2020,36,2020-08-30,1191,82,0.0688497061293031,1.9325383063699493,0.0,0.0
nacional,Brasil,2020,37,2020-09-06,5569,593,0.1064823128030167,4.647637141899835,0.0,3.486993514192063
regional,Centro-Oeste,2020,37,2020-09-06,467,83,0.1777301927194861,10.053232439285832,0.0,11.856606666759424
regional,Nordeste,2020,37,2020-09-06,1793,202,0.11266034578918015,6.255947680273819,0.0,8.823788934968675
regional,Norte,2020,37,2020-09-06,450,31,0.06888888888888889,3.169468547968502,0.0,3.9693780319414973
regional,Sudeste,2020,37,2020-09-06,1668,190,0.11390887290167866,3.733603915978801,0.0,4.150418654555873
regional,Sul,2020,37,2020-09-06,1191,87,0.07304785894206549,1.9454284844032483,0.0,0.0
nacional,Brasil,2020,38,2020-09-13,5569,583,0.1046866582869456,4.3670927672087565,0.0,3.135123837391577
regional,Centro-Oeste,2020,38,2020-09-13,467,80,0.17130620985010706,9.606865109418507,0.0,11.444441053498947
regional,Nordeste,2020,38,2020-09-13,1793,188,0.10485220301171222,5.495664552004748,0.0,7.678825572805374
regional,Norte,2020,38,2020-09-13,450,30,0.06666666666666667,2.9309986958025855,0.0,4.085831291111349
regional,Sudeste,2020,38,2020-09-13,1668,196,0.11750599520383694,3.730569192338106,0.0,4.1548715439037975
regional,Sul,2020,38,2020-09-13,1191,89,0.07472712006717044,2.0475803919491873,0.0,0.0
nacional,Brasil,2020,39,2020-09-20,5569,581,0.10432752738373137,4.207414980796138,0.0,2.999760019198464
regional,Centro-Oeste,2020,39,2020-09-20,467,76,0.16274089935760172,9.23599325549131,0.0,11.655011655011656
regional,Nordeste,2020,39,2020-09-20,1793,187,0.10429447852760736,4.8867591298160304,0.0,6.742633672712562
regional,Norte,2020,39,2020-09-20,450,31,0.06888888888888889,3.0871295080008783,0.0,3.964447077485314
regional,Sudeste,2020,39,2020-09-20,1668,201,0.12050359712230216,3.9342508455511824,0.0,4.538377709932281
regional,Sul,2020,39,2020-09-20,1191,86,0.07220822837951302,2.018797119226982,0.0,0.0
nacional,Brasil,2020,40,2020-09-27,5569,592,0.10630274735140958,4.162148158467885,0.0,2.948919987543762
regional,Centro-Oeste,2020,40,2020-09-27,467,75,0.16059957173447537,9.473780006440094,0.0,11.655011655011656
regional,Nordeste,2020,40,2020-09-27,1793,194,0.10819854991634133,4.374121789864131,0.0,5.6282459652027175
regional,Norte,2020,40,2020-09-27,450,31,0.06888888888888889,3.3483455438376826,0.0,3.954730447529263
regional,Sudeste,2020,40,2020-09-27,1668,191,0.1145083932853717,4.054690770357636,0.0,4.72537691009686
regional,Sul,2020,40,2020-09-27,1191,101,0.08480268681780016,2.2182768787491565,0.0,0.0
nacional,Brasil,2020,41,2020-10-04,5569,569,0.10217274196444603,4.140255415641805,0.0,2.9303277937928334
regional,Centro-Oeste,2020,41,2020-10-04,467,70,0.14989293361884368,9.475328501237685,0.0,11.533662245310168
regional,Nordeste,2020,41,2020-10-04,1793,185,0.10317902955939766,4.109918895092854,0.0,5.0543340914834465
regional,Norte,2020,41,2020-10-04,450,31,0.06888888888888889,3.24973100971017,0.0,3.9284457173709235
regional,Sudeste,2020,41,2020-10-04,1668,183,0.10971223021582734,4.094025989696139,0.0,4.759572990851943
regional,Sul,2020,41,2020-10-04,1191,100,0.08396305625524769,2.495218400963051,0.0,0.0
nacional,Brasil,2020,42,2020-10-11,5569,534,0.09588795115819716,3.9448826434527513,0.0,2.881844380403458
regional,Centro-Oeste,2020,42,2020-10-11,467,61,0.13062098501070663,8.608063658906158,0.0,12.515644555694617
regional,Nordeste,2020,42,2020-10-11,1793,169,0.09425543781372002,3.512710403608083,0.0,4.674426214182209
regional,Norte,2020,42,2020-10-11,450,29,0.06444444444444444,3.857553570431181,0.0,4.078199216520103
regional,Sudeste,2020,42,2020-10-11,1668,185,0.11091127098321343,4.050266855972989,0.0,4.779046868776145
regional,Sul,2020,42,2020-10-11,1191,90,0.07556675062972293,2.65243638669431,0.0,0.0
nacional,Brasil,2020,43,2020-10-18,5569,505,0.09068055306159095,3.9088593261682942,0.0,2.9444460547734055
regional,Centro-Oeste,2020,43,2020-10-18,467,51,0.10920770877944326,8.526054384113763,0.0,13.564839934888768
regional,Nordeste,2020,43,2020-10-18,1793,160,0.08923591745677635,3.4401840163943684,0.0,4.336262719703978
regional,Norte,2020,43,2020-10-18,450,25,0.05555555555555555,4.073346938387943,0.0,4.381791065024462
regional,Sudeste,2020,43,2020-10-18,1668,176,0.10551558752997602,3.91167217150879,0.0,5.083861371809656
regional,Sul,2020,43,2020-10-18,1191,93,0.07808564231738035,2.7379050749821694,0.0,0.0
nacional,Brasil,2020,44,2020-10-25,5569,479,0.08601185131980607,3.7157033042116283,0.0,2.952465308532625
regional,Centro-Oeste,2020,44,2020-10-25,467,51,0.10920770877944326,7.889994880637276,0.0,15.08333542824103
regional,Nordeste,2020,44,2020-10-25,1793,149,0.08310094813162298,3.1704502708754454,0.0,3.9507845129247094
regional,Norte,2020,44,2020-10-25,450,25,0.05555555555555555,4.644419667551846,0.0,4.779262321226176
regional,Sudeste,2020,44,2020-10-25,1668,163,0.09772182254196643,3.6831250060219762,0.0,5.300420599490332
regional,Sul,2020,44,2020-10-25,1191,91,0.0764063811922754,2.5945133465779078,0.0,0.0
nacional,Brasil,2020,45,2020-11-01,5569,461,0.08277967319087808,3.8887542198996767,0.0,3.1230127543121133
regional,Centro-Oeste,2020,45,2020-11-01,467,50,0.10706638115631692,8.727038647546994,0.0,16.39344262295082
regional,Nordeste,2020,45,2020-11-01,1793,148,0.08254322364751812,3.0294750848953114,0.0,3.8227761000038223
regional,Norte,2020,45,2020-11-01,450,26,0.057777777777777775,5.615748267345579,0.0,5.389315903469838
regional,Sudeste,2020,45,2020-11-01,1668,148,0.08872901678657075,3.907848792378973,0.0,5.396627294890195
regional,Sul,2020,45,2020-11-01,1191,89,0.07472712006717044,2.6059763803576184,0.0,0.0
nacional,Brasil,2020,46,2020-11-08,5569,484,0.08690967857784163,4.088427311865194,0.0,3.296123758460051
regional,Centro-Oeste,2020,46,2020-11-08,467,57,0.12205567451820129,9.175400652063901,0.0,18.346940647647003
regional,Nordeste,2020,46,2020-11-08,1793,161,0.0897936419408812,3.0573250558371496,0.0,3.4969925863757165
regional,Norte,2020,46,2020-11-08,450,24,0.05333333333333334,6.457672681567268,0.0,6.177437468035263
regional,Sudeste,2020,46,2020-11-08,1668,148,0.08872901678657075,4.045922790572384,0.0,5.877179893171073
regional,Sul,2020,46,2020-11-08,1191,94,0.07892527287993283,2.810414650518397,0.0,0.0
nacional,Brasil,2020,47,2020-11-15,5569,508,0.09121924941641228,4.470906176673367,0.0,3.4216108944090875
regional,Centro-Oeste,2020,47,2020-11-15,467,55,0.11777301927194861,9.838423789372543,0.0,21.04050851586897
regional,Nordeste,2020,47,2020-11-15,1793,166,0.09258226436140547,2.867751540895609,0.0,3.30310987795009
regional,Norte,2020,47,2020-11-15,450,29,0.06444444444444444,8.23350012784446,0.0,6.495549687790874
regional,Sudeste,2020,47,2020-11-15,1668,159,0.09532374100719425,4.472180444747789,0.0,6.279776405232429
regional,Sul,2020,47,2020-11-15,1191,99,0.08312342569269521,3.356324127675784,0.0,0.0
nacional,Brasil,2020,48,2020-11-22,5569,527,0.09463099299694738,5.197019582746458,0.0,3.5450935904707888
regional,Centro-Oeste,2020,48,2020-11-22,467,57,0.12205567451820129,11.016201013165176,0.0,26.06373156384582
regional,Nordeste,2020,48,2020-11-22,1793,182,0.1015058561070831,2.9259511619658656,0.0,2.9342723004694835
regional,Norte,2020,48,2020-11-22,450,29,0.06444444444444444,11.14358911134512,0.0,7.623430443623036
regional,Sudeste,2020,48,2020-11-22,1668,158,0.09472422062350119,5.1537794239401435,0.0,6.665120541726925
regional,Sul,2020,48,2020-11-22,1191,101,0.08480268681780016,4.148015592380042,0.0,0.0
nacional,Brasil,2020,49,2020-11-29,5569,518,0.09301490393248339,5.697935473549043,0.0,3.7434489643124627
regional,Centro-Oeste,2020,49,2020-11-29,467,50,0.10706638115631692,10.979030113711609,0.0,28.456553970963846
regional,Nordeste,2020,49,2020-11-29,1793,183,0.10206358059118795,2.893397189511873,0.0,2.7427317608337964
regional,Norte,2020,49,2020-11-29,450,25,0.05555555555555555,14.610861423545039,0.0,9.144219398251089
regional,Sudeste,2020,49,2020-11-29,1668,164,0.09832134292565947,5.7154419767497355,0.0,7.33909276554367
regional,Sul,2020,49,2020-11-29,1191,96,0.08060453400503778,4.457170084368331,0.0,0.0
nacional,Brasil,2020,50,2020-12-06,5569,506,0.09086011851319806,6.315400660061345,0.0,3.7560055584757515
regional,Centro-Oeste,2020,50,2020-12-06,467,51,0.10920770877944326,12.071390872925585,0.0,30.918727915194317
regional,Nordeste,2020,50,2020-12-06,1793,167,0.09313998884551032,2.7371913843570894,0.0,2.307413389590267
regional,Norte,2020,50,2020-12-06,450,27,0.06,17.699050874864596,0.0,9.708451638084915
regional,Sudeste,2020,50,2020-12-06,1668,167,0.10011990407673861,6.290066875529355,0.0,7.929134192479958
regional,Sul,2020,50,2020-12-06,1191,94,0.07892527287993283,5.17962900419906,0.0,0.0
nacional,Brasil,2020,51,2020-12-13,5569,488,0.08762794038427006,6.438108578354185,0.0,3.8074931465123365
regional,Centro-Oeste,2020,51,2020-12-13,467,53,0.11349036402569593,11.984359365157397,0.0,33.24906337325662
regional,Nordeste,2020,51,2020-12-13,1793,158,0.08812046848856665,2.5566610946546167,0.0,1.914791766395406
regional,Norte,2020,51,2020-12-13,450,34,0.07555555555555556,19.16242047606042,0.0,10.97191863140072
regional,Sudeste,2020,51,2020-12-13,1668,154,0.09232613908872901,6.467659192658272,0.0,8.376040530425888
regional,Sul,2020,51,2020-12-13,1191,89,0.07472712006717044,5.257676539906833,0.0,0.0
nacional,Brasil,2020,52,2020-12-20,5569,398,0.0714670497396301,5.945923818664777,0.0,5.168452904594027
regional,Centro-Oeste,2020,52,2020-12-20,467,50,0.10706638115631692,11.162006704834752,0.0,41.02564102564102
regional,Nordeste,2020,52,2020-12-20,1793,121,0.06748466257668712,2.1169573288983163,0.0,2.941262978322892
regional,Norte,2020,52,2020-12-20,450,30,0.06666666666666667,18.287603290045396,0.0,14.27042544026521
regional,Sudeste,2020,52,2020-12-20,1668,119,0.07134292565947242,6.003428251201226,0.0,11.043231374702366
regional,Sul,2020,52,2020-12-20,1191,78,0.0654911838790932,4.921367187865292,0.0,0.0
nacional,Brasil,2020,53,2020-12-27,5569,333,0.059795295385167896,5.007559968869027,0.0,5.168452904594027
regional,Centro-Oeste,2020,53,2020-12-27,467,42,0.08993576017130621,9.536005745098507,0.0,41.02564102564102
regional,Nordeste,2020,53,2020-12-27,1793,103,0.05744562186279978,1.5370413746952836,0.0,2.941262978322892
regional,Norte,2020,53,2020-12-27,450,26,0.057777777777777775,15.011044618536596,0.0,14.27042544026521
regional,Sudeste,2020,53,2020-12-27,1668,97,0.05815347721822542,5.083998124997608,0.0,11.043231374702366
regional,Sul,2020,53,2020-12-27,1191,65,0.054575986565911,4.569935052900494,0.0,0.0
nacional,Brasil,2021,1,2021-01-03,5569,239,0.04291614293409948,6.461049882133374,0.0,7.338242364432295
regional,Centro-Oeste,2021,1,2021-01-03,467,32,0.06852248394004283,15.321964919564321,0.0,64.1025641025641
regional,Nordeste,2021,1,2021-01-03,1793,78,0.04350250976017847,1.6900743712310886,0.0,4.062471788390352
regional,Norte,2021,1,2021-01-03,450,24,0.05333333333333334,18.458925454026886,0.0,18.053147246182093
regional,Sudeste,2021,1,2021-01-03,1668,67,0.04016786570743405,6.813097181588154,0.0,16.83218361104595
regional,Sul,2021,1,2021-01-03,1191,38,0.03190596137699412,5.142874286604318,0.0,0.0
nacional,Brasil,2021,2,2021-01-10,5569,271,0.048662237385527024,8.518918593355153,0.0,9.165062780680048
regional,Centro-Oeste,2021,2,2021-01-10,467,35,0.07494646680942184,22.830102566405113,0.0,92.89559801541219
regional,Nordeste,2021,2,2021-01-10,1793,94,0.05242610150585611,2.0185757126789663,0.0,5.211047420531527
regional,Norte,2021,2,2021-01-10,450,26,0.057777777777777775,21.848069380355117,0.0,21.966029348641733
regional,Sudeste,2021,2,2021-01-10,1668,77,0.046163069544364506,9.582722871964897,0.0,22.41147935375834
regional,Sul,2021,2,2021-01-10,1191,39,0.0327455919395466,6.167322018012606,0.0,0.0
nacional,Brasil,2021,3,2021-01-17,5569,306,0.0549470281917759,11.892166059026481,0.0,11.701989338187474
regional,Centro-Oeste,2021,3,2021-01-17,467,40,0.08565310492505353,32.8800156284814,4.522226744448966,112.8415025190778
regional,Nordeste,2021,3,2021-01-17,1793,104,0.05800334634690463,2.5638852751367596,0.0,6.4901349948078915
regional,Norte,2021,3,2021-01-17,450,36,0.08,27.79529467816845,0.0,26.13089072062215
regional,Sudeste,2021,3,2021-01-17,1668,85,0.050959232613908875,13.951360031966868,0.0,28.49450773431619
regional,Sul,2021,3,2021-01-17,1191,41,0.03442485306465155,8.81335688278833,0.0,0.0
nacional,Brasil,2021,4,2021-01-24,5569,277,0.04973963009516969,16.137668176882233,0.0,20.666043592316022
regional,Centro-Oeste,2021,4,2021-01-24,467,37,0.07922912205567452,46.917591299960684,8.449514152936207,164.78896922818222
regional,Nordeste,2021,4,2021-01-24,1793,95,0.05298382598996096,3.405100454308628,0.0,10.827536109335254
regional,Norte,2021,4,2021-01-24,450,38,0.08444444444444445,33.491025611227606,0.0,36.43948702198243
regional,Sudeste,2021,4,2021-01-24,1668,70,0.04196642685851319,19.435382755833768,0.0,57.4204603687523
regional,Sul,2021,4,2021-01-24,1191,37,0.031066330814441646,12.06182524233166,0.0,0.0
nacional,Brasil,2021,5,2021-01-31,5569,287,0.051535284611240795,18.847224725617473,0.0,26.736662957739924
regional,Centro-Oeste,2021,5,2021-01-31,467,36,0.07708779443254818,56.517208601598696,10.666666666666666,187.55295386274355
regional,Nordeste,2021,5,2021-01-31,1793,99,0.05521472392638037,4.153226733808811,0.0,13.842151738621984
regional,Norte,2021,5,2021-01-31,450,38,0.08444444444444445,33.269081118951064,0.0,40.816513608701015
regional,Sudeste,2021,5,2021-01-31,1668,76,0.045563549160671464,24.069844077311213,0.0,75.99802966639328
regional,Sul,2021,5,2021-01-31,1191,38,0.03190596137699412,13.434371218988103,0.0,0.0
nacional,Brasil,2021,6,2021-02-07,5569,284,0.050996588256419464,21.490580807662187,0.0,33.82910469524646
regional,Centro-Oeste,2021,6,2021-02-07,467,34,0.0728051391862955,65.59365516597816,11.416828405069072,211.90644932671873
regional,Nordeste,2021,6,2021-02-07,1793,86,0.04796430563301729,4.9559217829402105,0.0,17.84758165268606
regional,Norte,2021,6,2021-02-07,450,42,0.09333333333333334,32.212586311399654,0.0,46.37544950051746
regional,Sudeste,2021,6,2021-02-07,1668,78,0.046762589928057555,28.792660478202457,0.0,96.96314911833883
regional,Sul,2021,6,2021-02-07,1191,44,0.036943744752308987,14.81193810308612,0.0,0.0
nacional,Brasil,2021,7,2021-02-14,5569,297,0.053330939127311905,24.47403518873652,0.0,40.363269424823415
regional,Centro-Oeste,2021,7,2021-02-14,467,45,0.09635974304068523,75.17184171865526,14.208225726917902,230.767077467775
regional,Nordeste,2021,7,2021-02-14,1793,85,0.047406581148912434,6.075027639919698,0.0,21.992522542335607
regional,Norte,2021,7,2021-02-14,450,42,0.09333333333333334,30.737015654961883,0.0,49.62635901526686
regional,Sudeste,2021,7,2021-02-14,1668,78,0.046762589928057555,34.151598317375424,0.0,125.11587908264634
regional,Sul,2021,7,2021-02-14,1191,47,0.03946263643996641,16.374142978144917,0.0,0.0
nacional,Brasil,2021,8,2021-02-21,5569,305,0.05476746274016879,27.41717788305795,0.0,46.94284708367562
regional,Centro-Oeste,2021,8,2021-02-21,467,49,0.10492505353319058,79.76618908867546,16.077170418006432,240.81917465881247
regional,Nordeste,2021,8,2021-02-21,1793,82,0.04573340769659788,6.84241534719634,0.0,25.84647195657793
regional,Norte,2021,8,2021-02-21,450,48,0.10666666666666667,30.589954157914836,0.0,49.291839270833464
regional,Sudeste,2021,8,2021-02-21,1668,79,0.047362110311750596,40.58109488906491,0.0,145.88613444661564
regional,Sul,2021,8,2021-02-21,1191,47,0.03946263643996641,18.23027452795407,0.0,0.0
nacional,Brasil,2021,9,2021-02-28,5569,303,0.05440833183695457,30.959025454563132,0.0,53.674207436613244
regional,Centro-Oeste,2021,9,2021-02-28,467,55,0.11777301927194861,88.41802283159012,17.711654268508678,247.34812948113054
regional,Nordeste,2021,9,2021-02-28,1793,75,0.04182933630786392,7.575329836863711,0.0,29.825679605691736
regional,Norte,2021,9,2021-02-28,450,47,0.10444444444444445,31.01069645840899,0.0,50.21544440080676
regional,Sudeste,2021,9,2021-02-28,1668,81,0.048561151079136694,46.29748232626593,0.0,175.27996189689736
regional,Sul,2021,9,2021-02-28,1191,45,0.037783375314861464,22.130995608830606,0.0,1.1840858856962453
nacional,Brasil,2021,10,2021-03-07,5569,323,0.057999640869096786,33.71585702317791,0.0,58.07399309944318
regional,Centro-Oeste,2021,10,2021-03-07,467,56,0.11991434689507495,90.92885123336184,19.000570017100515,247.93388429752068
regional,Nordeste,2021,10,2021-03-07,1793,76,0.042387060791968766,8.332401469386387,0.0,34.176349965823654
regional,Norte,2021,10,2021-03-07,450,47,0.10444444444444445,31.67910083197828,0.0,50.59083958303465
regional,Sudeste,2021,10,2021-03-07,1668,91,0.05455635491606715,50.354390516910314,0.0,193.73057132391907
regional,Sul,2021,10,2021-03-07,1191,53,0.04450041981528128,26.963156712755158,0.0,1.3693377882456044
nacional,Brasil,2021,11,2021-03-14,5569,335,0.060154426288382114,36.31409191509555,0.0,62.90626965820927
regional,Centro-Oeste,2021,11,2021-03-14,467,55,0.11777301927194861,93.8147532844672,20.67397146991937,255.66574908556143
regional,Nordeste,2021,11,2021-03-14,1793,86,0.04796430563301729,9.594876783620427,0.0,38.21534346039935
regional,Norte,2021,11,2021-03-14,450,40,0.08888888888888889,31.201930734038573,0.0,50.250868498899116
regional,Sudeste,2021,11,2021-03-14,1668,96,0.05755395683453238,54.02517560302397,0.0,203.01781638191727
regional,Sul,2021,11,2021-03-14,1191,58,0.04869857262804366,31.11940577844517,0.0,1.5789556787140984
nacional,Brasil,2021,12,2021-03-21,5569,357,0.06410486622373855,38.094888372008505,0.0,66.96387882485078
regional,Centro-Oeste,2021,12,2021-03-21,467,53,0.11349036402569593,98.99790474738391,23.3590282644242,264.25466128513483
regional,Nordeste,2021,12,2021-03-21,1793,86,0.04796430563301729,10.763502076287907,0.0,40.39316009155783
regional,Norte,2021,12,2021-03-21,450,43,0.09555555555555556,28.696292505699,0.0,45.55206304489394
regional,Sudeste,2021,12,2021-03-21,1668,102,0.06115107913669065,55.211013571754236,0.0,210.95140482635082
regional,Sul,2021,12,2021-03-21,1191,73,0.061293031066330814,34.940512458985914,0.0,1.5144401871848072
nacional,Brasil,2021,13,2021-03-28,5569,388,0.06967139522355899,40.73179240092021,0.0,72.75006079506579
regional,Centro-Oeste,2021,13,2021-03-28,467,59,0.12633832976445397,98.19414227968238,22.96507872716051,260.68066618392476
regional,Nordeste,2021,13,2021-03-28,1793,91,0.05075292805354155,12.113305201187634,0.0,43.75942043078718
regional,Norte,2021,13,2021-03-28,450,47,0.10444444444444445,25.271918300767673,0.0,41.966522637125564
regional,Sudeste,2021,13,2021-03-28,1668,104,0.06235011990407674,59.16213068126425,0.5671849298338888,220.16675230702464
regional,Sul,2021,13,2021-03-28,1191,87,0.07304785894206549,41.31379848756451,0.0,1.535272894757043
nacional,Brasil,2021,14,2021-04-04,5569,447,0.08026575686837853,46.65292897717731,0.0,74.18258891001466
regional,Centro-Oeste,2021,14,2021-04-04,467,69,0.14775160599571735,117.36614096063383,24.37901237912073,260.13309134906234
regional,Nordeste,2021,14,2021-04-04,1793,100,0.05577244841048522,14.007740989749434,0.0,45.49590536851684
regional,Norte,2021,14,2021-04-04,450,48,0.10666666666666667,23.9700715191086,0.0,41.644680708457884
regional,Sudeste,2021,14,2021-04-04,1668,118,0.07074340527577938,66.84674831027772,1.4758040547381674,220.16675230702464
regional,Sul,2021,14,2021-04-04,1191,112,0.09403862300587741,48.3605253446865,0.0,1.5899009491708667
nacional,Brasil,2021,15,2021-04-11,5569,487,0.08744837493266296,49.699951716306536,0.0,74.09850787599923
regional,Centro-Oeste,2021,15,2021-04-11,467,77,0.16488222698072805,125.44472430011383,25.251108243084,244.9979583503471
regional,Nordeste,2021,15,2021-04-11,1793,109,0.06079196876742889,15.094315497416074,0.0,47.81511488909552
regional,Norte,2021,15,2021-04-11,450,46,0.10222222222222223,20.853544231140734,0.0,40.67986251909933
regional,Sudeste,2021,15,2021-04-11,1668,125,0.0749400479616307,71.58629703353556,1.6589813498808494,217.21592795204157
regional,Sul,2021,15,2021-04-11,1191,130,0.109151973131822,52.344415463593855,0.0,1.233954806446257
nacional,Brasil,2021,16,2021-04-18,5569,517,0.09283533848087627,53.865779419600976,0.0,72.99270072992702
regional,Centro-Oeste,2021,16,2021-04-18,467,80,0.17130620985010706,130.14666991381355,24.8015873015873,239.37079676279492
regional,Nordeste,2021,16,2021-04-18,1793,114,0.06358059118795314,16.761854897930444,0.0,48.77070574534084
regional,Norte,2021,16,2021-04-18,450,49,0.10888888888888888,20.043056927897474,0.0,36.90375284554532
regional,Sudeste,2021,16,2021-04-18,1668,133,0.07973621103117506,79.58223490732257,1.6589813498808494,218.42199797698834
regional,Sul,2021,16,2021-04-18,1191,141,0.11838790931989925,56.577230447564816,0.0,1.195457262402869
nacional,Brasil,2021,17,2021-04-25,5569,535,0.09606751660980427,54.9536518406522,0.0,71.83908045977012
regional,Centro-Oeste,2021,17,2021-04-25,467,81,0.1734475374732334,134.11940268722674,25.806451612903228,226.35408245755866
regional,Nordeste,2021,17,2021-04-25,1793,121,0.06748466257668712,18.465463451754317,0.0,50.59448520111307
regional,Norte,2021,17,2021-04-25,450,48,0.10666666666666667,18.80561664131359,0.0,34.52847243023912
regional,Sudeste,2021,17,2021-04-25,1668,142,0.08513189448441247,80.80822838930612,1.9334538806237798,208.34175555407847
regional,Sul,2021,17,2021-04-25,1191,143,0.1200671704450042,56.292105486740496,0.0,0.7875876191226274
nacional,Brasil,2021,18,2021-05-02,5569,524,0.09409229664212605,51.470733958906784,0.0,70.76453863737818
regional,Centro-Oeste,2021,18,2021-05-02,467,75,0.16059957173447537,123.1345241054407,22.665457842248415,219.78021978021985
regional,Nordeste,2021,18,2021-05-02,1793,127,0.07083100948131622,20.03079999525932,0.0,51.59426271798576
regional,Norte,2021,18,2021-05-02,450,41,0.09111111111111111,16.204361376782796,0.0,32.15501569319303
regional,Sudeste,2021,18,2021-05-02,1668,147,0.08812949640287769,76.24281176571036,1.379759224474392,196.86015777877955
regional,Sul,2021,18,2021-05-02,1191,134,0.11251049538203191,49.33375115336187,0.0,0.0
nacional,Brasil,2021,19,2021-05-09,5569,524,0.09409229664212605,49.05257632836966,0.0,68.85236046741753
regional,Centro-Oeste,2021,19,2021-05-09,467,74,0.15845824411134904,118.55269369526499,21.93784277879342,205.06202050620206
regional,Nordeste,2021,19,2021-05-09,1793,136,0.0758505298382599,21.991498278144253,0.0,53.917326169052714
regional,Norte,2021,19,2021-05-09,450,51,0.11333333333333333,15.700945274371762,0.0,30.691021819389306
regional,Sudeste,2021,19,2021-05-09,1668,138,0.08273381294964029,71.76116443791304,0.601348152234868,186.08464601162348
regional,Sul,2021,19,2021-05-09,1191,125,0.10495382031905962,43.33827501963307,0.0,0.0
nacional,Brasil,2021,20,2021-05-16,5569,531,0.09534925480337583,44.13362359096778,0.0,65.06409933835569
regional,Centro-Oeste,2021,20,2021-05-16,467,80,0.17130620985010706,114.07121275752809,26.23294858342078,190.88905946826551
regional,Nordeste,2021,20,2021-05-16,1793,147,0.08198549916341327,23.836519113266657,0.0,55.062710308962984
regional,Norte,2021,20,2021-05-16,450,49,0.10888888888888888,15.160654109624868,0.0,27.2243414996096
regional,Sudeste,2021,20,2021-05-16,1668,138,0.08273381294964029,61.457009662026174,0.0,170.32539306096749
regional,Sul,2021,20,2021-05-16,1191,117,0.0982367758186398,33.952500574858064,0.0,0.0
nacional,Brasil,2021,21,2021-05-23,5569,524,0.09409229664212605,38.57140730824914,0.0,60.122431132487975
regional,Centro-Oeste,2021,21,2021-05-23,467,76,0.16274089935760172,107.28632492547302,21.93784277879342,172.67961763798957
regional,Nordeste,2021,21,2021-05-23,1793,168,0.09369771332961517,24.216967760588346,0.0,53.26704545454545
regional,Norte,2021,21,2021-05-23,450,48,0.10666666666666667,13.914755013262907,0.0,24.55798352398165
regional,Sudeste,2021,21,2021-05-23,1668,125,0.0749400479616307,52.39289334567059,0.0,154.0595592043531
regional,Sul,2021,21,2021-05-23,1191,107,0.08984047019311503,23.196846774275247,0.0,0.0
nacional,Brasil,2021,22,2021-05-30,5569,529,0.09499012390016161,34.198970432282536,0.0,55.22076300689062
regional,Centro-Oeste,2021,22,2021-05-30,467,82,0.17558886509635974,100.48288574257042,21.34927412467976,158.6252478519498
regional,Nordeste,2021,22,2021-05-30,1793,180,0.1003904071388734,24.848553533526786,0.0,52.873494156878074
regional,Norte,2021,22,2021-05-30,450,61,0.13555555555555557,14.059566203560383,0.0,22.13896685492614
regional,Sudeste,2021,22,2021-05-30,1668,122,0.07314148681055156,43.70726873044867,0.0,133.66415204957315
regional,Sul,2021,22,2021-05-30,1191,84,0.07052896725440806,16.578147083120893,0.0,0.0
nacional,Brasil,2021,23,2021-06-06,5569,508,0.09121924941641228,30.043057130922605,0.0,48.02881729037424
regional,Centro-Oeste,2021,23,2021-06-06,467,80,0.17130620985010706,90.55199011458305,18.278194114421495,143.13549160671465
regional,Nordeste,2021,23,2021-06-06,1793,188,0.10485220301171222,24.72716697673498,0.0,50.01071658212474
regional,Norte,2021,23,2021-06-06,450,57,0.12666666666666668,14.57370948239971,0.0,20.442383500045693
regional,Sudeste,2021,23,2021-06-06,1668,114,0.0683453237410072,36.60092328018247,0.0,109.41422446009943
regional,Sul,2021,23,2021-06-06,1191,69,0.05793450881612091,10.980424929376705,0.0,0.0
nacional,Brasil,2021,24,2021-06-13,5569,504,0.09050098760998383,26.37106744246645,0.0,41.580117517674054
regional,Centro-Oeste,2021,24,2021-06-13,467,84,0.17987152034261242,81.00567481750655,16.899028305872413,116.85636227758235
regional,Nordeste,2021,24,2021-06-13,1793,190,0.10596765197992192,23.563418869351793,0.0,47.26413379385569
regional,Norte,2021,24,2021-06-13,450,60,0.13333333333333333,14.134367322580983,0.0,16.891931333363086
regional,Sudeste,2021,24,2021-06-13,1668,112,0.0671462829736211,30.660588117311143,0.0,86.97751186468174
regional,Sul,2021,24,2021-06-13,1191,58,0.04869857262804366,7.791173920853005,0.0,0.0
nacional,Brasil,2021,25,2021-06-20,5569,515,0.09247620757766206,23.064702248711303,0.0,34.77997882957811
regional,Centro-Oeste,2021,25,2021-06-20,467,84,0.17987152034261242,70.40174323803241,14.352350197344816,102.00911688697552
regional,Nordeste,2021,25,2021-06-20,1793,201,0.1121026213050753,23.03760245344022,0.0,43.745698375325354
regional,Norte,2021,25,2021-06-20,450,67,0.14888888888888888,13.286245348773951,0.0,13.711212340131212
regional,Sudeste,2021,25,2021-06-20,1668,108,0.06474820143884892,24.90908534328412,0.0,67.60482679678339
regional,Sul,2021,25,2021-06-20,1191,55,0.04617968094038623,5.6558579112910286,0.0,0.0
nacional,Brasil,2021,26,2021-06-27,5569,529,0.09499012390016161,19.98192150722671,0.0,28.977108084613157
regional,Centro-Oeste,2021,26,2021-06-27,467,89,0.1905781584582441,58.91290623181237,13.062219706535464,84.8851822411603
regional,Nordeste,2021,26,2021-06-27,1793,213,0.11879531511433351,21.753695225496813,0.0,40.359196851982645
regional,Norte,2021,26,2021-06-27,450,58,0.1288888888888889,11.627787049377492,0.0,12.10152993730134
regional,Sudeste,2021,26,2021-06-27,1668,114,0.0683453237410072,20.734164310089295,0.0,49.88488288011504
regional,Sul,2021,26,2021-06-27,1191,55,0.04617968094038623,4.152416358290982,0.0,0.0
nacional,Brasil,2021,27,2021-07-04,5569,531,0.09534925480337583,16.895125207825245,0.0,24.654448245527583
regional,Centro-Oeste,2021,27,2021-07-04,467,86,0.1841541755888651,48.727061025885234,9.653907419027853,67.06847328590204
regional,Nordeste,2021,27,2021-07-04,1793,218,0.12158393753485779,21.219454337405967,0.0,36.3281657340825
regional,Norte,2021,27,2021-07-04,450,62,0.13777777777777778,9.127692480422413,0.0,10.030291255801973
regional,Sudeste,2021,27,2021-07-04,1668,102,0.06115107913669065,15.470159890973564,0.0,34.87688602851071
regional,Sul,2021,27,2021-07-04,1191,63,0.05289672544080604,2.833958725430309,0.0,0.0
nacional,Brasil,2021,28,2021-07-11,5569,505,0.09068055306159095,14.775969648253943,0.0,19.93712138639676
regional,Centro-Oeste,2021,28,2021-07-11,467,76,0.16274089935760172,39.07564354360115,5.382710733125202,53.95811146609869
regional,Nordeste,2021,28,2021-07-11,1793,223,0.12437255995538204,21.178450321282632,0.0,32.232070910556004
regional,Norte,2021,28,2021-07-11,450,58,0.1288888888888889,7.648953617148034,0.0,8.817243377853494
regional,Sudeste,2021,28,2021-07-11,1668,93,0.05575539568345324,12.21274603902161,0.0,27.30791563054749
regional,Sul,2021,28,2021-07-11,1191,55,0.04617968094038623,1.8918543151973515,0.0,0.0
nacional,Brasil,2021,29,2021-07-18,5569,509,0.09139881486801939,13.260748724574638,0.0,16.38806948541462
regional,Centro-Oeste,2021,29,2021-07-18,467,78,0.1670235546038544,32.76103087030784,3.946952952320808,44.51368795904741
regional,Nordeste,2021,29,2021-07-18,1793,231,0.12883435582822086,20.743252513946317,0.0,28.44545583842981
regional,Norte,2021,29,2021-07-18,450,56,0.12444444444444444,7.296290667922194,0.0,8.391173144430962
regional,Sudeste,2021,29,2021-07-18,1668,102,0.06115107913669065,9.772937732361077,0.0,20.742192213636656
regional,Sul,2021,29,2021-07-18,1191,42,0.03526448362720403,1.488216234318555,0.0,0.0
nacional,Brasil,2021,30,2021-07-25,5569,497,0.08924402944873407,11.675818794873665,0.0,13.386880856760406
regional,Centro-Oeste,2021,30,2021-07-25,467,74,0.15845824411134904,27.13219385526306,0.0,37.06301657347895
regional,Nordeste,2021,30,2021-07-25,1793,230,0.12827663134411602,19.43546500408702,0.0,26.205714861664077
regional,Norte,2021,30,2021-07-25,450,60,0.13333333333333333,6.784926824512248,0.0,7.622673513282555
regional,Sudeste,2021,30,2021-07-25,1668,93,0.05575539568345324,7.840360420992611,0.0,15.78034262050338
regional,Sul,2021,30,2021-07-25,1191,40,0.033585222502099076,1.1529582977912498,0.0,0.0
nacional,Brasil,2021,31,2021-08-01,5569,479,0.08601185131980607,10.347925154056393,0.0,11.20197154699227
regional,Centro-Oeste,2021,31,2021-08-01,467,75,0.16059957173447537,23.47659350479243,0.0,31.545180975872462
regional,Nordeste,2021,31,2021-08-01,1793,232,0.1293920803123257,17.283011337528592,0.0,22.687601008817147
regional,Norte,2021,31,2021-08-01,450,54,0.12,6.4707035750724815,0.0,6.369856804661555
regional,Sudeste,2021,31,2021-08-01,1668,86,0.05155875299760192,6.920067362450831,0.0,12.46236770200149
regional,Sul,2021,31,2021-08-01,1191,32,0.02686817800167926,1.025270964452242,0.0,0.0
nacional,Brasil,2021,32,2021-08-08,5569,500,0.0897827258035554,9.074786227451625,0.0,8.982033695068447
regional,Centro-Oeste,2021,32,2021-08-08,467,81,0.1734475374732334,20.457013429797808,0.0,26.692766260343443
regional,Nordeste,2021,32,2021-08-08,1793,237,0.13218070273284996,15.12342752418145,0.0,19.041815827557315
regional,Norte,2021,32,2021-08-08,450,54,0.12,6.290106663973134,0.0,5.34454524532884
regional,Sudeste,2021,32,2021-08-08,1668,98,0.05875299760191847,5.9947467276029585,0.0,9.793865170256545
regional,Sul,2021,32,2021-08-08,1191,30,0.02518891687657431,0.8715097713480608,0.0,0.0
nacional,Brasil,2021,33,2021-08-15,5569,530,0.09516968935176871,8.295617776842386,0.0,7.322252324815113
regional,Centro-Oeste,2021,33,2021-08-15,467,77,0.16488222698072805,18.494579797032497,0.0,23.61429977041654
regional,Nordeste,2021,33,2021-08-15,1793,248,0.13831567205800335,13.467972665580477,0.0,16.56726308813784
regional,Norte,2021,33,2021-08-15,450,58,0.1288888888888889,6.377208270810159,0.0,5.290474755253602
regional,Sudeste,2021,33,2021-08-15,1668,113,0.06774580335731414,5.708460586082843,0.0,7.817688623152
regional,Sul,2021,33,2021-08-15,1191,34,0.028547439126784216,0.8579308691725596,0.0,0.0
nacional,Brasil,2021,34,2021-08-22,5569,517,0.09283533848087627,7.6298886033828355,0.0,6.030583674348483
regional,Centro-Oeste,2021,34,2021-08-22,467,78,0.1670235546038544,15.858450825956387,0.0,19.249278152069305
regional,Nordeste,2021,34,2021-08-22,1793,234,0.1305075292805354,11.922397474065752,0.0,14.104377620075411
regional,Norte,2021,34,2021-08-22,450,54,0.12,5.722471403681006,0.0,4.658629552443866
regional,Sudeste,2021,34,2021-08-22,1668,114,0.0683453237410072,5.981220840500693,0.0,6.663663103206268
regional,Sul,2021,34,2021-08-22,1191,37,0.031066330814441646,0.9708698000888978,0.0,0.0
nacional,Brasil,2021,35,2021-08-29,5569,501,0.0899622912551625,6.926590745049077,0.0,5.220024012110455
regional,Centro-Oeste,2021,35,2021-08-29,467,75,0.16059957173447537,14.138909743050258,0.0,16.451467562816962
regional,Nordeste,2021,35,2021-08-29,1793,223,0.12437255995538204,10.454733627232347,0.0,12.446712512057754
regional,Norte,2021,35,2021-08-29,450,53,0.11777777777777777,5.4545066489508125,0.0,4.205860069053341
regional,Sudeste,2021,35,2021-08-29,1668,113,0.06774580335731414,5.871855902712987,0.0,5.594968108642286
regional,Sul,2021,35,2021-08-29,1191,37,0.031066330814441646,0.820480250036198,0.0,0.0
nacional,Brasil,2021,36,2021-09-05,5569,499,0.08960316035194829,6.670725600306991,0.0,4.408199250606127
regional,Centro-Oeste,2021,36,2021-09-05,467,74,0.15845824411134904,13.397465209902306,0.0,14.805956550212132
regional,Nordeste,2021,36,2021-09-05,1793,215,0.11991076408254323,9.483936587926992,0.0,11.02366499506525
regional,Norte,2021,36,2021-09-05,450,55,0.12222222222222222,5.401899591847331,0.0,3.6070764141524876
regional,Sudeste,2021,36,2021-09-05,1668,116,0.06954436450839328,6.212732394695838,0.0,4.878250175030811
regional,Sul,2021,36,2021-09-05,1191,39,0.0327455919395466,0.9187773822403076,0.0,0.0
nacional,Brasil,2021,37,2021-09-12,5569,490,0.08798707128748429,6.514683620001004,0.0,3.8396559668253727
regional,Centro-Oeste,2021,37,2021-09-12,467,79,0.16916488222698073,12.869666011367615,0.0,14.357501794687725
regional,Nordeste,2021,37,2021-09-12,1793,213,0.11879531511433351,8.669278828258095,0.0,9.297136481963555
regional,Norte,2021,37,2021-09-12,450,49,0.10888888888888888,4.684435338832938,0.0,3.3710714096048395
regional,Sudeste,2021,37,2021-09-12,1668,111,0.06654676258992806,6.915604552863313,0.0,4.285924350882521
regional,Sul,2021,37,2021-09-12,1191,38,0.03190596137699412,0.9092341030724803,0.0,0.0
nacional,Brasil,2021,38,2021-09-19,5569,497,0.08924402944873407,6.421610701527071,0.0,3.43713480442703
regional,Centro-Oeste,2021,38,2021-09-19,467,76,0.16274089935760172,13.421862139217042,0.0,13.848901199023292
regional,Nordeste,2021,38,2021-09-19,1793,217,0.12102621305075292,8.380285497575901,0.0,8.223007976317737
regional,Norte,2021,38,2021-09-19,450,48,0.10666666666666667,4.859498401167665,0.0,3.3285379941905053
regional,Sudeste,2021,38,2021-09-19,1668,113,0.06774580335731414,6.728380417126785,0.0,4.197228666904524
regional,Sul,2021,38,2021-09-19,1191,43,0.03610411418975651,0.8886445544444835,0.0,0.0
nacional,Brasil,2021,39,2021-09-26,5569,512,0.09193751122284073,6.8444872872178495,0.0,3.014604387689076
regional,Centro-Oeste,2021,39,2021-09-26,467,90,0.19271948608137046,16.304583590112163,0.0,13.389742515902118
regional,Nordeste,2021,39,2021-09-26,1793,220,0.12269938650306748,8.454768028523597,0.0,7.261171248459755
regional,Norte,2021,39,2021-09-26,450,49,0.10888888888888888,4.9554202762237125,0.0,2.961503927980107
regional,Sudeste,2021,39,2021-09-26,1668,110,0.06594724220623502,7.127782150375606,0.0,4.077219824397721
regional,Sul,2021,39,2021-09-26,1191,43,0.03610411418975651,1.027901208785753,0.0,0.0
nacional,Brasil,2021,40,2021-10-03,5569,510,0.0915783803196265,6.819946816471193,0.0,2.853229856197215
regional,Centro-Oeste,2021,40,2021-10-03,467,99,0.21199143468950749,18.681874797507124,0.0,12.422054569688617
regional,Nordeste,2021,40,2021-10-03,1793,214,0.11935303959843838,7.96121029126641,0.0,6.6540978152379
regional,Norte,2021,40,2021-10-03,450,52,0.11555555555555555,5.204790532334791,0.0,2.9851211222943688
regional,Sudeste,2021,40,2021-10-03,1668,108,0.06474820143884892,6.860428330296591,0.0,3.835081598550841
regional,Sul,2021,40,2021-10-03,1191,37,0.031066330814441646,1.0042384918272058,0.0,0.0
nacional,Brasil,2021,41,2021-10-10,5569,516,0.09265577302926917,6.816878655030824,0.0,2.7128943870215134
regional,Centro-Oeste,2021,41,2021-10-10,467,99,0.21199143468950749,20.44020767284694,0.0,12.577987365192943
regional,Nordeste,2021,41,2021-10-10,1793,225,0.12548800892359174,7.489897330637639,0.0,5.574003751311407
regional,Norte,2021,41,2021-10-10,450,47,0.10444444444444445,6.001683257400833,0.0,3.245041481114071
regional,Sudeste,2021,41,2021-10-10,1668,113,0.06774580335731414,6.651532119405627,0.0,4.17678193605369
regional,Sul,2021,41,2021-10-10,1191,32,0.02686817800167926,1.00144524921485,0.0,0.0
nacional,Brasil,2021,42,2021-10-17,5569,533,0.09570838570659006,7.075070162990542,0.0,2.5790154878495364
regional,Centro-Oeste,2021,42,2021-10-17,467,98,0.20985010706638116,22.194343225527685,0.0,12.884384126438757
regional,Nordeste,2021,42,2021-10-17,1793,229,0.12771890686001117,6.9075339326196215,0.0,4.942787237723352
regional,Norte,2021,42,2021-10-17,450,57,0.12666666666666668,8.274156415292177,0.0,3.3977653750109695
regional,Sudeste,2021,42,2021-10-17,1668,114,0.0683453237410072,7.060311962284455,0.0,4.531361966063877
regional,Sul,2021,42,2021-10-17,1191,35,0.02938706968933669,0.9665225610528707,0.0,0.0
nacional,Brasil,2021,43,2021-10-24,5569,513,0.09211707667444784,7.283089779359949,0.0,2.5427176566314076
regional,Centro-Oeste,2021,43,2021-10-24,467,92,0.19700214132762311,24.644466379384834,0.0,13.643265700532993
regional,Nordeste,2021,43,2021-10-24,1793,217,0.12102621305075292,6.1847426675997985,0.0,4.2704018448135965
regional,Norte,2021,43,2021-10-24,450,57,0.12666666666666668,10.60664494275717,0.0,3.948254423461104
regional,Sudeste,2021,43,2021-10-24,1668,116,0.06954436450839328,7.287840748404286,0.0,4.828480274222667
regional,Sul,2021,43,2021-10-24,1191,31,0.026028547439126783,0.8666742120044689,0.0,0.0
nacional,Brasil,2021,44,2021-10-31,5569,531,0.09534925480337583,8.190718542614258,0.0,2.6813784166925725
regional,Centro-Oeste,2021,44,2021-10-31,467,90,0.19271948608137046,29.44274601540164,0.0,15.413128581424816
regional,Nordeste,2021,44,2021-10-31,1793,222,0.1238148354712772,6.293835344243582,0.0,4.1958628792011075
regional,Norte,2021,44,2021-10-31,450,65,0.14444444444444443,14.139126773226623,0.0,4.6003850269962765
regional,Sudeste,2021,44,2021-10-31,1668,122,0.07314148681055156,7.936862951317833,0.0,5.176212571888158
regional,Sul,2021,44,2021-10-31,1191,32,0.02686817800167926,0.8213332927349868,0.0,0.0
nacional,Brasil,2021,45,2021-11-07,5569,543,0.09750404022266115,9.551870400387909,0.0,2.7419797093501574
regional,Centro-Oeste,2021,45,2021-11-07,467,93,0.19914346895074947,36.078442806344114,0.0,17.68033946251768
regional,Nordeste,2021,45,2021-11-07,1793,229,0.12771890686001117,6.11026491661354,0.0,3.775484520513475
regional,Norte,2021,45,2021-11-07,450,73,0.1622222222222222,19.723908752100773,0.0,5.2061531063352415
regional,Sudeste,2021,45,2021-11-07,1668,109,0.06534772182254196,9.233554512897083,0.0,5.344633619295836
regional,Sul,2021,45,2021-11-07,1191,39,0.0327455919395466,0.9342574372391282,0.0,0.0
nacional,Brasil,2021,46,2021-11-14,5569,573,0.10289100377087448,11.687988535674966,0.0,2.9221822857309836
regional,Centro-Oeste,2021,46,2021-11-14,467,98,0.20985010706638116,47.550277310837984,0.0,19.89258006763477
regional,Nordeste,2021,46,2021-11-14,1793,227,0.12660345789180144,6.336473478539169,0.0,3.30310987795009
regional,Norte,2021,46,2021-11-14,450,95,0.2111111111111111,28.03255383358071,0.0,5.720103064966543
regional,Sudeste,2021,46,2021-11-14,1668,112,0.0671462829736211,10.570289258520617,0.0,5.630274681096479
regional,Sul,2021,46,2021-11-14,1191,41,0.03442485306465155,1.0724097360773353,0.0,0.0
nacional,Brasil,2021,47,2021-11-21,5569,639,0.11474232357694379,14.372422855907136,0.0,2.9542097488921715
regional,Centro-Oeste,2021,47,2021-11-21,467,120,0.2569593147751606,58.85587604349581,2.6368526526737686,22.384847180370222
regional,Nordeste,2021,47,2021-11-21,1793,238,0.13273842721695484,6.526921028215857,0.0,2.995357196345664
regional,Norte,2021,47,2021-11-21,450,110,0.24444444444444444,38.82425585538947,0.0,6.065914599595712
regional,Sudeste,2021,47,2021-11-21,1668,119,0.07134292565947242,13.054088590693286,0.0,6.073581451737633
regional,Sul,2021,47,2021-11-21,1191,52,0.0436607892527288,1.348803076777168,0.0,0.0
nacional,Brasil,2021,48,2021-11-28,5569,671,0.12048841802837135,19.04166966692778,0.0,2.932061606995486
regional,Centro-Oeste,2021,48,2021-11-28,467,127,0.27194860813704497,81.1358115337836,5.3785128411994085,25.60370599000364
regional,Nordeste,2021,48,2021-11-28,1793,244,0.13608477412158393,7.564943197702154,0.0,2.520267148317728
regional,Norte,2021,48,2021-11-28,450,119,0.2644444444444444,55.399880862606544,0.0,6.249591998426906
regional,Sudeste,2021,48,2021-11-28,1668,131,0.07853717026378897,16.761131890046745,0.0,6.486132791231258
regional,Sul,2021,48,2021-11-28,1191,50,0.041981528127623846,1.4283600794231797,0.0,0.0
nacional,Brasil,2021,49,2021-12-05,5569,748,0.13431495780211888,24.522050298954003,0.0,2.9050344246579325
regional,Centro-Oeste,2021,49,2021-12-05,467,152,0.32548179871520344,108.60656882360605,10.76957594794705,28.303616769532262
regional,Nordeste,2021,49,2021-12-05,1793,259,0.14445064138315672,8.783304423096284,0.0,1.6109730277087426
regional,Norte,2021,49,2021-12-05,450,130,0.28888888888888886,76.20024844761343,0.0,7.526014703352109
regional,Sudeste,2021,49,2021-12-05,1668,155,0.09292565947242207,20.45990448032229,0.0,6.9529274940454275
regional,Sul,2021,49,2021-12-05,1191,52,0.0436607892527288,1.4091798228678032,0.0,0.0
nacional,Brasil,2021,50,2021-12-12,5569,785,0.14095887951158198,30.05569349176111,0.0,3.1372291173809232
regional,Centro-Oeste,2021,50,2021-12-12,467,169,0.3618843683083512,136.64362888110418,13.44628210299852,32.03253199378072
regional,Nordeste,2021,50,2021-12-12,1793,270,0.15058561070831009,9.915836636399462,0.0,0.9542895314438401
regional,Norte,2021,50,2021-12-12,450,123,0.2733333333333333,92.66777227021286,0.0,8.247641294789402
regional,Sudeste,2021,50,2021-12-12,1668,169,0.1013189448441247,25.38926626517704,0.0,7.678035092683473
regional,Sul,2021,50,2021-12-12,1191,54,0.04534005037783375,1.4598603082843422,0.0,0.0
nacional,Brasil,2021,51,2021-12-19,5569,795,0.1427545340276531,33.7416927488522,0.0,3.3479527269074962
regional,Centro-Oeste,2021,51,2021-12-19,467,166,0.3554603854389722,154.8167887323168,14.072614691809738,35.045765646903604
regional,Nordeste,2021,51,2021-12-19,1793,264,0.147239263803681,10.23344600913733,0.0,0.0
regional,Norte,2021,51,2021-12-19,450,125,0.2777777777777778,101.25430317430634,0.0,8.81928454516634
regional,Sudeste,2021,51,2021-12-19,1668,181,0.10851318944844125,29.893382330502963,0.0,8.429574925390945
regional,Sul,2021,51,2021-12-19,1191,59,0.04953820319059614,1.5389418390141942,0.0,0.0
nacional,Brasil,2021,52,2021-12-26,5569,678,0.12174537618962111,30.839573334041514,0.0,5.410377103284099
regional,Centro-Oeste,2021,52,2021-12-26,467,153,0.32762312633832974,142.59929076943877,12.903225806451614,44.921449002748915
regional,Nordeste,2021,52,2021-12-26,1793,220,0.12269938650306748,8.324879707967234,0.0,2.7869495153133412
regional,Norte,2021,52,2021-12-26,450,107,0.23777777777777778,88.64605767183946,0.0,13.761615497617655
regional,Sudeste,2021,52,2021-12-26,1668,149,0.08932853717026379,29.121914656633834,0.0,11.96479019269476
regional,Sul,2021,52,2021-12-26,1191,49,0.04114189756507137,1.4770161141654583,0.0,0.0
nacional,Brasil,2022,1,2022-01-02,5569,677,0.12156581073801401,32.375760533240815,0.0,7.449899426357744
regional,Centro-Oeste,2022,1,2022-01-02,467,153,0.32762312633832974,146.62221532537887,25.614754098360656,73.75468058549869
regional,Nordeste,2022,1,2022-01-02,1793,225,0.12548800892359174,8.256451185487023,0.0,4.191993292810731
regional,Norte,2022,1,2022-01-02,450,108,0.24,83.84939034478218,0.0,19.073998437738304
regional,Sudeste,2022,1,2022-01-02,1668,148,0.08872901678657075,34.13658969286563,0.0,16.736201327444306
regional,Sul,2022,1,2022-01-02,1191,43,0.03610411418975651,1.9749467793753819,0.0,0.0
nacional,Brasil,2022,2,2022-01-09,5569,698,0.12533668522176333,33.154682380804665,0.0,9.363588126970255
regional,Centro-Oeste,2022,2,2022-01-09,467,143,0.30620985010706636,148.40394620946017,30.91190108191654,106.83760683760684
regional,Nordeste,2022,2,2022-01-09,1793,225,0.12548800892359174,8.484705001314946,0.0,5.546619335515003
regional,Norte,2022,2,2022-01-09,450,116,0.2577777777777778,73.37950711669325,1.5567491985211728,23.949360461993514
regional,Sudeste,2022,2,2022-01-09,1668,155,0.09292565947242207,38.17549885225232,0.0,21.557161789020284
regional,Sul,2022,2,2022-01-09,1191,59,0.04953820319059614,2.874220775362504,0.0,0.0
nacional,Brasil,2022,3,2022-01-16,5569,721,0.12946669060872687,35.538818921747165,0.0,11.576753878212548
regional,Centro-Oeste,2022,3,2022-01-16,467,158,0.33832976445396146,162.7002102325876,44.158821429242536,128.22861329913903
regional,Nordeste,2022,3,2022-01-16,1793,234,0.1305075292805354,9.879848431277612,0.0,6.781040211568454
regional,Norte,2022,3,2022-01-16,450,121,0.2688888888888889,66.553136527991,1.9622668863477901,26.951759836599358
regional,Sudeste,2022,3,2022-01-16,1668,146,0.08752997601918465,41.62405500693421,0.0,27.63504428709394
regional,Sul,2022,3,2022-01-16,1191,62,0.052057094878253565,4.065727095003004,0.0,0.0
nacional,Brasil,2022,4,2022-01-23,5569,773,0.13880409409229663,43.49411103884325,0.0,14.602803738317755
regional,Centro-Oeste,2022,4,2022-01-23,467,162,0.3468950749464668,196.6325189555073,64.19270037292902,152.1077792264233
regional,Nordeste,2022,4,2022-01-23,1793,267,0.14891243725599554,12.627481894487916,0.0,8.143985666585227
regional,Norte,2022,4,2022-01-23,450,131,0.2911111111111111,75.28183436884744,4.540971894188724,30.614371527468403
regional,Sudeste,2022,4,2022-01-23,1668,146,0.08752997601918465,51.724791100608996,0.0,35.451731458976795
regional,Sul,2022,4,2022-01-23,1191,67,0.056255247691015954,6.378224991168893,0.0,0.0
nacional,Brasil,2022,5,2022-01-30,5569,723,0.1298258215119411,48.343767514239055,0.0,23.236900197513652
regional,Centro-Oeste,2022,5,2022-01-30,467,152,0.32548179871520344,212.94571705111306,76.38072855464159,181.25323666494043
regional,Nordeste,2022,5,2022-01-30,1793,252,0.14054656999442275,14.962510164617427,0.0,12.465719272001994
regional,Norte,2022,5,2022-01-30,450,123,0.2733333333333333,73.61522135203498,5.074482095996787,39.52831643069641
regional,Sudeste,2022,5,2022-01-30,1668,113,0.06774580335731414,59.20121410638345,0.0,67.29478148442507
regional,Sul,2022,5,2022-01-30,1191,83,0.06968933669185558,9.301877381112622,0.0,0.0
nacional,Brasil,2022,6,2022-02-06,5569,727,0.13054408331836956,54.17350149590376,0.0,29.295450208707045
regional,Centro-Oeste,2022,6,2022-02-06,467,155,0.33190578158458245,232.22745956387098,88.75083203905037,205.26855969893944
regional,Nordeste,2022,6,2022-02-06,1793,251,0.1399888455103179,17.281410044726158,0.0,15.83080040526849
regional,Norte,2022,6,2022-02-06,450,108,0.24,70.53953630833982,4.29074726218855,41.953303575160646
regional,Sudeste,2022,6,2022-02-06,1668,114,0.0683453237410072,68.51514114787568,0.0,84.97189116169835
regional,Sul,2022,6,2022-02-06,1191,99,0.08312342569269521,13.627532519527094,0.0,0.0
nacional,Brasil,2022,7,2022-02-13,5569,751,0.1348536541569402,62.68204701441712,0.0,36.2844702467344
regional,Centro-Oeste,2022,7,2022-02-13,467,156,0.3340471092077088,247.24920719661753,102.49402118209773,227.32030204292548
regional,Nordeste,2022,7,2022-02-13,1793,258,0.14389291689905187,20.6968112476942,0.0,19.2789666473877
regional,Norte,2022,7,2022-02-13,450,108,0.24,71.83918250539332,4.746253607931086,47.756793141636166
regional,Sudeste,2022,7,2022-02-13,1668,113,0.06774580335731414,82.25989434320802,0.0,109.96021921404291
regional,Sul,2022,7,2022-02-13,1191,116,0.09739714525608732,22.64015247981098,0.0,0.0
nacional,Brasil,2022,8,2022-02-20,5569,771,0.13844496318908242,70.49569198580384,0.0,43.028895183522934
regional,Centro-Oeste,2022,8,2022-02-20,467,152,0.32548179871520344,249.64408184318168,109.00502634288137,238.16612086930635
regional,Nordeste,2022,8,2022-02-20,1793,267,0.14891243725599554,23.578904745101028,0.0,23.07465148275835
regional,Norte,2022,8,2022-02-20,450,101,0.22444444444444445,68.6124632486004,4.989711241708247,51.480082177317286
regional,Sudeste,2022,8,2022-02-20,1668,121,0.0725419664268585,93.79621000729016,0.0,132.21477975173144
regional,Sul,2022,8,2022-02-20,1191,130,0.109151973131822,38.96058730997438,0.0,0.0
nacional,Brasil,2022,9,2022-02-27,5569,853,0.1531693302208655,88.36404282875782,0.0,47.87502099781626
regional,Centro-Oeste,2022,9,2022-02-27,467,157,0.3361884368308351,269.07671708826047,126.17526150840489,239.93381136238287
regional,Nordeste,2022,9,2022-02-27,1793,291,0.162297824874512,28.268955713006324,0.0,26.737967914438503
regional,Norte,2022,9,2022-02-27,450,92,0.20444444444444446,68.29145229160333,5.725523210980983,50.378925983276645
regional,Sudeste,2022,9,2022-02-27,1668,143,0.08573141486810551,118.07910409066433,0.0,152.42352692770538
regional,Sul,2022,9,2022-02-27,1191,170,0.14273719563392107,73.94390502541115,0.0,1.0199606295197006
nacional,Brasil,2022,10,2022-03-06,5569,958,0.17202370263961214,114.20754273324239,0.3772531444049586,54.690786705931856
regional,Centro-Oeste,2022,10,2022-03-06,467,162,0.3468950749464668,294.18140858884226,136.6586949094636,249.50273883728764
regional,Nordeste,2022,10,2022-03-06,1793,298,0.16620189626324597,34.68913816159724,0.0,31.218781218781217
regional,Norte,2022,10,2022-03-06,450,94,0.2088888888888889,69.4923264665264,5.65498986456982,51.305351883940446
regional,Sudeste,2022,10,2022-03-06,1668,170,0.10191846522781775,146.81421663120787,1.4361344579629765,179.23812931364944
regional,Sul,2022,10,2022-03-06,1191,234,0.1964735516372796,134.5791794256105,0.0,1.2042727597515988
nacional,Brasil,2022,11,2022-03-13,5569,1139,0.2045250493804992,143.6650197454638,3.6441422235827017,60.49494719573332
regional,Centro-Oeste,2022,11,2022-03-13,467,178,0.3811563169164882,330.86370015463484,142.34875444839858,258.77352554862176
regional,Nordeste,2022,11,2022-03-13,1793,341,0.1901840490797546,41.60182185151344,0.0,34.44999168307834
regional,Norte,2022,11,2022-03-13,450,90,0.2,70.64707730059057,6.720214000399533,49.080383996538494
regional,Sudeste,2022,11,2022-03-13,1668,215,0.1288968824940048,181.13372047986394,3.7617484327949677,193.530609351215
regional,Sul,2022,11,2022-03-13,1191,315,0.26448362720403024,199.0284213810504,0.0,1.7193794164069667
nacional,Brasil,2022,12,2022-03-20,5569,1306,0.2345124797988867,184.9072755244921,6.4379063928410485,66.00660066006603
regional,Centro-Oeste,2022,12,2022-03-20,467,192,0.41113490364025695,388.96567945114464,167.6727028839705,264.9678655992785
regional,Nordeste,2022,12,2022-03-20,1793,372,0.20747350808700502,51.64485735810642,1.5246459009894953,36.975847690976344
regional,Norte,2022,12,2022-03-20,450,103,0.2288888888888889,72.99800312507037,6.86274372098924,45.40991755623777
regional,Sudeste,2022,12,2022-03-20,1668,256,0.15347721822541965,228.5025943258736,6.73082513012743,195.09323421969515
regional,Sul,2022,12,2022-03-20,1191,383,0.32157850545759864,286.74306222274413,3.5536181755724288,2.6100935259606293
nacional,Brasil,2022,13,2022-03-27,5569,1477,0.2652181720237026,218.09297278432405,9.654839488293506,70.33382322065927
regional,Centro-Oeste,2022,13,2022-03-27,467,206,0.4411134903640257,425.13885311167934,187.88842318254083,266.29570747217815
regional,Nordeste,2022,13,2022-03-27,1793,413,0.23034021193530396,59.83320324776116,4.063884260576259,40.19574186541499
regional,Norte,2022,13,2022-03-27,450,104,0.2311111111111111,71.27258987245645,6.350323754210917,45.64213266331295
regional,Sudeste,2022,13,2022-03-27,1668,299,0.17925659472422062,265.22226373541844,9.77221002154486,208.1666420890353
regional,Sul,2022,13,2022-03-27,1191,455,0.382031905961377,364.6310547911226,10.332527695666627,2.9317775367205137
nacional,Brasil,2022,14,2022-04-03,5569,1613,0.2896390734422697,242.80433609487605,13.234032455323732,71.74744897959192
regional,Centro-Oeste,2022,14,2022-04-03,467,205,0.43897216274089934,448.73772520408596,195.3125,266.29570747217815
regional,Nordeste,2022,14,2022-04-03,1793,454,0.2532069157836029,66.39281193324433,5.612302166348637,41.98152812762385
regional,Norte,2022,14,2022-04-03,450,104,0.2311111111111111,70.57804761676621,6.853272920730984,43.469190034020336
regional,Sudeste,2022,14,2022-04-03,1668,351,0.210431654676259,299.5913934988453,14.314427736287588,216.869074376196
regional,Sul,2022,14,2022-04-03,1191,499,0.418975650713686,413.1788013955758,17.857142857142858,3.123614710983009
nacional,Brasil,2022,15,2022-04-10,5569,1725,0.3097504040222661,266.126763273732,17.141387881038767,72.02475851073808
regional,Centro-Oeste,2022,15,2022-04-10,467,215,0.4603854389721627,461.8788319425848,201.00502512562815,254.0529853697114
regional,Nordeste,2022,15,2022-04-10,1793,479,0.2671500278862242,70.83299908031584,7.7651809287156395,44.55136772698921
regional,Norte,2022,15,2022-04-10,450,103,0.2288888888888889,68.64882186654434,6.080211408529782,42.82277308362785
regional,Sudeste,2022,15,2022-04-10,1668,389,0.23321342925659472,331.9743728519106,19.856383744904644,215.52392705983584
regional,Sul,2022,15,2022-04-10,1191,539,0.45256087321578503,465.77140138227395,25.068939583855602,3.0036343976211213
nacional,Brasil,2022,16,2022-04-17,5569,1841,0.33057999640869096,277.295335921022,21.39952921035737,72.50636880266515
regional,Centro-Oeste,2022,16,2022-04-17,467,222,0.4753747323340471,464.75217925225024,213.1186360407293,241.15387306954267
regional,Nordeste,2022,16,2022-04-17,1793,511,0.2849972113775795,78.07155906565178,9.723606485645526,47.276075398465956
regional,Norte,2022,16,2022-04-17,450,102,0.22666666666666666,66.63044009036248,5.189336628234554,37.984281435167084
regional,Sudeste,2022,16,2022-04-17,1668,418,0.25059952038369304,347.7521702167697,24.678044112200823,209.2806161323459
regional,Sul,2022,16,2022-04-17,1191,588,0.49370277078085645,484.6363011472899,33.57394661742488,2.825138078623593
nacional,Brasil,2022,17,2022-04-24,5569,1971,0.3539235051176154,283.2110248194702,24.846778201093258,71.36040227300549
regional,Centro-Oeste,2022,17,2022-04-24,467,233,0.4989293361884368,463.0876919836856,220.62067951169288,232.8288707799767
regional,Nordeste,2022,17,2022-04-24,1793,556,0.3100948131622978,85.53747402254984,12.19437839156149,48.47299993315939
regional,Norte,2022,17,2022-04-24,450,115,0.25555555555555554,67.17659964755192,6.898885533327869,35.10928634060667
regional,Sudeste,2022,17,2022-04-24,1668,450,0.2697841726618705,362.86942587062856,28.801767259632534,202.83205371469722
regional,Sul,2022,17,2022-04-24,1191,617,0.5180520570948782,480.3323945820401,37.366027991224534,2.3210318644517485
nacional,Brasil,2022,18,2022-05-01,5569,2081,0.37367570479439755,292.62788497515254,28.622130631404204,69.14035492048859
regional,Centro-Oeste,2022,18,2022-05-01,467,239,0.5117773019271948,461.1054375278511,222.57551669316376,229.72509992658465
regional,Nordeste,2022,18,2022-05-01,1793,573,0.3195761293920803,93.60903956130184,15.600624024960998,48.70141767811794
regional,Norte,2022,18,2022-05-01,450,126,0.28,66.39368665712297,6.71338674508686,32.74477763027214
regional,Sudeste,2022,18,2022-05-01,1668,487,0.2919664268585132,379.3925865211341,32.72001502379243,193.41609975417987
regional,Sul,2022,18,2022-05-01,1191,656,0.5507976490344249,490.1456346387463,38.640587336927524,1.7409373763259761
nacional,Brasil,2022,19,2022-05-08,5569,2185,0.39235051176153707,277.97827323973956,30.202355783751134,67.7659814772984
regional,Centro-Oeste,2022,19,2022-05-08,467,235,0.5032119914346895,436.8620924583377,209.5264701773991,212.14291404777973
regional,Nordeste,2022,19,2022-05-08,1793,621,0.3463469046291132,103.76005487958525,17.988846914912756,50.59448520111307
regional,Norte,2022,19,2022-05-08,450,140,0.3111111111111111,64.77098327318635,7.47304234713084,30.314998609585366
regional,Sudeste,2022,19,2022-05-08,1668,510,0.3057553956834532,361.20172916005043,35.57752841892416,182.1213278676426
regional,Sul,2022,19,2022-05-08,1191,679,0.5701091519731318,441.95902718981665,37.835792659856224,1.309292482659975
nacional,Brasil,2022,20,2022-05-15,5569,2184,0.39217094630993,246.60754849843343,30.330920804919884,64.23982869379017
regional,Centro-Oeste,2022,20,2022-05-15,467,224,0.4796573875802998,383.19141402603105,188.5014137606032,200.00941442289593
regional,Nordeste,2022,20,2022-05-15,1793,635,0.35415504740658116,108.15564272662058,19.366708627868693,52.28408960806016
regional,Norte,2022,20,2022-05-15,450,143,0.31777777777777777,62.34746008470426,8.041332842019315,27.809271082547596
regional,Sudeste,2022,20,2022-05-15,1668,526,0.31534772182254195,320.92160434680585,35.7777988275035,167.93907946902635
regional,Sul,2022,20,2022-05-15,1191,656,0.5507976490344249,367.02803252745554,32.520325203252035,0.0
nacional,Brasil,2022,21,2022-05-22,5569,2094,0.37601005566529,201.69821642970925,26.29042152309175,59.559926699598535
regional,Centro-Oeste,2022,21,2022-05-22,467,214,0.4582441113490364,309.98293931781456,152.5940996948118,186.4801864801865
regional,Nordeste,2022,21,2022-05-22,1793,624,0.34802007808142776,106.9905223111492,18.286968249251377,52.734506709825354
regional,Norte,2022,21,2022-05-22,450,141,0.31333333333333335,56.05223666732944,6.83456786285824,27.071590756055542
regional,Sudeste,2022,21,2022-05-22,1668,491,0.2943645083932854,257.4364536080868,31.384647765931888,148.0511465697556
regional,Sul,2022,21,2022-05-22,1191,624,0.5239294710327456,278.78574056520057,21.474895846755143,0.0
nacional,Brasil,2022,22,2022-05-29,5569,1938,0.3479978452145807,149.32202393151215,21.920210434020166,53.70374521051328
regional,Centro-Oeste,2022,22,2022-05-29,467,195,0.41755888650963596,236.17983100679163,120.90854132481216,163.83225002225987
regional,Nordeste,2022,22,2022-05-29,1793,600,0.33463469046291133,103.91664292186772,16.9697655344062,52.80303497792304
regional,Norte,2022,22,2022-05-29,450,130,0.28888888888888886,48.55048525187946,5.048792557866873,24.21787975833011
regional,Sudeste,2022,22,2022-05-29,1668,458,0.2745803357314149,183.4885758026034,25.530399941285754,121.87396173438448
regional,Sul,2022,22,2022-05-29,1191,555,0.4659949622166247,173.84480825644204,12.839442768183861,0.0
nacional,Brasil,2022,23,2022-06-05,5569,1763,0.31657389118333634,110.48022230961396,16.280811435641954,48.89180655850451
regional,Centro-Oeste,2022,23,2022-06-05,467,170,0.3640256959314775,176.02736408101043,91.24087591240875,148.08311074441193
regional,Nordeste,2022,23,2022-06-05,1793,565,0.3151143335192415,95.84045736842536,14.997000599880023,52.30802415875757
regional,Norte,2022,23,2022-06-05,450,129,0.2866666666666667,38.61615499018104,3.9517041994020548,21.750774334957278
regional,Sudeste,2022,23,2022-06-05,1668,410,0.24580335731414868,130.0077200880032,19.154336106748143,98.97216201526565
regional,Sul,2022,23,2022-06-05,1191,489,0.4105793450881612,106.622579431109,4.1710114702815435,0.0
nacional,Brasil,2022,24,2022-06-12,5569,1623,0.2914347279583408,83.68766450999144,11.853959222380276,41.48772143668424
regional,Centro-Oeste,2022,24,2022-06-12,467,158,0.33832976445396146,134.5711281292676,72.0832046133251,128.95976463349564
regional,Nordeste,2022,24,2022-06-12,1793,536,0.2989403234802008,85.10683846171995,12.883277505797475,49.62779156327544
regional,Norte,2022,24,2022-06-12,450,110,0.24444444444444444,32.06972446243889,1.7793077601815912,18.37396496377164
regional,Sudeste,2022,24,2022-06-12,1668,388,0.23261390887290168,94.48066195788631,14.38699848094263,78.14591827157889
regional,Sul,2022,24,2022-06-12,1191,431,0.3618807724601176,65.98673829056139,0.0,0.0
nacional,Brasil,2022,25,2022-06-19,5569,1539,0.2763512300233435,69.08585779835616,8.570693940519384,35.62135260086403
regional,Centro-Oeste,2022,25,2022-06-19,467,158,0.33832976445396146,113.16054633210383,62.85797617431271,108.97012260420428
regional,Nordeste,2022,25,2022-06-19,1793,510,0.28443948689347465,76.05749222317769,9.988014382740712,46.28270934700985
regional,Norte,2022,25,2022-06-19,450,107,0.23777777777777778,26.44257245271496,0.0,16.334132790172113
regional,Sudeste,2022,25,2022-06-19,1668,379,0.22721822541966427,75.02913239457814,9.858651894069602,59.49814341914474
regional,Sul,2022,25,2022-06-19,1191,385,0.3232577665827036,49.09683706794061,0.0,0.0
nacional,Brasil,2022,26,2022-06-26,5569,1452,0.26072903573352485,54.96632396567709,5.835213568816619,29.841611738999582
regional,Centro-Oeste,2022,26,2022-06-26,467,151,0.3233404710920771,89.16864985469392,49.19956098853272,92.26253543112162
regional,Nordeste,2022,26,2022-06-26,1793,487,0.271611823759063,65.25909820665201,7.651694850409365,42.72686221384538
regional,Norte,2022,26,2022-06-26,450,112,0.24888888888888888,22.359079960113533,0.0,13.093546658165236
regional,Sudeste,2022,26,2022-06-26,1668,379,0.22721822541966427,57.03760374158977,6.885757937379632,43.52245481397066
regional,Sul,2022,26,2022-06-26,1191,323,0.27120067170445006,35.47928343842469,0.0,0.0
nacional,Brasil,2022,27,2022-07-03,5569,1371,0.2461842341533489,44.939795728740826,3.8445407521319725,24.981631153563598
regional,Centro-Oeste,2022,27,2022-07-03,467,137,0.29336188436830835,69.376820636354,35.7398141529664,72.50645760638056
regional,Nordeste,2022,27,2022-07-03,1793,444,0.2476296709425544,57.033602317971436,6.541853552430911,38.48377051863485
regional,Norte,2022,27,2022-07-03,450,117,0.26,20.144509931719845,0.0,11.212467469886192
regional,Sudeste,2022,27,2022-07-03,1668,362,0.2170263788968825,43.59904907917933,4.976204611706729,33.195505685390486
regional,Sul,2022,27,2022-07-03,1191,311,0.2611251049538203,28.39735926676115,0.0,0.0
nacional,Brasil,2022,28,2022-07-10,5569,1330,0.23882205063745734,37.92979364960131,1.8668558413919276,20.70822116380203
regional,Centro-Oeste,2022,28,2022-07-10,467,136,0.291220556745182,56.29407423230344,30.181086519114686,60.34357471609733
regional,Nordeste,2022,28,2022-07-10,1793,433,0.241494701617401,50.140431601590635,5.372877713303245,34.32494279176203
regional,Norte,2022,28,2022-07-10,450,104,0.2311111111111111,16.703165606969268,0.0,9.939127358002834
regional,Sudeste,2022,28,2022-07-10,1668,364,0.2182254196642686,36.015969003197846,2.973231626662092,25.223495879095964
regional,Sul,2022,28,2022-07-10,1191,293,0.24601175482787574,23.04687950127774,0.0,0.0
nacional,Brasil,2022,29,2022-07-17,5569,1299,0.2332555216376369,32.02327509733385,0.0,17.247326664367023
regional,Centro-Oeste,2022,29,2022-07-17,467,129,0.2762312633832976,44.441432585478495,24.06275566677896,49.866819199539904
regional,Nordeste,2022,29,2022-07-17,1793,409,0.22810931399888454,43.612545335574914,3.7791466686822113,31.244141723426857
regional,Norte,2022,29,2022-07-17,450,100,0.2222222222222222,14.458122372148486,0.0,8.505933272821936
regional,Sudeste,2022,29,2022-07-17,1668,380,0.2278177458033573,29.768673918454066,1.2917466256398682,18.96415447320934
regional,Sul,2022,29,2022-07-17,1191,281,0.235936188077246,19.501152854323855,0.0,0.0
nacional,Brasil,2022,30,2022-07-24,5569,1299,0.2332555216376369,27.831839011728906,0.0,13.941140368083204
regional,Centro-Oeste,2022,30,2022-07-24,467,132,0.2826552462526767,37.49676611918569,20.89209234304816,43.08281474389665
regional,Nordeste,2022,30,2022-07-24,1793,389,0.2169548243167875,38.47051504976183,2.3492928628482828,27.179901564680844
regional,Norte,2022,30,2022-07-24,450,103,0.2288888888888889,13.265865225543235,0.0,7.651229831552623
regional,Sudeste,2022,30,2022-07-24,1668,399,0.2392086330935252,25.70312376937072,0.0,14.49239150351368
regional,Sul,2022,30,2022-07-24,1191,276,0.23173803526448364,16.510863472402015,0.0,0.0
nacional,Brasil,2022,31,2022-07-31,5569,1276,0.22912551625067337,24.29880360354201,0.0,11.76651209467405
regional,Centro-Oeste,2022,31,2022-07-31,467,135,0.2890792291220557,33.235635741205456,17.56543123133673,34.99392466585664
regional,Nordeste,2022,31,2022-07-31,1793,386,0.21528165086447296,33.80629895451062,1.5467904098994587,23.95893482984613
regional,Norte,2022,31,2022-07-31,450,100,0.2222222222222222,12.34039591866642,0.0,7.3300203791852345
regional,Sudeste,2022,31,2022-07-31,1668,405,0.24280575539568344,22.498757191611734,0.0,11.80996237085045
regional,Sul,2022,31,2022-07-31,1191,250,0.20990764063811923,13.520735678032477,0.0,0.0
nacional,Brasil,2022,32,2022-08-07,5569,1258,0.22589333812174536,21.17898786120846,0.0,9.360791655522904
regional,Centro-Oeste,2022,32,2022-08-07,467,155,0.33190578158458245,30.17383761756347,15.54001554001554,29.150269639994168
regional,Nordeste,2022,32,2022-08-07,1793,373,0.20803123257110986,29.620242713805798,0.0,20.851386481802432
regional,Norte,2022,32,2022-08-07,450,95,0.2111111111111111,10.854820044740082,0.0,6.430928160253905
regional,Sudeste,2022,32,2022-08-07,1668,415,0.24880095923261392,19.854935795927883,0.0,9.296457641901792
regional,Sul,2022,32,2022-08-07,1191,220,0.1847187237615449,10.69924779015384,0.0,0.0
nacional,Brasil,2022,33,2022-08-14,5569,1215,0.2181720237026396,18.4840436767501,0.0,7.836990595611286
regional,Centro-Oeste,2022,33,2022-08-14,467,150,0.32119914346895073,27.212731617225657,12.19586560156107,25.91274752475249
regional,Nordeste,2022,33,2022-08-14,1793,366,0.2041271611823759,26.264459817652224,0.0,17.771459036786922
regional,Norte,2022,33,2022-08-14,450,96,0.21333333333333335,10.016558833429855,0.0,5.704406474475926
regional,Sudeste,2022,33,2022-08-14,1668,400,0.23980815347721823,17.12139988423725,0.0,7.760931322900986
regional,Sul,2022,33,2022-08-14,1191,203,0.1704450041981528,8.4560626663101,0.0,0.0
nacional,Brasil,2022,34,2022-08-21,5569,1165,0.20919375112228408,16.062929783847,0.0,6.716818914562064
regional,Centro-Oeste,2022,34,2022-08-21,467,148,0.3169164882226981,23.957954286085684,9.703085581214827,21.23145082798701
regional,Nordeste,2022,34,2022-08-21,1793,358,0.1996653653095371,23.80358740418315,0.0,15.751575157515814
regional,Norte,2022,34,2022-08-21,450,85,0.18888888888888888,8.458051638051359,0.0,5.427043473715921
regional,Sudeste,2022,34,2022-08-21,1668,391,0.23441247002398083,14.446105489591236,0.0,6.761630223438595
regional,Sul,2022,34,2022-08-21,1191,183,0.15365239294710328,6.451748031217665,0.0,0.0
nacional,Brasil,2022,35,2022-08-28,5569,1069,0.19195546776800143,13.662313860813507,0.0,5.626828719333783
regional,Centro-Oeste,2022,35,2022-08-28,467,133,0.284796573875803,21.069889395899896,7.9936051159072745,19.837333862328904
regional,Nordeste,2022,35,2022-08-28,1793,337,0.1879531511433352,20.90011063011429,0.0,14.11005845595646
regional,Norte,2022,35,2022-08-28,450,77,0.1711111111111111,7.035104603934341,0.0,5.228972029246881
regional,Sudeste,2022,35,2022-08-28,1668,367,0.22002398081534771,11.73496600005131,0.0,5.625721013584435
regional,Sul,2022,35,2022-08-28,1191,155,0.13014273719563393,5.06479330254761,0.0,0.0
nacional,Brasil,2022,36,2022-09-04,5569,1000,0.1795654516071108,11.927124357515405,0.0,5.034993202759177
regional,Centro-Oeste,2022,36,2022-09-04,467,132,0.2826552462526767,19.59190514485855,6.9913569349891205,18.33331497828214
regional,Nordeste,2022,36,2022-09-04,1793,312,0.17401003904071388,17.9372906345228,0.0,12.313754463735991
regional,Norte,2022,36,2022-09-04,450,74,0.16444444444444445,6.921651838766036,0.0,5.110782954636362
regional,Sudeste,2022,36,2022-09-04,1668,343,0.20563549160671463,10.180022512409021,0.0,5.109165938362391
regional,Sul,2022,36,2022-09-04,1191,139,0.11670864819479429,4.211715246441646,0.0,0.0
nacional,Brasil,2022,37,2022-09-11,5569,997,0.17902675525228945,11.01118916579246,0.0,4.467990042765066
regional,Centro-Oeste,2022,37,2022-09-11,467,139,0.29764453961456105,19.31341647911301,5.859947260474655,16.82081823621706
regional,Nordeste,2022,37,2022-09-11,1793,303,0.1689905186837702,15.57169229924158,0.0,10.617643489867733
regional,Norte,2022,37,2022-09-11,450,73,0.1622222222222222,7.148729105961093,0.0,4.631230613725701
regional,Sudeste,2022,37,2022-09-11,1668,353,0.21163069544364507,9.932944625611798,0.0,4.812717705686117
regional,Sul,2022,37,2022-09-11,1191,129,0.10831234256926953,3.8596330334251197,0.0,0.0
nacional,Brasil,2022,38,2022-09-18,5569,984,0.17669240438139702,10.041107551134424,0.0,3.8881760566118437
regional,Centro-Oeste,2022,38,2022-09-18,467,145,0.31049250535331907,19.86043550566933,6.686279753944905,16.136525688414963
regional,Nordeste,2022,38,2022-09-18,1793,294,0.16397099832682654,12.79291120585779,0.0,9.120027540936322
regional,Norte,2022,38,2022-09-18,450,73,0.1622222222222222,8.44314587767052,0.0,3.8360203467854657
regional,Sudeste,2022,38,2022-09-18,1668,349,0.2092326139088729,9.402112209692483,0.0,4.528864965353547
regional,Sul,2022,38,2022-09-18,1191,123,0.10327455919395466,3.5468312076391326,0.0,0.0
nacional,Brasil,2022,39,2022-09-25,5569,972,0.1745376189621117,9.363224197877113,0.0,3.5642999714856005
regional,Centro-Oeste,2022,39,2022-09-25,467,151,0.3233404710920771,20.478376868917177,6.9913569349891205,15.153748787484945
regional,Nordeste,2022,39,2022-09-25,1793,288,0.16062465142219742,10.351688313323498,0.0,8.06692560501943
regional,Norte,2022,39,2022-09-25,450,83,0.18444444444444444,10.167484433373865,0.0,3.7548544266834556
regional,Sudeste,2022,39,2022-09-25,1668,336,0.2014388489208633,9.343344437728295,0.0,4.121590956816949
regional,Sul,2022,39,2022-09-25,1191,114,0.09571788413098237,3.2407639775442885,0.0,0.0
nacional,Brasil,2022,40,2022-10-02,5569,966,0.173460226252469,9.008471963792855,0.0,3.3331666749995836
regional,Centro-Oeste,2022,40,2022-10-02,467,153,0.32762312633832974,21.092572490579606,6.366993505666624,15.343895047757874
regional,Nordeste,2022,40,2022-10-02,1793,284,0.15839375348577803,8.853129824932441,0.0,7.067637288854336
regional,Norte,2022,40,2022-10-02,450,83,0.18444444444444444,11.316855645813126,0.0,3.828079563123931
regional,Sudeste,2022,40,2022-10-02,1668,339,0.20323741007194246,9.510816117791991,0.0,4.202212507177331
regional,Sul,2022,40,2022-10-02,1191,107,0.08984047019311503,2.928346693589348,0.0,0.0
nacional,Brasil,2022,41,2022-10-09,5569,947,0.17004848267193393,8.764040269355727,0.0,3.2119129533373236
regional,Centro-Oeste,2022,41,2022-10-09,467,146,0.31263383297644537,22.549039399262135,6.177542573564236,15.118872132138943
regional,Nordeste,2022,41,2022-10-09,1793,281,0.15672058003346348,7.624781530940297,0.0,6.559958016268696
regional,Norte,2022,41,2022-10-09,450,79,0.17555555555555555,12.17949091963091,0.0,4.286354065547954
regional,Sudeste,2022,41,2022-10-09,1668,330,0.19784172661870503,9.430395656471903,0.0,4.402956022794603
regional,Sul,2022,41,2022-10-09,1191,111,0.09319899244332494,2.8502390485152205,0.0,0.0
nacional,Brasil,2022,42,2022-10-16,5569,959,0.17220326809121925,8.915829969680036,0.0,3.2119129533373236
regional,Centro-Oeste,2022,42,2022-10-16,467,147,0.3147751605995717,25.4919592898809,7.283851700779373,16.270807484241523
regional,Nordeste,2022,42,2022-10-16,1793,282,0.15727830451756833,6.792785552889653,0.0,5.606728073688449
regional,Norte,2022,42,2022-10-16,450,73,0.1622222222222222,12.025784355464461,0.0,4.787266834572884
regional,Sudeste,2022,42,2022-10-16,1668,340,0.2038369304556355,9.79291216760402,0.0,4.748414015683041
regional,Sul,2022,42,2022-10-16,1191,117,0.0982367758186398,3.2089564743241605,0.0,0.0
nacional,Brasil,2022,43,2022-10-23,5569,945,0.1696893517687197,9.146537214123992,0.0,3.272786777941417
regional,Centro-Oeste,2022,43,2022-10-23,467,146,0.31263383297644537,28.232537048811384,7.628734901462174,16.933562084195234
regional,Nordeste,2022,43,2022-10-23,1793,273,0.15225878416062466,5.890553450572677,0.0,5.245213742460005
regional,Norte,2022,43,2022-10-23,450,65,0.14444444444444443,11.170603805822958,0.0,5.34525403007274
regional,Sudeste,2022,43,2022-10-23,1668,351,0.210431654676259,10.807534705069864,0.0,5.02696989612558
regional,Sul,2022,43,2022-10-23,1191,110,0.09235936188077246,3.4735256138605486,0.0,0.0
nacional,Brasil,2022,44,2022-10-30,5569,924,0.16591847728497036,9.70920350018171,0.0,3.4205575508807935
regional,Centro-Oeste,2022,44,2022-10-30,467,142,0.30406852248394006,32.272285419952766,8.121497604158208,18.358729575913348
regional,Nordeste,2022,44,2022-10-30,1793,249,0.1388733965421082,5.465825996326821,0.0,4.729729729729749
regional,Norte,2022,44,2022-10-30,450,74,0.16444444444444445,12.067911700508317,0.0,5.747714104316696
regional,Sudeste,2022,44,2022-10-30,1668,342,0.20503597122302158,11.41509685529474,0.0,5.250214441554067
regional,Sul,2022,44,2022-10-30,1191,117,0.0982367758186398,3.9699657179845858,0.0,0.0
nacional,Brasil,2022,45,2022-11-06,5569,933,0.16753456634943437,10.565538029077706,0.0,3.662738905371501
regional,Centro-Oeste,2022,45,2022-11-06,467,139,0.29764453961456105,38.46020413686786,8.568246080027418,22.453398606665413
regional,Nordeste,2022,45,2022-11-06,1793,238,0.13273842721695484,5.2591677132581935,0.0,4.742416524686917
regional,Norte,2022,45,2022-11-06,450,75,0.16666666666666666,12.55767141443245,0.0,7.109025746692199
regional,Sudeste,2022,45,2022-11-06,1668,353,0.21163069544364507,12.418119977154342,0.0,5.50766943385763
regional,Sul,2022,45,2022-11-06,1191,128,0.10747271200671704,4.269103260920627,0.0,0.0
nacional,Brasil,2022,46,2022-11-13,5569,921,0.16537978093014905,11.606844284241712,0.0,3.7724460540214273
regional,Centro-Oeste,2022,46,2022-11-13,467,136,0.291220556745182,43.45568391864473,9.25240562546262,26.508409260466784
regional,Nordeste,2022,46,2022-11-13,1793,240,0.13385387618516453,5.413954823923334,0.0,4.58547322083639
regional,Norte,2022,46,2022-11-13,450,71,0.15777777777777777,14.153710993861358,0.0,8.31783186288266
regional,Sudeste,2022,46,2022-11-13,1668,359,0.21522781774580335,13.85003070923599,0.0,5.681183155806419
regional,Sul,2022,46,2022-11-13,1191,115,0.09655751469353484,4.337925490677765,0.0,0.0
nacional,Brasil,2022,47,2022-11-20,5569,957,0.17184413718800504,13.575468928029544,0.0,3.959768749505029
regional,Centro-Oeste,2022,47,2022-11-20,467,135,0.2890792291220557,49.919401077481936,11.070519207350825,29.777521574076133
regional,Nordeste,2022,47,2022-11-20,1793,254,0.14166201896263245,5.9014895038292,0.0,3.9837463150346584
regional,Norte,2022,47,2022-11-20,450,76,0.1688888888888889,18.04951117743003,0.0,9.630560259960033
regional,Sudeste,2022,47,2022-11-20,1668,369,0.22122302158273383,16.252219327277682,0.0,6.133680964131133
regional,Sul,2022,47,2022-11-20,1191,123,0.10327455919395466,5.438348957937882,0.0,0.0
nacional,Brasil,2022,48,2022-11-27,5569,996,0.17884718980068234,15.05329271151524,0.0,4.049894702737729
regional,Centro-Oeste,2022,48,2022-11-27,467,129,0.2762312633832976,55.529858145982736,14.29388221841052,33.01964668978042
regional,Nordeste,2022,48,2022-11-27,1793,265,0.14779698828778584,5.813417604997013,0.0,3.732875433946769
regional,Norte,2022,48,2022-11-27,450,75,0.16666666666666666,20.974118487329157,0.0,11.051817867069119
regional,Sudeste,2022,48,2022-11-27,1668,376,0.22541966426858512,18.524907068828213,0.0,6.633867460328503
regional,Sul,2022,48,2022-11-27,1191,151,0.12678421494542402,5.993272275727296,0.0,0.0
nacional,Brasil,2022,49,2022-12-04,5569,988,0.17741066618782547,16.43553446079567,0.0,3.950422201372793
regional,Centro-Oeste,2022,49,2022-12-04,467,125,0.2676659528907923,56.53082778335639,14.638073629510357,35.52409046214356
regional,Nordeste,2022,49,2022-12-04,1793,276,0.1539319576129392,6.13285281286248,0.0,3.206415845334013
regional,Norte,2022,49,2022-12-04,450,70,0.15555555555555556,23.350239143617255,0.0,10.858125575073743
regional,Sudeste,2022,49,2022-12-04,1668,369,0.22122302158273383,21.847265587762738,0.0,7.062193911104139
regional,Sul,2022,49,2022-12-04,1191,148,0.12426532325776658,6.032361988971627,0.0,0.0
nacional,Brasil,2022,50,2022-12-11,5569,971,0.17435805351050457,18.08044311844787,0.0,4.1958628792011075
regional,Centro-Oeste,2022,50,2022-12-11,467,123,0.2633832976445396,57.04896926914161,18.789928598271327,40.257551962995606
regional,Nordeste,2022,50,2022-12-11,1793,266,0.1483547127718907,5.593382485822548,0.0,3.0041758043680717
regional,Norte,2022,50,2022-12-11,450,75,0.16666666666666666,25.99944806406944,0.0,12.637326038615992
regional,Sudeste,2022,50,2022-12-11,1668,362,0.2170263788968825,26.353948458485736,0.0,7.8500280480679585
regional,Sul,2022,50,2022-12-11,1191,145,0.12174643157010916,7.0201902798335825,0.0,0.0
nacional,Brasil,2022,51,2022-12-18,5569,946,0.16986891722032682,18.198319160975096,0.0,4.670496473775162
regional,Centro-Oeste,2022,51,2022-12-18,467,116,0.24839400428265523,52.8555622769527,16.440608302507194,45.248868778280546
regional,Nordeste,2022,51,2022-12-18,1793,242,0.13496932515337423,5.012569980533326,0.0,2.890841813135985
regional,Norte,2022,51,2022-12-18,450,73,0.1622222222222222,26.957590165071476,0.0,13.586149477583435
regional,Sudeste,2022,51,2022-12-18,1668,377,0.2260191846522782,28.330883360136504,0.0,8.964311024929437
regional,Sul,2022,51,2022-12-18,1191,138,0.11586901763224182,6.959298765782791,0.0,0.0
nacional,Brasil,2022,52,2022-12-25,5569,798,0.1432932303824744,16.550964687668177,0.0,5.549389567147614
regional,Centro-Oeste,2022,52,2022-12-25,467,91,0.1948608137044968,43.829153093630026,11.522064754003917,56.29441981563578
regional,Nordeste,2022,52,2022-12-25,1793,204,0.11377579475738984,4.196047193282259,0.0,3.0041758043680717
regional,Norte,2022,52,2022-12-25,450,64,0.14222222222222222,24.487780186870925,0.0,14.745432898311355
regional,Sudeste,2022,52,2022-12-25,1668,328,0.19664268585131894,27.196804678145927,0.0,11.66929420399318
regional,Sul,2022,52,2022-12-25,1191,111,0.09319899244332494,6.546451675990298,0.0,0.0
nacional,Brasil,2023,1,2023-01-01,5569,629,0.11294666906087268,21.079700580897445,0.0,8.181265752840119
regional,Centro-Oeste,2023,1,2023-01-01,467,48,0.10278372591006424,47.9470270095664,16.995241332426918,106.38297872340426
regional,Nordeste,2023,1,2023-01-01,1793,167,0.09313998884551032,5.058479370803825,0.0,5.047522619318915
regional,Norte,2023,1,2023-01-01,450,50,0.1111111111111111,29.758364559497725,0.0,25.19411419687802
regional,Sudeste,2023,1,2023-01-01,1668,289,0.17326139088729017,37.77067505115649,0.0,17.052552544950174
regional,Sul,2023,1,2023-01-01,1191,75,0.06297229219143577,8.009225333833836,0.0,0.0
nacional,Brasil,2023,2,2023-01-08,5569,661,0.11869276351230024,25.915072107020777,0.0,10.296685234809193
regional,Centro-Oeste,2023,2,2023-01-08,467,46,0.09850107066381156,52.2376480958042,18.76348625574632,135.38688008699611
regional,Nordeste,2023,2,2023-01-08,1793,171,0.09537088678192973,6.397535609166028,0.0,6.0456105604165655
regional,Norte,2023,2,2023-01-08,450,54,0.12,34.70654809116866,0.0,29.369564730501107
regional,Sudeste,2023,2,2023-01-08,1668,307,0.18405275779376498,49.267037031568854,1.5044771172609566,21.70200188383479
regional,Sul,2023,2,2023-01-08,1191,83,0.06968933669185558,8.950385513300331,0.0,0.0
nacional,Brasil,2023,3,2023-01-15,5569,721,0.12946669060872687,34.55571269098313,0.0,12.94046013849853
regional,Centro-Oeste,2023,3,2023-01-15,467,48,0.10278372591006424,64.42956888436507,23.590469450342063,166.3256865465547
regional,Nordeste,2023,3,2023-01-15,1793,196,0.10931399888455103,8.355470125482743,0.0,7.62660158633313
regional,Norte,2023,3,2023-01-15,450,63,0.14,41.302609899430045,0.0,34.89183531053733
regional,Sudeste,2023,3,2023-01-15,1668,339,0.20323741007194246,68.95960204639385,3.1965285070998,27.56940825986259
regional,Sul,2023,3,2023-01-15,1191,75,0.06297229219143577,11.553322169578122,0.0,0.0
nacional,Brasil,2023,4,2023-01-22,5569,801,0.14383192673729575,47.03877536509652,0.0,15.910099769740606
regional,Centro-Oeste,2023,4,2023-01-22,467,52,0.11134903640256959,80.86000563801622,29.080636450500606,201.8429135585784
regional,Nordeste,2023,4,2023-01-22,1793,220,0.12269938650306748,10.97567158061506,0.0,9.065777367484701
regional,Norte,2023,4,2023-01-22,450,73,0.1622222222222222,51.130432646507394,0.0,39.02089564965166
regional,Sudeste,2023,4,2023-01-22,1668,365,0.21882494004796163,97.11934310325367,7.023162457458337,34.53639997003784
regional,Sul,2023,4,2023-01-22,1191,91,0.0764063811922754,16.384701296448938,0.0,0.0
nacional,Brasil,2023,5,2023-01-29,5569,803,0.14419105764050996,57.89595314142934,0.0,21.349364983519628
regional,Centro-Oeste,2023,5,2023-01-29,467,49,0.10492505353319058,91.8028421325294,31.928480204342275,238.24514683045385
regional,Nordeste,2023,5,2023-01-29,1793,216,0.12046848856664807,12.223838909557209,0.0,12.75496957196472
regional,Norte,2023,5,2023-01-29,450,76,0.1688888888888889,53.770104701750085,0.896992250760321,48.46224336434879
regional,Sudeste,2023,5,2023-01-29,1668,368,0.22062350119904076,124.51884434100688,10.330147479782287,49.590146190997245
regional,Sul,2023,5,2023-01-29,1191,94,0.07892527287993283,21.61151396079398,0.0,0.0
nacional,Brasil,2023,6,2023-02-05,5569,799,0.1434727958340815,73.44766896025233,0.0,29.708853238265004
regional,Centro-Oeste,2023,6,2023-02-05,467,46,0.09850107066381156,106.15319282622816,35.85514521333812,282.4858757062147
regional,Nordeste,2023,6,2023-02-05,1793,209,0.1165644171779141,14.091689061582066,0.0,17.050298380221655
regional,Norte,2023,6,2023-02-05,450,77,0.1711111111111111,57.783833752767656,1.5968376749127007,57.57075763465057
regional,Sudeste,2023,6,2023-02-05,1668,361,0.21642685851318944,163.28973454109726,13.40698915436713,75.76878927523688
regional,Sul,2023,6,2023-02-05,1191,106,0.08900083963056256,30.07567296312705,0.0,0.0
nacional,Brasil,2023,7,2023-02-12,5569,824,0.1479619321242593,86.11197648906408,0.0,37.86093736612115
regional,Centro-Oeste,2023,7,2023-02-12,467,53,0.11349036402569593,115.79295770335162,41.681863179284115,303.00142925202476
regional,Nordeste,2023,7,2023-02-12,1793,200,0.11154489682097044,14.994486216853396,0.0,21.06115836371
regional,Norte,2023,7,2023-02-12,450,74,0.16444444444444445,58.89188188886694,2.051127250497967,61.24544880568973
regional,Sudeste,2023,7,2023-02-12,1668,382,0.2290167865707434,195.50727412119844,16.411723498749836,96.02803535694875
regional,Sul,2023,7,2023-02-12,1191,115,0.09655751469353484,38.61435092289288,0.0,1.1706723171117173
nacional,Brasil,2023,8,2023-02-19,5569,860,0.15442628838211528,99.20032883422765,1.3712154453707768,45.04504504504504
regional,Centro-Oeste,2023,8,2023-02-19,467,54,0.11563169164882227,126.74162326645137,46.317739694302915,326.30863358259717
regional,Nordeste,2023,8,2023-02-19,1793,199,0.11098717233686559,16.08119724610946,0.0,25.55946836305805
regional,Norte,2023,8,2023-02-19,450,76,0.1688888888888889,59.332016721045854,2.5241022621746323,60.89590144297384
regional,Sudeste,2023,8,2023-02-19,1668,418,0.25059952038369304,230.47152039504846,23.321261648484573,120.0485863520332
regional,Sul,2023,8,2023-02-19,1191,113,0.0948782535684299,44.751303951885255,0.0,2.525973226455036
nacional,Brasil,2023,9,2023-02-26,5569,888,0.15945412102711437,115.28015327751953,3.2628556512659883,53.95105808261271
regional,Centro-Oeste,2023,9,2023-02-26,467,57,0.12205567451820129,138.41096138339,49.0041653540551,343.65253299388036
regional,Nordeste,2023,9,2023-02-26,1793,185,0.10317902955939766,17.178908294265003,0.0,30.408874806506148
regional,Norte,2023,9,2023-02-26,450,72,0.16,59.68413473247615,3.458426806092347,63.2726028723404
regional,Sudeste,2023,9,2023-02-26,1668,439,0.263189448441247,271.1720003059487,32.441508460156044,144.2079327951285
regional,Sul,2023,9,2023-02-26,1191,135,0.11335012594458438,56.5765868387148,0.0,3.7947038455781943
nacional,Brasil,2023,10,2023-03-05,5569,984,0.17669240438139702,133.26926080884837,5.466296079824742,63.745019920318725
regional,Centro-Oeste,2023,10,2023-03-05,467,64,0.13704496788008566,149.0148852452484,53.94470667565745,345.44985821087914
regional,Nordeste,2023,10,2023-03-05,1793,194,0.10819854991634133,18.537262165988732,0.0,35.28166529460191
regional,Norte,2023,10,2023-03-05,450,73,0.1622222222222222,58.819273243079444,4.048702782482236,64.72452685740558
regional,Sudeste,2023,10,2023-03-05,1668,481,0.2883693045563549,316.00686673712096,42.616740729948276,167.73764360271508
regional,Sul,2023,10,2023-03-05,1191,172,0.14441645675902604,72.02445364771137,0.0,5.239717055279027
nacional,Brasil,2023,11,2023-03-12,5569,1074,0.19285329502603699,155.48898417427714,7.973845785822502,74.63985304070387
regional,Centro-Oeste,2023,11,2023-03-12,467,74,0.15845824411134904,160.92341748137318,65.24373194146706,354.88185465893923
regional,Nordeste,2023,11,2023-03-12,1793,197,0.10987172336865589,20.30612297598159,0.0,40.68974638846917
regional,Norte,2023,11,2023-03-12,450,79,0.17555555555555555,58.89789327612675,4.708858686414187,61.633260201680315
regional,Sudeste,2023,11,2023-03-12,1668,528,0.31654676258992803,369.9057596672844,58.688356703050175,191.65262069307605
regional,Sul,2023,11,2023-03-12,1191,196,0.16456759026028547,93.07403804158326,0.0,8.524664696521937
nacional,Brasil,2023,12,2023-03-19,5569,1172,0.21045070928353385,184.13835080105426,10.310341272296114,82.25444757991366
regional,Centro-Oeste,2023,12,2023-03-19,467,83,0.1777301927194861,182.91093387741157,76.0383993916928,370.9244967188589
regional,Nordeste,2023,12,2023-03-19,1793,216,0.12046848856664807,22.13988657994024,0.0,45.064780622144376
regional,Norte,2023,12,2023-03-19,450,84,0.18666666666666668,59.15272512289056,5.564628586935157,63.61091237524146
regional,Sudeste,2023,12,2023-03-19,1668,562,0.3369304556354916,428.3504053225119,73.59876150587178,214.9183231852738
regional,Sul,2023,12,2023-03-19,1191,227,0.19059613769941225,133.70533204805747,0.0,12.825445684237527
nacional,Brasil,2023,13,2023-03-26,5569,1228,0.22050637457353206,208.4336381536966,12.711325791280032,91.43371055984423
regional,Centro-Oeste,2023,13,2023-03-26,467,86,0.1841541755888651,198.7479853912696,73.42143906020557,372.578241430701
regional,Nordeste,2023,13,2023-03-26,1793,209,0.1165644171779141,23.111425669861834,0.0,47.646687210024375
regional,Norte,2023,13,2023-03-26,450,80,0.17777777777777778,60.21924771906733,5.3309583331061425,60.24429980772064
regional,Sudeste,2023,13,2023-03-26,1668,602,0.3609112709832134,473.76924866524234,87.53527020863925,226.33713879784415
regional,Sul,2023,13,2023-03-26,1191,251,0.21074727120067172,175.62306232321293,1.398647042094614,18.34862385321111
nacional,Brasil,2023,14,2023-04-02,5569,1253,0.22499551086370984,224.79236443754218,15.69612305760477,97.67042829802695
regional,Centro-Oeste,2023,14,2023-04-02,467,90,0.19271948608137046,203.69065034868575,81.14752142055896,380.3018647126386
regional,Nordeste,2023,14,2023-04-02,1793,195,0.10875627440044618,23.568870627956336,0.0,53.773953852170514
regional,Norte,2023,14,2023-04-02,450,81,0.18,57.20226060792947,4.400583003241088,57.73442213436176
regional,Sudeste,2023,14,2023-04-02,1668,603,0.36151079136690645,497.69603011199877,103.8121495755879,239.31417204296068
regional,Sul,2023,14,2023-04-02,1191,284,0.23845507976490343,217.11852502395323,5.134712859521591,25.881697708323102
nacional,Brasil,2023,15,2023-04-09,5569,1324,0.23774465792781468,242.93729348324425,18.680568122778034,102.83833813245577
regional,Centro-Oeste,2023,15,2023-04-09,467,97,0.20770877944325483,210.74666205453093,88.41377647389784,382.084483124602
regional,Nordeste,2023,15,2023-04-09,1793,197,0.10987172336865589,25.721566854624253,2.530812643939969,60.96884152449289
regional,Norte,2023,15,2023-04-09,450,78,0.17333333333333334,54.42017020383541,5.331146261700088,54.6232869073305
regional,Sudeste,2023,15,2023-04-09,1668,628,0.3764988009592326,520.7995256462574,111.0230087922123,241.05778000456422
regional,Sul,2023,15,2023-04-09,1191,324,0.27204030226700254,264.64957303836843,8.378577652657684,31.286664059444828
nacional,Brasil,2023,16,2023-04-16,5569,1364,0.24492727599209912,242.78700211715204,19.319938176197837,104.90402964154647
regional,Centro-Oeste,2023,16,2023-04-16,467,98,0.20985010706638116,201.69944546626851,87.20568082720817,382.17666985147247
regional,Nordeste,2023,16,2023-04-16,1793,198,0.11042944785276074,26.794599589277823,2.906047484815902,63.01148125162095
regional,Norte,2023,16,2023-04-16,450,70,0.15555555555555556,48.19428679193318,4.974871252464854,50.81787018708019
regional,Sudeste,2023,16,2023-04-16,1668,643,0.3854916067146283,508.1907950141643,116.80537553721263,241.18299025362813
regional,Sul,2023,16,2023-04-16,1191,355,0.2980688497061293,285.88982498245264,10.922992900054615,34.69000847081606
nacional,Brasil,2023,17,2023-04-23,5569,1326,0.23810378883102892,226.8062860382358,19.366708627868693,105.85744530698659
regional,Centro-Oeste,2023,17,2023-04-23,467,90,0.19271948608137046,183.12107379631306,81.25577100646352,376.6486207984124
regional,Nordeste,2023,17,2023-04-23,1793,176,0.09815950920245399,26.469052324160167,1.706688512279624,66.60323501427223
regional,Norte,2023,17,2023-04-23,450,70,0.15555555555555556,39.283160904602056,4.212552985238954,46.9530425249966
regional,Sudeste,2023,17,2023-04-23,1668,633,0.37949640287769787,465.8242672095488,113.17322606206423,236.47300310225347
regional,Sul,2023,17,2023-04-23,1191,357,0.29974811083123426,281.64177544436563,13.795957784369179,36.019516028684635
nacional,Brasil,2023,18,2023-04-30,5569,1362,0.2445681450888849,212.57842167525098,19.61425302386401,105.25326567052005
regional,Centro-Oeste,2023,18,2023-04-30,467,93,0.19914346895074947,178.09110018616508,82.389289392379,361.80904522613076
regional,Nordeste,2023,18,2023-04-30,1793,162,0.09035136642498606,26.61707951213592,1.706688512279624,68.53487663722206
regional,Norte,2023,18,2023-04-30,450,72,0.16,34.01358474734644,3.6085214927523084,44.95584111329478
regional,Sudeste,2023,18,2023-04-30,1668,644,0.38609112709832133,423.73711850283956,116.19697875028609,223.5018285429506
regional,Sul,2023,18,2023-04-30,1191,391,0.32829554995801846,277.7973435417561,16.207455429497568,34.904013961605585
nacional,Brasil,2023,19,2023-05-07,5569,1354,0.24313162147602801,188.39471212287958,18.244845831052725,102.35110880367876
regional,Centro-Oeste,2023,19,2023-05-07,467,90,0.19271948608137046,164.84698627995667,81.64746439263358,324.1641734684987
regional,Nordeste,2023,19,2023-05-07,1793,145,0.08087005019520357,25.207105472824693,0.0,73.33914805056381
regional,Norte,2023,19,2023-05-07,450,77,0.1711111111111111,27.555533997102714,2.3109008027870366,41.83395275910273
regional,Sudeste,2023,19,2023-05-07,1668,639,0.3830935251798561,365.90742367038223,108.20767302315652,208.9878462931859
regional,Sul,2023,19,2023-05-07,1191,403,0.33837111670864817,255.46322092855425,15.610365282547612,31.817428649009774
nacional,Brasil,2023,20,2023-05-14,5569,1353,0.2429520560244209,165.9205732598126,16.78556441460344,96.96969696969697
regional,Centro-Oeste,2023,20,2023-05-14,467,92,0.19700214132762311,152.97018308574908,70.72135785007072,295.5507020994887
regional,Nordeste,2023,20,2023-05-14,1793,139,0.07752370329057445,23.712615232564374,0.0,76.21477011136693
regional,Norte,2023,20,2023-05-14,450,71,0.15777777777777777,24.76773134999731,1.6819218248320558,38.939289073353855
regional,Sudeste,2023,20,2023-05-14,1668,637,0.38189448441247004,315.88432360950446,100.14653960376731,190.1161593045823
regional,Sul,2023,20,2023-05-14,1191,414,0.34760705289672544,228.39407807112633,15.593326056447841,25.614754098360656
nacional,Brasil,2023,21,2023-05-21,5569,1352,0.2427724905728138,144.42011872259064,14.419610670511897,88.66873118047037
regional,Centro-Oeste,2023,21,2023-05-21,467,95,0.20342612419700215,141.49163248869422,58.17093946067229,260.33872479524393
regional,Nordeste,2023,21,2023-05-21,1793,142,0.07919687674288901,22.449163535237204,0.0,74.83704836243666
regional,Norte,2023,21,2023-05-21,450,65,0.14444444444444443,22.292242753194493,1.5430666683279808,34.02180263997769
regional,Sudeste,2023,21,2023-05-21,1668,618,0.37050359712230213,268.26978737220406,88.76728872387199,168.4115956635889
regional,Sul,2023,21,2023-05-21,1191,432,0.36272040302267,201.88260621278997,13.319126265316994,18.59427296392711
nacional,Brasil,2023,22,2023-05-28,5569,1284,0.23056203986353024,116.73818180124371,11.853959222380276,79.20547116862623
regional,Centro-Oeste,2023,22,2023-05-28,467,83,0.1777301927194861,121.61459694997777,42.958401947447555,224.42967688247083
regional,Nordeste,2023,22,2023-05-28,1793,133,0.07417735638594534,20.59229118728626,0.0,73.94626571358145
regional,Norte,2023,22,2023-05-28,450,63,0.14,19.45041111219166,0.0,29.10554807241202
regional,Sudeste,2023,22,2023-05-28,1668,570,0.34172661870503596,212.7544918683765,69.29188665484838,141.46199098759948
regional,Sul,2023,22,2023-05-28,1191,435,0.36523929471032746,161.85706308962563,10.807305738679347,11.983379573548014
nacional,Brasil,2023,23,2023-06-04,5569,1228,0.22050637457353206,88.41402778593275,8.342022940563087,68.38074398249452
regional,Centro-Oeste,2023,23,2023-06-04,467,90,0.19271948608137046,102.69107055187978,33.311125916055964,194.3812403767495
regional,Nordeste,2023,23,2023-06-04,1793,128,0.07138873396542109,17.872858712934864,0.0,70.7513292689063
regional,Norte,2023,23,2023-06-04,450,62,0.13777777777777778,16.511886050328258,0.0,25.66601493532126
regional,Sudeste,2023,23,2023-06-04,1668,525,0.3147482014388489,156.81721396580977,52.53206677487052,114.29695274718708
regional,Sul,2023,23,2023-06-04,1191,423,0.35516372795969775,120.38076700438363,7.011803202056796,6.178942165101334
nacional,Brasil,2023,24,2023-06-11,5569,1160,0.20829592386424853,65.38543536764338,6.285355122564424,56.53443889569397
regional,Centro-Oeste,2023,24,2023-06-11,467,83,0.1777301927194861,82.24100426978295,26.350461133069828,164.48709909925168
regional,Nordeste,2023,24,2023-06-11,1793,115,0.06413831567205801,16.023282662841684,0.0,64.31557508843392
regional,Norte,2023,24,2023-06-11,450,62,0.13777777777777778,13.797000123857625,0.0,21.4966819041097
regional,Sudeste,2023,24,2023-06-11,1668,497,0.2979616306954436,112.48261875317756,35.62929449998174,90.53683221042108
regional,Sul,2023,24,2023-06-11,1191,403,0.33837111670864817,86.62093754652066,3.7280047718461082,3.317189676905725
nacional,Brasil,2023,25,2023-06-18,5569,1101,0.19770156221942897,50.39506199069939,4.163024020648599,47.09852026290818
regional,Centro-Oeste,2023,25,2023-06-18,467,73,0.15631691648822268,67.55868566723005,25.0501002004008,135.87857095512692
regional,Nordeste,2023,25,2023-06-18,1793,113,0.0630228667038483,15.228133961653894,0.0,58.06974937534778
regional,Norte,2023,25,2023-06-18,450,66,0.14666666666666667,12.595776235936487,0.0,18.923661284003295
regional,Sudeste,2023,25,2023-06-18,1668,485,0.2907673860911271,84.74845231787843,26.0790943668068,68.28883011413956
regional,Sul,2023,25,2023-06-18,1191,364,0.3056255247691016,62.77718896219177,0.0,0.6603765797446028
nacional,Brasil,2023,26,2023-06-25,5569,1045,0.1876458969294308,38.63925553276087,1.9572535817740548,38.81557058888766
regional,Centro-Oeste,2023,26,2023-06-25,467,71,0.15203426124197003,55.63305607428887,22.296544035674472,115.71395510298542
regional,Nordeste,2023,26,2023-06-25,1793,101,0.05633017289459007,13.691524637919294,0.0,50.98901098901102
regional,Norte,2023,26,2023-06-25,450,69,0.15333333333333332,10.98506903083321,0.0,17.5707676061089
regional,Sudeste,2023,26,2023-06-25,1668,477,0.28597122302158273,64.17408562613618,20.401923087809312,52.41790523752694
regional,Sul,2023,26,2023-06-25,1191,327,0.27455919395465994,44.22066944684551,0.0,0.0
nacional,Brasil,2023,27,2023-07-02,5569,1001,0.1797450170587179,30.092900607477034,0.0,31.882088101730318
regional,Centro-Oeste,2023,27,2023-07-02,467,73,0.15631691648822268,45.34334190554838,17.841014261660774,100.30090270812437
regional,Nordeste,2023,27,2023-07-02,1793,113,0.0630228667038483,12.84723792120143,0.0,44.45527851653373
regional,Norte,2023,27,2023-07-02,450,71,0.15777777777777777,10.20678188378473,0.0,14.409528386967626
regional,Sudeste,2023,27,2023-07-02,1668,459,0.2751798561151079,48.43131836392597,14.665468421884464,38.6551789442033
regional,Sul,2023,27,2023-07-02,1191,285,0.23929471032745592,31.906326063562318,0.0,0.0
nacional,Brasil,2023,28,2023-07-09,5569,953,0.1711258753815766,22.922062909023786,0.0,26.773397066240946
regional,Centro-Oeste,2023,28,2023-07-09,467,77,0.16488222698072805,37.83602987043998,13.473457289140393,81.2880298895416
regional,Nordeste,2023,28,2023-07-09,1793,127,0.07083100948131622,11.831363167778626,0.0,39.20031360250882
regional,Norte,2023,28,2023-07-09,450,65,0.14444444444444443,9.30029129786884,0.0,13.067607308840554
regional,Sudeste,2023,28,2023-07-09,1668,439,0.263189448441247,34.80772354611315,9.370326606671467,29.56324142118121
regional,Sul,2023,28,2023-07-09,1191,245,0.20570948782535683,22.27161567764334,0.0,0.0
nacional,Brasil,2023,29,2023-07-16,5569,906,0.16268629915604238,18.357328012354937,0.0,22.08992826972695
regional,Centro-Oeste,2023,29,2023-07-16,467,77,0.16488222698072805,31.22552352060769,11.240164855751217,65.50803294414533
regional,Nordeste,2023,29,2023-07-16,1793,134,0.0747350808700502,10.734476486378629,0.0,34.97726477789437
regional,Norte,2023,29,2023-07-16,450,62,0.13777777777777778,7.973012553533098,0.0,12.150223990134508
regional,Sudeste,2023,29,2023-07-16,1668,404,0.2422062350119904,26.006837653308374,5.387545084226625,23.271958243640984
regional,Sul,2023,29,2023-07-16,1191,229,0.19227539882451722,17.997869875563147,0.0,0.0
nacional,Brasil,2023,30,2023-07-23,5569,879,0.1578380319626504,14.969391822319999,0.0,18.4385462661944
regional,Centro-Oeste,2023,30,2023-07-23,467,71,0.15203426124197003,25.077758807703283,9.4553706505295,55.3270651570224
regional,Nordeste,2023,30,2023-07-23,1793,143,0.07975460122699386,9.926280434315746,0.0,30.51571559353067
regional,Norte,2023,30,2023-07-23,450,63,0.14,7.233968843071179,0.0,11.317366076354574
regional,Sudeste,2023,30,2023-07-23,1668,374,0.22422062350119903,20.273708485997908,3.0575491202447065,18.546071251102767
regional,Sul,2023,30,2023-07-23,1191,228,0.19143576826196473,14.092004317840447,0.0,0.0
nacional,Brasil,2023,31,2023-07-30,5569,844,0.1515532411564015,12.82934938316009,0.0,15.257602491442311
regional,Centro-Oeste,2023,31,2023-07-30,467,67,0.14346895074946467,21.882958121312424,7.978511209808249,45.703839122486286
regional,Nordeste,2023,31,2023-07-30,1793,144,0.08031232571109871,9.397397906820066,0.0,26.07561929595828
regional,Norte,2023,31,2023-07-30,450,68,0.1511111111111111,6.594055172297267,0.0,10.083593831348708
regional,Sudeste,2023,31,2023-07-30,1668,379,0.22721822541966427,17.362185828275244,1.0457549327381126,14.568809096642145
regional,Sul,2023,31,2023-07-30,1191,186,0.1561712846347607,10.453669215902936,0.0,0.0
nacional,Brasil,2023,32,2023-08-06,5569,833,0.1495780211887233,11.418177126887022,0.0,12.708095056551024
regional,Centro-Oeste,2023,32,2023-08-06,467,69,0.14775160599571735,19.70634718845662,7.242178447276941,38.794583695791665
regional,Nordeste,2023,32,2023-08-06,1793,147,0.08198549916341327,8.575422617949455,0.0,22.331397945511387
regional,Norte,2023,32,2023-08-06,450,69,0.15333333333333332,6.358918744528181,0.0,9.225203520326435
regional,Sudeste,2023,32,2023-08-06,1668,374,0.22422062350119903,15.534578808606385,0.0,12.385905512780074
regional,Sul,2023,32,2023-08-06,1191,174,0.14609571788413098,8.594492561585284,0.0,0.0
nacional,Brasil,2023,33,2023-08-13,5569,878,0.1576584665110433,10.607391537744885,0.0,10.818998160770313
regional,Centro-Oeste,2023,33,2023-08-13,467,83,0.1777301927194861,20.03503120625495,6.769411286865086,34.864182302943824
regional,Nordeste,2023,33,2023-08-13,1793,152,0.08477412158393753,7.755758320136053,0.0,20.18163471241172
regional,Norte,2023,33,2023-08-13,450,76,0.1688888888888889,7.401491092846726,0.0,8.50054193596818
regional,Sudeste,2023,33,2023-08-13,1668,385,0.23081534772182255,14.235664036031622,0.0,10.15341028504243
regional,Sul,2023,33,2023-08-13,1191,182,0.1528127623845508,7.333644524344656,0.0,0.0
nacional,Brasil,2023,34,2023-08-20,5569,883,0.15855629376907882,9.980476471598687,0.0,9.051412020275162
regional,Centro-Oeste,2023,34,2023-08-20,467,80,0.17130620985010706,19.133724783876914,5.84214523573056,29.013284639797728
regional,Nordeste,2023,34,2023-08-20,1793,162,0.09035136642498606,7.060462387511498,0.0,17.118402282453637
regional,Norte,2023,34,2023-08-20,450,77,0.1711111111111111,8.684118943626626,0.0,8.28329734584559
regional,Sudeste,2023,34,2023-08-20,1668,394,0.23621103117505995,13.377087737152026,0.0,8.476508291979073
regional,Sul,2023,34,2023-08-20,1191,170,0.14273719563392107,6.52021751910402,0.0,0.0
nacional,Brasil,2023,35,2023-08-27,5569,896,0.16089064463997127,9.286585186962926,0.0,7.724883781882401
regional,Centro-Oeste,2023,35,2023-08-27,467,84,0.17987152034261242,17.81921594460302,5.448581734174595,27.480422006252287
regional,Nordeste,2023,35,2023-08-27,1793,164,0.09146681539319576,6.1061161264775485,0.0,15.001500150015003
regional,Norte,2023,35,2023-08-27,450,70,0.15555555555555556,9.788388325500527,0.0,7.253049905381049
regional,Sudeste,2023,35,2023-08-27,1668,408,0.2446043165467626,12.558529248167407,0.0,7.246788633652141
regional,Sul,2023,35,2023-08-27,1191,170,0.14273719563392107,5.956970035998493,0.0,0.0
nacional,Brasil,2023,36,2023-09-03,5569,881,0.1581971628658646,8.90861104293506,0.0,6.686279753944905
regional,Centro-Oeste,2023,36,2023-09-03,467,91,0.1948608137044968,18.12976011712122,4.244662337111083,24.696339412069563
regional,Nordeste,2023,36,2023-09-03,1793,162,0.09035136642498606,5.257494887190774,0.0,13.065412406173666
regional,Norte,2023,36,2023-09-03,450,65,0.14444444444444443,9.857395318836364,0.0,5.960905850307178
regional,Sudeste,2023,36,2023-09-03,1668,397,0.23800959232613908,12.415287433310414,0.0,6.576076826987819
regional,Sul,2023,36,2023-09-03,1191,166,0.13937867338371115,5.519933886178464,0.0,0.0
nacional,Brasil,2023,37,2023-09-10,5569,893,0.16035194828514993,8.884413270137662,0.0,6.054184955350387
regional,Centro-Oeste,2023,37,2023-09-10,467,98,0.20985010706638116,18.178705991631972,4.173971116119876,24.39619419370578
regional,Nordeste,2023,37,2023-09-10,1793,159,0.0886781929726715,4.657121312988523,0.0,11.819595645412143
regional,Norte,2023,37,2023-09-10,450,65,0.14444444444444443,9.69968832387183,0.0,5.948171198287781
regional,Sudeste,2023,37,2023-09-10,1668,410,0.24580335731414868,13.12894582612638,0.0,6.236930124695643
regional,Sul,2023,37,2023-09-10,1191,161,0.1351805205709488,5.351538123757311,0.0,0.0
nacional,Brasil,2023,38,2023-09-17,5569,940,0.16879152451068413,9.180640112636798,0.0,5.641430666817104
regional,Centro-Oeste,2023,38,2023-09-17,467,95,0.20342612419700215,19.480306740380563,3.7334328915437744,22.729381000384457
regional,Nordeste,2023,38,2023-09-17,1793,163,0.09090909090909091,4.240441756771995,0.0,10.617965597791464
regional,Norte,2023,38,2023-09-17,450,72,0.16,9.259731003266415,0.0,5.593944264707451
regional,Sudeste,2023,38,2023-09-17,1668,440,0.2637889688249401,14.212695400915571,0.0,6.154623249915852
regional,Sul,2023,38,2023-09-17,1191,170,0.14273719563392107,5.5020273630792245,0.0,0.0
nacional,Brasil,2023,39,2023-09-24,5569,982,0.1763332734781828,9.709180305483898,0.0,5.249619402593312
regional,Centro-Oeste,2023,39,2023-09-24,467,95,0.20342612419700215,21.33713666925893,3.840688251334639,22.052337547780066
regional,Nordeste,2023,39,2023-09-24,1793,165,0.09202453987730061,3.9997242213689286,0.0,9.216195837531384
regional,Norte,2023,39,2023-09-24,450,74,0.16444444444444445,8.821533674249155,0.0,5.4597826140871595
regional,Sudeste,2023,39,2023-09-24,1668,472,0.2829736211031175,15.279070187775938,0.0,5.881406269308755
regional,Sul,2023,39,2023-09-24,1191,176,0.14777497900923595,6.279846801980715,0.0,0.0
nacional,Brasil,2023,40,2023-10-01,5569,1041,0.18692763512300234,10.477267682425198,0.0,4.959706945734151
regional,Centro-Oeste,2023,40,2023-10-01,467,102,0.21841541755888652,22.212364330760707,3.6154923848691647,21.03412176831882
regional,Nordeste,2023,40,2023-10-01,1793,178,0.09927495817066369,3.821021684111966,0.0,8.351739229643712
regional,Norte,2023,40,2023-10-01,450,72,0.16,9.254791650972992,0.0,5.365587977126725
regional,Sudeste,2023,40,2023-10-01,1668,508,0.30455635491606714,16.843323147288967,0.0,5.798114806189616
regional,Sul,2023,40,2023-10-01,1191,181,0.15197313182199831,7.442752685753216,0.0,0.0
nacional,Brasil,2023,41,2023-10-08,5569,1069,0.19195546776800143,11.017718054819404,0.0,4.8295180141021925
regional,Centro-Oeste,2023,41,2023-10-08,467,108,0.23126338329764454,22.078762766402413,4.14696856597827,21.528525296017335
regional,Nordeste,2023,41,2023-10-08,1793,188,0.10485220301171222,3.7723106086774556,0.0,7.4465248501378785
regional,Norte,2023,41,2023-10-08,450,65,0.14444444444444443,8.952300620885643,0.0,5.469804754014122
regional,Sudeste,2023,41,2023-10-08,1668,526,0.31534772182254195,17.910803790357186,0.0,5.864105760193363
regional,Sul,2023,41,2023-10-08,1191,182,0.1528127623845508,8.714845266420095,0.0,0.0
nacional,Brasil,2023,42,2023-10-15,5569,1058,0.18998024780032322,12.426105042483396,0.0,4.755337866755433
regional,Centro-Oeste,2023,42,2023-10-15,467,99,0.21199143468950749,23.357711030377494,5.045917852457363,22.841480127912288
regional,Nordeste,2023,42,2023-10-15,1793,186,0.10373675404350251,3.8813603251594806,0.0,7.030137087673218
regional,Norte,2023,42,2023-10-15,450,64,0.14222222222222222,9.830079951260698,0.0,6.174186430429367
regional,Sudeste,2023,42,2023-10-15,1668,525,0.3147482014388489,20.70267398746276,0.0,6.15952717222803
regional,Sul,2023,42,2023-10-15,1191,184,0.15449202350965574,10.392991333532828,0.0,0.0
nacional,Brasil,2023,43,2023-10-22,5569,1036,0.18602980786496678,13.221064324209657,0.0,4.723330892945706
regional,Centro-Oeste,2023,43,2023-10-22,467,95,0.20342612419700215,23.12203506656162,5.227938101212882,24.00960384153674
regional,Nordeste,2023,43,2023-10-22,1793,171,0.09537088678192973,3.4923598308363717,0.0,6.0162665168678675
regional,Norte,2023,43,2023-10-22,450,54,0.12,10.810735096677487,0.0,6.777093673231249
regional,Sudeste,2023,43,2023-10-22,1668,529,0.31714628297362113,23.0175156438253,0.0,6.414558459827937
regional,Sul,2023,43,2023-10-22,1191,187,0.1570109151973132,11.175708464604714,0.0,0.0
nacional,Brasil,2023,44,2023-10-29,5569,1014,0.18207936792961035,14.299629172706174,0.0,4.891684136967163
regional,Centro-Oeste,2023,44,2023-10-29,467,93,0.19914346895074947,22.990628605176497,5.9733588196642975,26.288117770767613
regional,Nordeste,2023,44,2023-10-29,1793,168,0.09369771332961517,3.3643445297095824,0.0,5.666525003541578
regional,Norte,2023,44,2023-10-29,450,55,0.12222222222222222,11.435056896075217,0.0,7.816129447753421
regional,Sudeste,2023,44,2023-10-29,1668,516,0.30935251798561153,25.88318771146896,0.0,6.81452004140769
regional,Sul,2023,44,2023-10-29,1191,182,0.1528127623845508,12.21394530348439,0.0,0.0
nacional,Brasil,2023,45,2023-11-05,5569,1062,0.19069850960675166,17.498126740398448,0.0,5.00150045013504
regional,Centro-Oeste,2023,45,2023-11-05,467,87,0.18629550321199143,25.079067961461817,6.810339608935166,29.75895248487253
regional,Nordeste,2023,45,2023-11-05,1793,178,0.09927495817066369,3.4251443734097373,0.0,5.497223901929526
regional,Norte,2023,45,2023-11-05,450,61,0.13555555555555557,14.276481283055295,0.0,8.485463499744137
regional,Sudeste,2023,45,2023-11-05,1668,541,0.32434052757793763,33.64323180550617,1.479380844242169,7.104901991944178
regional,Sul,2023,45,2023-11-05,1191,195,0.163727959697733,14.317827026694754,0.0,0.0
nacional,Brasil,2023,46,2023-11-12,5569,1045,0.1876458969294308,19.64563716659259,0.0,5.144217525907631
regional,Centro-Oeste,2023,46,2023-11-12,467,79,0.16916488222698073,23.745772640919306,6.903462866050551,34.47277586014921
regional,Nordeste,2023,46,2023-11-12,1793,172,0.09592861126603458,3.235682338926328,0.0,5.157563566970963
regional,Norte,2023,46,2023-11-12,450,66,0.14666666666666667,15.662988502824179,0.0,9.720932764299395
regional,Sudeste,2023,46,2023-11-12,1668,535,0.3207434052757794,39.16928772965658,1.910997258683813,7.460435378455777
regional,Sul,2023,46,2023-11-12,1191,193,0.16204869857262805,16.90426730849021,0.0,0.0
nacional,Brasil,2023,47,2023-11-19,5569,1103,0.1980606931226432,25.377508171164028,0.0,5.308447016658173
regional,Centro-Oeste,2023,47,2023-11-19,467,88,0.18843683083511778,25.485894217269568,6.844861220438756,39.2875851231011
regional,Nordeste,2023,47,2023-11-19,1793,188,0.10485220301171222,3.6784254631761657,0.0,4.942368453568221
regional,Norte,2023,47,2023-11-19,450,68,0.1511111111111111,18.241091123463704,0.0,11.777053160200795
regional,Sudeste,2023,47,2023-11-19,1668,563,0.33752997601918466,52.970702040734665,3.163430681648218,8.12193995272056
regional,Sul,2023,47,2023-11-19,1191,196,0.16456759026028547,22.054065105599175,0.0,0.0
nacional,Brasil,2023,48,2023-11-26,5569,1165,0.20919375112228408,30.903601264829845,0.0,5.3963628514381305
regional,Centro-Oeste,2023,48,2023-11-26,467,86,0.1841541755888651,28.022393153973493,8.215239268843705,43.40312663264078
regional,Nordeste,2023,48,2023-11-26,1793,195,0.10875627440044618,3.9144202976971063,0.0,4.674426214182209
regional,Norte,2023,48,2023-11-26,450,70,0.15555555555555556,20.88394324705896,0.0,12.520834601856563
regional,Sudeste,2023,48,2023-11-26,1668,592,0.354916067146283,67.01018733616588,4.519449590545731,8.340917028634399
regional,Sul,2023,48,2023-11-26,1191,222,0.18639798488664988,25.882766842367467,0.0,0.0
nacional,Brasil,2023,49,2023-12-03,5569,1191,0.21386245286406896,35.94163300928344,0.0,5.289885738468049
regional,Centro-Oeste,2023,49,2023-12-03,467,85,0.18201284796573874,30.174523127253757,8.685833405715279,46.73231946617521
regional,Nordeste,2023,49,2023-12-03,1793,206,0.11489124372559956,4.370984306660951,0.0,4.103686243198812
regional,Norte,2023,49,2023-12-03,450,64,0.14222222222222222,21.23670789818544,0.0,14.581792860262265
regional,Sudeste,2023,49,2023-12-03,1668,607,0.36390887290167867,78.66404114881503,5.331415775519078,8.701395026679094
regional,Sul,2023,49,2023-12-03,1191,229,0.19227539882451722,31.45435589926279,0.0,0.0
nacional,Brasil,2023,50,2023-12-10,5569,1230,0.22086550547674627,44.26419228109194,0.0,5.557408024897188
regional,Centro-Oeste,2023,50,2023-12-10,467,86,0.1841541755888651,36.076141543838624,8.31013420866747,56.17116887095951
regional,Nordeste,2023,50,2023-12-10,1793,194,0.10819854991634133,4.694676032131273,0.0,3.8517833757029507
regional,Norte,2023,50,2023-12-10,450,60,0.13333333333333333,24.19666664984333,0.0,16.33901212113365
regional,Sudeste,2023,50,2023-12-10,1668,657,0.39388489208633093,96.67909287911571,6.684537163431438,9.665889439297471
regional,Sul,2023,50,2023-12-10,1191,233,0.19563392107472713,41.21993927121954,0.0,0.0
nacional,Brasil,2023,51,2023-12-17,5569,1242,0.2230202908960316,49.092264833196765,0.0,5.705808513066301
regional,Centro-Oeste,2023,51,2023-12-17,467,76,0.16274089935760172,39.33087688773421,8.215239268843705,62.364031907179175
regional,Nordeste,2023,51,2023-12-17,1793,186,0.10373675404350251,4.709367896586932,0.0,3.453992815694943
regional,Norte,2023,51,2023-12-17,450,66,0.14666666666666667,25.490577499286903,0.0,16.68346414759015
regional,Sudeste,2023,51,2023-12-17,1668,663,0.39748201438848924,106.2673644607697,7.509718931485477,11.117025619566911
regional,Sul,2023,51,2023-12-17,1191,251,0.21074727120067172,48.57991848503575,0.0,0.0
nacional,Brasil,2023,52,2023-12-24,5569,1130,0.2029089603160352,50.27111043863652,0.0,6.509724331245227
regional,Centro-Oeste,2023,52,2023-12-24,467,55,0.11777301927194861,38.456395958310885,5.116398055768738,81.6083878290007
regional,Nordeste,2023,52,2023-12-24,1793,149,0.08310094813162298,4.196562875409879,0.0,3.9366978978033225
regional,Norte,2023,52,2023-12-24,450,55,0.12222222222222222,25.28132611982254,0.0,21.191273811555284
regional,Sudeste,2023,52,2023-12-24,1668,634,0.3800959232613909,105.08246325426369,7.189601781907037,13.14733819974768
regional,Sul,2023,52,2023-12-24,1191,237,0.19899244332493704,56.94550329352957,0.0,0.0
nacional,Brasil,2024,1,2023-12-31,5569,1242,0.2230202908960316,66.3985515831823,0.0,9.781864423359092
regional,Centro-Oeste,2024,1,2023-12-31,467,66,0.14132762312633834,54.83904166316104,11.326952483434331,107.73572280569051
regional,Nordeste,2024,1,2023-12-31,1793,128,0.07138873396542109,5.349888563439947,0.0,5.461198186882203
regional,Norte,2024,1,2023-12-31,450,51,0.11333333333333333,29.574319863645595,0.0,27.0017295867802
regional,Sudeste,2024,1,2023-12-31,1668,703,0.421462829736211,137.73317018619463,15.933086747581317,24.27713059163692
regional,Sul,2024,1,2023-12-31,1191,294,0.24685138539042822,76.84633023222925,0.0,0.0
nacional,Brasil,2024,2,2024-01-07,5569,1418,0.2546238103788831,86.26437376216239,0.0,11.607274711130174
regional,Centro-Oeste,2024,2,2024-01-07,467,74,0.15845824411134904,76.03461015456965,20.815986677768528,134.8799666576577
regional,Nordeste,2024,2,2024-01-07,1793,162,0.09035136642498606,7.473878785122694,0.0,6.5002600104004165
regional,Norte,2024,2,2024-01-07,450,61,0.13555555555555557,33.6632362832146,0.0,31.7982541813092
regional,Sudeste,2024,2,2024-01-07,1668,782,0.46882494004796166,179.0693478528168,24.434820953168753,29.86324082150019
regional,Sul,2024,2,2024-01-07,1191,339,0.28463476070528965,98.79205821295413,0.0,0.0
nacional,Brasil,2024,3,2024-01-14,5569,1589,0.28532950260369905,120.16610571701003,3.891656288916563,14.647722279185587
regional,Centro-Oeste,2024,3,2024-01-14,467,86,0.1841541755888651,111.86540099870052,31.868882312770317,171.3404699334864
regional,Nordeste,2024,3,2024-01-14,1793,187,0.10429447852760736,10.130916271271154,0.0,7.9032816525938685
regional,Norte,2024,3,2024-01-14,450,66,0.14666666666666667,39.79120942625221,0.17330241618228642,37.76570627889367
regional,Sudeste,2024,3,2024-01-14,1668,868,0.5203836930455635,251.3956988410315,40.235821345596165,36.85836739320773
regional,Sul,2024,3,2024-01-14,1191,382,0.32073887489504616,135.65499386111878,0.0,0.0
nacional,Brasil,2024,4,2024-01-21,5569,1823,0.32734781827976295,173.01306067755013,8.720676724513822,17.526563698104955
regional,Centro-Oeste,2024,4,2024-01-21,467,105,0.22483940042826553,171.51384525956487,50.63291139240506,201.32893386015905
regional,Nordeste,2024,4,2024-01-21,1793,243,0.13552704963747908,14.278674595928344,0.0,9.511128019783147
regional,Norte,2024,4,2024-01-21,450,80,0.17777777777777778,46.763126541101364,3.447729643869075,42.685588253673615
regional,Sudeste,2024,4,2024-01-21,1668,945,0.5665467625899281,371.46488047500065,69.2574065630579,45.689301272429375
regional,Sul,2024,4,2024-01-21,1191,450,0.3778337531486146,182.33776494606522,0.0,0.0
nacional,Brasil,2024,5,2024-01-28,5569,1985,0.3564374214401149,223.55145615564467,13.826286535962172,22.383622869966597
regional,Centro-Oeste,2024,5,2024-01-28,467,122,0.26124197002141325,232.28968159693153,71.17754348503047,237.1184271990576
regional,Nordeste,2024,5,2024-01-28,1793,274,0.1528165086447295,19.28406699407607,0.0,12.335305054226334
regional,Norte,2024,5,2024-01-28,450,90,0.2,49.37088269982937,6.043873245119839,51.49559316912117
regional,Sudeste,2024,5,2024-01-28,1668,1009,0.604916067146283,492.4888201581316,106.81782053484295,61.56741765512584
regional,Sul,2024,5,2024-01-28,1191,490,0.41141897565071367,216.8045312056701,4.462545852658637,0.0
nacional,Brasil,2024,6,2024-02-04,5569,2164,0.38857963727778777,281.84140633583723,20.695364238410598,29.60232919845815
regional,Centro-Oeste,2024,6,2024-02-04,467,137,0.29336188436830835,292.65737472335974,93.95184967704051,260.11340776865603
regional,Nordeste,2024,6,2024-02-04,1793,314,0.17512548800892358,27.1510331430557,0.0,16.365294220887296
regional,Norte,2024,6,2024-02-04,450,98,0.21777777777777776,52.84275659314147,9.286292809206214,53.45666337254949
regional,Sudeste,2024,6,2024-02-04,1668,1063,0.6372901678657075,631.1832897856242,165.6082815209951,89.52094229205099
regional,Sul,2024,6,2024-02-04,1191,552,0.4634760705289673,258.29473352950043,9.287580647158618,0.8851907586084927
nacional,Brasil,2024,7,2024-02-11,5569,2374,0.42628838211528103,347.8052578419646,32.375466095072234,39.123630672926446
regional,Centro-Oeste,2024,7,2024-02-11,467,149,0.31905781584582443,354.39180702113947,126.3157894736842,296.0172228202368
regional,Nordeste,2024,7,2024-02-11,1793,400,0.22308979364194087,38.85391170364708,3.9247237975627463,20.36245163917736
regional,Norte,2024,7,2024-02-11,450,106,0.23555555555555555,61.03666612133568,11.357464942993476,66.05405568473762
regional,Sudeste,2024,7,2024-02-11,1668,1111,0.6660671462829736,776.4075189618073,242.1276666299234,125.38326655736446
regional,Sul,2024,7,2024-02-11,1191,608,0.5104953820319059,318.4275415411367,15.701051970482022,1.7886847800812062
nacional,Brasil,2024,8,2024-02-18,5569,2620,0.47046148321063025,425.3405464782778,48.56726566294317,46.050062480474836
regional,Centro-Oeste,2024,8,2024-02-18,467,154,0.3297644539614561,422.8590939772288,170.71088891598586,317.60156062835824
regional,Nordeste,2024,8,2024-02-18,1793,528,0.294478527607362,61.37046428994969,9.1441111923921,25.44529262086514
regional,Norte,2024,8,2024-02-18,450,136,0.3022222222222222,74.72917506983491,16.353755977840645,65.68914597187283
regional,Sudeste,2024,8,2024-02-18,1668,1148,0.6882494004796164,937.312355849625,350.14336919379366,155.84292862656162
regional,Sul,2024,8,2024-02-18,1191,654,0.5491183879093199,389.7094253901624,26.944010346499972,3.352080151960962
nacional,Brasil,2024,9,2024-02-25,5569,2807,0.50404022266116,502.5701906734135,68.40613700772012,55.63634064614021
regional,Centro-Oeste,2024,9,2024-02-25,467,171,0.36616702355460384,471.5945410425876,192.8175463967221,343.76123538851425
regional,Nordeste,2024,9,2024-02-25,1793,638,0.3558282208588957,89.52011893256568,16.54944145635085,29.694150252400277
regional,Norte,2024,9,2024-02-25,450,140,0.3111111111111111,87.827262620865,21.477558779714336,67.21775680593336
regional,Sudeste,2024,9,2024-02-25,1668,1169,0.7008393285371702,1088.7461615905154,438.5115895383275,191.04027084372956
regional,Sul,2024,9,2024-02-25,1191,689,0.5785054575986566,472.3075585515466,35.48825930088129,5.8268267101736395
nacional,Brasil,2024,10,2024-03-03,5569,2965,0.5324115640150835,582.3539878791406,91.58068258135417,66.4050709326894
regional,Centro-Oeste,2024,10,2024-03-03,467,186,0.39828693790149894,525.051194272289,221.8056857232115,353.09573379232654
regional,Nordeste,2024,10,2024-03-03,1793,719,0.40100390407138875,118.78308497291258,24.33879604088918,34.196802598957
regional,Norte,2024,10,2024-03-03,450,152,0.3377777777777778,100.17962672587579,23.41988936109412,66.85502058173795
regional,Sudeste,2024,10,2024-03-03,1668,1182,0.7086330935251799,1229.2317074039756,562.2092425824601,226.0754543363239
regional,Sul,2024,10,2024-03-03,1191,726,0.6095717884130982,578.9362379856152,50.91649694501018,8.748141020033243
nacional,Brasil,2024,11,2024-03-10,5569,3094,0.5555755072724008,656.8017100382224,110.3907833731409,78.31390170918056
regional,Centro-Oeste,2024,11,2024-03-10,467,192,0.41113490364025695,570.6717224783456,253.93104795390173,363.5039085183505
regional,Nordeste,2024,11,2024-03-10,1793,785,0.437813720022309,148.05683577477402,29.91325157044571,38.81864755345169
regional,Norte,2024,11,2024-03-10,450,160,0.35555555555555557,103.33523987033391,23.861718752046173,67.80657714459406
regional,Sudeste,2024,11,2024-03-10,1668,1197,0.7176258992805755,1354.105198251596,671.6516674924308,261.463153942631
regional,Sul,2024,11,2024-03-10,1191,760,0.6381192275398825,689.0099022972215,65.81112207963146,12.825445684237527
nacional,Brasil,2024,12,2024-03-17,5569,3121,0.5604237744657928,719.372386217645,125.81630819004253,88.43760235833605
regional,Centro-Oeste,2024,12,2024-03-17,467,192,0.41113490364025695,584.2452949927226,260.28110359187923,368.2073837398854
regional,Nordeste,2024,12,2024-03-17,1793,809,0.45119910764082544,167.26828023118154,33.15210184325686,43.08467616499717
regional,Norte,2024,12,2024-03-17,450,149,0.33111111111111113,99.30367017794353,25.226353886711916,66.54362547148868
regional,Sudeste,2024,12,2024-03-17,1668,1186,0.7110311750599521,1446.4424888089168,750.7411381556932,284.8906871059527
regional,Sul,2024,12,2024-03-17,1191,785,0.6591099916036943,819.5445144555895,94.99683343888536,19.219680953296173
nacional,Brasil,2024,13,2024-03-24,5569,3066,0.5505476746274017,741.044697136046,133.05736250739207,98.30989591469127
regional,Centro-Oeste,2024,13,2024-03-24,467,191,0.4089935760171306,574.8879604016993,256.11838360842347,373.8076823923692
regional,Nordeste,2024,13,2024-03-24,1793,764,0.42610150585610707,171.99288086644347,32.31967092698693,47.19843570898793
regional,Norte,2024,13,2024-03-24,450,143,0.31777777777777777,89.92094092933222,21.335369868498205,66.46629219068043
regional,Sudeste,2024,13,2024-03-24,1668,1164,0.697841726618705,1431.3988451403306,769.6627254238251,305.7898941397208
regional,Sul,2024,13,2024-03-24,1191,804,0.6750629722921915,942.0523159842505,122.95081967213116,27.114967462039047
nacional,Brasil,2024,14,2024-03-31,5569,3052,0.5480337583049021,765.0318224984021,141.75779667881733,106.67812902973695
regional,Centro-Oeste,2024,14,2024-03-31,467,193,0.4132762312633833,587.8509775991505,268.72690628149144,382.6213838796657
regional,Nordeste,2024,14,2024-03-31,1793,718,0.4004461795872839,179.2792357757483,33.38155112940915,52.391187533584095
regional,Norte,2024,14,2024-03-31,450,140,0.3111111111111111,83.20177341267927,17.990847196328136,59.663845716819395
regional,Sudeste,2024,14,2024-03-31,1668,1156,0.6930455635491607,1412.973427965714,810.3580076039993,314.2139659591975
regional,Sul,2024,14,2024-03-31,1191,845,0.709487825356843,1066.5051782757046,176.07183730962234,34.95145631067956
nacional,Brasil,2024,15,2024-04-07,5569,3058,0.5491111510145448,773.9752778221178,147.80873549626781,113.44054676479176
regional,Centro-Oeste,2024,15,2024-04-07,467,197,0.42184154175588867,599.8107456048691,264.4045389445852,397.0967380338526
regional,Nordeste,2024,15,2024-04-07,1793,723,0.40323480200780815,180.32227159202577,31.001984126984127,56.10491619328144
regional,Norte,2024,15,2024-04-07,450,143,0.31777777777777777,79.35799051435367,16.554008974031255,55.58707402264476
regional,Sudeste,2024,15,2024-04-07,1668,1148,0.6882494004796164,1370.4960458551877,776.2915933800822,320.6119727273816
regional,Sul,2024,15,2024-04-07,1191,847,0.7111670864819479,1163.006188758594,220.99447513812157,42.24301058074145
nacional,Brasil,2024,16,2024-04-14,5569,3019,0.5421080984018675,753.4968057738721,153.1159087429184,119.38303576175029
regional,Centro-Oeste,2024,16,2024-04-14,467,206,0.4411134903640257,625.5342986684728,302.48033877797945,386.42558914740795
regional,Nordeste,2024,16,2024-04-14,1793,690,0.384829894032348,176.23569857321903,32.20352628612833,59.1884976686766
regional,Norte,2024,16,2024-04-14,450,135,0.3,78.17052338442225,17.162803256883745,52.1738350384142
regional,Sudeste,2024,16,2024-04-14,1668,1136,0.6810551558752997,1253.9580721590276,730.3859072954447,320.6234644456194
regional,Sul,2024,16,2024-04-14,1191,852,0.7153652392947103,1226.977150672113,256.0,51.111679018655764
nacional,Brasil,2024,17,2024-04-21,5569,2984,0.5358233075956186,725.2774541661831,154.01848221786616,120.58126352674427
regional,Centro-Oeste,2024,17,2024-04-21,467,229,0.49036402569593146,654.4820550146192,323.3734316388565,382.42809604507846
regional,Nordeste,2024,17,2024-04-21,1793,653,0.3641940881204685,167.72702572769876,30.57169061449098,62.50955711646877
regional,Norte,2024,17,2024-04-21,450,142,0.31555555555555553,76.44698252246725,16.271494549648345,47.121835667459635
regional,Sudeste,2024,17,2024-04-21,1668,1117,0.669664268585132,1174.4858416862426,707.733730138395,321.41178981744065
regional,Sul,2024,17,2024-04-21,1191,843,0.707808564231738,1208.4373966096725,285.9534105175059,56.36568466978358
nacional,Brasil,2024,18,2024-04-28,5569,2910,0.5225354641766924,676.8339643605767,140.53254437869822,118.78668373986831
regional,Centro-Oeste,2024,18,2024-04-28,467,235,0.5032119914346895,656.1476189392773,321.3367609254499,370.92681718433937
regional,Nordeste,2024,18,2024-04-28,1793,599,0.3340769659788065,148.32914933887267,27.16407098877218,65.99208095028597
regional,Norte,2024,18,2024-04-28,450,140,0.3111111111111111,69.99263598086124,15.717993737540855,44.69939786208177
regional,Sudeste,2024,18,2024-04-28,1668,1093,0.6552757793764988,1072.1009378095007,656.3013063105393,306.85768572763885
regional,Sul,2024,18,2024-04-28,1191,843,0.707808564231738,1156.2990715845308,308.9010509350972,55.71030640668524
nacional,Brasil,2024,19,2024-05-05,5569,2849,0.5115819716286586,627.9238169780529,125.39184952978057,116.15825229785533
regional,Centro-Oeste,2024,19,2024-05-05,467,238,0.5096359743040685,637.6299165937511,311.72827011052186,327.5668075151102
regional,Nordeste,2024,19,2024-05-05,1793,519,0.2894590072504183,127.97569571971188,22.08968411751712,70.30303030303025
regional,Norte,2024,19,2024-05-05,450,140,0.3111111111111111,61.658972782811155,12.809058274017106,41.43144572441639
regional,Sudeste,2024,19,2024-05-05,1668,1085,0.6504796163069544,962.3042480752983,575.5389419804088,283.4703286393725
regional,Sul,2024,19,2024-05-05,1191,867,0.7279596977329975,1122.4215950748853,303.030303030303,46.468401486988846
nacional,Brasil,2024,20,2024-05-12,5569,2782,0.4995510863709822,571.1451367066807,111.23470522803115,108.47025043866641
regional,Centro-Oeste,2024,20,2024-05-12,467,239,0.5117773019271948,583.4101702945643,289.2495580909529,302.48033877797945
regional,Nordeste,2024,20,2024-05-12,1793,469,0.26157278304517567,106.50955616963478,17.070672584499828,71.50185017214088
regional,Norte,2024,20,2024-05-12,450,120,0.26666666666666666,51.346081866533375,10.183221991496072,36.952063008809816
regional,Sudeste,2024,20,2024-05-12,1668,1075,0.644484412470024,875.5954656738459,538.8178300798816,245.91348573742113
regional,Sul,2024,20,2024-05-12,1191,879,0.7380352644836272,1035.8388824482558,285.13612950699047,39.16960438699569
nacional,Brasil,2024,21,2024-05-19,5569,2730,0.49021368288741246,503.4612959528227,94.18804365892848,98.10333551340746
regional,Centro-Oeste,2024,21,2024-05-19,467,243,0.5203426124197003,515.1360630141756,272.41208519068846,274.298306657388
regional,Nordeste,2024,21,2024-05-19,1793,424,0.23647518126045733,91.73238185210255,15.286624203821658,71.40905148343096
regional,Norte,2024,21,2024-05-19,450,123,0.2733333333333333,45.193611606653434,8.221955807754746,33.51179933839646
regional,Sudeste,2024,21,2024-05-19,1668,1063,0.6372901678657075,781.4453445790958,459.8109931103528,219.92008900396524
regional,Sul,2024,21,2024-05-19,1191,877,0.7363560033585222,902.5552435700286,237.65996343692873,30.518043793392845
nacional,Brasil,2024,22,2024-05-26,5569,2611,0.46884539414616627,406.8606718119496,76.62835249042146,87.80249028665828
regional,Centro-Oeste,2024,22,2024-05-26,467,226,0.48394004282655245,411.9162220066912,209.8950524737631,235.08871655365624
regional,Nordeste,2024,22,2024-05-26,1793,386,0.21528165086447296,75.02234229831538,13.328890369876707,68.38074398249452
regional,Norte,2024,22,2024-05-26,450,113,0.2511111111111111,37.91677465124856,5.881244823277945,27.85580698421108
regional,Sudeste,2024,22,2024-05-26,1668,1045,0.6264988009592326,640.6593195979978,379.2084310314813,184.50885336887188
regional,Sul,2024,22,2024-05-26,1191,841,0.7061293031066331,716.410455264669,189.2403352257367,23.493550510160897
nacional,Brasil,2024,23,2024-06-02,5569,2470,0.44352666546956365,293.64525748227146,58.93186003683241,76.13247049866769
regional,Centro-Oeste,2024,23,2024-06-02,467,205,0.43897216274089934,314.6864325934077,164.75344869043272,200.63798706138385
regional,Nordeste,2024,23,2024-06-02,1793,359,0.20022308979364195,59.74870925525208,10.448471620790135,65.97574071580897
regional,Norte,2024,23,2024-06-02,450,99,0.22,31.333481316998586,4.946286411830403,24.89052327026735
regional,Sudeste,2024,23,2024-06-02,1668,1007,0.6037170263788969,482.19065472254687,272.94686081495365,156.546792538208
regional,Sul,2024,23,2024-06-02,1191,800,0.6717044500419815,472.56789297491525,127.98634812286689,17.175917555595717
nacional,Brasil,2024,24,2024-06-09,5569,2260,0.4058179206320704,200.0161709014484,40.219868615095855,65.23319621156513
regional,Centro-Oeste,2024,24,2024-06-09,467,192,0.41113490364025695,236.71540730386948,128.53470437017995,170.49559312238108
regional,Nordeste,2024,24,2024-06-09,1793,316,0.1762409369771333,47.12816953070663,8.514442623299772,61.03143118706134
regional,Norte,2024,24,2024-06-09,450,95,0.2111111111111111,26.825070743208432,3.191957587871256,22.934603433078458
regional,Sudeste,2024,24,2024-06-09,1668,940,0.5635491606714629,344.4253350610702,188.0300047527915,122.35975161241613
regional,Sul,2024,24,2024-06-09,1191,717,0.6020151133501259,278.98439282484725,63.09148264984228,12.607160867372668
nacional,Brasil,2024,25,2024-06-16,5569,2136,0.38355180463278865,144.5804527082444,29.770765108663294,54.88996762967187
regional,Centro-Oeste,2024,25,2024-06-16,467,166,0.3554603854389722,182.38450367953146,93.89671361502347,146.5474416294088
regional,Nordeste,2024,25,2024-06-16,1793,298,0.16620189626324597,36.040512486123525,6.7499156260546735,55.660841926193406
regional,Norte,2024,25,2024-06-16,450,98,0.21777777777777776,23.37041499079809,2.4934282850016087,20.571781227045413
regional,Sudeste,2024,25,2024-06-16,1668,882,0.5287769784172662,243.22124848101745,121.50536210914645,95.36147160097089
regional,Sul,2024,25,2024-06-16,1191,692,0.581024349286314,200.80991588081952,47.1253534401508,6.686726847208291
nacional,Brasil,2024,26,2024-06-23,5569,2069,0.3715209193751122,111.19791251086517,23.784040908550363,44.301527798229976
regional,Centro-Oeste,2024,26,2024-06-23,467,175,0.3747323340471092,147.39328835458102,73.95082270290257,119.81181854980247
regional,Nordeste,2024,26,2024-06-23,1793,277,0.15448968209704406,29.442171660459525,4.91569581674286,48.995183524331495
regional,Norte,2024,26,2024-06-23,450,100,0.2222222222222222,20.718210260128853,0.0,18.380087087110248
regional,Sudeste,2024,26,2024-06-23,1668,854,0.511990407673861,183.83831495191046,86.4547089030505,72.7140747699087
regional,Sul,2024,26,2024-06-23,1191,663,0.5566750629722922,152.53836386848886,34.758428919012864,2.9518552410189804
nacional,Brasil,2024,27,2024-06-30,5569,1997,0.35859220685940024,88.97270944196377,18.57700167193015,36.230364041533186
regional,Centro-Oeste,2024,27,2024-06-30,467,159,0.3404710920770878,115.5819360197877,47.92715073088905,101.44075271978828
regional,Nordeste,2024,27,2024-06-30,1793,262,0.14612381483547127,24.580031341835966,4.5103964638491725,43.06261303935923
regional,Norte,2024,27,2024-06-30,450,101,0.22444444444444445,19.39951537351133,0.0,15.794583442030453
regional,Sudeste,2024,27,2024-06-30,1668,842,0.5047961630695443,143.77607652303666,65.91496393154529,53.802364443548484
regional,Sul,2024,27,2024-06-30,1191,633,0.5314861460957179,125.0142577721564,27.17391304347826,0.0
nacional,Brasil,2024,28,2024-07-07,5569,1862,0.3343508708924403,65.7753603635181,13.59064963305246,29.914843635295842
regional,Centro-Oeste,2024,28,2024-07-07,467,146,0.31263383297644537,87.6449881736417,35.820895522388064,84.75522196168451
regional,Nordeste,2024,28,2024-07-07,1793,247,0.1377579475738985,21.137625009185566,3.4250094187759017,37.18854592785422
regional,Norte,2024,28,2024-07-07,450,95,0.2111111111111111,16.969176730433706,0.0,14.02341852838636
regional,Sudeste,2024,28,2024-07-07,1668,791,0.47422062350119903,107.38592127538065,43.350664423364556,39.726001109040546
regional,Sul,2024,28,2024-07-07,1191,583,0.489504617968094,84.56520951288144,16.22586402725945,0.0
nacional,Brasil,2024,29,2024-07-14,5569,1694,0.3041838750224457,46.99149899959652,9.088430428065074,24.462469421913205
regional,Centro-Oeste,2024,29,2024-07-14,467,130,0.278372591006424,65.18609568738808,29.29973630237328,69.73103742706701
regional,Nordeste,2024,29,2024-07-14,1793,254,0.14166201896263245,19.39670045739443,2.579513503753192,33.45107785962986
regional,Norte,2024,29,2024-07-14,450,96,0.21333333333333335,14.402943380022558,0.0,12.574226839050684
regional,Sudeste,2024,29,2024-07-14,1668,752,0.45083932853717024,79.09105913593996,29.76992106275913,30.212801836791776
regional,Sul,2024,29,2024-07-14,1191,462,0.3879093198992443,48.7575618496025,3.2324799586242565,0.0
nacional,Brasil,2024,30,2024-07-21,5569,1549,0.2781468845394146,36.11852102026801,5.627145349164369,20.69098258107978
regional,Centro-Oeste,2024,30,2024-07-21,467,117,0.2505353319057816,52.22695232734721,19.8693589648064,58.37884549173495
regional,Nordeste,2024,30,2024-07-21,1793,267,0.14891243725599554,17.98524817892349,1.9240944730386262,29.284833538840914
regional,Norte,2024,30,2024-07-21,450,90,0.2,13.22219967485937,0.0,12.264945076632777
regional,Sudeste,2024,30,2024-07-21,1668,713,0.4274580335731415,61.25844971667077,20.58884870311872,24.082101795319446
regional,Sul,2024,30,2024-07-21,1191,362,0.30394626364399663,30.543596019393817,0.0,0.0
nacional,Brasil,2024,31,2024-07-28,5569,1439,0.25839468486263245,29.34718716182333,2.7693926721869895,17.461148943600488
regional,Centro-Oeste,2024,31,2024-07-28,467,119,0.25481798715203424,42.493840203233106,16.507552205133848,46.175704475491344
regional,Nordeste,2024,31,2024-07-28,1793,256,0.14277746793084217,16.328674220053383,0.0,25.621691533288313
regional,Norte,2024,31,2024-07-28,450,87,0.19333333333333333,12.575686035195552,0.0,11.187068200197633
regional,Sudeste,2024,31,2024-07-28,1668,676,0.4052757793764988,50.57626330420729,15.528360930243624,18.6838553469221
regional,Sul,2024,31,2024-07-28,1191,301,0.25272879932829556,20.396543363117388,0.0,0.0
nacional,Brasil,2024,32,2024-08-04,5569,1368,0.24564553779852757,24.969338722519225,0.0,14.787984821360073
regional,Centro-Oeste,2024,32,2024-08-04,467,113,0.24197002141327623,35.38736383205742,13.259082471492974,40.02008685456743
regional,Nordeste,2024,32,2024-08-04,1793,232,0.1293920803123257,14.615611074457112,0.0,22.336385972749607
regional,Norte,2024,32,2024-08-04,450,93,0.20666666666666667,12.423987909527343,0.0,9.663707232500677
regional,Sudeste,2024,32,2024-08-04,1668,660,0.39568345323741005,43.20610227353916,12.077094599385461,15.603461206986374
regional,Sul,2024,32,2024-08-04,1191,270,0.22670025188916876,15.670851912751075,0.0,0.0
nacional,Brasil,2024,33,2024-08-11,5569,1326,0.23810378883102892,21.778017476152232,0.0,12.670356908116155
regional,Centro-Oeste,2024,33,2024-08-11,467,112,0.2398286937901499,30.511890358641633,10.130685847431872,35.37005924484924
regional,Nordeste,2024,33,2024-08-11,1793,227,0.12660345789180144,12.884103441524992,0.0,19.204916458613404
regional,Norte,2024,33,2024-08-11,450,90,0.2,11.674340143090932,0.0,8.995829058131102
regional,Sudeste,2024,33,2024-08-11,1668,639,0.3830935251798561,37.81585681901529,9.12082943632036,13.293371186328411
regional,Sul,2024,33,2024-08-11,1191,258,0.21662468513853905,13.099266849742591,0.0,0.0
nacional,Brasil,2024,34,2024-08-18,5569,1303,0.23397378344406536,18.95417484342625,0.0,10.843634786380393
regional,Centro-Oeste,2024,34,2024-08-18,467,107,0.2291220556745182,25.99636930106157,8.926180487369455,31.7729482748495
regional,Nordeste,2024,34,2024-08-18,1793,228,0.1271611823759063,11.610292218660756,0.0,16.96734927520241
regional,Norte,2024,34,2024-08-18,450,93,0.20666666666666667,11.633196482930149,0.0,8.594559673667884
regional,Sudeste,2024,34,2024-08-18,1668,631,0.37829736211031173,33.2174210490574,7.082404842489915,11.279238181861594
regional,Sul,2024,34,2024-08-18,1191,244,0.20486985726280438,10.039164201712849,0.0,0.0
nacional,Brasil,2024,35,2024-08-25,5569,1236,0.22194289818638893,16.51898859179296,0.0,9.22641613507238
regional,Centro-Oeste,2024,35,2024-08-25,467,104,0.22269807280513917,22.475088304598643,6.5479308538501835,29.32981375568265
regional,Nordeste,2024,35,2024-08-25,1793,235,0.13106525376464026,10.271487176081322,0.0,14.647722279185587
regional,Norte,2024,35,2024-08-25,450,93,0.20666666666666667,10.972370184543353,0.0,7.697369035156127
regional,Sudeste,2024,35,2024-08-25,1668,599,0.3591127098321343,29.107093437827686,5.636517570697812,9.6287223860108
regional,Sul,2024,35,2024-08-25,1191,205,0.17212426532325778,8.054917116198588,0.0,0.0
nacional,Brasil,2024,36,2024-09-01,5569,1209,0.21709463099299695,14.994254152032775,0.0,8.223007976317737
regional,Centro-Oeste,2024,36,2024-09-01,467,99,0.21199143468950749,19.78073024086261,4.118531331727106,28.011204481792713
regional,Nordeste,2024,36,2024-09-01,1793,232,0.1293920803123257,8.965911257512868,0.0,13.166556945358787
regional,Norte,2024,36,2024-09-01,450,80,0.17777777777777778,10.241673251779547,0.0,6.8765268989653325
regional,Sudeste,2024,36,2024-09-01,1668,597,0.3579136690647482,27.301174305220435,5.062892968724393,9.171297204895769
regional,Sul,2024,36,2024-09-01,1191,201,0.16876574307304787,6.752653031955185,0.0,0.0
nacional,Brasil,2024,37,2024-09-08,5569,1183,0.21242592925121206,14.067443286387826,0.0,7.7264825188333015
regional,Centro-Oeste,2024,37,2024-09-08,467,90,0.19271948608137046,18.155317699547638,2.994908655286014,26.910656620021527
regional,Nordeste,2024,37,2024-09-08,1793,236,0.1316229782487451,7.984327741002684,0.0,11.838943929359418
regional,Norte,2024,37,2024-09-08,450,79,0.17555555555555555,10.888460221780893,0.0,6.082679464084126
regional,Sudeste,2024,37,2024-09-08,1668,588,0.35251798561151076,25.751617547862132,4.404036658947844,8.861467574146907
regional,Sul,2024,37,2024-09-08,1191,190,0.15952980688497062,6.459826605333171,0.0,0.0
nacional,Brasil,2024,38,2024-09-15,5569,1162,0.20865505476746274,13.637323591443343,0.0,7.1438776968138304
regional,Centro-Oeste,2024,38,2024-09-15,467,87,0.18629550321199143,18.467354243553604,2.665553057833616,25.812280192301486
regional,Nordeste,2024,38,2024-09-15,1793,226,0.1260457334076966,7.239127195884855,0.0,10.657856172230955
regional,Norte,2024,38,2024-09-15,450,77,0.1711111111111111,10.68509089804091,0.0,6.380062211627538
regional,Sudeste,2024,38,2024-09-15,1668,588,0.35251798561151076,25.310835069037672,4.058409165273323,8.564943826864878
regional,Sul,2024,38,2024-09-15,1191,184,0.15449202350965574,6.142302088592476,0.0,0.0
nacional,Brasil,2024,39,2024-09-22,5569,1146,0.20578200754174897,13.302676645004283,0.0,6.802027004047206
regional,Centro-Oeste,2024,39,2024-09-22,467,76,0.16274089935760172,17.878156559121507,2.0253574755944426,23.280298718495185
regional,Nordeste,2024,39,2024-09-22,1793,213,0.11879531511433351,6.185976161515238,0.0,9.612155037639003
regional,Norte,2024,39,2024-09-22,450,68,0.1511111111111111,9.95174763908468,0.0,6.251445249153088
regional,Sudeste,2024,39,2024-09-22,1668,598,0.35851318944844124,25.835839781709883,3.9806360923373942,8.61520879693807
regional,Sul,2024,39,2024-09-22,1191,191,0.16036943744752308,5.935839355031146,0.0,0.0
nacional,Brasil,2024,40,2024-09-29,5569,1110,0.19931765128389298,12.990110740802269,0.0,6.475989327996442
regional,Centro-Oeste,2024,40,2024-09-29,467,67,0.14346895074946467,17.727023420088763,0.0,23.20704301819304
regional,Nordeste,2024,40,2024-09-29,1793,196,0.10931399888455103,5.477402013935509,0.0,8.718224043581266
regional,Norte,2024,40,2024-09-29,450,70,0.15555555555555556,9.632662668925342,0.0,5.921463354159249
regional,Sudeste,2024,40,2024-09-29,1668,573,0.3435251798561151,25.35870019499277,3.244408464622281,8.65470592223315
regional,Sul,2024,40,2024-09-29,1191,204,0.1712846347607053,6.389097263724318,0.0,0.0
nacional,Brasil,2024,41,2024-10-06,5569,1057,0.1898006823487161,12.74091596972834,0.0,6.410092048921823
regional,Centro-Oeste,2024,41,2024-10-06,467,65,0.139186295503212,17.527396236456333,0.9428654939515179,23.600605143721626
regional,Nordeste,2024,41,2024-10-06,1793,180,0.1003904071388734,5.087021661665932,0.0,7.869781947871672
regional,Norte,2024,41,2024-10-06,450,68,0.1511111111111111,8.884303401603088,0.0,6.282215693825693
regional,Sudeste,2024,41,2024-10-06,1668,548,0.328537170263789,25.114782968270738,3.0850264387060813,9.022436157564108
regional,Sul,2024,41,2024-10-06,1191,196,0.16456759026028547,6.514225551492878,0.0,0.0
nacional,Brasil,2024,42,2024-10-13,5569,1063,0.19087807505835877,12.749154946175873,0.0,6.271165182490908
regional,Centro-Oeste,2024,42,2024-10-13,467,64,0.13704496788008566,15.974365022970481,0.0,25.50207204335352
regional,Nordeste,2024,42,2024-10-13,1793,192,0.10708310094813163,4.490312367749538,0.0,7.1792662789862876
regional,Norte,2024,42,2024-10-13,450,65,0.14444444444444443,9.016872857031549,0.0,6.504969874360447
regional,Sudeste,2024,42,2024-10-13,1668,550,0.32973621103117506,26.096930499412625,3.046759216271278,9.314864285572355
regional,Sul,2024,42,2024-10-13,1191,192,0.16120906801007556,6.634435344640499,0.0,0.0
nacional,Brasil,2024,43,2024-10-20,5569,1051,0.18872328963907345,13.303066819182845,0.0,6.317119393556538
regional,Centro-Oeste,2024,43,2024-10-20,467,63,0.1349036402569593,16.082116294317245,0.0,27.555800496004412
regional,Nordeste,2024,43,2024-10-20,1793,190,0.10596765197992192,4.2839227066004195,0.0,6.807351940095303
regional,Norte,2024,43,2024-10-20,450,61,0.13555555555555557,9.83849425568461,0.0,7.600024498399836
regional,Sudeste,2024,43,2024-10-20,1668,541,0.32434052757793763,27.05783367863148,3.639422334336218,9.568786405771943
regional,Sul,2024,43,2024-10-20,1191,196,0.16456759026028547,7.836749288524919,0.0,0.0
nacional,Brasil,2024,44,2024-10-27,5569,1075,0.1930328604776441,14.1800963523469,0.0,6.542789845590159
regional,Centro-Oeste,2024,44,2024-10-27,467,64,0.13704496788008566,16.83759500338668,2.059265665863553,28.62437523217069
regional,Nordeste,2024,44,2024-10-27,1793,194,0.10819854991634133,4.195251228729591,0.0,6.0998522270614535
regional,Norte,2024,44,2024-10-27,450,64,0.14222222222222222,11.09708334913631,0.0,8.545046858416455
regional,Sudeste,2024,44,2024-10-27,1668,537,0.32194244604316546,28.840417046487573,4.215984325080658,10.596554177769978
regional,Sul,2024,44,2024-10-27,1191,216,0.181360201511335,8.802864085536145,0.0,0.0
nacional,Brasil,2024,45,2024-11-03,5569,1131,0.2030885257676423,15.435607819893129,0.0,6.59326168655634
regional,Centro-Oeste,2024,45,2024-11-03,467,66,0.14132762312633834,19.999655454649247,3.794562392092132,32.70547011343805
regional,Nordeste,2024,45,2024-11-03,1793,208,0.11600669269380925,3.9814886372132547,0.0,5.75999999999999
regional,Norte,2024,45,2024-11-03,450,72,0.16,11.81275462141412,0.0,8.812789257463383
regional,Sudeste,2024,45,2024-11-03,1668,557,0.33393285371702636,31.432885116790292,4.775251031034879,11.527489576115567
regional,Sul,2024,45,2024-11-03,1191,228,0.19143576826196473,9.854290319645434,0.0,0.0
nacional,Brasil,2024,46,2024-11-10,5569,1144,0.20542287663853476,17.52492052126066,0.0,6.987102493638584
regional,Centro-Oeste,2024,46,2024-11-10,467,66,0.14132762312633834,25.61929265941972,4.0386091030249185,36.54213633941616
regional,Nordeste,2024,46,2024-11-10,1793,207,0.1154489682097044,4.0330737878401495,0.0,5.506539086015137
regional,Norte,2024,46,2024-11-10,450,72,0.16,12.297963627110105,0.0,10.172634113777576
regional,Sudeste,2024,46,2024-11-10,1668,562,0.3369304556354916,35.6641294048541,5.473609782659986,12.376158006372634
regional,Sul,2024,46,2024-11-10,1191,237,0.19899244332493704,11.23335006705125,0.0,0.0
nacional,Brasil,2024,47,2024-11-17,5569,1200,0.21547854192853294,21.276856755532332,0.0,7.126060001425212
regional,Centro-Oeste,2024,47,2024-11-17,467,79,0.16916488222698073,35.21938370501029,5.419701699618454,42.301184433164124
regional,Nordeste,2024,47,2024-11-17,1793,226,0.1260457334076966,4.157600845748573,0.0,5.3222630262387565
regional,Norte,2024,47,2024-11-17,450,76,0.1688888888888889,14.544837714915488,0.0,11.92766365375735
regional,Sudeste,2024,47,2024-11-17,1668,586,0.3513189448441247,43.45564958411348,6.970139759974174,13.647857183666648
regional,Sul,2024,47,2024-11-17,1191,233,0.19563392107472713,13.064302507875162,0.0,0.0
nacional,Brasil,2024,48,2024-11-24,5569,1208,0.21691506554138984,26.34250797859848,0.0,7.293946024799416
regional,Centro-Oeste,2024,48,2024-11-24,467,85,0.18201284796573874,49.56073541445683,9.587727708533077,46.66355576294914
regional,Nordeste,2024,48,2024-11-24,1793,215,0.11991076408254323,4.203893926401313,0.0,4.987282429803999
regional,Norte,2024,48,2024-11-24,450,65,0.14444444444444443,15.00731639121246,0.0,13.731591141732295
regional,Sudeste,2024,48,2024-11-24,1668,614,0.36810551558752996,55.2782786312622,8.40058515585752,14.832200673711487
regional,Sul,2024,48,2024-11-24,1191,229,0.19227539882451722,14.325374098434178,0.0,0.0
nacional,Brasil,2024,49,2024-12-01,5569,1232,0.22122463637996048,32.841501527536295,0.0,7.275902211874272
regional,Centro-Oeste,2024,49,2024-12-01,467,87,0.18629550321199143,65.07166451808294,12.099213551119178,53.76022937697868
regional,Nordeste,2024,49,2024-12-01,1793,225,0.12548800892359174,4.5359066514435185,0.0,4.339618547529672
regional,Norte,2024,49,2024-12-01,450,59,0.13111111111111112,16.973514410688665,0.0,15.312770458979806
regional,Sudeste,2024,49,2024-12-01,1668,640,0.38369304556354916,70.45952795208713,10.731349809988833,15.670911473010424
regional,Sul,2024,49,2024-12-01,1191,221,0.1855583543240974,16.127959649013814,0.0,0.0
nacional,Brasil,2024,50,2024-12-08,5569,1286,0.23092117076674448,40.68742348415249,0.0,7.245851749873198
regional,Centro-Oeste,2024,50,2024-12-08,467,102,0.21841541755888652,79.67244093935179,14.5032632342277,57.10553285569058
regional,Nordeste,2024,50,2024-12-08,1793,234,0.1305075292805354,4.767953256027426,0.0,4.099368697220628
regional,Norte,2024,50,2024-12-08,450,64,0.14222222222222222,19.317017527832302,0.0,16.435877238874077
regional,Sudeste,2024,50,2024-12-08,1668,668,0.40047961630695444,90.26350464689452,12.035324462197206,15.60560961188861
regional,Sul,2024,50,2024-12-08,1191,218,0.18303946263643997,18.119317916008512,0.0,0.0
nacional,Brasil,2024,51,2024-12-15,5569,1246,0.22373855270246004,45.642289397522305,0.0,7.292375611521869
regional,Centro-Oeste,2024,51,2024-12-15,467,97,0.20770877944325483,90.02668354309604,15.378700499807767,66.46562317602485
regional,Nordeste,2024,51,2024-12-15,1793,212,0.11823759063022866,4.64184782323704,0.0,4.067355405515334
regional,Norte,2024,51,2024-12-15,450,54,0.12,19.259519383104838,0.0,18.582392077970205
regional,Sudeste,2024,51,2024-12-15,1668,664,0.3980815347721823,103.38048090426649,12.59994840369517,16.098829578248953
regional,Sul,2024,51,2024-12-15,1191,219,0.18387909319899245,19.06900875096401,0.0,0.0
nacional,Brasil,2024,52,2024-12-22,5569,1085,0.1948285149937152,43.27544906542406,0.0,8.233749813865703
regional,Centro-Oeste,2024,52,2024-12-22,467,71,0.15203426124197003,84.32489947812344,11.571682439971896,84.91188505707804
regional,Nordeste,2024,52,2024-12-22,1793,187,0.10429447852760736,4.141523975222248,0.0,4.488531801247812
regional,Norte,2024,52,2024-12-22,450,44,0.09777777777777778,17.674624193784947,0.0,21.97050759837805
regional,Sudeste,2024,52,2024-12-22,1668,582,0.3489208633093525,98.76401480528509,9.506706412453777,19.132043002776015
regional,Sul,2024,52,2024-12-22,1191,201,0.16876574307304787,18.055027471931748,0.0,0.0
nacional,Brasil,2025,1,2024-12-29,5569,821,0.14742323576943797,51.94535693292528,0.0,14.353380221042057
regional,Centro-Oeste,2025,1,2024-12-29,467,57,0.12205567451820129,90.24106063327969,16.041065126724416,123.61125275939999
regional,Nordeste,2025,1,2024-12-29,1793,148,0.08254322364751812,4.398559660973057,0.0,5.918677372896403
regional,Norte,2025,1,2024-12-29,450,48,0.10666666666666667,18.907509036790255,0.0,26.179519268640178
regional,Sudeste,2025,1,2024-12-29,1668,416,0.24940047961630696,124.1853038815708,12.805328603991008,46.12970290877368
regional,Sul,2025,1,2024-12-29,1191,152,0.12762384550797648,19.819508002165282,0.0,0.0
nacional,Brasil,2025,2,2025-01-05,5569,845,0.1517328066080086,63.91698532927534,0.0,17.55060288530566
regional,Centro-Oeste,2025,2,2025-01-05,467,70,0.14989293361884368,107.68433836617636,22.281639928698752,155.08684863523575
regional,Nordeste,2025,2,2025-01-05,1793,142,0.07919687674288901,5.130162970379622,0.0,7.156147130385
regional,Norte,2025,2,2025-01-05,450,49,0.10888888888888888,21.85067395483561,0.0,33.137541526838234
regional,Sudeste,2025,2,2025-01-05,1668,421,0.25239808153477217,154.96739260728341,15.756717180519619,62.97289401335314
regional,Sul,2025,2,2025-01-05,1191,163,0.13685978169605373,23.63418045945813,0.0,0.0
nacional,Brasil,2025,3,2025-01-12,5569,888,0.15945412102711437,80.11340718515109,0.0,21.95462710398508
regional,Centro-Oeste,2025,3,2025-01-12,467,75,0.16059957173447537,126.81904926923862,31.407035175879397,195.68269568269565
regional,Nordeste,2025,3,2025-01-12,1793,173,0.09648633575013943,6.837989760915778,0.0,8.51063829787234
regional,Norte,2025,3,2025-01-12,450,46,0.10222222222222223,25.614225282108258,0.0,39.40498654097199
regional,Sudeste,2025,3,2025-01-12,1668,436,0.26139088729016785,196.83797747346043,22.135488113538994,89.22390154441291
regional,Sul,2025,3,2025-01-12,1191,158,0.13266162888329136,29.231238590570374,0.0,1.5148760831363994
nacional,Brasil,2025,4,2025-01-19,5569,960,0.17238283354282635,105.75815905173692,3.399471948690637,28.274545840107443
regional,Centro-Oeste,2025,4,2025-01-19,467,89,0.1905781584582441,162.89215090225923,48.73726185201595,240.06195147134738
regional,Nordeste,2025,4,2025-01-19,1793,204,0.11377579475738984,9.68218929818981,0.0,11.177230196585919
regional,Norte,2025,4,2025-01-19,450,58,0.1288888888888889,33.600659111749685,2.563785317085939,44.276597985503784
regional,Sudeste,2025,4,2025-01-19,1668,450,0.2697841726618705,260.2903749416387,28.77836032942023,125.35176698937602
regional,Sul,2025,4,2025-01-19,1191,159,0.13350125944584382,38.834379406526395,0.0,2.823795180722865
nacional,Brasil,2025,5,2025-01-26,5569,933,0.16753456634943437,120.41340789206247,4.594954739695814,37.93166422697299
regional,Centro-Oeste,2025,5,2025-01-26,467,92,0.19700214132762311,191.89493412035344,62.676277029144465,270.20687714031055
regional,Nordeste,2025,5,2025-01-26,1793,183,0.10206358059118795,11.621329287006818,0.0,14.28841987281818
regional,Norte,2025,5,2025-01-26,450,62,0.13777777777777778,37.89882323660956,3.530368620100536,52.05336627888621
regional,Sudeste,2025,5,2025-01-26,1668,448,0.2685851318944844,292.0634485501236,35.680306490777355,183.23973195384391
regional,Sul,2025,5,2025-01-26,1191,148,0.12426532325776658,46.94709342317974,0.0,4.789021269099432
nacional,Brasil,2025,6,2025-02-02,5569,877,0.15747890105943615,128.73855031967707,6.379178361826996,49.50655939122514
regional,Centro-Oeste,2025,6,2025-02-02,467,93,0.19914346895074947,204.76829816982308,76.45259938837921,310.0299510555921
regional,Nordeste,2025,6,2025-02-02,1793,178,0.09927495817066369,14.087220537113197,0.0,18.909499526363
regional,Norte,2025,6,2025-02-02,450,64,0.14222222222222222,40.51036743817116,3.6347424444356737,61.927351181672705
regional,Sudeste,2025,6,2025-02-02,1668,420,0.2517985611510791,308.33643367906774,44.12685604620877,249.28311564897928
regional,Sul,2025,6,2025-02-02,1191,122,0.10243492863140219,53.33750490182059,0.0,7.50091199234619
nacional,Brasil,2025,7,2025-02-09,5569,845,0.1517328066080086,137.63276525989514,7.724393635099645,66.81877444589323
regional,Centro-Oeste,2025,7,2025-02-09,467,96,0.20556745182012848,220.11542235124972,92.2833538407453,353.6204979153874
regional,Nordeste,2025,7,2025-02-09,1793,164,0.09146681539319576,16.82588044224616,0.0,25.637118365219507
regional,Norte,2025,7,2025-02-09,450,71,0.15777777777777777,42.89504488738883,4.858021040060688,66.30577154592173
regional,Sudeste,2025,7,2025-02-09,1668,398,0.23860911270983212,322.933882233365,51.587207991972036,315.26748778077297
regional,Sul,2025,7,2025-02-09,1191,116,0.09739714525608732,63.44053576557287,0.0,11.47842056932966
nacional,Brasil,2025,8,2025-02-16,5569,812,0.14580714670497397,146.0506662267669,9.104151493080845,90.04141905276427
regional,Centro-Oeste,2025,8,2025-02-16,467,88,0.18843683083511778,224.61123057672208,95.00686160667159,410.93331672996703
regional,Nordeste,2025,8,2025-02-16,1793,158,0.08812046848856665,21.11784282256798,0.0,32.83209665769256
regional,Norte,2025,8,2025-02-16,450,67,0.14888888888888888,43.423352256431954,4.767245842209185,74.40637871117832
regional,Sudeste,2025,8,2025-02-16,1668,379,0.22721822541966427,333.8838904500201,58.01694998892089,398.6942106354792
regional,Sul,2025,8,2025-02-16,1191,120,0.10075566750629723,79.0424731911364,0.0,17.995321216483713
nacional,Brasil,2025,9,2025-02-23,5569,763,0.13700843957622552,148.983768237151,9.834292176820574,109.11074740861974
regional,Centro-Oeste,2025,9,2025-02-23,467,80,0.17130620985010706,209.27916953407828,90.74410163339383,443.7049362174155
regional,Nordeste,2025,9,2025-02-23,1793,143,0.07975460122699386,21.913770678516165,0.0,39.61189533268937
regional,Norte,2025,9,2025-02-23,450,65,0.14444444444444443,41.96472853572507,5.908174288377694,79.06706730138895
regional,Sudeste,2025,9,2025-02-23,1668,365,0.21882494004796163,336.4412429755333,64.54903047623719,490.6865420354061
regional,Sul,2025,9,2025-02-23,1191,110,0.09235936188077246,94.5404879844113,0.0,28.444781567781543
nacional,Brasil,2025,10,2025-03-02,5569,705,0.1265936433830131,155.8816968944049,10.452597470471412,132.19781109202586
regional,Centro-Oeste,2025,10,2025-03-02,467,70,0.14989293361884368,199.91989901785269,89.17071237491331,463.3581270576759
regional,Nordeste,2025,10,2025-03-02,1793,126,0.07027328499721137,22.257495863780957,0.0,46.418450112381514
regional,Norte,2025,10,2025-03-02,450,61,0.13555555555555557,39.5859969531333,6.274800739001194,78.7399784800883
regional,Sudeste,2025,10,2025-03-02,1668,341,0.20443645083932854,347.7392932989178,66.10678070098751,580.1308344376433
regional,Sul,2025,10,2025-03-02,1191,107,0.08984047019311503,115.02270967954624,0.0,38.895371450797356
nacional,Brasil,2025,11,2025-03-09,5569,681,0.12228407254444244,163.30805647461278,11.440338634023568,161.5856942798664
regional,Centro-Oeste,2025,11,2025-03-09,467,64,0.13704496788008566,189.34571451573606,83.22176791981764,481.5409309791332
regional,Nordeste,2025,11,2025-03-09,1793,126,0.07027328499721137,23.072502314331928,0.0,54.88474204171241
regional,Norte,2025,11,2025-03-09,450,62,0.13777777777777778,38.838249667845446,7.222274310691608,78.31954661247387
regional,Sudeste,2025,11,2025-03-09,1668,326,0.19544364508393286,358.1625012864433,71.20761250961652,660.6259259790118
regional,Sul,2025,11,2025-03-09,1191,103,0.08648194794290512,138.35168487183438,0.0,53.763440860215056
nacional,Brasil,2025,12,2025-03-16,5569,645,0.11581971628658647,168.2140508449999,12.48452439163953,186.85425368212793
regional,Centro-Oeste,2025,12,2025-03-16,467,53,0.11349036402569593,180.3151272903967,83.58306321733636,487.41781908864203
regional,Nordeste,2025,12,2025-03-16,1793,116,0.06469604015616286,22.754487125960654,0.0,62.55519576096555
regional,Norte,2025,12,2025-03-16,450,57,0.12666666666666668,37.53716828266323,7.022146436547186,79.77637335926106
regional,Sudeste,2025,12,2025-03-16,1668,312,0.18705035971223022,365.0864342727592,74.55495306250154,730.1642264101614
regional,Sul,2025,12,2025-03-16,1191,107,0.08984047019311503,156.10595398839692,0.0,77.30962504831851
nacional,Brasil,2025,13,2025-03-23,5569,635,0.11402406177051536,174.9217263220198,14.618814414151013,208.60657007425155
regional,Centro-Oeste,2025,13,2025-03-23,467,57,0.12205567451820129,188.46408370078166,89.90784445942909,506.61412890515055
regional,Nordeste,2025,13,2025-03-23,1793,121,0.06748466257668712,25.509066019068033,0.0,69.96676578625153
regional,Norte,2025,13,2025-03-23,450,56,0.12444444444444444,36.25616986821685,7.201506090661621,77.23033129797804
regional,Sudeste,2025,13,2025-03-23,1668,290,0.17386091127098321,369.04080594377285,82.59271215518908,781.1823145190435
regional,Sul,2025,13,2025-03-23,1191,111,0.09319899244332494,175.0741147539576,4.606172270842929,105.715864587588
nacional,Brasil,2025,14,2025-03-30,5569,623,0.11186927635123002,177.06959505112607,15.822784810126583,230.11649647634115
regional,Centro-Oeste,2025,14,2025-03-30,467,47,0.1006423982869379,187.88089781512076,86.28127696289906,516.7230364524614
regional,Nordeste,2025,14,2025-03-30,1793,122,0.06804238706079196,28.166573807830048,1.5897429783039825,73.16505370980079
regional,Norte,2025,14,2025-03-30,450,60,0.13333333333333333,36.07817966234302,7.751288954141117,75.95691543396106
regional,Sudeste,2025,14,2025-03-30,1668,271,0.16247002398081534,362.3240215986302,89.12561407490414,800.0082377000008
regional,Sul,2025,14,2025-03-30,1191,123,0.10327455919395466,190.8193785458025,8.13206473123526,151.74506828528072
nacional,Brasil,2025,15,2025-04-06,5569,570,0.10235230741605315,169.15819676272397,16.046213093709884,241.6626389560174
regional,Centro-Oeste,2025,15,2025-04-06,467,52,0.11134903640256959,183.59927946064988,80.85008085008084,508.8090204369274
regional,Nordeste,2025,15,2025-04-06,1793,115,0.06413831567205801,28.264929339034715,1.643115346697338,78.48061528802386
regional,Norte,2025,15,2025-04-06,450,53,0.11777777777777777,32.064596964044505,5.953415387490388,68.0972739846822
regional,Sudeste,2025,15,2025-04-06,1668,233,0.1396882494004796,338.34469511459,89.19152701494573,804.2322822261762
regional,Sul,2025,15,2025-04-06,1191,117,0.0982367758186398,190.45683952446757,10.015022533800702,183.40210912425493
nacional,Brasil,2025,16,2025-04-13,5569,539,0.09678577841623272,153.08621552910736,15.385798907608278,244.53614549900655
regional,Centro-Oeste,2025,16,2025-04-13,467,49,0.10492505353319058,179.58954581265996,74.30593611547143,489.5270871654899
regional,Nordeste,2025,16,2025-04-13,1793,115,0.06413831567205801,25.932728824093978,1.8474129291193844,80.95527221210281
regional,Norte,2025,16,2025-04-13,450,57,0.12666666666666668,29.370404479060724,4.88442516282112,65.1266033540837
regional,Sudeste,2025,16,2025-04-13,1668,199,0.11930455635491606,297.14833910182193,82.58347707729217,796.3788011097128
regional,Sul,2025,16,2025-04-13,1191,119,0.09991603694374475,179.1027052628631,12.914890869172154,233.28149300155522
nacional,Brasil,2025,17,2025-04-20,5569,508,0.09121924941641228,140.80751690375521,15.791551519936833,241.58911954187545
regional,Centro-Oeste,2025,17,2025-04-20,467,43,0.09207708779443255,173.06637641617368,76.59900421294523,493.2858317347218
regional,Nordeste,2025,17,2025-04-20,1793,112,0.06246514221974345,25.313389506265477,1.6608674710801452,81.73891983531121
regional,Norte,2025,17,2025-04-20,450,59,0.13111111111111112,28.085065747991376,4.288874402465701,59.488399762046406
regional,Sudeste,2025,17,2025-04-20,1668,170,0.10191846522781775,268.1904842591737,72.97496254064347,764.5286725881053
regional,Sul,2025,17,2025-04-20,1191,124,0.10411418975650713,166.22010842571612,16.07846289894686,265.42800265428
nacional,Brasil,2025,18,2025-04-27,5569,477,0.08565272041659185,125.8533581482179,15.219541891789058,236.62176920276664
regional,Centro-Oeste,2025,18,2025-04-27,467,46,0.09850107066381156,169.07374771384502,77.69297564096705,457.98837414127183
regional,Nordeste,2025,18,2025-04-27,1793,111,0.0619074177356386,23.39963157093085,1.7947714717485024,84.03361344537815
regional,Norte,2025,18,2025-04-27,450,60,0.13333333333333333,26.543430182405746,4.7526820509741405,53.24517835132496
regional,Sudeste,2025,18,2025-04-27,1668,150,0.08992805755395683,237.70708836364247,65.98048012161723,708.4299358499813
regional,Sul,2025,18,2025-04-27,1191,110,0.09235936188077246,144.01713263286527,15.41782300339192,288.1844380403458
nacional,Brasil,2025,19,2025-05-04,5569,479,0.08601185131980607,116.05870171970291,16.02307322544464,221.30421953378575
regional,Centro-Oeste,2025,19,2025-05-04,467,47,0.1006423982869379,172.25907534759932,81.63265306122449,416.0887656033287
regional,Nordeste,2025,19,2025-05-04,1793,113,0.0630228667038483,23.15678937362364,2.6997111309089927,83.08235538477516
regional,Norte,2025,19,2025-05-04,450,61,0.13555555555555557,27.324875350955864,5.037196413228887,47.08520863461224
regional,Sudeste,2025,19,2025-05-04,1668,134,0.0803357314148681,215.0794798014406,64.07933141461683,620.980022011704
regional,Sul,2025,19,2025-05-04,1191,124,0.10411418975650713,128.72966593287686,16.669444907484582,276.93856998992953
nacional,Brasil,2025,20,2025-05-11,5569,529,0.09499012390016161,110.30253547383036,16.215339711366955,196.34935641044288
regional,Centro-Oeste,2025,20,2025-05-11,467,63,0.1349036402569593,178.1472937613928,82.76514405076263,384.84062578432196
regional,Nordeste,2025,20,2025-05-11,1793,115,0.06413831567205801,22.817859298278833,3.0672964848782285,80.57518284368415
regional,Norte,2025,20,2025-05-11,450,66,0.14666666666666667,27.286058564556058,5.920379963226044,42.068933236439264
regional,Sudeste,2025,20,2025-05-11,1668,147,0.08812949640287769,200.75537610313145,61.653398419544644,535.5123170428714
regional,Sul,2025,20,2025-05-11,1191,138,0.11586901763224182,120.09145126054021,15.935126330140404,190.97636667462402
nacional,Brasil,2025,21,2025-05-18,5569,562,0.10091578380319627,99.43935355644852,14.47282726680657,173.13019390581718
regional,Centro-Oeste,2025,21,2025-05-18,467,76,0.16274089935760172,177.01813336975036,81.76614881439085,347.1361269526407
regional,Nordeste,2025,21,2025-05-18,1793,119,0.06636921360847742,21.112255433535626,3.3771233663165714,77.90308855783405
regional,Norte,2025,21,2025-05-18,450,68,0.1511111111111111,25.74749323137935,4.585585127412105,38.64542754887708
regional,Sudeste,2025,21,2025-05-18,1668,164,0.09832134292565947,175.30226644645865,53.4232852461706,433.01556599428943
regional,Sul,2025,21,2025-05-18,1191,135,0.11335012594458438,108.53523534260728,12.183235867446394,156.44411724106197
nacional,Brasil,2025,22,2025-05-25,5569,578,0.10378883102891004,86.99641468569668,12.334258402713537,147.94723215386512
regional,Centro-Oeste,2025,22,2025-05-25,467,78,0.1670235546038544,170.438498550223,76.52280379553108,315.45171057983464
regional,Nordeste,2025,22,2025-05-25,1793,131,0.07306190741773563,19.335277731021353,2.6085822355549757,73.30303474563847
regional,Norte,2025,22,2025-05-25,450,73,0.1622222222222222,23.168485021603523,4.222858381098968,32.38481727470345
regional,Sudeste,2025,22,2025-05-25,1668,158,0.09472422062350119,147.98936258784255,44.55847303126335,347.0287660683766
regional,Sul,2025,22,2025-05-25,1191,138,0.11586901763224182,94.83461505770477,9.28418902608857,111.73184357541899
nacional,Brasil,2025,23,2025-06-01,5569,567,0.10181361106123182,71.1095338612681,9.85869208018403,123.95962457942271
regional,Centro-Oeste,2025,23,2025-06-01,467,87,0.18629550321199143,154.58567645424893,70.11393514461,279.5248078266946
regional,Nordeste,2025,23,2025-06-01,1793,127,0.07083100948131622,16.858662175243296,1.8706624015563913,67.81959986436081
regional,Norte,2025,23,2025-06-01,450,69,0.15333333333333332,19.988908924250264,3.4693736932867587,29.676388688580968
regional,Sudeste,2025,23,2025-06-01,1668,149,0.08932853717026379,116.60724834829944,36.65256857126148,290.3055608439983
regional,Sul,2025,23,2025-06-01,1191,135,0.11335012594458438,75.64567810930352,4.864286409183773,86.70520231213872
nacional,Brasil,2025,24,2025-06-08,5569,551,0.09894056383551805,55.56044871572958,7.042253521126761,101.58300177770253
regional,Centro-Oeste,2025,24,2025-06-08,467,88,0.18843683083511778,132.66919246034976,62.189054726368155,236.60579508674377
regional,Nordeste,2025,24,2025-06-08,1793,137,0.07640825432236475,15.21051579432863,0.0,65.46950991395435
regional,Norte,2025,24,2025-06-08,450,69,0.15333333333333332,17.1584483400857,1.873838621587703,24.617601075165503
regional,Sudeste,2025,24,2025-06-08,1668,140,0.08393285371702638,87.45708147783621,26.570621225546326,224.73993790547178
regional,Sul,2025,24,2025-06-08,1191,117,0.0982367758186398,55.90886443460458,0.0,58.20721769499418
nacional,Brasil,2025,25,2025-06-15,5569,517,0.09283533848087627,40.4579304836775,4.948535233570863,82.77831360070475
regional,Centro-Oeste,2025,25,2025-06-15,467,85,0.18201284796573874,108.303961289524,50.0600720865038,195.74944071588368
regional,Nordeste,2025,25,2025-06-15,1793,136,0.0758505298382599,12.770275945122517,0.0,57.37234652897303
regional,Norte,2025,25,2025-06-15,450,72,0.16,15.843017229192238,1.1693631067653287,22.308344836714383
regional,Sudeste,2025,25,2025-06-15,1668,125,0.0749400479616307,62.1126715658234,18.40842188930088,169.03503792568776
regional,Sul,2025,25,2025-06-15,1191,99,0.08312342569269521,34.51038307880579,0.0,36.95491500369549
nacional,Brasil,2025,26,2025-06-22,5569,475,0.08529358951337762,30.195522316362297,2.412952730256014,65.46924368791096
regional,Centro-Oeste,2025,26,2025-06-22,467,85,0.18201284796573874,89.26783478357511,39.478878799842086,156.2181620593629
regional,Nordeste,2025,26,2025-06-22,1793,127,0.07083100948131622,11.512519909098314,0.0,51.67958656330749
regional,Norte,2025,26,2025-06-22,450,68,0.1511111111111111,14.227296263404375,0.0,20.196202082638653
regional,Sudeste,2025,26,2025-06-22,1668,113,0.06774580335731414,44.5276043703828,12.794271518799198,123.93548369995497
regional,Sul,2025,26,2025-06-22,1191,82,0.0688497061293031,21.120494819939793,0.0,24.756560488529463
nacional,Brasil,2025,27,2025-06-29,5569,451,0.08098401867480697,23.40852649152831,0.0,51.09339873288371
regional,Centro-Oeste,2025,27,2025-06-29,467,85,0.18201284796573874,71.02132025253896,33.178500331785,128.09331734438024
regional,Nordeste,2025,27,2025-06-29,1793,134,0.0747350808700502,11.142779242637651,0.0,46.12652505823474
regional,Norte,2025,27,2025-06-29,450,62,0.13777777777777778,12.624255287096453,0.0,17.395431073446034
regional,Sudeste,2025,27,2025-06-29,1668,108,0.06474820143884892,32.94224372121053,7.56859544413859,87.8046088017679
regional,Sul,2025,27,2025-06-29,1191,62,0.052057094878253565,13.927411322555487,0.0,14.17233560090703
nacional,Brasil,2025,28,2025-07-06,5569,452,0.08116358412641408,18.7277590095288,0.0,40.06410256410256
regional,Centro-Oeste,2025,28,2025-07-06,467,80,0.17130620985010706,57.45723597013632,26.001040041601666,101.77747082984988
regional,Nordeste,2025,28,2025-07-06,1793,139,0.07752370329057445,10.819374482620203,0.0,39.19263178522438
regional,Norte,2025,28,2025-07-06,450,67,0.14888888888888888,11.57456788738354,0.0,16.27139127940594
regional,Sudeste,2025,28,2025-07-06,1668,117,0.07014388489208633,25.048157460464132,5.028294709667361,64.81136939212877
regional,Sul,2025,28,2025-07-06,1191,49,0.04114189756507137,9.298354395715736,0.0,7.4560095436922165
nacional,Brasil,2025,29,2025-07-13,5569,474,0.08511402406177052,16.14408767782276,0.0,32.96522169111587
regional,Centro-Oeste,2025,29,2025-07-13,467,81,0.1734475374732334,48.71772608684141,23.5626767200754,82.19178082191782
regional,Nordeste,2025,29,2025-07-13,1793,155,0.08644729503625209,10.968547867765144,0.0,34.47087211306446
regional,Norte,2025,29,2025-07-13,450,61,0.13555555555555557,10.389814103646264,0.0,15.046801489907715
regional,Sudeste,2025,29,2025-07-13,1668,129,0.07733812949640288,20.557181937931876,2.978207625771794,48.09812395146224
regional,Sul,2025,29,2025-07-13,1191,48,0.04030226700251889,7.156879974161145,0.0,3.8110046570476914
nacional,Brasil,2025,30,2025-07-20,5569,499,0.08960316035194829,13.978643925093438,0.0,27.1333604666938
regional,Centro-Oeste,2025,30,2025-07-20,467,89,0.1905781584582441,42.321905432417616,19.17668115571465,68.75608777860539
regional,Nordeste,2025,30,2025-07-20,1793,177,0.09871723368655884,10.99515468310525,0.0,29.94908655286014
regional,Norte,2025,30,2025-07-20,450,63,0.14,9.731654236341532,0.0,14.159567597947134
regional,Sudeste,2025,30,2025-07-20,1668,125,0.0749400479616307,16.402896382395408,1.148854655501078,36.596554045328155
regional,Sul,2025,30,2025-07-20,1191,45,0.037783375314861464,5.566037164491516,0.0,0.9645619923992514
nacional,Brasil,2025,31,2025-07-27,5569,498,0.08942359490034117,12.100821895740525,0.0,22.381378692927484
regional,Centro-Oeste,2025,31,2025-07-27,467,94,0.2012847965738758,36.67296622425915,15.349199288998395,54.80913090494319
regional,Nordeste,2025,31,2025-07-27,1793,174,0.09704406023424428,10.398804419125284,0.0,26.965807356272247
regional,Norte,2025,31,2025-07-27,450,67,0.14888888888888888,9.537001430389116,0.0,12.499820326312413
regional,Sudeste,2025,31,2025-07-27,1668,109,0.06534772182254196,13.270037449777037,0.0,28.398561888062257
regional,Sul,2025,31,2025-07-27,1191,54,0.04534005037783375,4.359422734890961,0.0,0.0
nacional,Brasil,2025,32,2025-08-03,5569,537,0.09642664751301849,10.831120751030515,0.0,18.670649738610905
regional,Centro-Oeste,2025,32,2025-08-03,467,88,0.18843683083511778,30.857864490677777,9.274287039183863,46.761748889408466
regional,Nordeste,2025,32,2025-08-03,1793,179,0.09983268265476855,10.335153806638361,0.0,23.12673450508788
regional,Norte,2025,32,2025-08-03,450,68,0.1511111111111111,8.999152834077869,0.0,12.245267252564181
regional,Sudeste,2025,32,2025-08-03,1668,137,0.08213429256594725,11.473319918556149,0.0,22.86644051902817
regional,Sul,2025,32,2025-08-03,1191,65,0.054575986565911,3.517919034889277,0.0,0.0
nacional,Brasil,2025,33,2025-08-10,5569,556,0.0998383910935536,10.04968761880245,0.0,15.824931048514717
regional,Centro-Oeste,2025,33,2025-08-10,467,88,0.18843683083511778,27.960768302758257,8.274036074797285,39.0625
regional,Nordeste,2025,33,2025-08-10,1793,182,0.1015058561070831,10.365240987007507,0.0,20.933640360058615
regional,Norte,2025,33,2025-08-10,450,78,0.17333333333333334,9.115542381870819,0.0,10.904899910716367
regional,Sudeste,2025,33,2025-08-10,1668,141,0.08453237410071943,9.951606364445038,0.0,19.064873454528538
regional,Sul,2025,33,2025-08-10,1191,67,0.056255247691015954,3.0418815904971335,0.0,0.0
nacional,Brasil,2025,34,2025-08-17,5569,636,0.11420362722212246,9.63510247181574,0.0,13.663961598327056
regional,Centro-Oeste,2025,34,2025-08-17,467,90,0.19271948608137046,25.49227967053173,6.161555998274764,33.766672294445385
regional,Nordeste,2025,34,2025-08-17,1793,213,0.11879531511433351,10.18705115889959,0.0,18.061136948570912
regional,Norte,2025,34,2025-08-17,450,82,0.18222222222222223,9.475873173497416,0.0,10.098181248862698
regional,Sudeste,2025,34,2025-08-17,1668,165,0.09892086330935251,9.287953559495731,0.0,16.33344893214098
regional,Sul,2025,34,2025-08-17,1191,86,0.07220822837951302,3.1327950177866146,0.0,0.0
nacional,Brasil,2025,35,2025-08-24,5569,646,0.11599928173819357,9.345607802016582,0.0,11.977482333213558
regional,Centro-Oeste,2025,35,2025-08-24,467,92,0.19700214132762311,24.88564775076167,6.171315724512466,32.13367609254499
regional,Nordeste,2025,35,2025-08-24,1793,222,0.1238148354712772,9.604468595006047,0.0,15.671934177876453
regional,Norte,2025,35,2025-08-24,450,78,0.17333333333333334,10.032493545570418,0.0,8.827906651243467
regional,Sudeste,2025,35,2025-08-24,1668,166,0.09952038369304557,8.99997344886744,0.0,14.683209828792545
regional,Sul,2025,35,2025-08-24,1191,88,0.07388748950461797,3.087071663107658,0.0,0.0
nacional,Brasil,2025,36,2025-08-31,5569,677,0.12156581073801401,9.237301551740238,0.0,10.756543564001435
regional,Centro-Oeste,2025,36,2025-08-31,467,88,0.18843683083511778,24.41459952979343,6.775985905949315,29.82700338039372
regional,Nordeste,2025,36,2025-08-31,1793,222,0.1238148354712772,8.816634884916732,0.0,13.829345871940257
regional,Norte,2025,36,2025-08-31,450,78,0.17333333333333334,9.85467390065582,0.0,8.425651859861198
regional,Sudeste,2025,36,2025-08-31,1668,191,0.1145083932853717,9.651646427203778,0.0,14.026229669196995
regional,Sul,2025,36,2025-08-31,1191,98,0.08228379513014274,3.1059097537373064,0.0,0.0
nacional,Brasil,2025,37,2025-09-07,5569,758,0.13611061231819,9.243446351167652,0.0,9.650646593321753
regional,Centro-Oeste,2025,37,2025-09-07,467,97,0.20770877944325483,22.878043688978853,6.325910931174089,28.074115665356544
regional,Nordeste,2025,37,2025-09-07,1793,239,0.13329615170105968,8.249775615824584,0.0,12.413878716404943
regional,Norte,2025,37,2025-09-07,450,83,0.18444444444444444,9.73365348768949,0.0,7.410953762302249
regional,Sudeste,2025,37,2025-09-07,1668,220,0.13189448441247004,10.510700706308223,0.0,13.078024212499926
regional,Sul,2025,37,2025-09-07,1191,119,0.09991603694374475,3.4331366919762134,0.0,0.0
nacional,Brasil,2025,38,2025-09-14,5569,812,0.14580714670497397,9.415640263471658,0.0,8.911279303256775
regional,Centro-Oeste,2025,38,2025-09-14,467,105,0.22483940042826553,22.802506958333606,5.522217722637412,26.191723415400734
regional,Nordeste,2025,38,2025-09-14,1793,236,0.1316229782487451,8.20244888153665,0.0,11.090163025396473
regional,Norte,2025,38,2025-09-14,450,85,0.18888888888888888,9.7337697567176,0.0,7.458361047904732
regional,Sudeste,2025,38,2025-09-14,1668,250,0.1498800959232614,10.931292090140108,0.0,12.932456668033195
regional,Sul,2025,38,2025-09-14,1191,136,0.11418975650713686,3.750081810461829,0.0,0.0
nacional,Brasil,2025,39,2025-09-21,5569,851,0.15281019931765127,9.652060095380108,0.0,8.413731209333632
regional,Centro-Oeste,2025,39,2025-09-21,467,103,0.22055674518201285,21.578902982417485,4.529190633633769,25.393600812595224
regional,Nordeste,2025,39,2025-09-21,1793,249,0.1388733965421082,8.28461711123831,0.0,9.512032721392561
regional,Norte,2025,39,2025-09-21,450,73,0.1622222222222222,9.276437279267958,0.0,6.896444765030296
regional,Sudeste,2025,39,2025-09-21,1668,282,0.16906474820143885,11.760750008818096,0.0,12.789384565458619
regional,Sul,2025,39,2025-09-21,1191,144,0.12090680100755667,4.222778091984378,0.0,0.0
nacional,Brasil,2025,40,2025-09-28,5569,907,0.16286586460764949,10.084552461799772,0.0,8.118201006656925
regional,Centro-Oeste,2025,40,2025-09-28,467,109,0.2334047109207709,22.635859093663164,5.499945000549994,24.39619419370578
regional,Nordeste,2025,40,2025-09-28,1793,276,0.1539319576129392,8.335059825921178,0.0,8.812125484666902
regional,Norte,2025,40,2025-09-28,450,77,0.1711111111111111,8.9823370455889,0.0,6.567713306431083
regional,Sudeste,2025,40,2025-09-28,1668,297,0.17805755395683454,12.523899421158058,0.0,12.970718667620307
regional,Sul,2025,40,2025-09-28,1191,148,0.12426532325776658,4.797017875851319,0.0,0.0
nacional,Brasil,2025,41,2025-10-05,5569,931,0.16717543544622016,10.427787781167032,0.0,8.09323405632891
regional,Centro-Oeste,2025,41,2025-10-05,467,104,0.22269807280513917,24.698902621179165,4.922713399625874,25.406504065040654
regional,Nordeste,2025,41,2025-10-05,1793,282,0.15727830451756833,8.104176311532374,0.0,8.102086287218958
regional,Norte,2025,41,2025-10-05,450,76,0.1688888888888889,8.71043455603708,0.0,6.656712049215065
regional,Sudeste,2025,41,2025-10-05,1668,318,0.1906474820143885,13.121733591001663,0.0,13.27316377169052
regional,Sul,2025,41,2025-10-05,1191,151,0.12678421494542402,5.206068280976928,0.0,0.0
nacional,Brasil,2025,42,2025-10-12,5569,937,0.16825282815586282,10.44290632734599,0.0,7.803355442840422
regional,Centro-Oeste,2025,42,2025-10-12,467,102,0.21841541755888652,25.031123889521478,6.330716637123322,26.611735886872285
regional,Nordeste,2025,42,2025-10-12,1793,273,0.15225878416062466,7.159066975971033,0.0,7.327080890973035
regional,Norte,2025,42,2025-10-12,450,73,0.1622222222222222,8.701114444940648,0.0,7.551791534511265
regional,Sudeste,2025,42,2025-10-12,1668,339,0.20323741007194246,13.74667341523753,1.1446324442032072,14.006602947462458
regional,Sul,2025,42,2025-10-12,1191,150,0.12594458438287154,5.697607586757124,0.0,0.0
nacional,Brasil,2025,43,2025-10-19,5569,941,0.16897108996229127,10.791102868093077,0.0,7.682261657832066
regional,Centro-Oeste,2025,43,2025-10-19,467,94,0.2012847965738758,26.42527415095237,6.579380222383051,28.058361391694728
regional,Nordeste,2025,43,2025-10-19,1793,283,0.15783602900167318,6.457030762962293,0.0,6.7499156260546735
regional,Norte,2025,43,2025-10-19,450,70,0.15555555555555556,9.204190455689828,0.0,8.050908522434526
regional,Sudeste,2025,43,2025-10-19,1668,343,0.20563549160671463,14.97382821291073,1.306688788636187,14.217180322670519
regional,Sul,2025,43,2025-10-19,1191,151,0.12678421494542402,5.927255685750359,0.0,0.0
nacional,Brasil,2025,44,2025-10-26,5569,926,0.1662776081881846,10.952405946713286,0.0,7.904513477195478
regional,Centro-Oeste,2025,44,2025-10-26,467,84,0.17987152034261242,27.379798825347585,5.809276968451157,30.385900941962927
regional,Nordeste,2025,44,2025-10-26,1793,277,0.15448968209704406,5.767750721996423,0.0,6.223549912870301
regional,Norte,2025,44,2025-10-26,450,66,0.14666666666666667,10.291361959312542,0.0,9.238304385166924
regional,Sudeste,2025,44,2025-10-26,1668,330,0.19784172661870503,15.381590249222294,1.453306876580617,15.509221441798111
regional,Sul,2025,44,2025-10-26,1191,169,0.1418975650713686,6.363056426428172,0.0,0.0
nacional,Brasil,2025,45,2025-11-02,5569,913,0.16394325731729215,11.494588809356571,0.0,8.171103581515753
regional,Centro-Oeste,2025,45,2025-11-02,467,76,0.16274089935760172,28.63586547704584,5.5862800960840175,34.39972480220158
regional,Nordeste,2025,45,2025-11-02,1793,256,0.14277746793084217,5.521032911093567,0.0,5.891363261458701
regional,Norte,2025,45,2025-11-02,450,63,0.14,10.616555968797629,0.0,10.225654680540163
regional,Sudeste,2025,45,2025-11-02,1668,326,0.19544364508393286,16.457912891695514,2.3319122344892653,16.01602343665912
regional,Sul,2025,45,2025-11-02,1191,192,0.16120906801007556,7.146897567278359,0.0,0.0
nacional,Brasil,2025,46,2025-11-09,5569,912,0.16376369186568504,12.151202698896192,0.0,8.532665889245996
regional,Centro-Oeste,2025,46,2025-11-09,467,76,0.16274089935760172,30.896652681696708,5.667649059170256,38.50893407270487
regional,Nordeste,2025,46,2025-11-09,1793,257,0.14333519241494702,5.52693742232723,0.0,5.708740081064109
regional,Norte,2025,46,2025-11-09,450,60,0.13333333333333333,10.76718653451665,0.0,11.627664250001663
regional,Sudeste,2025,46,2025-11-09,1668,335,0.20083932853717026,17.829572689129826,2.6735870566806867,17.879696917354963
regional,Sul,2025,46,2025-11-09,1191,184,0.15449202350965574,7.343871573103911,0.0,0.0
nacional,Brasil,2025,47,2025-11-16,5569,884,0.15873585922068595,12.343213110162093,0.0,8.73464158854015
regional,Centro-Oeste,2025,47,2025-11-16,467,71,0.15203426124197003,31.56333406797275,5.486366379546825,43.2152117545376
regional,Nordeste,2025,47,2025-11-16,1793,255,0.14221974344673732,5.409908139772264,0.0,5.511463844797178
regional,Norte,2025,47,2025-11-16,450,55,0.12222222222222222,10.350710034267147,0.0,13.154263351167607
regional,Sudeste,2025,47,2025-11-16,1668,323,0.1936450839328537,18.139855674558497,2.8258833372533654,19.390184387691647
regional,Sul,2025,47,2025-11-16,1191,180,0.15113350125944586,7.879271809868989,0.0,0.0
nacional,Brasil,2025,48,2025-11-23,5569,864,0.15514455018854373,13.06963861153078,0.0,8.981393137108348
regional,Centro-Oeste,2025,48,2025-11-23,467,64,0.13704496788008566,34.505329269835066,6.666444451851605,51.11049159000093
regional,Nordeste,2025,48,2025-11-23,1793,256,0.14277746793084217,5.410083055408483,0.0,5.0784622416332335
regional,Norte,2025,48,2025-11-23,450,48,0.10666666666666667,11.125748707965197,0.0,14.535412789745372
regional,Sudeste,2025,48,2025-11-23,1668,305,0.1828537170263789,18.901581904697313,2.460238412606347,21.26839468304721
regional,Sul,2025,48,2025-11-23,1191,191,0.16036943744752308,8.762488836805266,0.0,0.0
nacional,Brasil,2025,49,2025-11-30,5569,887,0.15927455557550727,13.714518971129568,0.0,8.908637130250874
regional,Centro-Oeste,2025,49,2025-11-30,467,63,0.1349036402569593,37.700826520874834,9.160864785635765,54.25935973955507
regional,Nordeste,2025,49,2025-11-30,1793,246,0.13720022308979365,5.145843625284782,0.0,4.718646239732366
regional,Norte,2025,49,2025-11-30,450,59,0.13111111111111112,11.94980724868571,0.0,15.121117451322457
regional,Sudeste,2025,49,2025-11-30,1668,324,0.19424460431654678,19.52662158315623,3.1644797627581243,22.274178511778473
regional,Sul,2025,49,2025-11-30,1191,195,0.163727959697733,9.735981933016989,0.0,0.0
nacional,Brasil,2025,50,2025-12-07,5569,869,0.15604237744657928,14.30148408255255,0.0,9.0711175616836
regional,Centro-Oeste,2025,50,2025-12-07,467,59,0.12633832976445397,40.91667057541094,9.314745241717638,60.83386706836944
regional,Nordeste,2025,50,2025-12-07,1793,227,0.12660345789180144,5.246868335579092,0.0,4.655561213355646
regional,Norte,2025,50,2025-12-07,450,60,0.13333333333333333,12.910797102000386,0.0,15.976345467392244
regional,Sudeste,2025,50,2025-12-07,1668,313,0.18764988009592326,19.669829347236636,3.021015685807357,23.858792767365365
regional,Sul,2025,50,2025-12-07,1191,210,0.17632241813602015,10.503871304982402,0.0,0.0
nacional,Brasil,2025,51,2025-12-14,5569,810,0.14544801580175973,14.78368736925056,0.0,9.744689144416293
regional,Centro-Oeste,2025,51,2025-12-14,467,49,0.10492505353319058,45.384370519166815,9.136174683659952,74.90636704119851
regional,Nordeste,2025,51,2025-12-14,1793,226,0.1260457334076966,5.180379918947242,0.0,4.736540470012776
regional,Norte,2025,51,2025-12-14,450,62,0.13777777777777778,13.605409407395038,0.0,17.663151994643123
regional,Sudeste,2025,51,2025-12-14,1668,274,0.1642685851318945,19.670123128897238,2.8226803838783177,26.98181805108284
regional,Sul,2025,51,2025-12-14,1191,199,0.1670864819479429,10.844024449961958,0.0,0.0
nacional,Brasil,2025,52,2025-12-21,5569,708,0.12713233973783444,14.051825782067288,0.0,11.567915230317192
regional,Centro-Oeste,2025,52,2025-12-21,467,41,0.08779443254817987,43.942446238667706,8.806693086745927,94.05629713082122
regional,Nordeste,2025,52,2025-12-21,1793,205,0.11433351924149471,4.831061654336896,0.0,5.1937674790251585
regional,Norte,2025,52,2025-12-21,450,54,0.12,12.290597323080785,0.0,21.081082075832914
regional,Sudeste,2025,52,2025-12-21,1668,217,0.13009592326139088,18.754692508536202,2.6090059413591034,33.79460887009803
regional,Sul,2025,52,2025-12-21,1191,191,0.16036943744752308,10.292028497921166,0.0,0.0
nacional,Brasil,2025,53,2025-12-28,5569,682,0.12246363799604956,13.449827985053856,0.0,11.74674027957242
regional,Centro-Oeste,2025,53,2025-12-28,467,38,0.08137044967880086,43.2777049676554,7.944704854214666,97.54626147933368
regional,Nordeste,2025,53,2025-12-28,1793,199,0.11098717233686559,4.960603326982145,0.0,5.216819572191007
regional,Norte,2025,53,2025-12-28,450,57,0.12666666666666668,13.01113754343135,0.0,21.180899640315786
regional,Sudeste,2025,53,2025-12-28,1668,206,0.12350119904076738,17.744553329331026,1.3762230027474849,34.57903117692142
regional,Sul,2025,53,2025-12-28,1191,182,0.1528127623845508,8.685235277684805,0.0,0.0
