ano_epidemiologico,semana_epidemiologica,regiao,casos_provaveis,populacao_regional,unidades_territoriais,incidencia_regional_100mil
2016,1,Norte,1030,17707783,450,5.816651356073202
2016,1,Nordeste,7995,56915936,1794,14.047032451508835
2016,1,Centro-Oeste,8747,15660988,467,55.852159518926904
2016,1,Sudeste,23506,86356952,1668,27.219580422430845
2016,1,Sul,1398,29439773,1191,4.748677919493469
2016,2,Norte,1351,17707783,450,7.629413574810579
2016,2,Nordeste,9151,56915936,1794,16.07809805675514
2016,2,Centro-Oeste,10043,15660988,467,64.12749949109212
2016,2,Sudeste,26254,86356952,1668,30.401721450289262
2016,2,Sul,1956,29439773,1191,6.644072968905025
2016,3,Norte,1649,17707783,450,9.312289404043408
2016,3,Nordeste,10002,56915936,1794,17.57328562601518
2016,3,Centro-Oeste,11173,15660988,467,71.34288079398311
2016,3,Sudeste,29865,86356952,1668,34.5832029828936
2016,3,Sul,2968,29439773,1191,10.081599474289424
2016,4,Norte,1766,17707783,450,9.973015820218714
2016,4,Nordeste,12263,56915936,1794,21.545811000982223
2016,4,Centro-Oeste,11190,15660988,467,71.4514307781859
2016,4,Sudeste,34046,86356952,1668,39.424735602062476
2016,4,Sul,3013,29439773,1191,10.234453913758099
2016,5,Norte,1768,17707783,450,9.984310288871283
2016,5,Nordeste,13921,56915936,1794,24.458879144146906
2016,5,Centro-Oeste,13101,15660988,467,83.65372606121657
2016,5,Sudeste,38713,86356952,1668,44.829048621354765
2016,5,Sul,3483,29439773,1191,11.83093361487536
2016,6,Norte,1977,17707783,450,11.164582263064778
2016,6,Nordeste,17933,56915936,1794,31.50787153882526
2016,6,Centro-Oeste,13540,15660988,467,86.45686977092377
2016,6,Sudeste,46582,86356952,1668,53.94122756903231
2016,6,Sul,4226,29439773,1191,14.354730248769242
2016,7,Norte,2487,17707783,450,14.044671769469955
2016,7,Nordeste,22102,56915936,1794,38.832709348749006
2016,7,Centro-Oeste,15352,15660988,467,98.02702102830294
2016,7,Sudeste,59368,86356952,1668,68.74721562660062
2016,7,Sul,4582,29439773,1191,15.563978703232527
2016,8,Norte,2103,17707783,450,11.876133788176645
2016,8,Nordeste,21082,56915936,1794,37.040592638237555
2016,8,Centro-Oeste,13701,15660988,467,87.48490197425603
2016,8,Sudeste,62512,86356952,1668,72.38791846196702
2016,8,Sul,5102,29439773,1191,17.330296670426094
2016,9,Norte,2052,17707783,450,11.588124837536128
2016,9,Nordeste,21462,56915936,1794,37.708243961761426
2016,9,Centro-Oeste,12915,15660988,467,82.46606152817434
2016,9,Sudeste,59353,86356952,1668,68.72984586116472
2016,9,Sul,5461,29439773,1191,18.549735420853956
2016,10,Norte,1744,17707783,450,9.848776665040452
2016,10,Nordeste,19486,56915936,1794,34.236457079437294
2016,10,Centro-Oeste,11606,15660988,467,74.10771274455992
2016,10,Sudeste,57332,86356952,1668,66.38955946476666
2016,10,Sul,5050,29439773,1191,17.153664873706738
2016,11,Norte,1305,17707783,450,7.369640795801485
2016,11,Nordeste,15869,56915936,1794,27.88147066579033
2016,11,Centro-Oeste,10436,15660988,467,66.63691971413299
2016,11,Sudeste,56107,86356952,1668,64.97102862083413
2016,11,Sul,4454,29439773,1191,15.129192742077189
2016,12,Norte,1246,17707783,450,7.036453970550689
2016,12,Nordeste,13821,56915936,1794,24.283181427430097
2016,12,Centro-Oeste,9167,15660988,467,58.533982658054526
2016,12,Sudeste,49374,86356952,1668,57.17431990883606
2016,12,Sul,5021,29439773,1191,17.05515867938248
2016,13,Norte,1489,17707783,450,8.408731911837862
2016,13,Nordeste,13136,56915936,1794,23.07965206791996
2016,13,Centro-Oeste,9525,15660988,467,60.8199176195014
2016,13,Sudeste,53060,86356952,1668,61.44265026861995
2016,13,Sul,4655,29439773,1191,15.811942571703934
2016,14,Norte,1452,17707783,450,8.19978424176533
2016,14,Nordeste,12107,56915936,1794,21.271722562904
2016,14,Centro-Oeste,8541,15660988,467,54.53678912211669
2016,14,Sudeste,52839,86356952,1668,61.1867357245309
2016,14,Sul,4523,29439773,1191,15.36356954926249
2016,15,Norte,1477,17707783,450,8.340965099922448
2016,15,Nordeste,11048,56915936,1794,19.411083742872997
2016,15,Centro-Oeste,7943,15660988,467,50.71838379545403
2016,15,Sudeste,46360,86356952,1668,53.68415504058086
2016,15,Sul,4165,29439773,1191,14.147527564156151
2016,16,Norte,1176,17707783,450,6.641147567710763
2016,16,Nordeste,10357,56915936,1794,18.197012520359852
2016,16,Centro-Oeste,5893,15660988,467,37.62853275923588
2016,16,Sudeste,37713,86356952,1668,43.671064258960875
2016,16,Sul,3528,29439773,1191,11.983788054344032
2016,17,Norte,1077,17707783,450,6.082071369408581
2016,17,Nordeste,9236,56915936,1794,16.227441115964428
2016,17,Centro-Oeste,4820,15660988,467,30.777113168083645
2016,17,Sudeste,32071,86356952,1668,37.13771648633453
2016,17,Sul,2110,29439773,1191,7.167174828420043
2016,18,Norte,950,17707783,450,5.364872609970429
2016,18,Nordeste,8314,56915936,1794,14.607508167835455
2016,18,Centro-Oeste,3965,15660988,467,25.31768749200242
2016,18,Sudeste,22482,86356952,1668,26.033804435339498
2016,18,Sul,1023,29439773,1191,3.474890923921186
2016,19,Norte,897,17707783,450,5.065569190677342
2016,19,Nordeste,7064,56915936,1794,12.411286708875348
2016,19,Centro-Oeste,3384,15660988,467,21.607832149542546
2016,19,Sudeste,14822,86356952,1668,17.16364421940228
2016,19,Sul,644,29439773,1191,2.1875168670628
2016,20,Norte,656,17707783,450,3.704585718042739
2016,20,Nordeste,7048,56915936,1794,12.38317507420066
2016,20,Centro-Oeste,2609,15660988,467,16.659229928533247
2016,20,Sudeste,10448,86356952,1668,12.098620618291392
2016,20,Sul,413,29439773,1191,1.4028640777902737
2016,21,Norte,491,17707783,450,2.772792054205769
2016,21,Nordeste,5647,56915936,1794,9.921650062998173
2016,21,Centro-Oeste,1918,15660988,467,12.246992335349468
2016,21,Sudeste,6278,86356952,1668,7.269825827108859
2016,21,Sul,252,29439773,1191,0.8559848610245737
2016,22,Norte,478,17707783,450,2.699378007964069
2016,22,Nordeste,4908,56915936,1794,8.623243936460959
2016,22,Centro-Oeste,1681,15660988,467,10.733677849698882
2016,22,Sudeste,4588,86356952,1668,5.31283225466318
2016,22,Sul,158,29439773,1191,0.5366889208011216
2016,23,Norte,450,17707783,450,2.541255446828098
2016,23,Nordeste,4485,56915936,1794,7.880042594748859
2016,23,Centro-Oeste,1473,15660988,467,9.40553686651187
2016,23,Sudeste,2915,86356952,1668,3.3755244163781972
2016,23,Sul,79,29439773,1191,0.2683444604005608
2016,24,Norte,399,17707783,450,2.2532464961875807
2016,24,Nordeste,3994,56915936,1794,7.0173668056693295
2016,24,Centro-Oeste,1103,15660988,467,7.0429783868042035
2016,24,Sudeste,1912,86356952,1668,2.214066100897123
2016,24,Sul,84,29439773,1191,0.28532828700819124
2016,25,Norte,367,17707783,450,2.0725349977464713
2016,25,Nordeste,3240,56915936,1794,5.692606021624594
2016,25,Centro-Oeste,932,15660988,467,5.951093251587959
2016,25,Sudeste,1312,86356952,1668,1.5192754834607873
2016,25,Sul,75,29439773,1191,0.2547573991144565
2016,26,Norte,311,17707783,450,1.7562898754745302
2016,26,Nordeste,2901,56915936,1794,5.096990761954613
2016,26,Centro-Oeste,680,15660988,467,4.341999368111386
2016,26,Sudeste,1067,86356952,1668,1.2355693146742837
2016,26,Sul,80,29439773,1191,0.2717412257220869
2016,27,Norte,302,17707783,450,1.705464766537968
2016,27,Nordeste,2645,56915936,1794,4.647204607159583
2016,27,Centro-Oeste,620,15660988,467,3.95888177680744
2016,27,Sudeste,893,86356952,1668,1.0340800356177462
2016,27,Sul,60,29439773,1191,0.20380591929156516
2016,28,Norte,290,17707783,450,1.637697954622552
2016,28,Nordeste,2359,56915936,1794,4.144709137349511
2016,28,Centro-Oeste,543,15660988,467,3.4672142013007097
2016,28,Sudeste,820,86356952,1668,0.949547177162992
2016,28,Sul,62,29439773,1191,0.21059944993461738
2016,29,Norte,244,17707783,450,1.3779251756134576
2016,29,Nordeste,2076,56915936,1794,3.6474845990409435
2016,29,Centro-Oeste,455,15660988,467,2.905308400721589
2016,29,Sudeste,594,86356952,1668,0.6878427112619723
2016,29,Sul,39,29439773,1191,0.13247384753951738
2016,30,Norte,214,17707783,450,1.2085081458249178
2016,30,Nordeste,1782,56915936,1794,3.1309333118935267
2016,30,Centro-Oeste,426,15660988,467,2.7201348982580154
2016,30,Sudeste,544,86356952,1668,0.6299434931422776
2016,30,Sul,50,29439773,1191,0.1698382660763043
2016,31,Norte,197,17707783,450,1.1125051622780786
2016,31,Nordeste,1607,56915936,1794,2.8234623076391117
2016,31,Centro-Oeste,443,15660988,467,2.8286848824608
2016,31,Sudeste,493,86356952,1668,0.5708862906601891
2016,31,Sul,43,29439773,1191,0.14606090882562173
2016,32,Norte,169,17707783,450,0.954382601142108
2016,32,Nordeste,1456,56915936,1794,2.558158755396731
2016,32,Centro-Oeste,450,15660988,467,2.873381934779594
2016,32,Sudeste,445,86356952,1668,0.5153030412652823
2016,32,Sul,39,29439773,1191,0.13247384753951738
2016,33,Norte,217,17707783,450,1.2254498488037717
2016,33,Nordeste,1409,56915936,1794,2.4755808285398313
2016,33,Centro-Oeste,507,15660988,467,3.2373436465183425
2016,33,Sudeste,502,86356952,1668,0.5813081499217341
2016,33,Sul,30,29439773,1191,0.10190295964578258
2016,34,Norte,169,17707783,450,0.954382601142108
2016,34,Nordeste,1250,56915936,1794,2.196221458960106
2016,34,Centro-Oeste,432,15660988,467,2.75844665738841
2016,34,Sudeste,434,86356952,1668,0.5025652132789494
2016,34,Sul,31,29439773,1191,0.10529972496730869
2016,35,Norte,147,17707783,450,0.8301434459638454
2016,35,Nordeste,952,56915936,1794,1.6726422631440165
2016,35,Centro-Oeste,444,15660988,467,2.835070175649199
2016,35,Sudeste,410,86356952,1668,0.474773588581496
2016,35,Sul,37,29439773,1191,0.1256803168964652
2016,36,Norte,149,17707783,450,0.8414379146164147
2016,36,Nordeste,876,56915936,1794,1.5391119984392418
2016,36,Centro-Oeste,404,15660988,467,2.579658448113235
2016,36,Sudeste,429,86356952,1668,0.49677529146698
2016,36,Sul,24,29439773,1191,0.08152236771662608
2016,37,Norte,178,17707783,450,1.0052077100786698
2016,37,Nordeste,844,56915936,1794,1.4828887290898634
2016,37,Centro-Oeste,459,15660988,467,2.930849573475186
2016,37,Sudeste,521,86356952,1668,0.6033098528072182
2016,37,Sul,40,29439773,1191,0.13587061286104346
2016,38,Norte,168,17707783,450,0.9487353668158234
2016,38,Nordeste,831,56915936,1794,1.4600480259166784
2016,38,Centro-Oeste,545,15660988,467,3.479984787677508
2016,38,Sudeste,425,86356952,1668,0.49214335401740444
2016,38,Sul,33,29439773,1191,0.11209325561036085
2016,39,Norte,160,17707783,450,0.9035574922055459
2016,39,Nordeste,684,56915936,1794,1.2017723823429698
2016,39,Centro-Oeste,513,15660988,467,3.2756554056487373
2016,39,Sudeste,408,86356952,1668,0.47245761985670826
2016,39,Sul,51,29439773,1191,0.17323503139783042
2016,40,Norte,160,17707783,450,0.9035574922055459
2016,40,Nordeste,735,56915936,1794,1.291378217868542
2016,40,Centro-Oeste,512,15660988,467,3.269270112460338
2016,40,Sudeste,393,86356952,1668,0.45508785442079985
2016,40,Sul,51,29439773,1191,0.17323503139783042
2016,41,Norte,191,17707783,450,1.0786217563203706
2016,41,Nordeste,656,56915936,1794,1.1525770216622633
2016,41,Centro-Oeste,585,15660988,467,3.735396515213472
2016,41,Sudeste,510,86356952,1668,0.5905720248208852
2016,41,Sul,72,29439773,1191,0.24456710314987823
2016,42,Norte,155,17707783,450,0.8753213205741226
2016,42,Nordeste,725,56915936,1794,1.2738084461968613
2016,42,Centro-Oeste,652,15660988,467,4.163211158836211
2016,42,Sudeste,662,86356952,1668,0.7665856479047569
2016,42,Sul,79,29439773,1191,0.2683444604005608
2016,43,Norte,158,17707783,450,0.8922630235529766
2016,43,Nordeste,754,56915936,1794,1.3247607840447357
2016,43,Centro-Oeste,638,15660988,467,4.073817054198624
2016,43,Sudeste,576,86356952,1668,0.6669989927388822
2016,43,Sul,70,29439773,1191,0.23777357250682607
2016,44,Norte,184,17707783,450,1.0390911160363778
2016,44,Nordeste,758,56915936,1794,1.331788692713408
2016,44,Centro-Oeste,644,15660988,467,4.112128813329019
2016,44,Sudeste,668,86356952,1668,0.7735335540791204
2016,44,Sul,92,29439773,1191,0.31250240958039993
2016,45,Norte,179,17707783,450,1.0108549444049546
2016,45,Nordeste,838,56915936,1794,1.4723468660868548
2016,45,Centro-Oeste,675,15660988,467,4.310072902169391
2016,45,Sudeste,724,86356952,1668,0.8383806783731784
2016,45,Sul,86,29439773,1191,0.29212181765124345
2016,46,Norte,251,17707783,450,1.4174558158974502
2016,46,Nordeste,925,56915936,1794,1.6252038796304782
2016,46,Centro-Oeste,773,15660988,467,4.935831634632502
2016,46,Sudeste,834,86356952,1668,0.9657589582365066
2016,46,Sul,78,29439773,1191,0.26494769507903476
2016,47,Norte,248,17707783,450,1.4005141129185963
2016,47,Nordeste,927,56915936,1794,1.6287178339648143
2016,47,Centro-Oeste,861,15660988,467,5.497737435211623
2016,47,Sudeste,956,86356952,1668,1.1070330504485615
2016,47,Sul,115,29439773,1191,0.3906280119754999
2016,48,Norte,330,17707783,450,1.8635873276739388
2016,48,Nordeste,953,56915936,1794,1.6743992403111845
2016,48,Centro-Oeste,988,15660988,467,6.308669670138308
2016,48,Sudeste,1099,86356952,1668,1.2726248142708882
2016,48,Sul,90,29439773,1191,0.30570887893734777
2016,49,Norte,350,17707783,450,1.9765320141996319
2016,49,Nordeste,934,56915936,1794,1.6410166741349907
2016,49,Centro-Oeste,1009,15660988,467,6.442760827094689
2016,49,Sudeste,1162,86356952,1668,1.3455778291017033
2016,49,Sul,104,29439773,1191,0.353263593438713
2016,50,Norte,380,17707783,450,2.145949043988172
2016,50,Nordeste,776,56915936,1794,1.3634142817224335
2016,50,Centro-Oeste,1099,15660988,467,7.0174372140506085
2016,50,Sudeste,996,86356952,1668,1.153352424944317
2016,50,Sul,103,29439773,1191,0.3498668281171869
2016,51,Norte,332,17707783,450,1.874881796326508
2016,51,Nordeste,770,56915936,1794,1.3528724187194252
2016,51,Centro-Oeste,941,15660988,467,6.008560890283551
2016,51,Sudeste,1107,86356952,1668,1.2818886891700394
2016,51,Sul,86,29439773,1191,0.29212181765124345
2016,52,Norte,312,17707783,450,1.7619371098008145
2016,52,Nordeste,820,56915936,1794,1.4407212770778293
2016,52,Centro-Oeste,1041,15660988,467,6.64709020912346
2016,52,Sudeste,1166,86356952,1668,1.350209766551279
2016,52,Sul,88,29439773,1191,0.2989153482942956
2017,1,Norte,594,17936201,450,3.311738087680886
2017,1,Nordeste,1155,57254159,1794,2.017320698047455
2017,1,Centro-Oeste,1481,15875907,467,9.328600879307242
2017,1,Sudeste,1655,86949714,1668,1.9033990152055016
2017,1,Sul,101,29644948,1191,0.3406988603926713
2017,2,Norte,678,17936201,450,3.7800646859387896
2017,2,Nordeste,1285,57254159,1794,2.2443784389532295
2017,2,Centro-Oeste,1374,15875907,467,8.654623638195915
2017,2,Sudeste,1961,86949714,1668,2.2553265672616245
2017,2,Sul,103,29644948,1191,0.34744537247965485
2017,3,Norte,902,17936201,450,5.028935614626531
2017,3,Nordeste,1578,57254159,1794,2.756131654994705
2017,3,Centro-Oeste,1690,15875907,467,10.645061097926561
2017,3,Sudeste,2082,86949714,1668,2.3944874620289145
2017,3,Sul,109,29644948,1191,0.36768490874060566
2017,4,Norte,1338,17936201,450,7.4597736722508845
2017,4,Nordeste,1585,57254159,1794,2.768357841043478
2017,4,Centro-Oeste,1931,15875907,467,12.163084603607215
2017,4,Sudeste,2013,86949714,1668,2.3151312493103773
2017,4,Sul,106,29644948,1191,0.3575651406101303
2017,5,Norte,1571,17936201,450,8.758822450751975
2017,5,Nordeste,1895,57254159,1794,3.309803223203401
2017,5,Centro-Oeste,2194,15875907,467,13.81968286914253
2017,5,Sudeste,1872,86949714,1668,2.152968553755105
2017,5,Sul,78,29644948,1191,0.26311397139236004
2017,6,Norte,1086,17936201,450,6.054793877477176
2017,6,Nordeste,2060,57254159,1794,3.597991894353038
2017,6,Centro-Oeste,2222,15875907,467,13.996050745321197
2017,6,Sudeste,1937,86949714,1668,2.227724406316046
2017,6,Sul,90,29644948,1191,0.30359304391426156
2017,7,Norte,1109,17936201,450,6.183026160333506
2017,7,Nordeste,2570,57254159,1794,4.488756877906459
2017,7,Centro-Oeste,2298,15875907,467,14.474763552091858
2017,7,Sudeste,2133,86949714,1668,2.4531420540382687
2017,7,Sul,93,29644948,1191,0.31371281204473694
2017,8,Norte,801,17936201,450,4.465828633387861
2017,8,Nordeste,2527,57254159,1794,4.413653163606857
2017,8,Centro-Oeste,1971,15875907,467,12.415038712433878
2017,8,Sudeste,1737,86949714,1668,1.997706398436227
2017,8,Sul,80,29644948,1191,0.2698604834793436
2017,9,Norte,927,17936201,450,5.168318530774717
2017,9,Nordeste,2574,57254159,1794,4.495743269934329
2017,9,Centro-Oeste,2234,15875907,467,14.071636977969195
2017,9,Sudeste,2002,86949714,1668,2.3024802588769875
2017,9,Sul,76,29644948,1191,0.2563674593053764
2017,10,Norte,958,17936201,450,5.341153346798467
2017,10,Nordeste,2922,57254159,1794,5.1035593763590175
2017,10,Centro-Oeste,2825,15875907,467,17.79425893588316
2017,10,Sudeste,2272,86949714,1668,2.6130045695147426
2017,10,Sul,62,29644948,1191,0.2091418746964913
2017,11,Norte,913,17936201,450,5.090264097731732
2017,11,Nordeste,2884,57254159,1794,5.037188652094252
2017,11,Centro-Oeste,2890,15875907,467,18.203684362726488
2017,11,Sudeste,2157,86949714,1668,2.480744214983847
2017,11,Sul,80,29644948,1191,0.2698604834793436
2017,12,Norte,875,17936201,450,4.878402065186491
2017,12,Nordeste,3226,57254159,1794,5.634525170477135
2017,12,Centro-Oeste,3116,15875907,467,19.627225077597142
2017,12,Sudeste,2044,86949714,1668,2.350784040531749
2017,12,Sul,58,29644948,1191,0.19564885052252412
2017,13,Norte,640,17936201,450,3.5682026533935476
2017,13,Nordeste,3745,57254159,1794,6.541009536093265
2017,13,Centro-Oeste,2598,15875907,467,16.36441936829184
2017,13,Sudeste,1828,86949714,1668,2.102364592021545
2017,13,Sul,49,29644948,1191,0.16528954613109795
2017,14,Norte,663,17936201,450,3.6964349362498785
2017,14,Nordeste,4247,57254159,1794,7.417801735590947
2017,14,Centro-Oeste,2973,15875907,467,18.726489138541815
2017,14,Sudeste,1707,86949714,1668,1.9632036972542546
2017,14,Sul,40,29644948,1191,0.1349302417396718
2017,15,Norte,620,17936201,450,3.456696320474999
2017,15,Nordeste,4612,57254159,1794,8.05531000813408
2017,15,Centro-Oeste,2836,15875907,467,17.863546315810492
2017,15,Sudeste,1502,86949714,1668,1.72743523917744
2017,15,Sul,49,29644948,1191,0.16528954613109795
2017,16,Norte,505,17936201,450,2.815534906193346
2017,16,Nordeste,4408,57254159,1794,7.699004014712712
2017,16,Centro-Oeste,3027,15875907,467,19.066627185457815
2017,16,Sudeste,1721,86949714,1668,1.9793049578058417
2017,16,Sul,47,29644948,1191,0.15854303404411438
2017,17,Norte,400,17936201,450,2.2301266583709674
2017,17,Nordeste,4058,57254159,1794,7.08769471227409
2017,17,Centro-Oeste,3088,15875907,467,19.450857201418476
2017,17,Sudeste,1450,86949714,1668,1.6676305571286871
2017,17,Sul,39,29644948,1191,0.13155698569618002
2017,18,Norte,527,17936201,450,2.938191872403749
2017,18,Nordeste,3160,57254159,1794,5.51924970201728
2017,18,Centro-Oeste,3506,15875907,467,22.083777638657118
2017,18,Sudeste,1527,86949714,1668,1.7561874901624175
2017,18,Sul,43,29644948,1191,0.14505000987014718
2017,19,Norte,433,17936201,450,2.414112107686572
2017,19,Nordeste,3245,57254159,1794,5.667710532609518
2017,19,Centro-Oeste,3419,15875907,467,21.535777451959124
2017,19,Sudeste,1287,86949714,1668,1.4801658807066347
2017,19,Sul,39,29644948,1191,0.13155698569618002
2017,20,Norte,424,17936201,450,2.3639342578732254
2017,20,Nordeste,3079,57254159,1794,5.3777752634529135
2017,20,Centro-Oeste,3185,15875907,467,20.061845915323136
2017,20,Sudeste,1151,86949714,1668,1.3237536353483579
2017,20,Sul,38,29644948,1191,0.1281837296526882
2017,21,Norte,374,17936201,450,2.085168425576854
2017,21,Nordeste,2297,57254159,1794,4.011935622004333
2017,21,Centro-Oeste,2918,15875907,467,18.380052238905154
2017,21,Sudeste,988,86949714,1668,1.1362889589263052
2017,21,Sul,38,29644948,1191,0.1281837296526882
2017,22,Norte,289,17936201,450,1.6112665106730237
2017,22,Nordeste,2213,57254159,1794,3.8652213894190637
2017,22,Centro-Oeste,3019,15875907,467,19.01623636369248
2017,22,Sudeste,1086,86949714,1668,1.2489977827874166
2017,22,Sul,24,29644948,1191,0.08095814504380308
2017,23,Norte,268,17936201,450,1.494184861108548
2017,23,Nordeste,2066,57254159,1794,3.608471482394842
2017,23,Centro-Oeste,2407,15875907,467,15.161338498644518
2017,23,Sudeste,853,86949714,1668,0.9810268036074277
2017,23,Sul,25,29644948,1191,0.08433140108729487
2017,24,Norte,208,17936201,450,1.1596658623529028
2017,24,Nordeste,1777,57254159,1794,3.103704658381236
2017,24,Centro-Oeste,1903,15875907,467,11.986716727428549
2017,24,Sudeste,639,86949714,1668,0.7349075351760215
2017,24,Sul,28,29644948,1191,0.09445116921777026
2017,25,Norte,210,17936201,450,1.1708164956447578
2017,25,Nordeste,1459,57254159,1794,2.5482864921655732
2017,25,Centro-Oeste,1714,15875907,467,10.796233563222561
2017,25,Sudeste,680,86949714,1668,0.7820612267913843
2017,25,Sul,17,29644948,1191,0.05734535273936052
2017,26,Norte,192,17936201,450,1.070460796018064
2017,26,Nordeste,1276,57254159,1794,2.228659056890522
2017,26,Centro-Oeste,1409,15875907,467,8.875083483419246
2017,26,Sudeste,583,86949714,1668,0.6705024929696721
2017,26,Sul,19,29644948,1191,0.0640918648263441
2017,27,Norte,166,17936201,450,0.9255025632239514
2017,27,Nordeste,1190,57254159,1794,2.0784516282913175
2017,27,Centro-Oeste,899,15875907,467,5.662668595879278
2017,27,Sudeste,422,86949714,1668,0.4853379966264179
2017,27,Sul,20,29644948,1191,0.0674651208698359
2017,28,Norte,153,17936201,450,0.8530234468268949
2017,28,Nordeste,1090,57254159,1794,1.9037918275945684
2017,28,Centro-Oeste,792,15875907,467,4.988691354767951
2017,28,Sudeste,395,86949714,1668,0.4542855655626423
2017,28,Sul,16,29644948,1191,0.053972096695868714
2017,29,Norte,154,17936201,450,0.8585987634728224
2017,29,Nordeste,918,57254159,1794,1.6033769703961591
2017,29,Centro-Oeste,603,15875907,467,3.7982081905619625
2017,29,Sudeste,374,86949714,1668,0.4301336747352613
2017,29,Sul,11,29644948,1191,0.03710581647840974
2017,30,Norte,173,17936201,450,0.9645297797454433
2017,30,Nordeste,831,57254159,1794,1.4514229437899875
2017,30,Centro-Oeste,506,15875907,467,3.1872194766573023
2017,30,Sudeste,329,86949714,1668,0.3783796229623021
2017,30,Sul,15,29644948,1191,0.05059884065237693
2017,31,Norte,173,17936201,450,0.9645297797454433
2017,31,Nordeste,903,57254159,1794,1.577178000291647
2017,31,Centro-Oeste,522,15875907,467,3.288001120187968
2017,31,Sudeste,351,86949714,1668,0.4036816038290822
2017,31,Sul,23,29644948,1191,0.07758488900031128
2017,32,Norte,172,17936201,450,0.9589544630995158
2017,32,Nordeste,885,57254159,1794,1.5457392361662319
2017,32,Centro-Oeste,500,15875907,467,3.1494263603333024
2017,32,Sudeste,330,86949714,1668,0.3795297130017012
2017,32,Sul,19,29644948,1191,0.0640918648263441
2017,33,Norte,165,17936201,450,0.9199272465780239
2017,33,Nordeste,799,57254159,1794,1.3955318075670275
2017,33,Centro-Oeste,515,15875907,467,3.2439091511433014
2017,33,Sudeste,339,86949714,1668,0.38988052335629303
2017,33,Sul,18,29644948,1191,0.060718608782852304
2017,34,Norte,147,17936201,450,0.8195715469513305
2017,34,Nordeste,763,57254159,1794,1.3326542793161977
2017,34,Centro-Oeste,450,15875907,467,2.8344837242999725
2017,34,Sudeste,330,86949714,1668,0.3795297130017012
2017,34,Sul,27,29644948,1191,0.09107791317427846
2017,35,Norte,135,17936201,450,0.7526677472002015
2017,35,Nordeste,657,57254159,1794,1.1475148905776436
2017,35,Centro-Oeste,461,15875907,467,2.903771104227305
2017,35,Sudeste,349,86949714,1668,0.40138142375028396
2017,35,Sul,31,29644948,1191,0.10457093734824564
2017,36,Norte,139,17936201,450,0.774969013783911
2017,36,Nordeste,580,57254159,1794,1.0130268440411465
2017,36,Centro-Oeste,377,15875907,467,2.37466747569131
2017,36,Sudeste,325,86949714,1668,0.37377926280470575
2017,36,Sul,35,29644948,1191,0.11806396152221282
2017,37,Norte,168,17936201,450,0.9366531965158063
2017,37,Nordeste,609,57254159,1794,1.0636781862432039
2017,37,Centro-Oeste,492,15875907,467,3.09903553856797
2017,37,Sudeste,413,86949714,1668,0.474987186271826
2017,37,Sul,60,29644948,1191,0.20239536260950772
2017,38,Norte,127,17936201,450,0.7080652140327821
2017,38,Nordeste,542,57254159,1794,0.9466561197763816
2017,38,Centro-Oeste,480,15875907,467,3.02344930591997
2017,38,Sudeste,458,86949714,1668,0.5267412380447852
2017,38,Sul,59,29644948,1191,0.1990221065660159
2017,39,Norte,152,17936201,450,0.8474481301809675
2017,39,Nordeste,477,57254159,1794,0.8331272493234945
2017,39,Centro-Oeste,458,15875907,467,2.884874546065305
2017,39,Sudeste,427,86949714,1668,0.49108844682341335
2017,39,Sul,48,29644948,1191,0.16191629008760616
2017,40,Norte,144,17936201,450,0.8028455970135483
2017,40,Nordeste,487,57254159,1794,0.8505932293931695
2017,40,Centro-Oeste,521,15875907,467,3.2817022674673013
2017,40,Sudeste,524,86949714,1668,0.6026471806451256
2017,40,Sul,41,29644948,1191,0.1383034977831636
2017,41,Norte,139,17936201,450,0.774969013783911
2017,41,Nordeste,467,57254159,1794,0.8156612692538197
2017,41,Centro-Oeste,566,15875907,467,3.5651506398972983
2017,41,Sudeste,512,86949714,1668,0.5888461001723364
2017,41,Sul,45,29644948,1191,0.15179652195713078
2017,42,Norte,147,17936201,450,0.8195715469513305
2017,42,Nordeste,515,57254159,1794,0.8994979735882594
2017,42,Centro-Oeste,740,15875907,467,4.661151013293288
2017,42,Sudeste,555,86949714,1668,0.6382999718664975
2017,42,Sul,57,29644948,1191,0.1922755944790323
2017,43,Norte,125,17936201,450,0.6969145807409273
2017,43,Nordeste,427,57254159,1794,0.74579734897512
2017,43,Centro-Oeste,534,15875907,467,3.363587352835967
2017,43,Sudeste,499,86949714,1668,0.5738949296601482
2017,43,Sul,42,29644948,1191,0.1416767538266554
2017,44,Norte,135,17936201,450,0.7526677472002015
2017,44,Nordeste,484,57254159,1794,0.845353435372267
2017,44,Centro-Oeste,493,15875907,467,3.1053343912886366
2017,44,Sudeste,469,86949714,1668,0.5393922284781753
2017,44,Sul,38,29644948,1191,0.1281837296526882
2017,45,Norte,171,17936201,450,0.9533791464535885
2017,45,Nordeste,530,57254159,1794,0.9256969436927717
2017,45,Centro-Oeste,663,15875907,467,4.176139353801959
2017,45,Sudeste,523,86949714,1668,0.6014970906057264
2017,45,Sul,51,29644948,1191,0.17203605821808154
2017,46,Norte,170,17936201,450,0.947803829807661
2017,46,Nordeste,474,57254159,1794,0.8278874553025921
2017,46,Centro-Oeste,731,15875907,467,4.604461338807288
2017,46,Sudeste,566,86949714,1668,0.6509509622998875
2017,46,Sul,54,29644948,1191,0.18215582634855693
2017,47,Norte,204,17936201,450,1.1373645957691931
2017,47,Nordeste,427,57254159,1794,0.74579734897512
2017,47,Centro-Oeste,645,15875907,467,4.06276000482996
2017,47,Sudeste,535,86949714,1668,0.6152981710785156
2017,47,Sul,53,29644948,1191,0.17878257030506514
2017,48,Norte,219,17936201,450,1.2209943454581045
2017,48,Nordeste,443,57254159,1794,0.7737429170865997
2017,48,Centro-Oeste,631,15875907,467,3.974576066740628
2017,48,Sudeste,625,86949714,1668,0.7188062746244341
2017,48,Sul,62,29644948,1191,0.2091418746964913
2017,49,Norte,222,17936201,450,1.2377202953958868
2017,49,Nordeste,484,57254159,1794,0.845353435372267
2017,49,Centro-Oeste,718,15875907,467,4.522576253438622
2017,49,Sudeste,674,86949714,1668,0.7751606865549897
2017,49,Sul,64,29644948,1191,0.21588838678347486
2017,50,Norte,225,17936201,450,1.2544462453336689
2017,50,Nordeste,529,57254159,1794,0.9239503456858041
2017,50,Centro-Oeste,700,15875907,467,4.409196904466624
2017,50,Sudeste,748,86949714,1668,0.8602673494705226
2017,50,Sul,60,29644948,1191,0.20239536260950772
2017,51,Norte,191,17936201,450,1.0648854793721367
2017,51,Nordeste,420,57254159,1794,0.7335711629263474
2017,51,Centro-Oeste,720,15875907,467,4.535173958879956
2017,51,Sudeste,670,86949714,1668,0.7705603263973932
2017,51,Sul,42,29644948,1191,0.1416767538266554
2017,52,Norte,205,17936201,450,1.1429399124151207
2017,52,Nordeste,362,57254159,1794,0.6322684785222328
2017,52,Centro-Oeste,781,15875907,467,4.919403974840618
2017,52,Sudeste,622,86949714,1668,0.7153560045062368
2017,52,Sul,27,29644948,1191,0.09107791317427846
2018,1,Norte,262,18182253,450,1.4409655393091274
2018,1,Nordeste,524,56760780,1794,0.923172655485002
2018,1,Centro-Oeste,1670,16085885,467,10.381772591312197
2018,1,Sudeste,842,87711946,1668,0.9599604596619028
2018,1,Sul,36,29754036,1191,0.12099198912040034
2018,2,Norte,291,18182253,450,1.6004617249578477
2018,2,Nordeste,582,56760780,1794,1.0253558883440292
2018,2,Centro-Oeste,2084,16085885,467,12.95545753311055
2018,2,Sudeste,1027,87711946,1668,1.170878137853651
2018,2,Sul,41,29754036,1191,0.13779643205378928
2018,3,Norte,357,18182253,450,1.9634530440204523
2018,3,Nordeste,637,56760780,1794,1.1222537815724167
2018,3,Centro-Oeste,2456,16085885,467,15.26804400255255
2018,3,Sudeste,1288,87711946,1668,1.4684430784376852
2018,3,Sul,48,29754036,1191,0.1613226521605338
2018,4,Norte,319,18182253,450,1.7544580421359224
2018,4,Nordeste,573,56760780,1794,1.0094998694521111
2018,4,Centro-Oeste,2749,16085885,467,17.089516678752833
2018,4,Sudeste,1270,87711946,1668,1.4479213583974069
2018,4,Sul,45,29754036,1191,0.15123998640050043
2018,5,Norte,329,18182253,450,1.8094567268423776
2018,5,Nordeste,685,56760780,1794,1.2068192156626458
2018,5,Centro-Oeste,3289,16085885,467,20.44649703762025
2018,5,Sudeste,1386,87711946,1668,1.580172443101422
2018,5,Sul,73,29754036,1191,0.24534486682747847
2018,6,Norte,338,18182253,450,1.8589555430781874
2018,6,Nordeste,720,56760780,1794,1.268481511353438
2018,6,Centro-Oeste,2841,16085885,467,17.66144666581913
2018,6,Sudeste,1257,87711946,1668,1.433100116146095
2018,6,Sul,58,29754036,1191,0.19493153802731164
2018,7,Norte,392,18182253,450,2.1559484404930456
2018,7,Nordeste,879,56760780,1794,1.5486045117773224
2018,7,Centro-Oeste,3025,16085885,467,18.805306639951734
2018,7,Sudeste,1465,87711946,1668,1.6702399921670874
2018,7,Sul,39,29754036,1191,0.1310746548804337
2018,8,Norte,356,18182253,450,1.9579531755498067
2018,8,Nordeste,958,56760780,1794,1.6877851220508246
2018,8,Centro-Oeste,3538,16085885,467,21.99443798087578
2018,8,Sudeste,1525,87711946,1668,1.7386457256346817
2018,8,Sul,50,29754036,1191,0.16804442933388936
2018,9,Norte,430,18182253,450,2.3649434423775753
2018,9,Nordeste,1231,56760780,1794,2.168751028439003
2018,9,Centro-Oeste,4047,16085885,467,25.158702800623033
2018,9,Sudeste,1824,87711946,1668,2.0795342974148583
2018,9,Sul,36,29754036,1191,0.12099198912040034
2018,10,Norte,456,18182253,450,2.5079400226143593
2018,10,Nordeste,1325,56760780,1794,2.334358336865702
2018,10,Centro-Oeste,4459,16085885,467,27.71995448183299
2018,10,Sudeste,2208,87711946,1668,2.5173309916074604
2018,10,Sul,37,29754036,1191,0.12435287770707812
2018,11,Norte,480,18182253,450,2.639936865909852
2018,11,Nordeste,1574,56760780,1794,2.773041526208766
2018,11,Centro-Oeste,4304,16085885,467,26.756376786232153
2018,11,Sudeste,2463,87711946,1668,2.808055358844735
2018,11,Sul,38,29754036,1191,0.12771376629375591
2018,12,Norte,431,18182253,450,2.370443310848221
2018,12,Nordeste,1542,56760780,1794,2.7166645701486134
2018,12,Centro-Oeste,4248,16085885,467,26.408245489757014
2018,12,Sudeste,2595,87711946,1668,2.9585479724734416
2018,12,Sul,36,29754036,1191,0.12099198912040034
2018,13,Norte,379,18182253,450,2.084450150374654
2018,13,Nordeste,1562,56760780,1794,2.751900167686209
2018,13,Centro-Oeste,4055,16085885,467,25.20843584297662
2018,13,Sudeste,2611,87711946,1668,2.9767895013981334
2018,13,Sul,50,29754036,1191,0.16804442933388936
2018,14,Norte,548,18182253,450,3.0139279219137474
2018,14,Nordeste,2392,56760780,1794,4.214177465496422
2018,14,Centro-Oeste,4634,16085885,467,28.8078647833178
2018,14,Sudeste,3432,87711946,1668,3.9128079543463783
2018,14,Sul,65,29754036,1191,0.21845775813405616
2018,15,Norte,461,18182253,450,2.535439364967587
2018,15,Nordeste,2719,56760780,1794,4.790279485236108
2018,15,Centro-Oeste,4611,16085885,467,28.664882286551226
2018,15,Sudeste,3914,87711946,1668,4.4623340132027165
2018,15,Sul,86,29754036,1191,0.2890364184542897
2018,16,Norte,417,18182253,450,2.2934451522591837
2018,16,Nordeste,3180,56760780,1794,5.602460008477685
2018,16,Centro-Oeste,4429,16085885,467,27.533455573007014
2018,16,Sudeste,3433,87711946,1668,3.913948049904172
2018,16,Sul,67,29754036,1191,0.22517953530741172
2018,17,Norte,342,18182253,450,1.8809550169607692
2018,17,Nordeste,3012,56760780,1794,5.306480989161883
2018,17,Centro-Oeste,3263,16085885,467,20.284864649971077
2018,17,Sudeste,2695,87711946,1668,3.0725575282527653
2018,17,Sul,79,29754036,1191,0.2655101983475452
2018,18,Norte,414,18182253,450,2.276945546847247
2018,18,Nordeste,3046,56760780,1794,5.366381504975795
2018,18,Centro-Oeste,4343,16085885,467,26.99882536770591
2018,18,Sudeste,2748,87711946,1668,3.1329825928158064
2018,18,Sul,67,29754036,1191,0.22517953530741172
2018,19,Norte,390,18182253,450,2.1449487035517545
2018,19,Nordeste,2904,56760780,1794,5.116208762458866
2018,19,Centro-Oeste,4289,16085885,467,26.66312733181917
2018,19,Sudeste,2646,87711946,1668,3.0166928459208964
2018,19,Sul,65,29754036,1191,0.21845775813405616
2018,20,Norte,332,18182253,450,1.8259563322543142
2018,20,Nordeste,2726,56760780,1794,4.8026119443742665
2018,20,Centro-Oeste,3594,16085885,467,22.342569277350922
2018,20,Sudeste,2283,87711946,1668,2.6028381584419527
2018,20,Sul,51,29754036,1191,0.17140531792056712
2018,21,Norte,272,18182253,450,1.4959642240155826
2018,21,Nordeste,2500,56760780,1794,4.404449692199438
2018,21,Centro-Oeste,2530,16085885,467,15.728074644323268
2018,21,Sudeste,1718,87711946,1668,1.9586841682887757
2018,21,Sul,38,29754036,1191,0.12771376629375591
2018,22,Norte,217,18182253,450,1.1934714581300787
2018,22,Nordeste,2211,56760780,1794,3.8952953077811823
2018,22,Centro-Oeste,2010,16085885,467,12.495426891339829
2018,22,Sudeste,1250,87711946,1668,1.4251194472415423
2018,22,Sul,16,29754036,1191,0.0537742173868446
2018,23,Norte,217,18182253,450,1.1934714581300787
2018,23,Nordeste,2193,56760780,1794,3.8635832699973465
2018,23,Centro-Oeste,1880,16085885,467,11.687264953093969
2018,23,Sudeste,1237,87711946,1668,1.4102982049902302
2018,23,Sul,19,29754036,1191,0.06385688314687796
2018,24,Norte,209,18182253,450,1.1494725103649146
2018,24,Nordeste,2236,56760780,1794,3.939339804703177
2018,24,Centro-Oeste,1681,16085885,467,10.450155524548386
2018,24,Sudeste,1172,87711946,1668,1.3361919937336701
2018,24,Sul,22,29754036,1191,0.07393954890691132
2018,25,Norte,158,18182253,450,0.8689792183619929
2018,25,Nordeste,1803,56760780,1794,3.1764891180142345
2018,25,Centro-Oeste,1486,16085885,467,9.237912617179596
2018,25,Sudeste,1001,87711946,1668,1.141235653351027
2018,25,Sul,13,29754036,1191,0.04369155162681124
2018,26,Norte,126,18182253,450,0.692983427301336
2018,26,Nordeste,1511,56760780,1794,2.6620493939653405
2018,26,Centro-Oeste,997,16085885,467,6.197980403316324
2018,26,Sudeste,963,87711946,1668,1.0979120221548841
2018,26,Sul,33,29754036,1191,0.11090932336036698
2018,27,Norte,138,18182253,450,0.7589818489490824
2018,27,Nordeste,1548,56760780,1794,2.7272352494098917
2018,27,Centro-Oeste,922,16085885,467,5.731733131251405
2018,27,Sudeste,952,87711946,1668,1.0853709710191586
2018,27,Sul,18,29754036,1191,0.06049599456020017
2018,28,Norte,158,18182253,450,0.8689792183619929
2018,28,Nordeste,1338,56760780,1794,2.357261475265139
2018,28,Centro-Oeste,743,16085885,467,4.618956308589798
2018,28,Sudeste,801,87711946,1668,0.9132165417923803
2018,28,Sul,14,29754036,1191,0.04705244021348902
2018,29,Norte,147,18182253,450,0.8084806651848921
2018,29,Nordeste,1508,56760780,1794,2.656764054334701
2018,29,Centro-Oeste,641,16085885,467,3.9848600185815077
2018,29,Sudeste,694,87711946,1668,0.7912263171085042
2018,29,Sul,12,29754036,1191,0.04033066304013345
2018,30,Norte,147,18182253,450,0.8084806651848921
2018,30,Nordeste,1233,56760780,1794,2.1722745881927628
2018,30,Centro-Oeste,533,16085885,467,3.3134639468080245
2018,30,Sudeste,626,87711946,1668,0.7136998191785644
2018,30,Sul,12,29754036,1191,0.04033066304013345
2018,31,Norte,168,18182253,450,0.9239779030684482
2018,31,Nordeste,1164,56760780,1794,2.0507117766880585
2018,31,Centro-Oeste,610,16085885,467,3.7921444794613413
2018,31,Sudeste,597,87711946,1668,0.6806370480025606
2018,31,Sul,14,29754036,1191,0.04705244021348902
2018,32,Norte,176,18182253,450,0.9679768508336123
2018,32,Nordeste,1215,56760780,1794,2.140562550408927
2018,32,Centro-Oeste,511,16085885,467,3.176698080335648
2018,32,Sudeste,525,87711946,1668,0.5985501678414477
2018,32,Sul,9,29754036,1191,0.030247997280100084
2018,33,Norte,170,18182253,450,0.9349776400097393
2018,33,Nordeste,1076,56760780,1794,1.8956751475226379
2018,33,Centro-Oeste,523,16085885,467,3.2512976438660353
2018,33,Sudeste,467,87711946,1668,0.5324246254894401
2018,33,Sul,10,29754036,1191,0.03360888586677787
2018,34,Norte,196,18182253,450,1.0779742202465228
2018,34,Nordeste,996,56760780,1794,1.7547327573722558
2018,34,Centro-Oeste,561,16085885,467,3.487529595045594
2018,34,Sudeste,512,87711946,1668,0.5837289255901357
2018,34,Sul,11,29754036,1191,0.03696977445345566
2018,35,Norte,166,18182253,450,0.9129781661271571
2018,35,Nordeste,831,56760780,1794,1.464039077687093
2018,35,Centro-Oeste,501,16085885,467,3.114531777393659
2018,35,Sudeste,402,87711946,1668,0.45831841423287994
2018,35,Sul,11,29754036,1191,0.03696977445345566
2018,36,Norte,123,18182253,450,0.6764838218893995
2018,36,Nordeste,711,56760780,1794,1.25262549246152
2018,36,Centro-Oeste,467,16085885,467,2.9031663473908957
2018,36,Sudeste,353,87711946,1668,0.4024537319010115
2018,36,Sul,9,29754036,1191,0.030247997280100084
2018,37,Norte,212,18182253,450,1.1659721157768512
2018,37,Nordeste,703,56760780,1794,1.2385312534464819
2018,37,Centro-Oeste,494,16085885,467,3.071015365334267
2018,37,Sudeste,397,87711946,1668,0.45261793644391385
2018,37,Sul,8,29754036,1191,0.0268871086934223
2018,38,Norte,253,18182253,450,1.3914667230733175
2018,38,Nordeste,598,56760780,1794,1.0535443663741055
2018,38,Centro-Oeste,529,16085885,467,3.288597425631229
2018,38,Sudeste,455,87711946,1668,0.5187434787959214
2018,38,Sul,14,29754036,1191,0.04705244021348902
2018,39,Norte,213,18182253,450,1.1714719842474965
2018,39,Nordeste,562,56760780,1794,0.9901202908064336
2018,39,Centro-Oeste,590,16085885,467,3.6678118735773633
2018,39,Sudeste,474,87711946,1668,0.5404052943939929
2018,39,Sul,11,29754036,1191,0.03696977445345566
2018,40,Norte,251,18182253,450,1.3804669861320267
2018,40,Nordeste,625,56760780,1794,1.1011124230498595
2018,40,Centro-Oeste,720,16085885,467,4.475973811823223
2018,40,Sudeste,526,87711946,1668,0.599690263399241
2018,40,Sul,25,29754036,1191,0.08402221466694468
2018,41,Norte,309,18182253,450,1.699459357429467
2018,41,Nordeste,614,56760780,1794,1.0817328444041818
2018,41,Centro-Oeste,586,16085885,467,3.6429453524005675
2018,41,Sudeste,535,87711946,1668,0.6099511234193801
2018,41,Sul,20,29754036,1191,0.06721777173355574
2018,42,Norte,416,18182253,450,2.287945283788538
2018,42,Nordeste,613,56760780,1794,1.0799710645273022
2018,42,Centro-Oeste,771,16085885,467,4.793021956827367
2018,42,Sudeste,586,87711946,1668,0.6680959968668351
2018,42,Sul,23,29754036,1191,0.07730043749358911
2018,43,Norte,416,18182253,450,2.287945283788538
2018,43,Nordeste,565,56760780,1794,0.9954056304370729
2018,43,Centro-Oeste,791,16085885,467,4.917354562711346
2018,43,Sudeste,593,87711946,1668,0.6760766657713876
2018,43,Sul,39,29754036,1191,0.1310746548804337
2018,44,Norte,508,18182253,450,2.793933183087926
2018,44,Nordeste,539,56760780,1794,0.9495993536381987
2018,44,Centro-Oeste,823,16085885,467,5.116286732125712
2018,44,Sudeste,680,87711946,1668,0.775264979299399
2018,44,Sul,25,29754036,1191,0.08402221466694468
2018,45,Norte,617,18182253,450,3.3934188463882884
2018,45,Nordeste,624,56760780,1794,1.0993506431729796
2018,45,Centro-Oeste,958,16085885,467,5.955531821842566
2018,45,Sudeste,838,87711946,1668,0.9554000774307299
2018,45,Sul,23,29754036,1191,0.07730043749358911
2018,46,Norte,546,18182253,450,3.0029281849724563
2018,46,Nordeste,573,56760780,1794,1.0094998694521111
2018,46,Centro-Oeste,1039,16085885,467,6.459078875672678
2018,46,Sudeste,863,87711946,1668,0.9839024663755608
2018,46,Sul,19,29754036,1191,0.06385688314687796
2018,47,Norte,610,18182253,450,3.3549197670937696
2018,47,Nordeste,564,56760780,1794,0.9936438505601931
2018,47,Centro-Oeste,1515,16085885,467,9.418194895711364
2018,47,Sudeste,1186,87711946,1668,1.3521533315427752
2018,47,Sul,22,29754036,1191,0.07393954890691132
2018,48,Norte,655,18182253,450,3.6024138482728185
2018,48,Nordeste,581,56760780,1794,1.0235941084671494
2018,48,Centro-Oeste,1720,16085885,467,10.692604106022143
2018,48,Sudeste,1421,87711946,1668,1.6200757876241854
2018,48,Sul,34,29754036,1191,0.11427021194704476
2018,49,Norte,598,18182253,450,3.288921345446024
2018,49,Nordeste,551,56760780,1794,0.970740712160756
2018,49,Centro-Oeste,2144,16085885,467,13.328455350762486
2018,49,Sudeste,1801,87711946,1668,2.053312099585614
2018,49,Sul,49,29754036,1191,0.16468354074721156
2018,50,Norte,557,18182253,450,3.0634267381495572
2018,50,Nordeste,623,56760780,1794,1.0975888632961
2018,50,Centro-Oeste,2375,16085885,467,14.764496948722435
2018,50,Sudeste,2492,87711946,1668,2.841118130020739
2018,50,Sul,44,29754036,1191,0.14787909781382264
2018,51,Norte,609,18182253,450,3.349419898623124
2018,51,Nordeste,525,56760780,1794,0.9249344353618818
2018,51,Centro-Oeste,1818,16085885,467,11.301833874853637
2018,51,Sudeste,2504,87711946,1668,2.8547992767142576
2018,51,Sul,25,29754036,1191,0.08402221466694468
2018,52,Norte,559,18182253,450,3.0744264750908483
2018,52,Nordeste,515,56760780,1794,0.9073166365930843
2018,52,Centro-Oeste,1875,16085885,467,11.656181801622976
2018,52,Sudeste,3146,87711946,1668,3.5867406248175135
2018,52,Sul,44,29754036,1191,0.14787909781382264
2019,1,Norte,896,18430980,450,4.861380132798147
2019,1,Nordeste,832,57071654,1794,1.4578165195632846
2019,1,Centro-Oeste,2426,16297074,467,14.886107776156628
2019,1,Sudeste,5135,88371433,1668,5.810701293029842
2019,1,Sul,61,29975984,1191,0.2034962388557453
2019,2,Norte,1023,18430980,450,5.550437361442527
2019,2,Nordeste,1006,57071654,1794,1.7626964166834906
2019,2,Centro-Oeste,2774,16297074,467,17.021460416759474
2019,2,Sudeste,6825,88371433,1668,7.723083997064979
2019,2,Sul,102,29975984,1191,0.34027239939813153
2019,3,Norte,1193,18430980,450,6.472797431281462
2019,3,Nordeste,1247,57071654,1794,2.184972596028144
2019,3,Centro-Oeste,2935,16297074,467,18.009367816578607
2019,3,Sudeste,9099,88371433,1668,10.296313742021134
2019,3,Sul,122,29975984,1191,0.4069924777114906
2019,4,Norte,1213,18430980,450,6.581310380674277
2019,4,Nordeste,1467,57071654,1794,2.5704529257203586
2019,4,Centro-Oeste,3626,16297074,467,22.249392743752654
2019,4,Sudeste,12933,88371433,1668,14.634819829163572
2019,4,Sul,166,29975984,1191,0.5537766500008807
2019,5,Norte,1289,18430980,450,6.993659588366977
2019,5,Nordeste,1720,57071654,1794,3.0137553048664056
2019,5,Centro-Oeste,4552,16297074,467,27.93139431041425
2019,5,Sudeste,16102,88371433,1668,18.220820296079165
2019,5,Sul,224,29975984,1191,0.7472648771096222
2019,6,Norte,1478,18430980,450,8.019106960129086
2019,6,Nordeste,2007,57071654,1794,3.516631916783067
2019,6,Centro-Oeste,5157,16297074,467,31.643717148243912
2019,6,Sudeste,19347,88371433,1668,21.892821405306396
2019,6,Sul,320,29975984,1191,1.067521253013746
2019,7,Norte,1299,18430980,450,7.047916063063386
2019,7,Nordeste,2675,57071654,1794,4.687090372393974
2019,7,Centro-Oeste,5770,16297074,467,35.40512855252422
2019,7,Sudeste,21923,88371433,1668,24.807790544711434
2019,7,Sul,428,29975984,1191,1.4278096759058851
2019,8,Norte,1270,18430980,450,6.8905722864438035
2019,8,Nordeste,2637,57071654,1794,4.620507406356227
2019,8,Centro-Oeste,6548,16297074,467,40.17899163984897
2019,8,Sudeste,23641,88371433,1668,26.75185769591402
2019,8,Sul,408,29975984,1191,1.3610895975925261
2019,9,Norte,988,18430980,450,5.3605397000051
2019,9,Nordeste,2358,57071654,1794,4.131648260973828
2019,9,Centro-Oeste,6955,16297074,467,42.676372458025284
2019,9,Sudeste,23674,88371433,1668,26.789200080075652
2019,9,Sul,496,29975984,1191,1.6546579421713064
2019,10,Norte,931,18430980,450,5.051277794235575
2019,10,Nordeste,2750,57071654,1794,4.8185041211526825
2019,10,Centro-Oeste,7696,16297074,467,47.22320092551583
2019,10,Sudeste,26179,88371433,1668,29.623826514163238
2019,10,Sul,537,29975984,1191,1.7914341027136924
2019,11,Norte,1147,18430980,450,6.223217647677986
2019,11,Nordeste,3202,57071654,1794,5.610490980338506
2019,11,Centro-Oeste,9500,16297074,467,58.29267266013519
2019,11,Sudeste,33657,88371433,1668,38.085837082669016
2019,11,Sul,957,29975984,1191,3.1925557472942336
2019,12,Norte,1171,18430980,450,6.353433186949364
2019,12,Nordeste,3738,57071654,1794,6.5496612381340835
2019,12,Centro-Oeste,10513,16297074,467,64.5085123869475
2019,12,Sudeste,41269,88371433,1668,46.69948036261899
2019,12,Sul,1375,29975984,1191,4.587005384043439
2019,13,Norte,1043,18430980,450,5.658950310835344
2019,13,Nordeste,4110,57071654,1794,7.201473431977282
2019,13,Centro-Oeste,10741,16297074,467,65.90753653079075
2019,13,Sudeste,47710,88371433,1668,53.98803479853043
2019,13,Sul,1453,29975984,1191,4.84721368946554
2019,14,Norte,1031,18430980,450,5.593842541199654
2019,14,Nordeste,5340,57071654,1794,9.35665891162012
2019,14,Centro-Oeste,10737,16297074,467,65.88299224756543
2019,14,Sudeste,55664,88371433,1668,62.98868096888279
2019,14,Sul,1797,29975984,1191,5.994799036455317
2019,15,Norte,954,18430980,450,5.176067686037314
2019,15,Nordeste,5897,57071654,1794,10.332625019068134
2019,15,Centro-Oeste,11624,16297074,467,71.32568705278015
2019,15,Sudeste,61219,88371433,1668,69.27464896942432
2019,15,Sul,2051,29975984,1191,6.8421440310349775
2019,16,Norte,886,18430980,450,4.80712365810174
2019,16,Nordeste,6311,57071654,1794,11.058028912216212
2019,16,Centro-Oeste,10579,16297074,467,64.91349306016528
2019,16,Sudeste,63820,88371433,1668,72.2179077938003
2019,16,Sul,2592,29975984,1191,8.646922149411342
2019,17,Norte,829,18430980,450,4.497861752332215
2019,17,Nordeste,7599,57071654,1794,13.314841024232448
2019,17,Centro-Oeste,11211,16297074,467,68.79148980976585
2019,17,Sudeste,73640,88371433,1668,83.33009605038316
2019,17,Sul,2870,29975984,1191,9.574331237967034
2019,18,Norte,889,18430980,450,4.823400600510662
2019,18,Nordeste,9476,57071654,1794,16.603689109833752
2019,18,Centro-Oeste,11444,16297074,467,70.22119430764074
2019,18,Sudeste,73772,88371433,1668,83.4794655870297
2019,18,Sul,3358,29975984,1191,11.202301148812996
2019,19,Norte,700,18430980,450,3.7979532287485527
2019,19,Nordeste,9966,57071654,1794,17.462258935057324
2019,19,Centro-Oeste,11722,16297074,467,71.9270219918005
2019,19,Sudeste,77546,88371433,1668,87.75007643024189
2019,19,Sul,3702,29975984,1191,12.349886495802775
2019,20,Norte,699,18430980,450,3.792527581278912
2019,20,Nordeste,10903,57071654,1794,19.104054702882802
2019,20,Centro-Oeste,12064,16297074,467,74.02555820756537
2019,20,Sudeste,70902,88371433,1668,80.23180975236647
2019,20,Sul,3645,29975984,1191,12.159734272609699
2019,21,Norte,600,18430980,450,3.2553884817844736
2019,21,Nordeste,11168,57071654,1794,19.56838328183024
2019,21,Centro-Oeste,10752,16297074,467,65.97503330966038
2019,21,Sudeste,57991,88371433,1668,65.62188484597732
2019,21,Sul,2631,29975984,1191,8.777026302122392
2019,22,Norte,496,18430980,450,2.6911211449418313
2019,22,Nordeste,10913,57071654,1794,19.12157653605063
2019,22,Centro-Oeste,10037,16297074,467,61.58774268313441
2019,22,Sudeste,44704,88371433,1668,50.58648307762532
2019,22,Sul,1990,29975984,1191,6.638647792179232
2019,23,Norte,343,18430980,450,1.8609970820867907
2019,23,Nordeste,9870,57071654,1794,17.29404933664617
2019,23,Centro-Oeste,8491,16297074,467,52.1013772165482
2019,23,Sudeste,32809,88371433,1668,37.12625096845493
2019,23,Sul,1560,29975984,1191,5.204166108442012
2019,24,Norte,347,18430980,450,1.8826996719653541
2019,24,Nordeste,8522,57071654,1794,14.932106225622968
2019,24,Centro-Oeste,7068,16297074,467,43.369748459140574
2019,24,Sudeste,23158,88371433,1668,26.20530098227557
2019,24,Sul,1355,29975984,1191,4.52028530573008
2019,25,Norte,256,18430980,450,1.388965752228042
2019,25,Nordeste,6985,57071654,1794,12.239000467727815
2019,25,Centro-Oeste,4837,16297074,467,29.680174490218302
2019,25,Sudeste,16790,88371433,1668,18.999352426479266
2019,25,Sul,1151,29975984,1191,3.839740506933817
2019,26,Norte,217,18430980,450,1.1773655009120512
2019,26,Nordeste,6796,57071654,1794,11.907837820855868
2019,26,Centro-Oeste,3817,16297074,467,23.421382267761686
2019,26,Sudeste,14008,88371433,1668,15.851276282913732
2019,26,Sul,1040,29975984,1191,3.469444072294674
2019,27,Norte,184,18430980,450,0.9983191344139053
2019,27,Nordeste,6892,57071654,1794,12.076047419267015
2019,27,Centro-Oeste,2756,16297074,467,16.911011142245535
2019,27,Sudeste,9774,88371433,1668,11.060135236236352
2019,27,Sul,606,29975984,1191,2.0216183728947814
2019,28,Norte,176,18430980,450,0.9549139546567789
2019,28,Nordeste,6811,57071654,1794,11.934120570607607
2019,28,Centro-Oeste,1996,16297074,467,12.24759732943472
2019,28,Sudeste,6188,88371433,1668,7.00226282400558
2019,28,Sul,424,29975984,1191,1.4144656602432135
2019,29,Norte,139,18430980,450,0.7541649982800698
2019,29,Nordeste,6071,57071654,1794,10.637504916188341
2019,29,Centro-Oeste,1667,16297074,467,10.228830034152143
2019,29,Sudeste,4173,88371433,1668,4.722114215348301
2019,29,Sul,254,29975984,1191,0.8473449945796607
2019,30,Norte,180,18430980,450,0.9766165445353421
2019,30,Nordeste,5313,57071654,1794,9.309349962066984
2019,30,Centro-Oeste,1274,16297074,467,7.817354207264445
2019,30,Sudeste,3482,88371433,1668,3.9401873227516866
2019,30,Sul,253,29975984,1191,0.8440089906639928
2019,31,Norte,184,18430980,450,0.9983191344139053
2019,31,Nordeste,4830,57071654,1794,8.463045420060894
2019,31,Centro-Oeste,1130,16297074,467,6.9337600111529225
2019,31,Sudeste,2866,88371433,1668,3.2431294850678727
2019,31,Sul,207,29975984,1191,0.6905528105432669
2019,32,Norte,167,18430980,450,0.9060831274300118
2019,32,Nordeste,4605,57071654,1794,8.068804173784766
2019,32,Centro-Oeste,909,16297074,467,5.577688362953988
2019,32,Sudeste,2210,88371433,1668,2.5008081514305647
2019,32,Sul,158,29975984,1191,0.527088618675537
2019,33,Norte,124,18430980,450,0.6727802862354578
2019,33,Nordeste,3989,57071654,1794,6.989459250646565
2019,33,Centro-Oeste,864,16297074,467,5.301565176669137
2019,33,Sudeste,1791,88371433,1668,2.026673031317711
2019,33,Sul,124,29975984,1191,0.4136644855428266
2019,34,Norte,139,18430980,450,0.7541649982800698
2019,34,Nordeste,3633,57071654,1794,6.36568198987189
2019,34,Centro-Oeste,829,16297074,467,5.0868026984475865
2019,34,Sudeste,1543,88371433,1668,1.7460393564060457
2019,34,Sul,123,29975984,1191,0.4103284816271586
2019,35,Norte,163,18430980,450,0.8843805375514486
2019,35,Nordeste,3356,57071654,1794,5.880327211123056
2019,35,Centro-Oeste,733,16297074,467,4.497739901039904
2019,35,Sudeste,1311,88371433,1668,1.4835110798757785
2019,35,Sul,115,29975984,1191,0.38364045030181493
2019,36,Norte,138,18430980,450,0.748739350810429
2019,36,Nordeste,3165,57071654,1794,5.545660197617543
2019,36,Centro-Oeste,830,16297074,467,5.092938769253917
2019,36,Sudeste,1251,88371433,1668,1.4156158359455369
2019,36,Sul,100,29975984,1191,0.3336003915667956
2019,37,Norte,185,18430980,450,1.003744781883546
2019,37,Nordeste,2870,57071654,1794,5.028766119166619
2019,37,Centro-Oeste,792,16297074,467,4.859768078613375
2019,37,Sudeste,1417,88371433,1668,1.6034593441525384
2019,37,Sul,105,29975984,1191,0.35028041114513536
2019,38,Norte,196,18430980,450,1.0634269040495947
2019,38,Nordeste,2635,57071654,1794,4.617003039722662
2019,38,Centro-Oeste,853,16297074,467,5.234068397799507
2019,38,Sudeste,1341,88371433,1668,1.5174587018408991
2019,38,Sul,123,29975984,1191,0.4103284816271586
2019,39,Norte,205,18430980,450,1.112257731276362
2019,39,Nordeste,2178,57071654,1794,3.816255263952925
2019,39,Centro-Oeste,890,16297074,467,5.461103017633717
2019,39,Sudeste,1051,88371433,1668,1.189298356178065
2019,39,Sul,131,29975984,1191,0.43701651295250227
2019,40,Norte,275,18430980,450,1.4920530541512171
2019,40,Nordeste,2104,57071654,1794,3.6865936985109986
2019,40,Centro-Oeste,984,16297074,467,6.037893673428739
2019,40,Sudeste,1173,88371433,1668,1.327352018836223
2019,40,Sul,136,29975984,1191,0.453696532530842
2019,41,Norte,379,18430980,450,2.0563203909938594
2019,41,Nordeste,1942,57071654,1794,3.402740001192185
2019,41,Centro-Oeste,812,16297074,467,4.982489494739976
2019,41,Sudeste,1236,88371433,1668,1.3986420249629765
2019,41,Sul,169,29975984,1191,0.5637846617478846
2019,42,Norte,427,18430980,450,2.316751469536617
2019,42,Nordeste,1751,57071654,1794,3.068072987686672
2019,42,Centro-Oeste,900,16297074,467,5.522463725697018
2019,42,Sudeste,1208,88371433,1668,1.3669575777955303
2019,42,Sul,219,29975984,1191,0.7305848575312823
2019,43,Norte,546,18430980,450,2.962403518423871
2019,43,Nordeste,1590,57071654,1794,2.785971473684642
2019,43,Centro-Oeste,910,16297074,467,5.583824433760318
2019,43,Sudeste,1224,88371433,1668,1.3850629761769282
2019,43,Sul,248,29975984,1191,0.8273289710856532
2019,44,Norte,587,18430980,450,3.184855064679143
2019,44,Nordeste,1466,57071654,1794,2.5687007424035757
2019,44,Centro-Oeste,1045,16297074,467,6.4121939926148706
2019,44,Sudeste,1369,88371433,1668,1.5491431490083452
2019,44,Sul,295,29975984,1191,0.984121155122047
2019,45,Norte,859,18430980,450,4.660631176421438
2019,45,Nordeste,1364,57071654,1794,2.389978044091731
2019,45,Centro-Oeste,1138,16297074,467,6.982848577603563
2019,45,Sudeste,1597,88371433,1668,1.8071450759432632
2019,45,Sul,464,29975984,1191,1.5479058168699318
2019,46,Norte,990,18430980,450,5.371390994944382
2019,46,Nordeste,1334,57071654,1794,2.337412544588247
2019,46,Centro-Oeste,1078,16297074,467,6.614684329223761
2019,46,Sudeste,1552,88371433,1668,1.756223642995582
2019,46,Sul,537,29975984,1191,1.7914341027136924
2019,47,Norte,1137,18430980,450,6.168961172981578
2019,47,Nordeste,1241,57071654,1794,2.1744594961274473
2019,47,Centro-Oeste,1271,16297074,467,7.798945994845456
2019,47,Sudeste,1809,88371433,1668,2.0470416044967834
2019,47,Sul,801,29975984,1191,2.6721391364500326
2019,48,Norte,1131,18430980,450,6.136407288163733
2019,48,Nordeste,1145,57071654,1794,2.006249897716299
2019,48,Centro-Oeste,1245,16297074,467,7.639408153880875
2019,48,Sudeste,2175,88371433,1668,2.461202592471257
2019,48,Sul,952,29975984,1191,3.1758757277158938
2019,49,Norte,1270,18430980,450,6.8905722864438035
2019,49,Nordeste,1088,57071654,1794,1.9063754486596796
2019,49,Centro-Oeste,1647,16297074,467,10.106108618025543
2019,49,Sudeste,2534,88371433,1668,2.867442468653869
2019,49,Sul,1262,29975984,1191,4.210036941572961
2019,50,Norte,1258,18430980,450,6.825464516808114
2019,50,Nordeste,996,57071654,1794,1.7451745835156625
2019,50,Centro-Oeste,1873,16297074,467,11.492860620256128
2019,50,Sudeste,2885,88371433,1668,3.2646296456457824
2019,50,Sul,1515,29975984,1191,5.054045932236954
2019,51,Norte,982,18430980,450,5.3279858151872554
2019,51,Nordeste,852,57071654,1794,1.4928601858989403
2019,51,Centro-Oeste,1603,16297074,467,9.836121502547021
2019,51,Sudeste,2923,88371433,1668,3.3076299668016023
2019,51,Sul,1793,29975984,1191,5.981455020792645
2019,52,Norte,866,18430980,450,4.698610708708924
2019,52,Nordeste,777,57071654,1794,1.3614464371402306
2019,52,Centro-Oeste,1861,16297074,467,11.419227770580166
2019,52,Sudeste,3368,88371433,1668,3.811186359284227
2019,52,Sul,1863,29975984,1191,6.214975294889402
2020,1,Norte,1104,18672591,450,5.912409263395745
2020,1,Nordeste,952,57374243,1794,1.6592811516484847
2020,1,Centro-Oeste,2702,16504303,467,16.371488090105956
2020,1,Sudeste,5359,89012240,1668,6.020520323946459
2020,1,Sul,2890,30192315,1191,9.571972205509912
2020,2,Norte,1313,18672591,450,7.031696886629177
2020,2,Nordeste,1210,57374243,1794,2.1089602872843134
2020,2,Centro-Oeste,4067,16504303,467,24.642058498320104
2020,2,Sudeste,7886,89012240,1668,8.85945573327893
2020,2,Sul,4704,30192315,1191,15.580123617549697
2020,3,Norte,1284,18672591,450,6.876389034601573
2020,3,Nordeste,1477,57374243,1794,2.5743259043958107
2020,3,Centro-Oeste,5580,16504303,467,33.809364745666635
2020,3,Sudeste,10616,89012240,1668,11.92644966579877
2020,3,Sul,6646,30192315,1191,22.012223971563625
2020,4,Norte,1036,18672591,450,5.548239127606876
2020,4,Nordeste,1696,57374243,1794,2.9560302869704094
2020,4,Centro-Oeste,7398,16504303,467,44.82467390473866
2020,4,Sudeste,13479,89012240,1668,15.142861251441376
2020,4,Sul,9846,30192315,1191,32.61094752091716
2020,5,Norte,1018,18672591,450,5.451841150486293
2020,5,Nordeste,2118,57374243,1794,3.6915519739406406
2020,5,Centro-Oeste,7761,16504303,467,47.02410032098902
2020,5,Sudeste,15091,89012240,1668,16.95384814492928
2020,5,Sul,11324,30192315,1191,37.50623296027483
2020,6,Norte,1051,18672591,450,5.628570775207361
2020,6,Nordeste,2597,57374243,1794,4.526421376923439
2020,6,Centro-Oeste,8942,16504303,467,54.179809956227786
2020,6,Sudeste,19198,89012240,1668,21.56782033572012
2020,6,Sul,16344,30192315,1191,54.13298052832318
2020,7,Norte,958,18672591,450,5.13051456008435
2020,7,Nordeste,3064,57374243,1794,5.340375471272013
2020,7,Centro-Oeste,9236,16504303,467,55.961163582612365
2020,7,Sudeste,20225,89012240,1668,22.72159424366806
2020,7,Sul,21207,30192315,1191,70.23972822223139
2020,8,Norte,774,18672591,450,4.14511301618506
2020,8,Nordeste,3126,57374243,1794,5.448437899215507
2020,8,Centro-Oeste,9108,16504303,467,55.185608262281654
2020,8,Sudeste,16921,89012240,1668,19.00974517661841
2020,8,Sul,18693,30192315,1191,61.91310603377052
2020,9,Norte,754,18672591,450,4.038004152717745
2020,9,Nordeste,3997,57374243,1794,6.966540717582976
2020,9,Centro-Oeste,9578,16504303,467,58.03335045412096
2020,9,Sudeste,17748,89012240,1668,19.938830884381744
2020,9,Sul,20498,30192315,1191,67.89144853582773
2020,10,Norte,903,18672591,450,4.835965185549236
2020,10,Nordeste,4731,57374243,1794,8.245860429043047
2020,10,Centro-Oeste,10840,16504303,467,65.6798411905065
2020,10,Sudeste,19175,89012240,1668,21.54198119269889
2020,10,Sul,23210,30192315,1191,76.87386674390486
2020,11,Norte,957,18672591,450,5.125159116910985
2020,11,Nordeste,4906,57374243,1794,8.550875346625487
2020,11,Centro-Oeste,10482,16504303,467,63.51070990395656
2020,11,Sudeste,17377,89012240,1668,19.522034273039303
2020,11,Sul,21048,30192315,1191,69.71310414587289
2020,12,Norte,616,18672591,450,3.298952994793277
2020,12,Nordeste,3378,57374243,1794,5.887659380534224
2020,12,Centro-Oeste,8137,16504303,467,49.302294074460455
2020,12,Sudeste,12424,89012240,1668,13.95763099546759
2020,12,Sul,17060,30192315,1191,56.50444492249104
2020,13,Norte,489,18672591,450,2.618811711775832
2020,13,Nordeste,2872,57374243,1794,5.005730533124419
2020,13,Centro-Oeste,7229,16504303,467,43.80069852086453
2020,13,Sudeste,12348,89012240,1668,13.872249479397441
2020,13,Sul,16317,30192315,1191,54.04355379837551
2020,14,Norte,431,18672591,450,2.308196007720621
2020,14,Nordeste,4010,57374243,1794,6.989198968603385
2020,14,Centro-Oeste,7679,16504303,467,46.52726019390216
2020,14,Sudeste,12036,89012240,1668,13.521735887109458
2020,14,Sul,15523,30192315,1191,51.41374551769216
2020,15,Norte,454,18672591,450,2.4313712007080324
2020,15,Nordeste,5270,57374243,1794,9.185306375196967
2020,15,Centro-Oeste,8311,16504303,467,50.35656458803501
2020,15,Sudeste,11911,89012240,1668,13.381305761994081
2020,15,Sul,14065,30192315,1191,46.58470210051796
2020,16,Norte,431,18672591,450,2.308196007720621
2020,16,Nordeste,6975,57374243,1794,12.157023143643046
2020,16,Centro-Oeste,8156,16504303,467,49.41741556732205
2020,16,Sudeste,12188,89012240,1668,13.692498919249758
2020,16,Sul,11541,30192315,1191,38.22495890096536
2020,17,Norte,374,18672591,450,2.0029357468387756
2020,17,Nordeste,7210,57374243,1794,12.566614604396612
2020,17,Centro-Oeste,7537,16504303,467,45.666878510410285
2020,17,Sudeste,10920,89012240,1668,12.26797573007937
2020,17,Sul,9144,30192315,1191,30.285852542277727
2020,18,Norte,454,18672591,450,2.4313712007080324
2020,18,Nordeste,7071,57374243,1794,12.324345612716842
2020,18,Centro-Oeste,7490,16504303,467,45.382104291226355
2020,18,Sudeste,9572,89012240,1668,10.75357726083514
2020,18,Sul,7746,30192315,1191,25.655535191653904
2020,19,Norte,508,18672591,450,2.720565132069781
2020,19,Nordeste,7475,57374243,1794,13.028494336735736
2020,19,Centro-Oeste,6586,16504303,467,39.90474484139076
2020,19,Sudeste,8544,89012240,1668,9.598679911886276
2020,19,Sul,7116,30192315,1191,23.568911492874925
2020,20,Norte,491,18672591,450,2.6295225981225636
2020,20,Nordeste,7408,57374243,1794,12.911717196861316
2020,20,Centro-Oeste,5732,16504303,467,34.73033668855934
2020,20,Sudeste,7103,89012240,1668,7.979801429556205
2020,20,Sul,4985,30192315,1191,16.510824029227305
2020,21,Norte,485,18672591,450,2.5973899390823694
2020,21,Nordeste,6717,57374243,1794,11.707344008007217
2020,21,Centro-Oeste,4976,16504303,467,30.149713077856124
2020,21,Sudeste,5011,89012240,1668,5.629562855625249
2020,21,Sul,3510,30192315,1191,11.62547489319716
2020,22,Norte,390,18672591,450,2.0886228376126272
2020,22,Nordeste,6408,57374243,1794,11.168774810675934
2020,22,Centro-Oeste,4129,16504303,467,25.01771810660529
2020,22,Sudeste,3652,89012240,1668,4.102806535370866
2020,22,Sul,2441,30192315,1191,8.084838807491243
2020,23,Norte,314,18672591,450,1.6816091564368332
2020,23,Nordeste,6144,57374243,1794,10.708638020722994
2020,23,Centro-Oeste,3613,16504303,467,21.89126072152214
2020,23,Sudeste,3081,89012240,1668,3.4613217238438216
2020,23,Sul,1517,30192315,1191,5.02445738261541
2020,24,Norte,276,18672591,450,1.4781023158489361
2020,24,Nordeste,5208,57374243,1794,9.077243947253475
2020,24,Centro-Oeste,3357,16504303,467,20.34015008086073
2020,24,Sudeste,2787,89012240,1668,3.131030069572454
2020,24,Sul,1242,30192315,1191,4.113629577592841
2020,25,Norte,292,18672591,450,1.5637894066227875
2020,25,Nordeste,4988,57374243,1794,8.693796622292691
2020,25,Centro-Oeste,3157,16504303,467,19.128344892844005
2020,25,Sudeste,2570,89012240,1668,2.887243372372159
2020,25,Sul,1413,30192315,1191,4.67999886726142
2020,26,Norte,230,18672591,450,1.2317519298741133
2020,26,Nordeste,4044,57374243,1794,7.048459009733688
2020,26,Centro-Oeste,2618,16504303,467,15.862529911138932
2020,26,Sudeste,1940,89012240,1668,2.1794755417906573
2020,26,Sul,963,30192315,1191,3.1895533681335797
2020,27,Norte,246,18672591,450,1.3174390206479647
2020,27,Nordeste,4224,57374243,1794,7.362188639247058
2020,27,Centro-Oeste,2497,16504303,467,15.129387772388814
2020,27,Sudeste,1581,89012240,1668,1.7761602224592932
2020,27,Sul,678,30192315,1191,2.2456045520192807
2020,28,Norte,167,18672591,450,0.8943590099520736
2020,28,Nordeste,3729,57374243,1794,6.499432158085292
2020,28,Centro-Oeste,1976,16504303,467,11.972635257605244
2020,28,Sudeste,1428,89012240,1668,1.6042737493180714
2020,28,Sul,566,30192315,1191,1.8746492277919067
2020,29,Norte,177,18672591,450,0.9479134416857308
2020,29,Nordeste,3223,57374243,1794,5.617503310675489
2020,29,Centro-Oeste,1599,16504303,467,9.688382478193716
2020,29,Sudeste,1227,89012240,1668,1.3784621081325446
2020,29,Sul,420,30192315,1191,1.3910824658526515
2020,30,Norte,155,18672591,450,0.8300936918716851
2020,30,Nordeste,2686,57374243,1794,4.681543249293938
2020,30,Centro-Oeste,1329,16504303,467,8.052445474371138
2020,30,Sudeste,1036,89012240,1668,1.1638848769562478
2020,30,Sul,374,30192315,1191,1.2387258148306945
2020,31,Norte,144,18672591,450,0.7711838169646622
2020,31,Nordeste,2211,57374243,1794,3.853645615855881
2020,31,Centro-Oeste,1101,16504303,467,6.670987560032071
2020,31,Sudeste,921,89012240,1668,1.0346891618501006
2020,31,Sul,279,30192315,1191,0.9240762094592614
2020,32,Norte,118,18672591,450,0.6319422944571538
2020,32,Nordeste,1926,57374243,1794,3.3569070357930477
2020,32,Centro-Oeste,885,16504303,467,5.362237956974008
2020,32,Sudeste,742,89012240,1668,0.8335932226848801
2020,32,Sul,205,30192315,1191,0.6789807273804609
2020,33,Norte,132,18672591,450,0.7069184988842738
2020,33,Nordeste,1735,57374243,1794,3.024005040031639
2020,33,Centro-Oeste,958,16504303,467,5.804546850600113
2020,33,Sudeste,781,89012240,1668,0.8774074217208778
2020,33,Sul,139,30192315,1191,0.4603820541750442
2020,34,Norte,119,18672591,450,0.6372977376305196
2020,34,Nordeste,1472,57374243,1794,2.5656111924648837
2020,34,Centro-Oeste,734,16504303,467,4.447325040021381
2020,34,Sudeste,611,89012240,1668,0.6864224515639646
2020,34,Sul,115,30192315,1191,0.3808916275548927
2020,35,Norte,126,18672591,450,0.6747858398440795
2020,35,Nordeste,1265,57374243,1794,2.2048221185245094
2020,35,Centro-Oeste,633,16504303,467,3.835363420072935
2020,35,Sudeste,600,89012240,1668,0.6740646005538116
2020,35,Sul,128,30192315,1191,0.42394894197414146
2020,36,Norte,113,18672591,450,0.6051650785903253
2020,36,Nordeste,1181,57374243,1794,2.058414958084937
2020,36,Centro-Oeste,659,16504303,467,3.992898094515109
2020,36,Sudeste,610,89012240,1668,0.6852990105630417
2020,36,Sul,99,30192315,1191,0.327898009808125
2020,37,Norte,86,18672591,450,0.46056811290945104
2020,37,Nordeste,980,57374243,1794,1.7080835384616753
2020,37,Centro-Oeste,705,16504303,467,4.2716132877589565
2020,37,Sudeste,640,89012240,1668,0.7190022405907323
2020,37,Sul,144,30192315,1191,0.4769425597209091
2020,38,Norte,94,18672591,450,0.5034116582963768
2020,38,Nordeste,1028,57374243,1794,1.7917447729985738
2020,38,Centro-Oeste,584,16504303,467,3.5384711490088376
2020,38,Sudeste,616,89012240,1668,0.6920396565685798
2020,38,Sul,141,30192315,1191,0.46700625639339016
2020,39,Norte,131,18672591,450,0.701563055710908
2020,39,Nordeste,932,57374243,1794,1.624422303924777
2020,39,Centro-Oeste,534,16504303,467,3.2355198520046557
2020,39,Sudeste,631,89012240,1668,0.708891271582425
2020,39,Sul,151,30192315,1191,0.50012726748512
2020,40,Norte,126,18672591,450,0.6747858398440795
2020,40,Nordeste,809,57374243,1794,1.4100403904239749
2020,40,Centro-Oeste,581,16504303,467,3.5202940711885864
2020,40,Sudeste,605,89012240,1668,0.6796818055584265
2020,40,Sul,152,30192315,1191,0.503439368594293
2020,41,Norte,124,18672591,450,0.664074953497348
2020,41,Nordeste,805,57374243,1794,1.4030686208792331
2020,41,Centro-Oeste,516,16504303,467,3.126457385083151
2020,41,Sudeste,569,89012240,1668,0.6392379295251979
2020,41,Sul,159,30192315,1191,0.5266240763585038
2020,42,Norte,144,18672591,450,0.7711838169646622
2020,42,Nordeste,679,57374243,1794,1.183457880219875
2020,42,Centro-Oeste,467,16504303,467,2.829565114019053
2020,42,Sudeste,555,89012240,1668,0.6235097555122756
2020,42,Sul,163,30192315,1191,0.5398724807951957
2020,43,Norte,169,18672591,450,0.9050698962988051
2020,43,Nordeste,712,57374243,1794,1.2409749789639926
2020,43,Centro-Oeste,436,16504303,467,2.6417353098764607
2020,43,Sudeste,576,89012240,1668,0.647102016531659
2020,43,Sul,193,30192315,1191,0.6392355140703851
2020,44,Norte,181,18672591,450,0.9693352143791935
2020,44,Nordeste,599,57374243,1794,1.0440224893250445
2020,44,Centro-Oeste,421,16504303,467,2.5508499207752062
2020,44,Sudeste,435,89012240,1668,0.4886968354015133
2020,44,Sul,146,30192315,1191,0.483566761939255
2020,45,Norte,193,18672591,450,1.033600532459582
2020,45,Nordeste,634,57374243,1794,1.1050254728415327
2020,45,Centro-Oeste,679,16504303,467,4.1140786133167815
2020,45,Sudeste,548,89012240,1668,0.6156456685058145
2020,45,Sul,227,30192315,1191,0.7518469517822665
2020,46,Norte,240,18672591,450,1.2853063616077705
2020,46,Nordeste,579,57374243,1794,1.0091636416013365
2020,46,Centro-Oeste,584,16504303,467,3.5384711490088376
2020,46,Sudeste,635,89012240,1668,0.7133850355861172
2020,46,Sul,279,30192315,1191,0.9240762094592614
2020,47,Norte,334,18672591,450,1.7887180199041472
2020,47,Nordeste,610,57374243,1794,1.0631948555730837
2020,47,Centro-Oeste,736,16504303,467,4.459443091901548
2020,47,Sudeste,690,89012240,1668,0.7751742906368833
2020,47,Sul,489,30192315,1191,1.6196174423855871
2020,48,Norte,420,18672591,450,2.2492861328135985
2020,48,Nordeste,537,57374243,1794,0.9359600613815506
2020,48,Centro-Oeste,670,16504303,467,4.059547379856029
2020,48,Sudeste,724,89012240,1668,0.8133712846682658
2020,48,Sul,519,30192315,1191,1.7189804756607765
2020,49,Norte,494,18672591,450,2.645588927642661
2020,49,Nordeste,525,57374243,1794,0.9150447527473261
2020,49,Centro-Oeste,910,16504303,467,5.5137136054761
2020,49,Sudeste,772,89012240,1668,0.8672964527125707
2020,49,Sul,506,30192315,1191,1.675923161241528
2020,50,Norte,558,18672591,450,2.988337290738066
2020,50,Nordeste,536,57374243,1794,0.9342171189953653
2020,50,Centro-Oeste,865,16504303,467,5.241057438172335
2020,50,Sudeste,817,89012240,1668,0.9178512977541067
2020,50,Sul,634,30192315,1191,2.0998721032156693
2020,51,Norte,619,18672591,450,3.3150193243133748
2020,51,Nordeste,463,57374243,1794,0.8069823248038323
2020,51,Centro-Oeste,669,16504303,467,4.053488353915945
2020,51,Sudeste,793,89012240,1668,0.8908887137319541
2020,51,Sul,537,30192315,1191,1.7785982956258903
2020,52,Norte,513,18672591,450,2.747342347936609
2020,52,Nordeste,310,57374243,1794,0.5403121397174686
2020,52,Centro-Oeste,525,16504303,467,3.180988618543904
2020,52,Sudeste,594,89012240,1668,0.6673239545482734
2020,52,Sul,446,30192315,1191,1.477197094691149
2020,53,Norte,267,18672591,450,1.4299033272886446
2020,53,Nordeste,152,57374243,1794,0.2649272427001782
2020,53,Centro-Oeste,292,16504303,467,1.7692355745044188
2020,53,Sudeste,347,89012240,1668,0.38983402732028766
2020,53,Sul,283,30192315,1191,0.9373246138959533
2021,1,Norte,1521,18906962,450,8.044655719940623
2021,1,Nordeste,551,57667842,1794,0.9554718555273839
2021,1,Centro-Oeste,1252,16707336,467,7.493714138507779
2021,1,Sudeste,1605,89632912,1668,1.7906369035516776
2021,1,Sul,594,30402587,1191,1.953781104219848
2021,2,Norte,1435,18906962,450,7.58979681664352
2021,2,Nordeste,646,57667842,1794,1.12020838234245
2021,2,Centro-Oeste,1426,16707336,467,8.53517281270934
2021,2,Sudeste,1835,89632912,1668,2.0472390766463104
2021,2,Sul,646,30402587,1191,2.1248191806835384
2021,3,Norte,1707,18906962,450,9.028420324745985
2021,3,Nordeste,776,57667842,1794,1.3456373137735933
2021,3,Centro-Oeste,1575,16707336,467,9.426996619927916
2021,3,Sudeste,2346,89632912,1668,2.617342165565256
2021,3,Sul,857,30402587,1191,2.818839067872744
2021,4,Norte,1519,18906962,450,8.034077605910458
2021,4,Nordeste,941,57667842,1794,1.6317586498208134
2021,4,Centro-Oeste,1829,16707336,467,10.947286868475022
2021,4,Sudeste,2932,89632912,1668,3.2711198761454945
2021,4,Sul,851,30402587,1191,2.7991039052038564
2021,5,Norte,1600,18906962,450,8.462491224132147
2021,5,Nordeste,1281,57667842,1794,2.221342008948419
2021,5,Centro-Oeste,2238,16707336,467,13.39531329231662
2021,5,Sudeste,4117,89632912,1668,4.593178898393929
2021,5,Sul,978,30402587,1191,3.216831515028639
2021,6,Norte,1505,18906962,450,7.960030807699302
2021,6,Nordeste,1484,57667842,1794,2.5733579557216655
2021,6,Centro-Oeste,2503,16707336,467,14.981442882336239
2021,6,Sudeste,5073,89632912,1668,5.659751409169882
2021,6,Sul,1105,30402587,1191,3.6345591248534213
2021,7,Norte,1616,18906962,450,8.54711613637347
2021,7,Nordeste,1878,57667842,1794,3.2565810248283613
2021,7,Centro-Oeste,2790,16707336,467,16.699251155300882
2021,7,Sudeste,6104,89632912,1668,6.809998541607128
2021,7,Sul,1394,30402587,1191,4.5851361267381625
2021,8,Norte,1465,18906962,450,7.748468527095998
2021,8,Nordeste,1721,57667842,1794,2.9843322384076725
2021,8,Centro-Oeste,2589,16707336,467,15.496186824757698
2021,8,Sudeste,7092,89632912,1668,7.912272224291899
2021,8,Sul,1591,30402587,1191,5.233107301033297
2021,9,Norte,1649,18906962,450,8.721655017871194
2021,9,Nordeste,1954,57667842,1794,3.388370246280414
2021,9,Centro-Oeste,3039,16707336,467,18.18961443045139
2021,9,Sudeste,8423,89632912,1668,9.397217843374317
2021,9,Sul,1953,30402587,1191,6.423795448722834
2021,10,Norte,1370,18906962,450,7.246008110663151
2021,10,Nordeste,2302,57667842,1794,3.991826155034551
2021,10,Centro-Oeste,2721,16707336,467,16.286258922427848
2021,10,Sudeste,8641,89632912,1668,9.640432077003144
2021,10,Sul,2192,30402587,1191,7.20991276170018
2021,11,Norte,1172,18906962,450,6.198774821676798
2021,11,Nordeste,2328,57667842,1794,4.0369119413207795
2021,11,Centro-Oeste,2882,16707336,467,17.249907465798255
2021,11,Sudeste,9927,89632912,1668,11.075172923088788
2021,11,Sul,2576,30402587,1191,8.47296317250897
2021,12,Norte,897,18906962,450,4.744284142529086
2021,12,Nordeste,1966,57667842,1794,3.4091790707202114
2021,12,Centro-Oeste,2874,16707336,467,17.202024308363704
2021,12,Sudeste,9931,89632912,1668,11.07963556957739
2021,12,Sul,2967,30402587,1191,9.759037939764797
2021,13,Norte,908,18906962,450,4.802463769694994
2021,13,Nordeste,2422,57667842,1794,4.199914399432529
2021,13,Centro-Oeste,3303,16707336,467,19.769758625791688
2021,13,Sudeste,12907,89632912,1668,14.399844557097508
2021,13,Sul,4401,30402587,1191,14.475741817628876
2021,14,Norte,809,18906962,450,4.278847125201818
2021,14,Nordeste,2912,57667842,1794,5.049608064057607
2021,14,Centro-Oeste,4031,16707336,467,24.127125952336147
2021,14,Sudeste,14023,89632912,1668,15.644922927417554
2021,14,Sul,5338,30402587,1191,17.55771638775345
2021,15,Norte,762,18906962,450,4.030261445492935
2021,15,Nordeste,2772,57667842,1794,4.8068384455933
2021,15,Centro-Oeste,3809,16707336,467,22.79836833352726
2021,15,Sudeste,12341,89632912,1668,13.768380078960282
2021,15,Sul,5303,30402587,1191,17.442594605518273
2021,16,Norte,687,18906962,450,3.6335821693617407
2021,16,Nordeste,3001,57667842,1794,5.203940178652775
2021,16,Centro-Oeste,3828,16707336,467,22.912090832434327
2021,16,Sudeste,12510,89632912,1668,13.95692689310373
2021,16,Sul,6292,30402587,1191,20.69560725210654
2021,17,Norte,636,18906962,450,3.3638402615925287
2021,17,Nordeste,3633,57667842,1794,6.299871599148793
2021,17,Centro-Oeste,3791,16707336,467,22.690631229299512
2021,17,Sudeste,10454,89632912,1668,11.663126597962142
2021,17,Sul,6109,30402587,1191,20.093684790705478
2021,18,Norte,571,18906962,450,3.0200515556121603
2021,18,Nordeste,4321,57667842,1794,7.492910867030536
2021,18,Centro-Oeste,3766,16707336,467,22.54099636231653
2021,18,Sudeste,8989,89632912,1668,10.028682321511544
2021,18,Sul,4599,30402587,1191,15.127002185702157
2021,19,Norte,611,18906962,450,3.231613836215464
2021,19,Nordeste,5012,57667842,1794,8.69115234102223
2021,19,Centro-Oeste,3784,16707336,467,22.64873346654428
2021,19,Sudeste,7432,89632912,1668,8.291597175823094
2021,19,Sul,3862,30402587,1191,12.702866371207161
2021,20,Norte,561,18906962,450,2.9671609854613346
2021,20,Nordeste,5263,57667842,1794,9.126403585554666
2021,20,Centro-Oeste,3418,16707336,467,20.45807901391341
2021,20,Sudeste,5776,89632912,1668,6.444061529541739
2021,20,Sul,2677,30402587,1191,8.805171744101909
2021,21,Norte,488,18906962,450,2.581059823360305
2021,21,Nordeste,5056,57667842,1794,8.767451363968155
2021,21,Centro-Oeste,3019,16707336,467,18.069906536865005
2021,21,Sudeste,4618,89632912,1668,5.152125371091368
2021,21,Sul,2179,30402587,1191,7.1671532425842575
2021,22,Norte,470,18906962,450,2.4858567970888186
2021,22,Nordeste,5878,57667842,1794,10.192855838094307
2021,22,Centro-Oeste,3188,16707336,467,19.081438237669968
2021,22,Sudeste,3927,89632912,1668,4.381203190185319
2021,22,Sul,1317,30402587,1191,4.331868205820775
2021,23,Norte,484,18906962,450,2.5599035952999745
2021,23,Nordeste,5783,57667842,1794,10.028119311279239
2021,23,Centro-Oeste,2698,16707336,467,16.148594844803505
2021,23,Sudeste,3514,89632912,1668,3.9204349402371306
2021,23,Sul,1102,30402587,1191,3.6246915435189773
2021,24,Norte,429,18906962,450,2.2690054594704323
2021,24,Nordeste,5167,57667842,1794,8.959932990036284
2021,24,Centro-Oeste,2272,16707336,467,13.598816711413479
2021,24,Sudeste,2634,89632912,1668,2.9386527127446223
2021,24,Sul,789,30402587,1191,2.5951738909586872
2021,25,Norte,352,18906962,450,1.8617480693090724
2021,25,Nordeste,4910,57667842,1794,8.514277333283948
2021,25,Centro-Oeste,2017,16707336,467,12.072541068187054
2021,25,Sudeste,1813,89632912,1668,2.0226945209589977
2021,25,Sul,449,30402587,1191,1.4768480063884037
2021,26,Norte,329,18906962,450,1.7400997579621729
2021,26,Nordeste,5093,57667842,1794,8.831611905990865
2021,26,Centro-Oeste,1596,16707336,467,9.552689908193623
2021,26,Sudeste,1475,89632912,1668,1.6456008926721022
2021,26,Sul,265,30402587,1191,0.8716363512091916
2021,27,Norte,359,18906962,450,1.8987714684146506
2021,27,Nordeste,4938,57667842,1794,8.562831256976809
2021,27,Centro-Oeste,1231,16707336,467,7.368020850242073
2021,27,Sudeste,1161,89632912,1668,1.295283143316821
2021,27,Sul,208,30402587,1191,0.6841523058547616
2021,28,Norte,274,18906962,450,1.4492016221326303
2021,28,Nordeste,4517,57667842,1794,7.832788332880567
2021,28,Centro-Oeste,1053,16707336,467,6.302620597323235
2021,28,Sudeste,1024,89632912,1668,1.1424375010821919
2021,28,Sul,173,30402587,1191,0.5690305236195854
2021,29,Norte,293,18906962,450,1.5496937054191995
2021,29,Nordeste,3867,57667842,1794,6.705643675724852
2021,29,Centro-Oeste,1008,16707336,467,6.033277836753867
2021,29,Sudeste,811,89632912,1668,0.9048015755641187
2021,29,Sul,107,30402587,1191,0.3519437342618245
2021,30,Norte,227,18906962,450,1.2006159424237486
2021,30,Nordeste,3402,57667842,1794,5.899301728682686
2021,30,Centro-Oeste,827,16707336,467,4.949921399797072
2021,30,Sudeste,627,89632912,1668,0.6995198370884124
2021,30,Sul,75,30402587,1191,0.24668953336109195
2021,31,Norte,276,18906962,450,1.4597797361627955
2021,31,Nordeste,3371,57667842,1794,5.845545598879875
2021,31,Centro-Oeste,761,16707336,467,4.554885350961997
2021,31,Sudeste,605,89632912,1668,0.6749752814010996
2021,31,Sul,75,30402587,1191,0.24668953336109195
2021,32,Norte,230,18906962,450,1.2164831134689962
2021,32,Nordeste,2857,57667842,1794,4.954234285375201
2021,32,Centro-Oeste,637,16707336,467,3.812696410726402
2021,32,Sudeste,639,89632912,1668,0.7129077765542193
2021,32,Sul,68,30402587,1191,0.22366517691405668
2021,33,Norte,236,18906962,450,1.2482174555594918
2021,33,Nordeste,2709,57667842,1794,4.697592117284361
2021,33,Centro-Oeste,713,16707336,467,4.26758640635467
2021,33,Sudeste,645,89632912,1668,0.7196017462871228
2021,33,Sul,95,30402587,1191,0.3124734089240498
2021,34,Norte,172,18906962,450,0.9097178065942059
2021,34,Nordeste,2160,57667842,1794,3.7455883991636103
2021,34,Centro-Oeste,579,16707336,467,3.4655435193258817
2021,34,Sudeste,630,89632912,1668,0.7028668219548642
2021,34,Sul,82,30402587,1191,0.26971388980812716
2021,35,Norte,191,18906962,450,1.0102098898807752
2021,35,Nordeste,1979,57667842,1794,3.431721963863326
2021,35,Centro-Oeste,585,16707336,467,3.5014558874017974
2021,35,Sudeste,506,89632912,1668,0.5645247808081925
2021,35,Sul,59,30402587,1191,0.19406243291072567
2021,36,Norte,205,18906962,450,1.0842566880919313
2021,36,Nordeste,2075,57667842,1794,3.5981925593817086
2021,36,Centro-Oeste,534,16707336,467,3.196200758756513
2021,36,Sudeste,585,89632912,1668,0.652662048958088
2021,36,Sul,70,30402587,1191,0.23024356447035246
2021,37,Norte,192,18906962,450,1.0154989468958577
2021,37,Nordeste,1814,57667842,1794,3.145600627816106
2021,37,Centro-Oeste,602,16707336,467,3.603207596950226
2021,37,Sudeste,613,89632912,1668,0.6839005743783042
2021,37,Sul,65,30402587,1191,0.21379759557961303
2021,38,Norte,179,18906962,450,0.9467412056997841
2021,38,Nordeste,1754,57667842,1794,3.0415565056171165
2021,38,Centro-Oeste,593,16707336,467,3.549339044836352
2021,38,Sudeste,548,89632912,1668,0.6113825689385167
2021,38,Sul,81,30402587,1191,0.26642469602997926
2021,39,Norte,183,18906962,450,0.9678974337601145
2021,39,Nordeste,1621,57667842,1794,2.810925368076024
2021,39,Centro-Oeste,699,16707336,467,4.1837908808441995
2021,39,Sudeste,532,89632912,1668,0.5935319829841075
2021,39,Sul,55,30402587,1191,0.18090565779813408
2021,40,Norte,170,18906962,450,0.8991396925640407
2021,40,Nordeste,1223,57667842,1794,2.1207660241560626
2021,40,Centro-Oeste,646,16707336,467,3.866564962840276
2021,40,Sudeste,494,89632912,1668,0.5511368413423855
2021,40,Sul,59,30402587,1191,0.19406243291072567
2021,41,Norte,214,18906962,450,1.1318582012276748
2021,41,Nordeste,1220,57667842,1794,2.115563818046113
2021,41,Centro-Oeste,671,16707336,467,4.016199829823258
2021,41,Sudeste,500,89632912,1668,0.557830811075289
2021,41,Sul,61,30402587,1191,0.20064082046702145
2021,42,Norte,310,18906962,450,1.6396076746756034
2021,42,Nordeste,1221,57667842,1794,2.1172978867494296
2021,42,Centro-Oeste,796,16707336,467,4.7643741647381725
2021,42,Sudeste,489,89632912,1668,0.5455585332316326
2021,42,Sul,51,30402587,1191,0.1677488826855425
2021,43,Norte,303,18906962,450,1.6025842755700255
2021,43,Nordeste,1078,57667842,1794,1.8693260621751722
2021,43,Centro-Oeste,870,16707336,467,5.207293371007801
2021,43,Sudeste,529,89632912,1668,0.5901849981176557
2021,43,Sul,44,30402587,1191,0.1447245262385073
2021,44,Norte,385,18906962,450,2.036286950806798
2021,44,Nordeste,1155,57667842,1794,2.0028493523305415
2021,44,Centro-Oeste,1053,16707336,467,6.302620597323235
2021,44,Sudeste,590,89632912,1668,0.658240357068841
2021,44,Sul,61,30402587,1191,0.20064082046702145
2021,45,Norte,528,18906962,450,2.792622103963609
2021,45,Nordeste,1001,57667842,1794,1.7358027720198026
2021,45,Centro-Oeste,1302,16707336,467,7.792983872473744
2021,45,Sudeste,712,89632912,1668,0.7943510749712114
2021,45,Sul,55,30402587,1191,0.18090565779813408
2021,46,Norte,898,18906962,450,4.749573199544168
2021,46,Nordeste,998,57667842,1794,1.7306005659098531
2021,46,Centro-Oeste,1821,16707336,467,10.899403711040469
2021,46,Sudeste,823,89632912,1668,0.9181895150299256
2021,46,Sul,67,30402587,1191,0.22037598313590878
2021,47,Norte,1030,18906962,450,5.44772872553507
2021,47,Nordeste,967,57667842,1794,1.676844436107042
2021,47,Centro-Oeste,2495,16707336,467,14.933559724901684
2021,47,Sudeste,883,89632912,1668,0.9851292123589603
2021,47,Sul,83,30402587,1191,0.27300308358627506
2021,48,Norte,1601,18906962,450,8.467780281147231
2021,48,Nordeste,1182,57667842,1794,2.0496692073200866
2021,48,Centro-Oeste,3411,16707336,467,20.416181251158175
2021,48,Sudeste,1223,89632912,1668,1.3644541638901568
2021,48,Sul,60,30402587,1191,0.19735162668887354
2021,49,Norte,1939,18906962,450,10.255481552245147
2021,49,Nordeste,1328,57667842,1794,2.302843238004294
2021,49,Centro-Oeste,4610,16707336,467,27.592669471662028
2021,49,Sudeste,1561,89632912,1668,1.741547792177052
2021,49,Sul,86,30402587,1191,0.2828706649207188
2021,50,Norte,2208,18906962,450,11.678237889302364
2021,50,Nordeste,1538,57667842,1794,2.6669976657007557
2021,50,Centro-Oeste,5236,16707336,467,31.339526540915916
2021,50,Sudeste,1720,89632912,1668,1.918937990098994
2021,50,Sul,73,30402587,1191,0.24011114580479614
2021,51,Norte,1682,18906962,450,8.896193899368921
2021,51,Nordeste,1177,57667842,1794,2.0409988638035044
2021,51,Centro-Oeste,4851,16707336,467,29.03514958937798
2021,51,Sudeste,1718,89632912,1668,1.9167066668546928
2021,51,Sul,98,30402587,1191,0.3223409902584935
2021,52,Norte,853,18906962,450,4.511565633865451
2021,52,Nordeste,464,57667842,1794,0.8046078783388496
2021,52,Centro-Oeste,2562,16707336,467,15.33458116841608
2021,52,Sudeste,1166,89632912,1668,1.3008614514275738
2021,52,Sul,68,30402587,1191,0.22366517691405668
2022,1,Norte,1937,17354884,450,11.161123289559296
2022,1,Nordeste,935,54656427,1794,1.7106862839753503
2022,1,Centro-Oeste,6236,16289538,467,38.28223980324058
2022,1,Sudeste,2389,84840113,1668,2.815884981199872
2022,1,Sul,161,29937706,1191,0.5377833558790376
2022,2,Norte,1945,17354884,450,11.207219823537859
2022,2,Nordeste,1056,54656427,1794,1.9320692148427485
2022,2,Centro-Oeste,6100,16289538,467,37.44734810772411
2022,2,Sudeste,2653,84840113,1668,3.1270585412822354
2022,2,Sul,191,29937706,1191,0.637991434614262
2022,3,Norte,1861,17354884,450,10.723206216762959
2022,3,Nordeste,1102,54656427,1794,2.016231320792338
2022,3,Centro-Oeste,7038,16289538,467,43.205645242977425
2022,3,Sudeste,2792,84840113,1668,3.29089613541651
2022,3,Sul,246,29937706,1191,0.8217062456288401
2022,4,Norte,1706,17354884,450,9.830085870928322
2022,4,Nordeste,1104,54656427,1794,2.0198905427901463
2022,4,Centro-Oeste,7770,16289538,467,47.699327015904316
2022,4,Sudeste,2907,84840113,1668,3.4264452240887517
2022,4,Sul,294,29937706,1191,0.982039171605199
2022,5,Norte,1918,17354884,450,11.051644021360211
2022,5,Nordeste,1595,54656427,1794,2.918229543252068
2022,5,Centro-Oeste,9481,16289538,467,58.20300121464464
2022,5,Sudeste,3768,84840113,1668,4.441295357539187
2022,5,Sul,479,29937706,1191,1.5999889904724163
2022,6,Norte,1776,17354884,450,10.233430543240738
2022,6,Nordeste,1874,54656427,1794,3.428691011946317
2022,6,Centro-Oeste,10257,16289538,467,62.96679500670921
2022,6,Sudeste,4444,84840113,1668,5.238088261386451
2022,6,Sul,731,29937706,1191,2.4417368518483014
2022,7,Norte,1731,17354884,450,9.974137539611327
2022,7,Nordeste,2441,54656427,1794,4.466080448324952
2022,7,Centro-Oeste,9839,16289538,467,60.40073082490123
2022,7,Sudeste,5490,84840113,1668,6.470995624440056
2022,7,Sul,1364,29937706,1191,4.556127313161536
2022,8,Norte,1405,17354884,450,8.095703779984932
2022,8,Nordeste,2483,54656427,1794,4.542924110278925
2022,8,Centro-Oeste,9236,16289538,467,56.69896838080982
2022,8,Sudeste,6177,84840113,1668,7.280754093290753
2022,8,Sul,2568,29937706,1191,8.57781153973521
2022,9,Norte,1669,17354884,450,9.616889401277474
2022,9,Nordeste,3456,54656427,1794,6.323135612212631
2022,9,Centro-Oeste,12470,16289538,467,76.55220178742945
2022,9,Sudeste,10547,84840113,1668,12.431619462835934
2022,9,Sul,6252,29937706,1191,20.883363608420765
2022,10,Norte,1530,17354884,450,8.815962123399961
2022,10,Nordeste,4134,54656427,1794,7.563611869469623
2022,10,Centro-Oeste,13810,16289538,467,84.77834055207704
2022,10,Sudeste,14355,84840113,1668,16.92006232947851
2022,10,Sul,11489,29937706,1191,38.37635388629977
2022,11,Norte,1567,17354884,450,9.02915859305081
2022,11,Nordeste,5103,54656427,1794,9.336504927407715
2022,11,Centro-Oeste,15220,16289538,467,93.43420298353459
2022,11,Sudeste,18304,84840113,1668,21.57470016571053
2022,11,Sul,14823,29937706,1191,49.51281170307438
2022,12,Norte,1554,17354884,450,8.954251725335645
2022,12,Nordeste,6232,54656427,1794,11.402135745170463
2022,12,Centro-Oeste,17224,16289538,467,105.73657767335082
2022,12,Sudeste,23595,84840113,1668,27.811136932361226
2022,12,Sul,21883,29937706,1191,73.09511289876386
2022,13,Norte,1580,17354884,450,9.104065460765973
2022,13,Nordeste,7445,54656427,1794,13.621453886841158
2022,13,Centro-Oeste,17606,16289538,467,108.08164111222797
2022,13,Sudeste,27389,84840113,1668,32.28307817081762
2022,13,Sul,25084,29937706,1191,83.7873148998123
2022,14,Norte,1565,17354884,450,9.017634459556168
2022,14,Nordeste,8322,54656427,1794,15.22602273288007
2022,14,Centro-Oeste,17707,16289538,467,108.70167097433948
2022,14,Sudeste,31311,84840113,1668,36.90589143840485
2022,14,Sul,25944,29937706,1191,86.65994649022207
2022,15,Norte,1596,17354884,450,9.196258528723096
2022,15,Nordeste,8649,54656427,1794,15.824305529521716
2022,15,Centro-Oeste,17364,16289538,467,106.59602500697072
2022,15,Sudeste,34620,84840113,1668,40.80616912898265
2022,15,Sul,30089,29937706,1191,100.5053627021389
2022,16,Norte,1632,17354884,450,9.403692931626624
2022,16,Nordeste,11374,54656427,1794,20.809995501535436
2022,16,Centro-Oeste,18171,16289538,467,111.55012499433685
2022,16,Sudeste,35487,84840113,1668,41.8280913887986
2022,16,Sul,31074,29937706,1191,103.79552795394544
2022,17,Norte,1480,17354884,450,8.52785878603395
2022,17,Nordeste,12041,54656427,1794,22.030346037804485
2022,17,Centro-Oeste,18287,16289538,467,112.2622384993362
2022,17,Sudeste,37701,84840113,1668,44.43770601767115
2022,17,Sul,28428,29937706,1191,94.95717540949865
2022,18,Norte,1585,17354884,450,9.132875794502572
2022,18,Nordeste,12778,54656427,1794,23.37876934399682
2022,18,Centro-Oeste,16954,16289538,467,104.0790721013696
2022,18,Sudeste,41621,84840113,1668,49.05816190980321
2022,18,Sul,30885,29937706,1191,103.16421705791352
2022,19,Norte,1473,17354884,450,8.487524318802706
2022,19,Nordeste,13197,54656427,1794,24.145376352537646
2022,19,Centro-Oeste,14196,16289538,467,87.14795962905762
2022,19,Sudeste,33178,84840113,1668,39.106501425805504
2022,19,Sul,22371,29937706,1191,74.72516431285685
2022,20,Norte,1257,17354884,450,7.242917901381536
2022,20,Nordeste,13616,54656427,1794,24.91198336107847
2022,20,Centro-Oeste,11092,16289538,467,68.09278446079931
2022,20,Sudeste,22074,84840113,1668,26.018352898704887
2022,20,Sul,15911,29937706,1191,53.14702469187185
2022,21,Norte,1061,17354884,450,6.113552818906769
2022,21,Nordeste,11826,54656427,1794,21.6369796730401
2022,21,Centro-Oeste,8102,16289538,467,49.73744497848865
2022,21,Sudeste,14251,84840113,1668,16.7974788058097
2022,21,Sul,9526,29937706,1191,31.81940526772492
2022,22,Norte,1020,17354884,450,5.877308082266641
2022,22,Nordeste,12540,54656427,1794,22.94332192625764
2022,22,Centro-Oeste,7392,16289538,467,45.37881921513059
2022,22,Sudeste,12375,84840113,1668,14.586260628860785
2022,22,Sul,6958,29937706,1191,23.241593727989713
2022,23,Norte,819,17354884,450,4.719132666055273
2022,23,Nordeste,11163,54656427,1794,20.42394758076667
2022,23,Centro-Oeste,6027,16289538,467,36.99920771233659
2022,23,Sudeste,9997,84840113,1668,11.783341212664345
2022,23,Sul,4329,29937706,1191,14.460025761492881
2022,24,Norte,708,17354884,450,4.079543257102727
2022,24,Nordeste,9928,54656427,1794,18.16437799712008
2022,24,Centro-Oeste,4605,16289538,467,28.269678366568776
2022,24,Sudeste,6801,84840113,1668,8.016255235303612
2022,24,Sul,3143,29937706,1191,10.498466382160343
2022,25,Norte,629,17354884,450,3.624339984064428
2022,25,Nordeste,9214,54656427,1794,16.85803574390254
2022,25,Centro-Oeste,4207,16289538,467,25.826392375277923
2022,25,Sudeste,5565,84840113,1668,6.559397204008911
2022,25,Sul,2568,29937706,1191,8.57781153973521
2022,26,Norte,585,17354884,450,3.3708090471823375
2022,26,Nordeste,7750,54656427,1794,14.179485241506914
2022,26,Centro-Oeste,3359,16289538,467,20.620597097351688
2022,26,Sudeste,4523,84840113,1668,5.331204591865642
2022,26,Sul,2048,29937706,1191,6.8408715083246525
2022,27,Norte,523,17354884,450,3.0135609088484836
2022,27,Nordeste,6945,54656427,1794,12.7066483873891
2022,27,Centro-Oeste,2589,16289538,467,15.89363676244225
2022,27,Sudeste,3692,84840113,1668,4.351715090242749
2022,27,Sul,1537,29937706,1191,5.133993900534663
2022,28,Norte,483,17354884,450,2.783078238955674
2022,28,Nordeste,6283,54656427,1794,11.495445906114574
2022,28,Centro-Oeste,2315,16289538,467,14.211575552357594
2022,28,Sudeste,3183,84840113,1668,3.751763036902131
2022,28,Sul,1209,29937706,1191,4.038385573029544
2022,29,Norte,418,17354884,450,2.4085439003798585
2022,29,Nordeste,5543,54656427,1794,10.141533766925527
2022,29,Centro-Oeste,1945,16289538,467,11.940179027790721
2022,29,Sudeste,2647,84840113,1668,3.1199864149167267
2022,29,Sul,982,29937706,1191,3.280144443933012
2022,30,Norte,371,17354884,450,2.1377267632558077
2022,30,Nordeste,4914,54656427,1794,8.990708448614836
2022,30,Centro-Oeste,1793,16289538,467,11.007064779860546
2022,30,Sudeste,2421,84840113,1668,2.8536029884825824
2022,30,Sul,793,29937706,1191,2.6488335479010985
2022,31,Norte,378,17354884,450,2.178061230487049
2022,31,Nordeste,4994,54656427,1794,9.137077328527164
2022,31,Centro-Oeste,1713,16289538,467,10.515952017792033
2022,31,Sudeste,2121,84840113,1668,2.4999966702071696
2022,31,Sul,569,29937706,1191,1.9006132266780895
2022,32,Norte,275,17354884,450,1.5845683555130647
2022,32,Nordeste,4259,54656427,1794,7.792313244332639
2022,32,Centro-Oeste,1625,16289538,467,9.97572797951667
2022,32,Sudeste,1766,84840113,1668,2.0815625269145976
2022,32,Sul,388,29937706,1191,1.2960244849755689
2022,33,Norte,291,17354884,450,1.6767614234701886
2022,33,Nordeste,3825,54656427,1794,6.998262070808251
2022,33,Centro-Oeste,1486,16289538,467,9.122419555422628
2022,33,Sudeste,1433,84840113,1668,1.6890595136288893
2022,33,Sul,292,29937706,1191,0.9753586330228508
2022,34,Norte,229,17354884,450,1.319513285136334
2022,34,Nordeste,3063,54656427,1794,5.604098489643313
2022,34,Centro-Oeste,1420,16289538,467,8.717251526716105
2022,34,Sudeste,1381,84840113,1668,1.6277677517944844
2022,34,Sul,274,29937706,1191,0.9152337857817162
2022,35,Norte,228,17354884,450,1.3137512183890137
2022,35,Nordeste,2522,54656427,1794,4.614278939236185
2022,35,Centro-Oeste,1631,16289538,467,10.012561436671808
2022,35,Sudeste,1136,84840113,1668,1.3389892585362304
2022,35,Sul,234,29937706,1191,0.7816230141347503
2022,36,Norte,230,17354884,450,1.3252753518836542
2022,36,Nordeste,2190,54656427,1794,4.0068480876000185
2022,36,Centro-Oeste,1632,16289538,467,10.018700346197665
2022,36,Sudeste,1157,84840113,1668,1.3637417008155093
2022,36,Sul,210,29937706,1191,0.7014565511465709
2022,37,Norte,337,17354884,450,1.9418164938469193
2022,37,Nordeste,1911,54656427,1794,3.496386618905769
2022,37,Centro-Oeste,1621,16289538,467,9.951172341413244
2022,37,Sudeste,1237,84840113,1668,1.458036719022286
2022,37,Sul,188,29937706,1191,0.6279706267407396
2022,38,Norte,365,17354884,450,2.103154362771886
2022,38,Nordeste,1707,54656427,1794,3.123145975129329
2022,38,Centro-Oeste,1612,16289538,467,9.895922155680536
2022,38,Sudeste,1123,84840113,1668,1.3236663180776291
2022,38,Sul,161,29937706,1191,0.5377833558790376
2022,39,Norte,449,17354884,450,2.587167969546786
2022,39,Nordeste,1433,54656427,1794,2.621832561429601
2022,39,Centro-Oeste,1661,16289538,467,10.1967287224475
2022,39,Sudeste,1111,84840113,1668,1.3095220653466126
2022,39,Sul,155,29937706,1191,0.5177417401319927
2022,40,Norte,428,17354884,450,2.4661645678530606
2022,40,Nordeste,1463,54656427,1794,2.6767208913967244
2022,40,Centro-Oeste,1633,16289538,467,10.02483925572352
2022,40,Sudeste,1256,84840113,1668,1.4804317858463956
2022,40,Sul,129,29937706,1191,0.43089473856146493
2022,41,Norte,465,17354884,450,2.6793610375039094
2022,41,Nordeste,1260,54656427,1794,2.3053098586191885
2022,41,Centro-Oeste,1609,16289538,467,9.877505427102966
2022,41,Sudeste,1265,84840113,1668,1.491039975394658
2022,41,Sul,158,29937706,1191,0.5277625480055153
2022,42,Norte,438,17354884,450,2.523785235326263
2022,42,Nordeste,1172,54656427,1794,2.144304090715626
2022,42,Centro-Oeste,1714,16289538,467,10.52209092731789
2022,42,Sudeste,1354,84840113,1668,1.595943183149697
2022,42,Sul,177,29937706,1191,0.591227664537824
2022,43,Norte,404,17354884,450,2.327874965917375
2022,43,Nordeste,923,54656427,1794,1.688730951988501
2022,43,Centro-Oeste,1541,16289538,467,9.46005957934473
2022,43,Sudeste,1358,84840113,1668,1.600657934060036
2022,43,Sul,173,29937706,1191,0.5778665873731273
2022,44,Norte,465,17354884,450,2.6793610375039094
2022,44,Nordeste,1030,54656427,1794,1.8844993288712415
2022,44,Centro-Oeste,1606,16289538,467,9.859088698525397
2022,44,Sudeste,1401,84840113,1668,1.6513415063461787
2022,44,Sul,150,29937706,1191,0.5010403936761221
2022,45,Norte,487,17354884,450,2.8061265059449547
2022,45,Nordeste,1102,54656427,1794,2.016231320792338
2022,45,Centro-Oeste,2286,16289538,467,14.033547176107758
2022,45,Sudeste,1572,84840113,1668,1.852897107763164
2022,45,Sul,193,29937706,1191,0.6446719731966103
2022,46,Norte,608,17354884,450,3.5033365823707037
2022,46,Nordeste,1063,54656427,1794,1.9448764918350774
2022,46,Centro-Oeste,2525,16289538,467,15.500746552787438
2022,46,Sudeste,1651,84840113,1668,1.9460134382423557
2022,46,Sul,232,29937706,1191,0.774942475552402
2022,47,Norte,803,17354884,450,4.626939598098149
2022,47,Nordeste,921,54656427,1794,1.6850717299906928
2022,47,Centro-Oeste,2573,16289538,467,15.795414210028548
2022,47,Sudeste,1846,84840113,1668,2.1758575451213744
2022,47,Sul,269,29937706,1191,0.8985324393258455
2022,48,Norte,828,17354884,450,4.770991266781155
2022,48,Nordeste,812,54656427,1794,1.4856441311101436
2022,48,Centro-Oeste,2694,16289538,467,16.538222262657175
2022,48,Sudeste,1992,84840113,1668,2.347945953348742
2022,48,Sul,278,29937706,1191,0.9285948629464129
2022,49,Norte,810,17354884,450,4.667274065329391
2022,49,Nordeste,865,54656427,1794,1.582613514052062
2022,49,Centro-Oeste,2854,16289538,467,17.520447786794197
2022,49,Sudeste,2200,84840113,1668,2.5931130006863614
2022,49,Sul,298,29937706,1191,0.9954002487698957
2022,50,Norte,923,17354884,450,5.318387607776578
2022,50,Nordeste,757,54656427,1794,1.3850155261704171
2022,50,Centro-Oeste,2848,16289538,467,17.48361432963906
2022,50,Sudeste,2825,84840113,1668,3.3297928304268054
2022,50,Sul,331,29937706,1191,1.1056291353786425
2022,51,Norte,962,17354884,450,5.543108210922067
2022,51,Nordeste,696,54656427,1794,1.273409255237266
2022,51,Centro-Oeste,2278,16289538,467,13.984435899900907
2022,51,Sudeste,2809,84840113,1668,3.3109338267854502
2022,51,Sul,276,29937706,1191,0.9219143243640645
2022,52,Norte,509,17354884,450,2.932891974386
2022,52,Nordeste,445,54656427,1794,0.8141768945123324
2022,52,Centro-Oeste,1411,16289538,467,8.662001340983398
2022,52,Sudeste,1834,84840113,1668,2.1617132923903575
2022,52,Sul,202,29937706,1191,0.6747343968171776
2023,1,Norte,1283,17354884,450,7.392731636811861
2023,1,Nordeste,1356,54656427,1794,2.480952514513984
2023,1,Centro-Oeste,3142,16289538,467,19.288453730240846
2023,1,Sudeste,6490,84840113,1668,7.649683352024766
2023,1,Sul,489,29937706,1191,1.6333916833841577
2023,2,Norte,1377,17354884,450,7.934365911059964
2023,2,Nordeste,1430,54656427,1794,2.6163437284328883
2023,2,Centro-Oeste,3296,16289538,467,20.23384579722273
2023,2,Sudeste,7579,84840113,1668,8.933274287364515
2023,2,Sul,520,29937706,1191,1.7369400314105563
2023,3,Norte,1457,17354884,450,8.395331250845583
2023,3,Nordeste,1569,54656427,1794,2.870659657280561
2023,3,Centro-Oeste,3757,16289538,467,23.063883088642537
2023,3,Sudeste,10546,84840113,1668,12.430440775108348
2023,3,Sul,639,29937706,1191,2.13443207706028
2023,4,Norte,1428,17354884,450,8.228231315173296
2023,4,Nordeste,1931,54656427,1794,3.5329788388838512
2023,4,Centro-Oeste,3665,16289538,467,22.499103412263747
2023,4,Sudeste,12694,84840113,1668,14.962262013960308
2023,4,Sul,888,29937706,1191,2.9661591305626422
2023,5,Norte,1453,17354884,450,8.372282983856303
2023,5,Nordeste,2240,54656427,1794,4.098328637545224
2023,5,Centro-Oeste,4692,16289538,467,28.803763495318286
2023,5,Sudeste,18131,84840113,1668,21.370787188838374
2023,5,Sul,1373,29937706,1191,4.586189736782104
2023,6,Norte,1547,17354884,450,8.913917258104405
2023,6,Nordeste,2459,54656427,1794,4.499013446305226
2023,6,Centro-Oeste,5351,16289538,467,32.84930487285766
2023,6,Sudeste,23985,84840113,1668,28.270825146119265
2023,6,Sul,2091,29937706,1191,6.984503087845141
2023,7,Norte,1234,17354884,450,7.11039036619317
2023,7,Nordeste,2093,54656427,1794,3.8293758207063187
2023,7,Centro-Oeste,5213,16289538,467,32.00213535828948
2023,7,Sudeste,25435,84840113,1668,29.979922351117096
2023,7,Sul,2884,29937706,1191,9.63333663574624
2023,8,Norte,1229,17354884,450,7.08158003245657
2023,8,Nordeste,2551,54656427,1794,4.667337658204405
2023,8,Centro-Oeste,5263,16289538,467,32.309080834582296
2023,8,Sudeste,28977,84840113,1668,34.15483428222213
2023,8,Sul,3453,29937706,1191,11.533949862424329
2023,9,Norte,1383,17354884,450,7.968938311543885
2023,9,Nordeste,2969,54656427,1794,5.432115055746326
2023,9,Centro-Oeste,6194,16289538,467,38.02440560315461
2023,9,Sudeste,37280,84840113,1668,43.94147848435799
2023,9,Sul,5998,29937706,1191,20.03493520846253
2023,10,Norte,1444,17354884,450,8.32042438313042
2023,10,Nordeste,3354,54656427,1794,6.136515290324411
2023,10,Centro-Oeste,6907,16289538,467,42.40144809509024
2023,10,Sudeste,43826,84840113,1668,51.657168349127495
2023,10,Sul,9036,29937706,1191,30.18267331504959
2023,11,Norte,1253,17354884,450,7.219869634392255
2023,11,Nordeste,3407,54656427,1794,6.2334846732663305
2023,11,Centro-Oeste,6767,16289538,467,41.542000761470334
2023,11,Sudeste,49210,84840113,1668,58.00322307444357
2023,11,Sul,12855,29937706,1191,42.93916173804365
2023,12,Norte,1187,17354884,450,6.839573229069119
2023,12,Nordeste,3683,54656427,1794,6.7384573089638655
2023,12,Centro-Oeste,8267,16289538,467,50.750365050254956
2023,12,Sudeste,55951,84840113,1668,65.9487570460921
2023,12,Sul,20196,29937706,1191,67.46007860455306
2023,13,Norte,1073,17354884,450,6.182697619874613
2023,13,Nordeste,3596,54656427,1794,6.579281152059208
2023,13,Centro-Oeste,8314,16289538,467,51.0388937979702
2023,13,Sudeste,59291,84840113,1668,69.88557405622502
2023,13,Sul,26461,29937706,1191,88.3868657137591
2023,14,Norte,893,17354884,450,5.145525605356971
2023,14,Nordeste,3387,54656427,1794,6.196892453288248
2023,14,Centro-Oeste,7229,16289538,467,44.378176962416
2023,14,Sudeste,56150,84840113,1668,66.18331590388146
2023,14,Sul,30467,29937706,1191,101.76798449420272
2023,15,Norte,1011,17354884,450,5.825449481540758
2023,15,Nordeste,3998,54656427,1794,7.314784773618664
2023,15,Centro-Oeste,8373,16289538,467,51.40108945999573
2023,15,Sudeste,61396,84840113,1668,72.36671172279085
2023,15,Sul,35877,29937706,1191,119.83884135945488
2023,16,Norte,873,17354884,450,5.030284270410566
2023,16,Nordeste,3697,54656427,1794,6.764071862948524
2023,16,Centro-Oeste,7654,16289538,467,46.98721351090497
2023,16,Sudeste,53589,84840113,1668,63.16469663353701
2023,16,Sul,35051,29937706,1191,117.07977892494502
2023,17,Norte,722,17354884,450,4.16021219156521
2023,17,Nordeste,3325,54656427,1794,6.083456571356192
2023,17,Centro-Oeste,6512,16289538,467,39.97657883237696
2023,17,Sudeste,45698,84840113,1668,53.863671775166075
2023,17,Sul,30506,29937706,1191,101.8982549965585
2023,18,Norte,721,17354884,450,4.15445012481789
2023,18,Nordeste,3780,54656427,1794,6.915929575857565
2023,18,Centro-Oeste,7161,16289538,467,43.96073111465776
2023,18,Sudeste,45654,84840113,1668,53.81180951515235
2023,18,Sul,30859,29937706,1191,103.077370056343
2023,19,Norte,590,17354884,450,3.399619380918939
2023,19,Nordeste,3574,54656427,1794,6.539029710083318
2023,19,Centro-Oeste,6332,16289538,467,38.8715751177228
2023,19,Sudeste,42096,84840113,1668,49.618038580405944
2023,19,Sul,29235,29937706,1191,97.65277272747618
2023,20,Norte,599,17354884,450,3.451477981644821
2023,20,Nordeste,3454,54656427,1794,6.319476390214824
2023,20,Centro-Oeste,5609,16289538,467,34.43314353052861
2023,20,Sudeste,34730,84840113,1668,40.935824779016976
2023,20,Sul,23825,29937706,1191,79.58191586222405
2023,21,Norte,480,17354884,450,2.765792038713713
2023,21,Nordeste,3111,54656427,1794,5.691919817590711
2023,21,Centro-Oeste,4145,16289538,467,25.44577998467483
2023,21,Sudeste,23044,84840113,1668,27.161679994462055
2023,21,Sul,16445,29937706,1191,54.93072849335884
2023,22,Norte,414,17354884,450,2.3854956333905775
2023,22,Nordeste,3133,54656427,1794,5.732171259566601
2023,22,Centro-Oeste,3651,16289538,467,22.41315867890176
2023,22,Sudeste,18373,84840113,1668,21.656029618913873
2023,22,Sul,13111,29937706,1191,43.79427067658424
2023,23,Norte,377,17354884,450,2.1722991637397286
2023,23,Nordeste,2769,54656427,1794,5.066192855965502
2023,23,Centro-Oeste,3000,16289538,467,18.416728577569234
2023,23,Sudeste,14166,84840113,1668,16.697290348964998
2023,23,Sul,9627,29937706,1191,32.15677246613351
2023,24,Norte,353,17354884,450,2.034009561804043
2023,24,Nordeste,2974,54656427,1794,5.441263110740847
2023,24,Centro-Oeste,2658,16289538,467,16.317221519726342
2023,24,Sudeste,12470,84840113,1668,14.698235962981332
2023,24,Sul,7891,29937706,1191,26.358064976655193
2023,25,Norte,346,17354884,450,1.9936750945728015
2023,25,Nordeste,2639,54656427,1794,4.828343426107967
2023,25,Centro-Oeste,2147,16289538,467,13.180238752013716
2023,25,Sudeste,9694,84840113,1668,11.426198831206177
2023,25,Sul,4437,29937706,1191,14.820774844939688
2023,26,Norte,313,17354884,450,1.8035268919112337
2023,26,Nordeste,2430,54656427,1794,4.445954727337006
2023,26,Centro-Oeste,1895,16289538,467,11.6332335514979
2023,26,Sudeste,6930,84840113,1668,8.168305952162038
2023,26,Sul,3592,29937706,1191,11.998247293897535
2023,27,Norte,291,17354884,450,1.6767614234701886
2023,27,Nordeste,2320,54656427,1794,4.244697517457554
2023,27,Centro-Oeste,1709,16289538,467,10.491396379688608
2023,27,Sudeste,5368,84840113,1668,6.327195721674723
2023,27,Sul,3075,29937706,1191,10.271328070360502
2023,28,Norte,296,17354884,450,1.7055717572067899
2023,28,Nordeste,2454,54656427,1794,4.489865391310706
2023,28,Centro-Oeste,1621,16289538,467,9.951172341413244
2023,28,Sudeste,4554,84840113,1668,5.367743911420768
2023,28,Sul,2028,29937706,1191,6.7740661225011705
2023,29,Norte,277,17354884,450,1.596092489007705
2023,29,Nordeste,2199,54656427,1794,4.023314586590155
2023,29,Centro-Oeste,1375,16289538,467,8.441000598052566
2023,29,Sudeste,3663,84840113,1668,4.317533146142792
2023,29,Sul,1354,29937706,1191,4.522724620249795
2023,30,Norte,254,17354884,450,1.4635649538193398
2023,30,Nordeste,1734,54656427,1794,3.1725454720997406
2023,30,Centro-Oeste,1203,16289538,467,7.385108159605264
2023,30,Sudeste,3249,84840113,1668,3.8295564269227222
2023,30,Sul,1033,29937706,1191,3.450498177782894
2023,31,Norte,259,17354884,450,1.492375287555941
2023,31,Nordeste,1861,54656427,1794,3.4049060689605635
2023,31,Centro-Oeste,1357,16289538,467,8.330500226587152
2023,31,Sudeste,3210,84840113,1668,3.7835876055469186
2023,31,Sul,909,29937706,1191,3.0363047856772996
2023,32,Norte,298,17354884,450,1.7170958907014302
2023,32,Nordeste,1608,54656427,1794,2.9420144862378215
2023,32,Centro-Oeste,1235,16289538,467,7.581553264432668
2023,32,Sudeste,2814,84840113,1668,3.3168272654233735
2023,32,Sul,753,29937706,1191,2.5152227762541326
2023,33,Norte,316,17354884,450,1.8208130921531946
2023,33,Nordeste,1414,54656427,1794,2.5870699524504226
2023,33,Centro-Oeste,1318,16289538,467,8.091082755078752
2023,33,Sudeste,2688,84840113,1668,3.1683126117477
2023,33,Sul,683,29937706,1191,2.2814039258719423
2023,34,Norte,309,17354884,450,1.7804786249219526
2023,34,Nordeste,1284,54656427,1794,2.3492205225928875
2023,34,Centro-Oeste,1173,16289538,467,7.2009408738295715
2023,34,Sudeste,2535,84840113,1668,2.987973389427239
2023,34,Sul,596,29937706,1191,1.9908004975397915
2023,35,Norte,304,17354884,450,1.7516682911853518
2023,35,Nordeste,1228,54656427,1794,2.2467623066542566
2023,35,Centro-Oeste,1240,16289538,467,7.61224781206195
2023,35,Sudeste,2291,84840113,1668,2.70037358389657
2023,35,Sul,476,29937706,1191,1.589968182598894
2023,36,Norte,233,17354884,450,1.342561552125615
2023,36,Nordeste,1031,54656427,1794,1.8863289398701457
2023,36,Centro-Oeste,1262,16289538,467,7.747303821630792
2023,36,Sudeste,2065,84840113,1668,2.433990157462426
2023,36,Sul,421,29937706,1191,1.4062533715843157
2023,37,Norte,284,17354884,450,1.636426956238947
2023,37,Nordeste,974,54656427,1794,1.7820411129326108
2023,37,Centro-Oeste,1412,16289538,467,8.668140250509254
2023,37,Sudeste,2632,84840113,1668,3.1023060990029565
2023,37,Sul,523,29937706,1191,1.7469608392840787
2023,38,Norte,268,17354884,450,1.5442338882818232
2023,38,Nordeste,957,54656427,1794,1.7509377259512409
2023,38,Centro-Oeste,1392,16289538,467,8.545362059992124
2023,38,Sudeste,2834,84840113,1668,3.3404010199750678
2023,38,Sul,549,29937706,1191,1.8338078408546068
2023,39,Norte,232,17354884,450,1.3367994853782945
2023,39,Nordeste,905,54656427,1794,1.6557979540082266
2023,39,Centro-Oeste,1225,16289538,467,7.520164169174104
2023,39,Sudeste,2751,84840113,1668,3.242569938585537
2023,39,Sul,563,29937706,1191,1.8805716109310449
2023,40,Norte,246,17354884,450,1.4174684198407779
2023,40,Nordeste,936,54656427,1794,1.7125158949742545
2023,40,Centro-Oeste,1368,16289538,467,8.39802823137157
2023,40,Sudeste,3096,84840113,1668,3.649217204602262
2023,40,Sul,589,29937706,1191,1.9674186125015725
2023,41,Norte,230,17354884,450,1.3252753518836542
2023,41,Nordeste,844,54656427,1794,1.5441916830750755
2023,41,Centro-Oeste,1073,16289538,467,6.5870499212439295
2023,41,Sudeste,2881,84840113,1668,3.395799343171549
2023,41,Sul,603,29937706,1191,2.0141823825780105
2023,42,Norte,294,17354884,450,1.6940476237121493
2023,42,Nordeste,904,54656427,1794,1.6539683430093228
2023,42,Centro-Oeste,1397,16289538,467,8.576056607621407
2023,42,Sudeste,3485,84840113,1668,4.107726730632714
2023,42,Sul,708,29937706,1191,2.364910658151296
2023,43,Norte,277,17354884,450,1.596092489007705
2023,43,Nordeste,743,54656427,1794,1.3594009721857596
2023,43,Centro-Oeste,1262,16289538,467,7.747303821630792
2023,43,Sudeste,3576,84840113,1668,4.214987313842923
2023,43,Sul,627,29937706,1191,2.09434884556619
2023,44,Norte,267,17354884,450,1.538471821534503
2023,44,Nordeste,775,54656427,1794,1.4179485241506915
2023,44,Centro-Oeste,1274,16289538,467,7.820970735941068
2023,44,Sudeste,3803,84840113,1668,4.482549428004652
2023,44,Sul,719,29937706,1191,2.401653620354211
2023,45,Norte,368,17354884,450,2.1204405630138465
2023,45,Nordeste,873,54656427,1794,1.597250402043295
2023,45,Centro-Oeste,1710,16289538,467,10.497535289214465
2023,45,Sudeste,5371,84840113,1668,6.330731784857477
2023,45,Sul,1031,29937706,1191,3.443817639200545
2023,46,Norte,429,17354884,450,2.471926634600381
2023,46,Nordeste,800,54656427,1794,1.4636887991232943
2023,46,Centro-Oeste,1760,16289538,467,10.804480765507286
2023,46,Sudeste,5078,84840113,1668,5.9853762806751565
2023,46,Sul,1080,29937706,1191,3.6074908344680785
2023,47,Norte,548,17354884,450,3.157612577531489
2023,47,Nordeste,866,54656427,1794,1.584443125050966
2023,47,Centro-Oeste,2400,16289538,467,14.733382862055388
2023,47,Sudeste,7380,84840113,1668,8.69871542957516
2023,47,Sul,1394,29937706,1191,4.656335391896761
2023,48,Norte,565,17354884,450,3.255567712235933
2023,48,Nordeste,851,54656427,1794,1.5569989600674043
2023,48,Centro-Oeste,2744,16289538,467,16.845167738949993
2023,48,Sudeste,8346,84840113,1668,9.837327774421988
2023,48,Sul,1393,29937706,1191,4.652995122605587
2023,49,Norte,570,17354884,450,3.284378045972534
2023,49,Nordeste,908,54656427,1794,1.6612867870049393
2023,49,Centro-Oeste,3242,16289538,467,19.902344682826488
2023,49,Sudeste,9593,84840113,1668,11.30715137072012
2023,49,Sul,1948,29937706,1191,6.506844579207237
2023,50,Norte,859,17354884,450,4.949615335948082
2023,50,Nordeste,818,54656427,1794,1.4966217971035685
2023,50,Centro-Oeste,4700,16289538,467,28.852874771525133
2023,50,Sudeste,12048,84840113,1668,14.200829741940584
2023,50,Sul,2981,29937706,1191,9.957342756990132
2023,51,Norte,881,17354884,450,5.076380804389127
2023,51,Nordeste,662,54656427,1794,1.2112024812745261
2023,51,Centro-Oeste,5117,16289538,467,31.41280004380726
2023,51,Sudeste,12457,84840113,1668,14.682913022522731
2023,51,Sul,3001,29937706,1191,10.024148142813614
2023,52,Norte,619,17354884,450,3.5667193165912257
2023,52,Nordeste,391,54656427,1794,0.7153779005715101
2023,52,Centro-Oeste,3128,16289538,467,19.20250899687886
2023,52,Sudeste,9125,84840113,1668,10.755525514210477
2023,52,Sul,2871,29937706,1191,9.589913134960975
2024,1,Norte,1616,18669345,450,8.655900889934811
2024,1,Nordeste,1199,57112096,1794,2.099380138316058
2024,1,Centro-Oeste,12526,17071595,467,73.37334326405939
2024,1,Sudeste,29430,88617693,1668,33.21007239491102
2024,1,Sul,6315,31113021,1191,20.296968269330065
2024,2,Norte,1564,18669345,450,8.377369425654729
2024,2,Nordeste,1425,57112096,1794,2.49509315854911
2024,2,Centro-Oeste,13290,17071595,467,77.84861344238779
2024,2,Sudeste,37036,88617693,1668,41.79300853611705
2024,2,Sul,8199,31113021,1191,26.352310821890296
2024,3,Norte,1825,18669345,450,9.775383121368211
2024,3,Nordeste,1709,57112096,1794,2.992360847691529
2024,3,Centro-Oeste,19163,17071595,467,112.25078851741738
2024,3,Sudeste,55601,88617693,1668,62.74254961703866
2024,3,Sul,11516,31113021,1191,37.013442056944584
2024,4,Norte,1550,18669345,450,8.302380185271632
2024,4,Nordeste,2228,57112096,1794,3.9011000401736267
2024,4,Centro-Oeste,28266,17071595,467,165.57328123119134
2024,4,Sudeste,80765,88617693,1668,91.13868491250388
2024,4,Sul,14416,31113021,1191,46.33429842765831
2024,5,Norte,1882,18669345,450,10.080696457213683
2024,5,Nordeste,3805,57112096,1794,6.6623364689679745
2024,5,Centro-Oeste,35516,17071595,467,208.04148645747512
2024,5,Sudeste,107525,88617693,1668,121.33581495966047
2024,5,Sul,15915,31113021,1191,51.1522169447962
2024,6,Norte,2049,18669345,450,10.97521096749779
2024,6,Nordeste,5397,57112096,1794,9.449837036273367
2024,6,Centro-Oeste,36889,17071595,467,216.08408587481136
2024,6,Sudeste,135462,88617693,1668,152.86112221404815
2024,6,Sul,21649,31113021,1191,69.58179985157983
2024,7,Norte,2590,18669345,450,13.873009470873242
2024,7,Nordeste,8128,57112096,1794,14.231661187850644
2024,7,Centro-Oeste,38871,17071595,467,227.69401453115537
2024,7,Sudeste,168566,88617693,1668,190.21709355489543
2024,7,Sul,31284,31113021,1191,100.54954162117527
2024,8,Norte,2998,18669345,450,16.05841019060926
2024,8,Nordeste,14549,57112096,1794,25.474463413144566
2024,8,Centro-Oeste,43018,17071595,467,251.98582792058974
2024,8,Sudeste,209756,88617693,1668,236.69765359384834
2024,8,Sul,39965,31113021,1191,128.45104305364626
2024,9,Norte,3168,18669345,450,16.968993823832598
2024,9,Nordeste,19159,57112096,1794,33.546308648871864
2024,9,Centro-Oeste,42173,17071595,467,247.03608538042286
2024,9,Sudeste,231669,88617693,1668,261.4252212591452
2024,9,Sul,46350,31113021,1191,148.97299751123492
2024,10,Norte,3035,18669345,450,16.25659604019316
2024,10,Nordeste,21441,57112096,1794,37.54195958768524
2024,10,Centro-Oeste,38943,17071595,467,228.11576774167852
2024,10,Sudeste,243782,88617693,1668,275.09404922107376
2024,10,Sul,57589,31113021,1191,185.09613708035616
2024,11,Norte,2671,18669345,450,14.3068757902326
2024,11,Nordeste,23637,57112096,1794,41.38702946570198
2024,11,Centro-Oeste,38398,17071595,467,224.92333024535785
2024,11,Sudeste,259348,88617693,1668,292.65939026419926
2024,11,Sul,68012,31113021,1191,218.5965805120628
2024,12,Norte,2372,18669345,450,12.705319870622134
2024,12,Nordeste,24796,57112096,1794,43.41637190132192
2024,12,Centro-Oeste,35914,17071595,467,210.3728444823111
2024,12,Sudeste,287998,88617693,1668,324.98927725414836
2024,12,Sul,82431,31113021,1191,264.94052120493217
2024,13,Norte,1920,18669345,450,10.284238681110665
2024,13,Nordeste,21756,57112096,1794,38.09350649641715
2024,13,Centro-Oeste,27035,17071595,467,158.36247286794233
2024,13,Sudeste,241394,88617693,1668,272.3993277504979
2024,13,Sul,83459,31113021,1191,268.24460408393
2024,14,Norte,2208,18669345,450,11.826874483277265
2024,14,Nordeste,25509,57112096,1794,44.66479395188018
2024,14,Centro-Oeste,31087,17071595,467,182.09780632682535
2024,14,Sudeste,263117,88617693,1668,296.91249127868855
2024,14,Sul,93041,31113021,1191,299.0419991681296
2024,15,Norte,1852,18669345,450,9.92000522782133
2024,15,Nordeste,23364,57112096,1794,40.90902214480099
2024,15,Centro-Oeste,30623,17071595,467,179.37984119234318
2024,15,Sudeste,266940,88617693,1668,301.226528205829
2024,15,Sul,96366,31113021,1191,309.7288431104135
2024,16,Norte,1862,18669345,450,9.973568970952114
2024,16,Nordeste,21059,57112096,1794,36.873099526937345
2024,16,Centro-Oeste,28532,17071595,467,167.131425036735
2024,16,Sudeste,236506,88617693,1668,266.88349921273624
2024,16,Sul,95369,31113021,1191,306.5243969719302
2024,17,Norte,1425,18669345,450,7.632833396136822
2024,17,Nordeste,16703,57112096,1794,29.245993703330377
2024,17,Centro-Oeste,24942,17071595,467,146.10234134537515
2024,17,Sudeste,210780,88617693,1668,237.85317904856765
2024,17,Sul,78893,31113021,1191,253.56907643266143
2024,18,Norte,1199,18669345,450,6.422292801381088
2024,18,Nordeste,14769,57112096,1794,25.8596707779732
2024,18,Centro-Oeste,23497,17071595,467,137.63798871751584
2024,18,Sudeste,210028,88617693,1668,237.00459004275817
2024,18,Sul,74785,31113021,1191,240.36560127028488
2024,19,Norte,1099,18669345,450,5.88665537007324
2024,19,Nordeste,13295,57112096,1794,23.278781433621347
2024,19,Centro-Oeste,21066,17071595,467,123.39796017888193
2024,19,Sudeste,211258,88617693,1668,238.39257471981358
2024,19,Sul,76774,31113021,1191,246.75842310523302
2024,20,Norte,978,18669345,450,5.238534078190745
2024,20,Nordeste,10963,57112096,1794,19.19558336643782
2024,20,Centro-Oeste,17327,17071595,467,101.49608164907848
2024,20,Sudeste,188700,88617693,1668,212.9371614311828
2024,20,Sul,67894,31113021,1191,218.21731808042685
2024,21,Norte,823,18669345,450,4.408296059663582
2024,21,Nordeste,8892,57112096,1794,15.569381309346449
2024,21,Centro-Oeste,13699,17071595,467,80.24440598549813
2024,21,Sudeste,142347,88617693,1668,160.63045107707782
2024,21,Sul,35404,31113021,1191,113.79158584439615
2024,22,Norte,708,18669345,450,3.792313013659558
2024,22,Nordeste,6481,57112096,1794,11.347858779338093
2024,22,Centro-Oeste,9255,17071595,467,54.21286060265606
2024,22,Sudeste,88855,88617693,1668,100.26778738191706
2024,22,Sul,22181,31113021,1191,71.29169488234524
2024,23,Norte,743,18669345,450,3.9797861146173044
2024,23,Nordeste,5640,57112096,1794,9.875316080152267
2024,23,Centro-Oeste,7789,17071595,467,45.62549662172749
2024,23,Sudeste,59401,88617693,1668,67.03063235916105
2024,23,Sul,14351,31113021,1191,46.12538268141817
2024,24,Norte,730,18669345,450,3.910153248547284
2024,24,Nordeste,4947,57112096,1794,8.661912880942069
2024,24,Centro-Oeste,6443,17071595,467,37.74105465833743
2024,24,Sudeste,52248,88617693,1668,58.958880818529096
2024,24,Sul,15279,31113021,1191,49.10805672004657
2024,25,Norte,664,18669345,450,3.5566325438841053
2024,25,Nordeste,3848,57112096,1794,6.7376269993663
2024,25,Centro-Oeste,4900,17071595,467,28.702649049488343
2024,25,Sudeste,41724,88617693,1668,47.083148508503825
2024,25,Sul,12972,31113021,1191,41.69315477272361
2024,26,Norte,627,18669345,450,3.3584466943002016
2024,26,Nordeste,3448,57112096,1794,6.037249972405145
2024,26,Centro-Oeste,3525,17071595,467,20.648334265193146
2024,26,Sudeste,29097,88617693,1668,32.83430093356188
2024,26,Sul,7989,31113021,1191,25.677352257114475
2024,27,Norte,715,18669345,450,3.8298076338511073
2024,27,Nordeste,3537,57112096,1794,6.193083860904002
2024,27,Centro-Oeste,3310,17071595,467,19.38893231710335
2024,27,Sudeste,19523,88617693,1668,22.03058930906721
2024,27,Sul,4648,31113021,1191,14.93908290037152
2024,28,Norte,631,18669345,450,3.379872191552516
2024,28,Nordeste,3148,57112096,1794,5.51196720218428
2024,28,Centro-Oeste,2372,17071595,467,13.894425213344155
2024,28,Sudeste,13495,88617693,1668,15.228335948668851
2024,28,Sul,2239,31113021,1191,7.196343935871736
2024,29,Norte,604,18669345,450,3.235250085099397
2024,29,Nordeste,2909,57112096,1794,5.0934919285749904
2024,29,Centro-Oeste,1806,17071595,467,10.578976363954277
2024,29,Sudeste,10647,88617693,1668,12.014530777730808
2024,29,Sul,1730,31113021,1191,5.560372938391293
2024,30,Norte,524,18669345,450,2.8067401400531193
2024,30,Nordeste,2463,57112096,1794,4.312571543513305
2024,30,Centro-Oeste,1771,17071595,467,10.373957442172216
2024,30,Sudeste,8776,88617693,1668,9.903214248648968
2024,30,Sul,1814,31113021,1191,5.830356364301621
2024,31,Norte,620,18669345,450,3.3209520741086522
2024,31,Nordeste,2170,57112096,1794,3.799545371264259
2024,31,Centro-Oeste,1833,17071595,467,10.737133817900435
2024,31,Sudeste,7507,88617693,1668,8.471220301345467
2024,31,Sul,1468,31113021,1191,4.718281776623363
2024,32,Norte,557,18669345,450,2.983500492384709
2024,32,Nordeste,2059,57112096,1794,3.6051907462825388
2024,32,Centro-Oeste,1451,17071595,467,8.499498728736242
2024,32,Sudeste,6149,88617693,1668,6.93879494245015
2024,32,Sul,1097,31113021,1191,3.525854978852745
2024,33,Norte,474,18669345,450,2.5389214243991955
2024,33,Nordeste,1844,57112096,1794,3.2287380942909185
2024,33,Centro-Oeste,1378,17071595,467,8.071887834733662
2024,33,Sudeste,5381,88617693,1668,6.072150851410677
2024,33,Sul,831,31113021,1191,2.670907463470037
2024,34,Norte,497,18669345,450,2.6621180336000005
2024,34,Nordeste,1526,57112096,1794,2.6719383578568014
2024,34,Centro-Oeste,1243,17071595,467,7.28110056500286
2024,34,Sudeste,5093,88617693,1668,5.747159317270875
2024,34,Sul,803,31113021,1191,2.580912988166594
2024,35,Norte,450,18669345,450,2.410368440885312
2024,35,Nordeste,1368,57112096,1794,2.3952894322071456
2024,35,Centro-Oeste,1080,17071595,467,6.32629815784641
2024,35,Sudeste,4336,88617693,1668,4.892928097327021
2024,35,Sul,569,31113021,1191,1.8288163017021073
2024,36,Norte,374,18669345,450,2.0032839930913484
2024,36,Nordeste,1290,57112096,1794,2.2587159119497207
2024,36,Centro-Oeste,1084,17071595,467,6.349728891764361
2024,36,Sudeste,4778,88617693,1668,5.391699826805466
2024,36,Sul,663,31113021,1191,2.13094061164938
2024,37,Norte,432,18669345,450,2.3139537032499
2024,37,Nordeste,1257,57112096,1794,2.200934807225426
2024,37,Centro-Oeste,1093,17071595,467,6.4024480430797475
2024,37,Sudeste,4708,88617693,1668,5.312708828924264
2024,37,Sul,710,31113021,1191,2.282002766623016
2024,38,Norte,414,18669345,450,2.2175389656144873
2024,38,Nordeste,1156,57112096,1794,2.0240896079177344
2024,38,Centro-Oeste,1037,17071595,467,6.074417768228452
2024,38,Sudeste,4493,88617693,1668,5.070093621146287
2024,38,Sul,630,31113021,1191,2.024875694327465
2024,39,Norte,348,18669345,450,1.864018260951308
2024,39,Nordeste,1016,57112096,1794,1.7789576484813305
2024,39,Centro-Oeste,885,17071595,467,5.1840498793463645
2024,39,Sudeste,4497,88617693,1668,5.074607392453785
2024,39,Sul,696,31113021,1191,2.2370055289712947
2024,40,Norte,366,18669345,450,1.9604329985867208
2024,40,Nordeste,843,57112096,1794,1.4760445843206316
2024,40,Centro-Oeste,899,17071595,467,5.266057448059188
2024,40,Sudeste,4430,88617693,1668,4.999001723053206
2024,40,Sul,678,31113021,1191,2.1791519377047956
2024,41,Norte,331,18669345,450,1.772959897628974
2024,41,Nordeste,910,57112096,1794,1.593357736336625
2024,41,Centro-Oeste,931,17071595,467,5.4535033194027855
2024,41,Sudeste,4076,88617693,1668,4.5995329623396985
2024,41,Sul,621,31113021,1191,1.9959488986942155
2024,42,Norte,345,18669345,450,1.8479491380120727
2024,42,Nordeste,899,57112096,1794,1.574097368095193
2024,42,Centro-Oeste,906,17071595,467,5.307061232415601
2024,42,Sudeste,4458,88617693,1668,5.030598122205687
2024,42,Sul,708,31113021,1191,2.275574589815627
2024,43,Norte,374,18669345,450,2.0032839930913484
2024,43,Nordeste,888,57112096,1794,1.5548369998537614
2024,43,Centro-Oeste,1101,17071595,467,6.449309510915646
2024,43,Sudeste,4670,88617693,1668,5.269828001503041
2024,43,Sul,747,31113021,1191,2.4009240375597085
2024,44,Norte,413,18669345,450,2.2121825913014086
2024,44,Nordeste,894,57112096,1794,1.5653426552581786
2024,44,Centro-Oeste,1282,17071595,467,7.509550220702868
2024,44,Sudeste,4958,88617693,1668,5.594819535642843
2024,44,Sul,839,31113021,1191,2.6966201706995925
2024,45,Norte,377,18669345,450,2.0193531160305835
2024,45,Nordeste,890,57112096,1794,1.558338884988567
2024,45,Centro-Oeste,1506,17071595,467,8.82167132010805
2024,45,Sudeste,5336,88617693,1668,6.021370924201333
2024,45,Sul,796,31113021,1191,2.5584143693407335
2024,46,Norte,432,18669345,450,2.3139537032499
2024,46,Nordeste,837,57112096,1794,1.4655389289162142
2024,46,Centro-Oeste,1637,17071595,467,9.589027855920904
2024,46,Sudeste,5880,88617693,1668,6.63524382202096
2024,46,Sul,854,31113021,1191,2.744831496755008
2024,47,Norte,566,18669345,450,3.0317078612024146
2024,47,Nordeste,938,57112096,1794,1.6423841282239056
2024,47,Centro-Oeste,2213,17071595,467,12.963053540105655
2024,47,Sudeste,7367,88617693,1668,8.313238305583063
2024,47,Sul,924,31113021,1191,2.9698176850136155
2024,48,Norte,481,18669345,450,2.576416044590745
2024,48,Nordeste,1026,57112096,1794,1.7964670741553594
2024,48,Centro-Oeste,2195,17071595,467,12.857615237474882
2024,48,Sudeste,8434,88617693,1668,9.517286801857955
2024,48,Sul,975,31113021,1191,3.1337361936020294
2024,49,Norte,639,18669345,450,3.4227231860571434
2024,49,Nordeste,1004,57112096,1794,1.757946337672496
2024,49,Centro-Oeste,2634,17071595,467,15.42913828496986
2024,49,Sudeste,10425,88617693,1668,11.76401647016471
2024,49,Sul,1059,31113021,1191,3.4037196195123576
2024,50,Norte,725,18669345,450,3.883371376981892
2024,50,Nordeste,1048,57112096,1794,1.8349878106382227
2024,50,Centro-Oeste,2506,17071595,467,14.679354799595467
2024,50,Sudeste,12381,88617693,1668,13.971250639530867
2024,50,Sul,1167,31113021,1191,3.750841167111352
2024,51,Norte,720,18669345,450,3.8565895054164994
2024,51,Nordeste,971,57112096,1794,1.7001652329482004
2024,51,Centro-Oeste,2287,17071595,467,13.396522117587725
2024,51,Sudeste,12035,88617693,1668,13.580809421432356
2024,51,Sul,1053,31113021,1191,3.3844350890901915
2024,52,Norte,339,18669345,450,1.8158108921336018
2024,52,Nordeste,495,57112096,1794,0.8667165708644278
2024,52,Centro-Oeste,1169,17071595,467,6.84763198752079
2024,52,Sudeste,7532,88617693,1668,8.499431372017325
2024,52,Sul,744,31113021,1191,2.3912817723486253
2025,1,Norte,992,18801282,450,5.276235950293177
2025,1,Nordeste,958,57244485,1794,1.6735236590913518
2025,1,Centro-Oeste,3055,17238818,468,17.721632654860677
2025,1,Sudeste,22783,88825643,1668,25.64912476907147
2025,1,Sul,1409,31310809,1191,4.5000434195104955
2025,2,Norte,1263,18801282,450,6.717627021391413
2025,2,Nordeste,1200,57244485,1794,2.096271806795013
2025,2,Centro-Oeste,4442,17238818,468,25.767427906020007
2025,2,Sudeste,28721,88825643,1668,32.33413125982099
2025,2,Sul,1676,31310809,1191,5.35278408168885
2025,3,Norte,1435,18801282,450,7.632458254708376
2025,3,Nordeste,1372,57244485,1794,2.396737432435631
2025,3,Centro-Oeste,4949,17238818,468,28.708464814699013
2025,3,Sudeste,33416,88825643,1668,37.6197670755955
2025,3,Sul,1924,31310809,1191,6.144842824086723
2025,4,Norte,1596,18801282,450,8.488782839382974
2025,4,Nordeste,1667,57244485,1794,2.9120709182727382
2025,4,Centro-Oeste,5739,17238818,468,33.29114559942567
2025,4,Sudeste,40009,88825643,1668,45.04217323819429
2025,4,Sul,2374,31310809,1191,7.582046187308671
2025,5,Norte,1687,18801282,450,8.97279238724253
2025,5,Nordeste,1659,57244485,1794,2.898095772894105
2025,5,Centro-Oeste,6109,17238818,468,35.43746444796854
2025,5,Sudeste,44357,88825643,1668,49.937156098042536
2025,5,Sul,2527,31310809,1191,8.070695330804131
2025,6,Norte,1887,18801282,450,10.036549635285509
2025,6,Nordeste,2023,57244485,1794,3.533964887621926
2025,6,Centro-Oeste,6281,17238818,468,36.43521266945333
2025,6,Sudeste,44390,88825643,1668,49.97430753189144
2025,6,Sul,2762,31310809,1191,8.82123486493115
2025,7,Norte,1863,18801282,450,9.908898765520352
2025,7,Nordeste,2351,57244485,1794,4.106945848145895
2025,7,Centro-Oeste,6405,17238818,468,37.15451952680282
2025,7,Sudeste,50223,88825643,1668,56.54110491493993
2025,7,Sul,4003,31310809,1191,12.784722362172118
2025,8,Norte,1707,18801282,450,9.079168112046828
2025,8,Nordeste,2648,57244485,1794,4.625773120327661
2025,8,Centro-Oeste,6164,17238818,468,35.75651184437355
2025,8,Sudeste,56067,88825643,1668,63.12028610927139
2025,8,Sul,5318,31310809,1191,16.984549968031807
2025,9,Norte,1476,18801282,450,7.850528490557187
2025,9,Nordeste,2012,57244485,1794,3.5147490627263047
2025,9,Centro-Oeste,5019,17238818,468,29.114525137396313
2025,9,Sudeste,56692,88825643,1668,63.82391175034894
2025,9,Sul,6046,31310809,1191,19.309625631199754
2025,10,Norte,1424,18801282,450,7.573951606066013
2025,10,Nordeste,2175,57244485,1794,3.799492649815961
2025,10,Centro-Oeste,5144,17238818,468,29.83963285649863
2025,10,Sudeste,63089,88825643,1668,71.0256609119058
2025,10,Sul,7555,31310809,1191,24.129047575870683
2025,11,Norte,1503,18801282,450,7.994135719042989
2025,11,Nordeste,2785,57244485,1794,4.865097484936759
2025,11,Centro-Oeste,5460,17238818,468,31.672705170389296
2025,11,Sudeste,67813,88825643,1668,76.34394495742632
2025,11,Sul,9781,31310809,1191,31.238413545941913
2025,12,Norte,1442,18801282,450,7.66968975838988
2025,12,Nordeste,3064,57244485,1794,5.3524806800165985
2025,12,Centro-Oeste,5375,17238818,468,31.179631921399718
2025,12,Sudeste,69244,88825643,1668,77.95496622523746
2025,12,Sul,11057,31310809,1191,35.31368352698904
2025,13,Norte,1226,18801282,450,6.520831930503462
2025,13,Nordeste,3120,57244485,1794,5.450306697667033
2025,13,Centro-Oeste,5349,17238818,468,31.028809515826435
2025,13,Sudeste,63541,88825643,1668,71.5345229755331
2025,13,Sul,13471,31310809,1191,43.02348112436188
2025,14,Norte,1208,18801282,450,6.425093778179595
2025,14,Nordeste,3260,57244485,1794,5.694871741793118
2025,14,Centro-Oeste,5331,17238818,468,30.924394004275698
2025,14,Sudeste,60872,88825643,1668,68.52976003787555
2025,14,Sul,16432,31310809,1191,52.48027925436229
2025,15,Norte,961,18801282,450,5.111353576846516
2025,15,Nordeste,3065,57244485,1794,5.354227573188928
2025,15,Centro-Oeste,5163,17238818,468,29.949849229802183
2025,15,Sudeste,54791,88825643,1668,61.68376400044748
2025,15,Sul,15561,31310809,1191,49.69849230021492
2025,16,Norte,930,18801282,450,4.946471203399853
2025,16,Nordeste,2713,57244485,1794,4.7393211765290575
2025,16,Centro-Oeste,4922,17238818,468,28.55184154737291
2025,16,Sudeste,45279,88825643,1668,50.97514464376013
2025,16,Sul,14070,31310809,1191,44.93655849007287
2025,17,Norte,1030,18801282,450,5.478349827421343
2025,17,Nordeste,3429,57244485,1794,5.990096687916749
2025,17,Centro-Oeste,5781,17238818,468,33.53478179304405
2025,17,Sudeste,47654,88825643,1668,53.6489220798548
2025,17,Sul,16545,31310809,1191,52.841176987793574
2025,18,Norte,888,18801282,450,4.7230821813108275
2025,18,Nordeste,3037,57244485,1794,5.305314564363711
2025,18,Centro-Oeste,5602,17238818,468,32.49642753928953
2025,18,Sudeste,39984,88825643,1668,45.01402821255119
2025,18,Sul,13932,31310809,1191,44.495816125351475
2025,19,Norte,926,18801282,450,4.925196058438994
2025,19,Nordeste,3239,57244485,1794,5.658186985174205
2025,19,Centro-Oeste,6372,17238818,468,36.96309108895981
2025,19,Sudeste,37115,88825643,1668,41.78410506974883
2025,19,Sul,13411,31310809,1191,42.83185400926562
2025,20,Norte,874,18801282,450,4.648619173947819
2025,20,Nordeste,2781,57244485,1794,4.858109912247442
2025,20,Centro-Oeste,5948,17238818,468,34.503525705764744
2025,20,Sudeste,30695,88825643,1668,34.55646248460031
2025,20,Sul,13375,31310809,1191,42.71687774020786
2025,21,Norte,749,18801282,450,3.9837708939209566
2025,21,Nordeste,2794,57244485,1794,4.880819523487721
2025,21,Centro-Oeste,5481,17238818,468,31.79452326719848
2025,21,Sudeste,25199,88825643,1668,28.36906004722082
2025,21,Sul,12065,31310809,1191,38.53301906060619
2025,22,Norte,649,18801282,450,3.4518922698994676
2025,22,Nordeste,2289,57244485,1794,3.998638471461487
2025,22,Centro-Oeste,4210,17238818,468,24.4216279793661
2025,22,Sudeste,18658,88825643,1668,21.005195537959686
2025,22,Sul,7198,31310809,1191,22.98886624104794
2025,23,Norte,636,18801282,450,3.382748048776674
2025,23,Nordeste,2493,57244485,1794,4.3550046786166385
2025,23,Centro-Oeste,3842,17238818,468,22.286910854328873
2025,23,Sudeste,13779,88825643,1668,15.512412333451952
2025,23,Sul,4625,31310809,1191,14.771256788670009
2025,24,Norte,473,18801282,450,2.5157858916216456
2025,24,Nordeste,2130,57244485,1794,3.7208824570611476
2025,24,Centro-Oeste,3262,17238818,468,18.922411037694115
2025,24,Sudeste,9569,88825643,1668,10.77279001515362
2025,24,Sul,2913,31310809,1191,9.303496437923403
2025,25,Norte,475,18801282,450,2.5264234641020757
2025,25,Nordeste,1679,57244485,1794,2.9330336363406886
2025,25,Centro-Oeste,2547,17238818,468,14.77479488442885
2025,25,Sudeste,6568,88825643,1668,7.394261136955687
2025,25,Sul,1578,31310809,1191,5.0397931270316265
2025,26,Norte,403,18801282,450,2.143470854806603
2025,26,Nordeste,1722,57244485,1794,3.008150042750843
2025,26,Centro-Oeste,2144,17238818,468,12.437047598042975
2025,26,Sudeste,5677,88825643,1668,6.391172423035542
2025,26,Sul,1080,31310809,1191,3.449288071732672
2025,27,Norte,366,18801282,450,1.9466757639186518
2025,27,Nordeste,2062,57244485,1794,3.6020937213427633
2025,27,Centro-Oeste,1871,17238818,468,10.85341233952351
2025,27,Sudeste,4539,88825643,1668,5.1100108557615505
2025,27,Sul,693,31310809,1191,2.213293179361798
2025,28,Norte,417,18801282,450,2.2179338621696116
2025,28,Nordeste,1867,57244485,1794,3.2614495527385734
2025,28,Centro-Oeste,1521,17238818,468,8.823110726037017
2025,28,Sudeste,3634,88825643,1668,4.091160927481268
2025,28,Sul,646,31310809,1191,2.0631852725363946
2025,29,Norte,346,18801282,450,1.8403000391143542
2025,29,Nordeste,1868,57244485,1794,3.263196445910903
2025,29,Centro-Oeste,1365,17238818,468,7.918176292597324
2025,29,Sudeste,3106,88825643,1668,3.4967379858989593
2025,29,Sul,531,31310809,1191,1.6958999686018972
2025,30,Norte,393,18801282,450,2.090282992404454
2025,30,Nordeste,1951,57244485,1794,3.4081885792142246
2025,30,Centro-Oeste,1229,17238818,468,7.1292590942139995
2025,30,Sudeste,2841,88825643,1668,3.198400714082081
2025,30,Sul,452,31310809,1191,1.4435909337251556
2025,31,Norte,378,18801282,450,2.0105011988012307
2025,31,Nordeste,2072,57244485,1794,3.619562653066055
2025,31,Centro-Oeste,1121,17238818,468,6.502766024909597
2025,31,Sudeste,2369,88825643,1668,2.66702262994032
2025,31,Sul,376,31310809,1191,1.2008632546032265
2025,32,Norte,385,18801282,450,2.047732702482735
2025,32,Nordeste,2121,57244485,1794,3.7051604185101845
2025,32,Centro-Oeste,938,17238818,468,5.441208324143801
2025,32,Sudeste,2314,88825643,1668,2.605103573525496
2025,32,Sul,326,31310809,1191,1.0411739920230103
2025,33,Norte,364,18801282,450,1.936038191438222
2025,33,Nordeste,2148,57244485,1794,3.7523265341630725
2025,33,Centro-Oeste,1097,17238818,468,6.363545342841951
2025,33,Sudeste,2245,88825643,1668,2.527423302750536
2025,33,Sul,313,31310809,1191,0.9996547837521541
2025,34,Norte,353,18801282,450,1.8775315427958583
2025,34,Nordeste,2093,57244485,1794,3.6562474096849678
2025,34,Centro-Oeste,1146,17238818,468,6.6477875687300605
2025,34,Sudeste,2519,88825643,1668,2.8358927837989305
2025,34,Sul,352,31310809,1191,1.1242124085647227
2025,35,Norte,335,18801282,450,1.78179339047199
2025,35,Nordeste,1803,57244485,1794,3.149648389709507
2025,35,Centro-Oeste,1010,17238818,468,5.858870370346738
2025,35,Sudeste,2548,88825643,1668,2.8685410135449287
2025,35,Sul,362,31310809,1191,1.1561502610807661
2025,36,Norte,390,18801282,450,2.0743266336838095
2025,36,Nordeste,1668,57244485,1794,2.9138178114450675
2025,36,Centro-Oeste,1042,17238818,468,6.044497946436931
2025,36,Sudeste,2819,88825643,1668,3.1736330915161513
2025,36,Sul,418,31310809,1191,1.3350022351706083
2025,37,Norte,397,18801282,450,2.111558137365314
2025,37,Nordeste,1627,57244485,1794,2.8421951913795716
2025,37,Centro-Oeste,1027,17238818,468,5.957485020144652
2025,37,Sudeste,3146,88825643,1668,3.5417700269279218
2025,37,Sul,379,31310809,1191,1.2104446103580395
2025,38,Norte,380,18801282,450,2.0211387712816604
2025,38,Nordeste,1745,57244485,1794,3.048328585714414
2025,38,Centro-Oeste,1120,17238818,468,6.496965163156778
2025,38,Sudeste,3232,88825643,1668,3.638588915140192
2025,38,Sul,513,31310809,1191,1.6384118340730194
2025,39,Norte,334,18801282,450,1.7764746042317752
2025,39,Nordeste,1654,57244485,1794,2.889361307032459
2025,39,Centro-Oeste,1106,17238818,468,6.4157530986173175
2025,39,Sudeste,3105,88825643,1668,3.4956121848732353
2025,39,Sul,511,31310809,1191,1.6320242635698106
2025,40,Norte,340,18801282,450,1.8083873216730646
2025,40,Nordeste,1575,57244485,1794,2.751356746418454
2025,40,Centro-Oeste,1264,17238818,468,7.3322892555626495
2025,40,Sudeste,3488,88825643,1668,3.9267939777255534
2025,40,Sul,566,31310809,1191,1.8076824524080486
2025,41,Norte,336,18801282,450,1.787112176712205
2025,41,Nordeste,1430,57244485,1794,2.498057236430723
2025,41,Centro-Oeste,1207,17238818,468,7.001640135651992
2025,41,Sudeste,3356,88825643,1668,3.7781882423299766
2025,41,Sul,595,31310809,1191,1.9003022247045742
2025,42,Norte,331,18801282,450,1.7605182455111308
2025,42,Nordeste,1341,57244485,1794,2.3425837440934267
2025,42,Centro-Oeste,1172,17238818,468,6.798609974303342
2025,42,Sudeste,3303,88825643,1668,3.718520787966601
2025,42,Sul,695,31310809,1191,2.219680749865007
2025,43,Norte,326,18801282,450,1.733924314310056
2025,43,Nordeste,1136,57244485,1794,1.9844706437659454
2025,43,Centro-Oeste,1066,17238818,468,6.183718628504576
2025,43,Sudeste,3277,88825643,1668,3.689249961297775
2025,43,Sul,709,31310809,1191,2.2643937433874672
2025,44,Norte,299,18801282,450,1.590317085824254
2025,44,Nordeste,1119,57244485,1794,1.9547734598363493
2025,44,Centro-Oeste,1143,17238818,468,6.630384983471605
2025,44,Sudeste,3255,88825643,1668,3.6644823387318453
2025,44,Sul,692,31310809,1191,2.210099394110194
2025,45,Norte,285,18801282,450,1.5158540784612453
2025,45,Nordeste,1064,57244485,1794,1.8586943353582446
2025,45,Centro-Oeste,1160,17238818,468,6.72899963326952
2025,45,Sudeste,3302,88825643,1668,3.7173949869408767
2025,45,Sul,684,31310809,1191,2.184549112097359
2025,46,Norte,305,18801282,450,1.6222298032655433
2025,46,Nordeste,1100,57244485,1794,1.9215824895620948
2025,46,Centro-Oeste,1323,17238818,468,7.674540098978944
2025,46,Sudeste,3502,88825643,1668,3.9425551920856905
2025,46,Sul,661,31310809,1191,2.1110920513104596
2025,47,Norte,277,18801282,450,1.4733037885395261
2025,47,Nordeste,995,57244485,1794,1.7381587064675312
2025,47,Centro-Oeste,1249,17238818,468,7.245276329270371
2025,47,Sudeste,3193,88825643,1668,3.594682675136953
2025,47,Sul,673,31310809,1191,2.149417474329711
2025,48,Norte,331,18801282,450,1.7605182455111308
2025,48,Nordeste,896,57244485,1794,1.5652162824069429
2025,48,Centro-Oeste,1412,17238818,468,8.190816794979796
2025,48,Sudeste,3408,88825643,1668,3.836729895667628
2025,48,Sul,820,31310809,1191,2.6189039063155475
2025,49,Norte,368,18801282,450,1.9573133363990818
2025,49,Nordeste,990,57244485,1794,1.7294242406058853
2025,49,Centro-Oeste,1639,17238818,468,9.507612412869605
2025,49,Sudeste,3600,88825643,1668,4.05288369260665
2025,49,Sul,813,31310809,1191,2.5965474095543173
2025,50,Norte,353,18801282,450,1.8775315427958583
2025,50,Nordeste,911,57244485,1794,1.5914196799918803
2025,50,Centro-Oeste,1656,17238818,468,9.606227062667521
2025,50,Sudeste,3342,88825643,1668,3.76242702796984
2025,50,Sul,757,31310809,1191,2.417695435464475
2025,51,Norte,389,18801282,450,2.0690078474435944
2025,51,Nordeste,792,57244485,1794,1.3835393924847084
2025,51,Centro-Oeste,1745,17238818,468,10.122503758668373
2025,51,Sudeste,2906,88825643,1668,3.271577780754145
2025,51,Sul,739,31310809,1191,2.3602073009355973
2025,52,Norte,303,18801282,450,1.6115922307851136
2025,52,Nordeste,608,57244485,1794,1.0621110487761398
2025,52,Centro-Oeste,1533,17238818,468,8.89272106707084
2025,52,Sudeste,2579,88825643,1668,2.903440845342375
2025,52,Sul,704,31310809,1191,2.2484248171294454
2025,53,Norte,450,18801282,450,2.3934538080967034
2025,53,Nordeste,743,57244485,1794,1.2979416270405786
2025,53,Centro-Oeste,1819,17238818,468,10.551767528376946
2025,53,Sudeste,2495,88825643,1668,2.8088735591815532
2025,53,Sul,573,31310809,1191,1.8300389491692788
